--------------------------------------------------------
--  File created - Saturday-June-26-2021   
--------------------------------------------------------
--------------------------------------------------------
--  DDL for Sequence ALARM_SEQ
--------------------------------------------------------

   CREATE SEQUENCE  "ALARM_SEQ"  MINVALUE 1 MAXVALUE 9999999999999999999999999999 INCREMENT BY 1 START WITH 1 CACHE 20 NOORDER  NOCYCLE ;
--------------------------------------------------------
--  DDL for Sequence ATCH_FILE_NO_SEQ
--------------------------------------------------------

   CREATE SEQUENCE  "ATCH_FILE_NO_SEQ"  MINVALUE 1 MAXVALUE 9999999999999999999999999999 INCREMENT BY 1 START WITH 1 CACHE 20 NOORDER  NOCYCLE ;
--------------------------------------------------------
--  DDL for Sequence ATCH_FILE_SEQ
--------------------------------------------------------

   CREATE SEQUENCE  "ATCH_FILE_SEQ"  MINVALUE 1 MAXVALUE 9999999999999999999999999999 INCREMENT BY 1 START WITH 1 CACHE 20 NOORDER  NOCYCLE ;
--------------------------------------------------------
--  DDL for Sequence BASIC_ROLE_SEQ
--------------------------------------------------------

   CREATE SEQUENCE  "BASIC_ROLE_SEQ"  MINVALUE 1 MAXVALUE 9999999999999999999999999999 INCREMENT BY 1 START WITH 1 CACHE 20 NOORDER  NOCYCLE ;
--------------------------------------------------------
--  DDL for Sequence CHATROOM_SEQ
--------------------------------------------------------

   CREATE SEQUENCE  "CHATROOM_SEQ"  MINVALUE 1 MAXVALUE 9999999999999999999999999999 INCREMENT BY 1 START WITH 121 CACHE 20 NOORDER  NOCYCLE ;
--------------------------------------------------------
--  DDL for Sequence CHAT_SEQ
--------------------------------------------------------

   CREATE SEQUENCE  "CHAT_SEQ"  MINVALUE 1 MAXVALUE 9999999999999999999999999999 INCREMENT BY 1 START WITH 1 CACHE 20 NOORDER  NOCYCLE ;
--------------------------------------------------------
--  DDL for Sequence FAQ_SEQ
--------------------------------------------------------

   CREATE SEQUENCE  "FAQ_SEQ"  MINVALUE 1 MAXVALUE 9999999999999999999999999999 INCREMENT BY 1 START WITH 21 CACHE 20 NOORDER  NOCYCLE ;
--------------------------------------------------------
--  DDL for Sequence INQ_COM_SEQ
--------------------------------------------------------

   CREATE SEQUENCE  "INQ_COM_SEQ"  MINVALUE 1 MAXVALUE 9999999999999999999999999999 INCREMENT BY 1 START WITH 81 CACHE 20 NOORDER  NOCYCLE ;
--------------------------------------------------------
--  DDL for Sequence INQ_SEQ
--------------------------------------------------------

   CREATE SEQUENCE  "INQ_SEQ"  MINVALUE 1 MAXVALUE 9999999999999999999999999999 INCREMENT BY 1 START WITH 1 CACHE 20 NOORDER  NOCYCLE ;
--------------------------------------------------------
--  DDL for Sequence ISSUE_HIS_SEQ
--------------------------------------------------------

   CREATE SEQUENCE  "ISSUE_HIS_SEQ"  MINVALUE 1 MAXVALUE 9999999999999999999999999999 INCREMENT BY 1 START WITH 1 CACHE 20 NOORDER  NOCYCLE ;
--------------------------------------------------------
--  DDL for Sequence ISSUE_NO_SEQ
--------------------------------------------------------

   CREATE SEQUENCE  "ISSUE_NO_SEQ"  MINVALUE 1 MAXVALUE 9999999999999999999999999999 INCREMENT BY 1 START WITH 1 CACHE 20 NOORDER  NOCYCLE ;
--------------------------------------------------------
--  DDL for Sequence ISSUE_SID_SEQ
--------------------------------------------------------

   CREATE SEQUENCE  "ISSUE_SID_SEQ"  MINVALUE 1 MAXVALUE 9999999999999999999999999999 INCREMENT BY 1 START WITH 1 CACHE 20 NOORDER  NOCYCLE ;
--------------------------------------------------------
--  DDL for Sequence KANBAN_CARD_SEQ
--------------------------------------------------------

   CREATE SEQUENCE  "KANBAN_CARD_SEQ"  MINVALUE 1 MAXVALUE 9999999999999999999999999999 INCREMENT BY 1 START WITH 1 CACHE 20 NOORDER  NOCYCLE ;
--------------------------------------------------------
--  DDL for Sequence KANBAN_COLUMN_SEQ
--------------------------------------------------------

   CREATE SEQUENCE  "KANBAN_COLUMN_SEQ"  MINVALUE 1 MAXVALUE 9999999999999999999999999999 INCREMENT BY 1 START WITH 1 CACHE 20 NOORDER  NOCYCLE ;
--------------------------------------------------------
--  DDL for Sequence LABEL_SEQ
--------------------------------------------------------

   CREATE SEQUENCE  "LABEL_SEQ"  MINVALUE 1 MAXVALUE 9999999999999999999999999999 INCREMENT BY 1 START WITH 1 CACHE 20 NOORDER  NOCYCLE ;
--------------------------------------------------------
--  DDL for Sequence LOGGED_SEQ
--------------------------------------------------------

   CREATE SEQUENCE  "LOGGED_SEQ"  MINVALUE 1 MAXVALUE 9999999999999999999999999999 INCREMENT BY 1 START WITH 1 CACHE 20 NOORDER  NOCYCLE ;
--------------------------------------------------------
--  DDL for Sequence MEM_ROLE_SEQ
--------------------------------------------------------

   CREATE SEQUENCE  "MEM_ROLE_SEQ"  MINVALUE 1 MAXVALUE 9999999999999999999999999999 INCREMENT BY 1 START WITH 1 CACHE 20 NOORDER  NOCYCLE ;
--------------------------------------------------------
--  DDL for Sequence MEM_SEQ
--------------------------------------------------------

   CREATE SEQUENCE  "MEM_SEQ"  MINVALUE 1 MAXVALUE 9999999999999999999999999999 INCREMENT BY 1 START WITH 341 CACHE 20 NOORDER  NOCYCLE ;
--------------------------------------------------------
--  DDL for Sequence MILEST_SEQ
--------------------------------------------------------

   CREATE SEQUENCE  "MILEST_SEQ"  MINVALUE 1 MAXVALUE 9999999999999999999999999999 INCREMENT BY 1 START WITH 61 CACHE 20 NOORDER  NOCYCLE ;
--------------------------------------------------------
--  DDL for Sequence NEWS_COM_SEQ
--------------------------------------------------------

   CREATE SEQUENCE  "NEWS_COM_SEQ"  MINVALUE 1 MAXVALUE 9999999999999999999999999999 INCREMENT BY 1 START WITH 1 CACHE 20 NOORDER  NOCYCLE ;
--------------------------------------------------------
--  DDL for Sequence NEWS_SEQ
--------------------------------------------------------

   CREATE SEQUENCE  "NEWS_SEQ"  MINVALUE 1 MAXVALUE 9999999999999999999999999999 INCREMENT BY 1 START WITH 1 CACHE 20 NOORDER  NOCYCLE ;
--------------------------------------------------------
--  DDL for Sequence PAYMENT_SEQ
--------------------------------------------------------

   CREATE SEQUENCE  "PAYMENT_SEQ"  MINVALUE 1 MAXVALUE 9999999999999999999999999999 INCREMENT BY 1 START WITH 1 CACHE 20 NOORDER  NOCYCLE ;
--------------------------------------------------------
--  DDL for Sequence PAY_PLAN_SEQ
--------------------------------------------------------

   CREATE SEQUENCE  "PAY_PLAN_SEQ"  MINVALUE 1 MAXVALUE 9999999999999999999999999999 INCREMENT BY 1 START WITH 1 CACHE 20 NOORDER  NOCYCLE ;
--------------------------------------------------------
--  DDL for Sequence PROJ_MEM_SEQ
--------------------------------------------------------

   CREATE SEQUENCE  "PROJ_MEM_SEQ"  MINVALUE 1 MAXVALUE 9999999999999999999999999999 INCREMENT BY 1 START WITH 1 CACHE 20 NOORDER  NOCYCLE ;
--------------------------------------------------------
--  DDL for Sequence PROJ_SEQ
--------------------------------------------------------

   CREATE SEQUENCE  "PROJ_SEQ"  MINVALUE 1 MAXVALUE 9999999999999999999999999999 INCREMENT BY 1 START WITH 261 CACHE 20 NOORDER  NOCYCLE ;
--------------------------------------------------------
--  DDL for Sequence PROPTIS_SEQ
--------------------------------------------------------

   CREATE SEQUENCE  "PROPTIS_SEQ"  MINVALUE 1 MAXVALUE 9999999999999999999999999999 INCREMENT BY 1 START WITH 1 CACHE 20 NOORDER  NOCYCLE ;
--------------------------------------------------------
--  DDL for Sequence REFUND_POL_SEQ
--------------------------------------------------------

   CREATE SEQUENCE  "REFUND_POL_SEQ"  MINVALUE 1 MAXVALUE 9999999999999999999999999999 INCREMENT BY 1 START WITH 1 CACHE 20 NOORDER  NOCYCLE ;
--------------------------------------------------------
--  DDL for Sequence REFUND_SEQ
--------------------------------------------------------

   CREATE SEQUENCE  "REFUND_SEQ"  MINVALUE 1 MAXVALUE 9999999999999999999999999999 INCREMENT BY 1 START WITH 1 CACHE 20 NOORDER  NOCYCLE ;
--------------------------------------------------------
--  DDL for Sequence REPO_SEQ
--------------------------------------------------------

   CREATE SEQUENCE  "REPO_SEQ"  MINVALUE 1 MAXVALUE 9999999999999999999999999999 INCREMENT BY 1 START WITH 1 CACHE 20 NOORDER  NOCYCLE ;
--------------------------------------------------------
--  DDL for Sequence WIKI_MODI_SEQ
--------------------------------------------------------

   CREATE SEQUENCE  "WIKI_MODI_SEQ"  MINVALUE 1 MAXVALUE 9999999999999999999999999999 INCREMENT BY 1 START WITH 1 CACHE 20 NOORDER  NOCYCLE ;
--------------------------------------------------------
--  DDL for Sequence WIKI_SEQ
--------------------------------------------------------

   CREATE SEQUENCE  "WIKI_SEQ"  MINVALUE 1 MAXVALUE 9999999999999999999999999999 INCREMENT BY 1 START WITH 1 CACHE 20 NOORDER  NOCYCLE ;
--------------------------------------------------------
--  DDL for Table ALARM
--------------------------------------------------------

  CREATE TABLE "ALARM" 
   (	"ALARM_NO" NUMBER, 
	"MEM_NO" NUMBER, 
	"ALARM_CONT" VARCHAR2(4000 BYTE), 
	"ALARM_CREATE_DATE" DATE, 
	"ALARM_CHK_DATE" DATE, 
	"ALARM_TYPE" VARCHAR2(50 BYTE), 
	"SENDER_NO" NUMBER
   ) SEGMENT CREATION IMMEDIATE 
  PCTFREE 10 PCTUSED 40 INITRANS 1 MAXTRANS 255 NOCOMPRESS LOGGING
  STORAGE(INITIAL 65536 NEXT 1048576 MINEXTENTS 1 MAXEXTENTS 2147483645
  PCTINCREASE 0 FREELISTS 1 FREELIST GROUPS 1 BUFFER_POOL DEFAULT FLASH_CACHE DEFAULT CELL_FLASH_CACHE DEFAULT);

   COMMENT ON COLUMN "ALARM"."ALARM_NO" IS '알림 번호';
   COMMENT ON COLUMN "ALARM"."MEM_NO" IS '알림 받는 회원 번호';
   COMMENT ON COLUMN "ALARM"."ALARM_CONT" IS '알림 내용';
   COMMENT ON COLUMN "ALARM"."ALARM_CREATE_DATE" IS '알림 생성 시간';
   COMMENT ON COLUMN "ALARM"."ALARM_CHK_DATE" IS '알림 확인 일자';
   COMMENT ON COLUMN "ALARM"."ALARM_TYPE" IS '알림 유형';
   COMMENT ON COLUMN "ALARM"."SENDER_NO" IS '알람 유발자
';
   COMMENT ON TABLE "ALARM"  IS '알림';
--------------------------------------------------------
--  DDL for Table ATTACH_FILE
--------------------------------------------------------

  CREATE TABLE "ATTACH_FILE" 
   (	"ATCH_FILE_SID" NUMBER, 
	"ATCH_FILE_NO" NUMBER, 
	"MEM_NO" NUMBER, 
	"FILE_NM" VARCHAR2(200 BYTE), 
	"FILE_DOWN_CNT" NUMBER, 
	"FILE_SIZE" NUMBER, 
	"FILE_PATH" VARCHAR2(500 BYTE), 
	"REG_DATE" DATE, 
	"SAVE_FILE_NM" VARCHAR2(200 BYTE), 
	"UPD_DATE" DATE, 
	"UPD_MEM_NO" VARCHAR2(200 BYTE), 
	"BIZ_TYPE" VARCHAR2(200 BYTE), 
	"FILE_CONT_TYPE" VARCHAR2(200 BYTE)
   ) SEGMENT CREATION IMMEDIATE 
  PCTFREE 10 PCTUSED 40 INITRANS 1 MAXTRANS 255 NOCOMPRESS LOGGING
  STORAGE(INITIAL 65536 NEXT 1048576 MINEXTENTS 1 MAXEXTENTS 2147483645
  PCTINCREASE 0 FREELISTS 1 FREELIST GROUPS 1 BUFFER_POOL DEFAULT FLASH_CACHE DEFAULT CELL_FLASH_CACHE DEFAULT);

   COMMENT ON COLUMN "ATTACH_FILE"."ATCH_FILE_SID" IS '통합 첨부파일 고유 번호';
   COMMENT ON COLUMN "ATTACH_FILE"."ATCH_FILE_NO" IS '첨부파일 순번';
   COMMENT ON COLUMN "ATTACH_FILE"."MEM_NO" IS '첨부파일 작성 회원 번호';
   COMMENT ON COLUMN "ATTACH_FILE"."FILE_NM" IS '파일 이름';
   COMMENT ON COLUMN "ATTACH_FILE"."FILE_DOWN_CNT" IS '다운 횟수';
   COMMENT ON COLUMN "ATTACH_FILE"."FILE_SIZE" IS '파일 크기';
   COMMENT ON COLUMN "ATTACH_FILE"."FILE_PATH" IS '파일 경로';
   COMMENT ON COLUMN "ATTACH_FILE"."REG_DATE" IS '등록 일자';
   COMMENT ON COLUMN "ATTACH_FILE"."SAVE_FILE_NM" IS '저장 파일 이름';
   COMMENT ON COLUMN "ATTACH_FILE"."UPD_DATE" IS '수정 일자';
   COMMENT ON COLUMN "ATTACH_FILE"."UPD_MEM_NO" IS '수정자 회원 번호';
   COMMENT ON COLUMN "ATTACH_FILE"."BIZ_TYPE" IS '업무 구분';
   COMMENT ON COLUMN "ATTACH_FILE"."FILE_CONT_TYPE" IS '파일 유형';
   COMMENT ON TABLE "ATTACH_FILE"  IS '통합 첨부 파일';
--------------------------------------------------------
--  DDL for Table AUTH_CODE
--------------------------------------------------------

  CREATE TABLE "AUTH_CODE" 
   (	"AUTH_GRP_CODE" VARCHAR2(50 BYTE), 
	"AUTH_GRP_NM" VARCHAR2(200 BYTE), 
	"AUTH_GRP_DESC" VARCHAR2(500 BYTE)
   ) SEGMENT CREATION IMMEDIATE 
  PCTFREE 10 PCTUSED 40 INITRANS 1 MAXTRANS 255 NOCOMPRESS LOGGING
  STORAGE(INITIAL 65536 NEXT 1048576 MINEXTENTS 1 MAXEXTENTS 2147483645
  PCTINCREASE 0 FREELISTS 1 FREELIST GROUPS 1 BUFFER_POOL DEFAULT FLASH_CACHE DEFAULT CELL_FLASH_CACHE DEFAULT);

   COMMENT ON COLUMN "AUTH_CODE"."AUTH_GRP_CODE" IS '권한 그룹 코드';
   COMMENT ON COLUMN "AUTH_CODE"."AUTH_GRP_NM" IS '권한 그룹 이름';
   COMMENT ON COLUMN "AUTH_CODE"."AUTH_GRP_DESC" IS '권한 그룹 설명';
   COMMENT ON TABLE "AUTH_CODE"  IS '권한 그룹';
--------------------------------------------------------
--  DDL for Table CHAT_ROOM
--------------------------------------------------------

  CREATE TABLE "CHAT_ROOM" 
   (	"CHATROOM_NO" NUMBER, 
	"CHATROOM_TITLE" VARCHAR2(200 BYTE), 
	"CHATROOM_CREATE_DATE" DATE, 
	"CHATROOM_ALARM" CHAR(1 BYTE)
   ) SEGMENT CREATION IMMEDIATE 
  PCTFREE 10 PCTUSED 40 INITRANS 1 MAXTRANS 255 NOCOMPRESS LOGGING
  STORAGE(INITIAL 65536 NEXT 1048576 MINEXTENTS 1 MAXEXTENTS 2147483645
  PCTINCREASE 0 FREELISTS 1 FREELIST GROUPS 1 BUFFER_POOL DEFAULT FLASH_CACHE DEFAULT CELL_FLASH_CACHE DEFAULT);

   COMMENT ON COLUMN "CHAT_ROOM"."CHATROOM_NO" IS '채팅방 번호';
   COMMENT ON COLUMN "CHAT_ROOM"."CHATROOM_TITLE" IS '채팅방 제목';
   COMMENT ON COLUMN "CHAT_ROOM"."CHATROOM_CREATE_DATE" IS '채팅방 공개 여부';
   COMMENT ON COLUMN "CHAT_ROOM"."CHATROOM_ALARM" IS '채팅방 알람 여부';
   COMMENT ON TABLE "CHAT_ROOM"  IS '채팅방';
--------------------------------------------------------
--  DDL for Table COM_CODE
--------------------------------------------------------

  CREATE TABLE "COM_CODE" 
   (	"COM_CODE_GRP" VARCHAR2(50 BYTE), 
	"COM_CODE" VARCHAR2(50 BYTE), 
	"COM_CODE_NM" VARCHAR2(200 BYTE), 
	"COM_CODE_DESC" VARCHAR2(400 BYTE), 
	"USE_YN" CHAR(1 BYTE)
   ) SEGMENT CREATION IMMEDIATE 
  PCTFREE 10 PCTUSED 40 INITRANS 1 MAXTRANS 255 NOCOMPRESS LOGGING
  STORAGE(INITIAL 65536 NEXT 1048576 MINEXTENTS 1 MAXEXTENTS 2147483645
  PCTINCREASE 0 FREELISTS 1 FREELIST GROUPS 1 BUFFER_POOL DEFAULT FLASH_CACHE DEFAULT CELL_FLASH_CACHE DEFAULT);

   COMMENT ON COLUMN "COM_CODE"."COM_CODE_GRP" IS '공통 코드 그룹';
   COMMENT ON COLUMN "COM_CODE"."COM_CODE" IS '공통 코드';
   COMMENT ON COLUMN "COM_CODE"."COM_CODE_NM" IS '공통 코드 이름';
   COMMENT ON COLUMN "COM_CODE"."COM_CODE_DESC" IS '공통 코드 설명';
   COMMENT ON COLUMN "COM_CODE"."USE_YN" IS '사용 여부';
   COMMENT ON TABLE "COM_CODE"  IS '공통 코드';
--------------------------------------------------------
--  DDL for Table COM_CODE_GRP
--------------------------------------------------------

  CREATE TABLE "COM_CODE_GRP" 
   (	"COM_CODE_GRP" VARCHAR2(50 BYTE), 
	"COM_CODE_GRP_NM" VARCHAR2(200 BYTE), 
	"CODE_GRP_DESC" VARCHAR2(500 BYTE), 
	"USE_YN" CHAR(1 BYTE)
   ) SEGMENT CREATION IMMEDIATE 
  PCTFREE 10 PCTUSED 40 INITRANS 1 MAXTRANS 255 NOCOMPRESS LOGGING
  STORAGE(INITIAL 65536 NEXT 1048576 MINEXTENTS 1 MAXEXTENTS 2147483645
  PCTINCREASE 0 FREELISTS 1 FREELIST GROUPS 1 BUFFER_POOL DEFAULT FLASH_CACHE DEFAULT CELL_FLASH_CACHE DEFAULT);

   COMMENT ON COLUMN "COM_CODE_GRP"."COM_CODE_GRP" IS '공통 코드 그룹';
   COMMENT ON COLUMN "COM_CODE_GRP"."COM_CODE_GRP_NM" IS '코드 그룹 이름';
   COMMENT ON COLUMN "COM_CODE_GRP"."CODE_GRP_DESC" IS '코드 그룹 설명';
   COMMENT ON COLUMN "COM_CODE_GRP"."USE_YN" IS '사용 여부';
   COMMENT ON TABLE "COM_CODE_GRP"  IS '공통 코드 그룹';
--------------------------------------------------------
--  DDL for Table FAQ
--------------------------------------------------------

  CREATE TABLE "FAQ" 
   (	"FAQ_NO" NUMBER, 
	"FAQ_QES" VARCHAR2(4000 BYTE), 
	"FAQ_ANS" VARCHAR2(4000 BYTE), 
	"FAQ_DATE" DATE, 
	"FAQ_PUBLIC_YN" CHAR(1 BYTE), 
	"FAQ_COUNT" NUMBER, 
	"FAQ_TYPE" VARCHAR2(50 BYTE)
   ) SEGMENT CREATION IMMEDIATE 
  PCTFREE 10 PCTUSED 40 INITRANS 1 MAXTRANS 255 NOCOMPRESS LOGGING
  STORAGE(INITIAL 65536 NEXT 1048576 MINEXTENTS 1 MAXEXTENTS 2147483645
  PCTINCREASE 0 FREELISTS 1 FREELIST GROUPS 1 BUFFER_POOL DEFAULT FLASH_CACHE DEFAULT CELL_FLASH_CACHE DEFAULT);

   COMMENT ON COLUMN "FAQ"."FAQ_NO" IS '문의 번호';
   COMMENT ON COLUMN "FAQ"."FAQ_QES" IS '질문';
   COMMENT ON COLUMN "FAQ"."FAQ_ANS" IS '답변';
   COMMENT ON COLUMN "FAQ"."FAQ_DATE" IS '작성일';
   COMMENT ON COLUMN "FAQ"."FAQ_PUBLIC_YN" IS '공개 여부';
   COMMENT ON COLUMN "FAQ"."FAQ_COUNT" IS '조회수';
   COMMENT ON COLUMN "FAQ"."FAQ_TYPE" IS '문의 유형';
   COMMENT ON TABLE "FAQ"  IS 'FAQ';
--------------------------------------------------------
--  DDL for Table FORBIDDEN_PROJ_TITLE
--------------------------------------------------------

  CREATE TABLE "FORBIDDEN_PROJ_TITLE" 
   (	"FORBIDDEN_PROJ_TITLE" VARCHAR2(200 BYTE), 
	"REASON" VARCHAR2(100 BYTE)
   ) SEGMENT CREATION IMMEDIATE 
  PCTFREE 10 PCTUSED 40 INITRANS 1 MAXTRANS 255 NOCOMPRESS LOGGING
  STORAGE(INITIAL 65536 NEXT 1048576 MINEXTENTS 1 MAXEXTENTS 2147483645
  PCTINCREASE 0 FREELISTS 1 FREELIST GROUPS 1 BUFFER_POOL DEFAULT FLASH_CACHE DEFAULT CELL_FLASH_CACHE DEFAULT);
--------------------------------------------------------
--  DDL for Table INQUIRY
--------------------------------------------------------

  CREATE TABLE "INQUIRY" 
   (	"INQ_NO" NUMBER, 
	"MEM_NO" NUMBER, 
	"INQ_CONT" VARCHAR2(4000 BYTE), 
	"INQ_DATE" DATE, 
	"INQ_STATUS_YN" CHAR(1 BYTE), 
	"ATCH_FILE_SID" NUMBER
   ) SEGMENT CREATION IMMEDIATE 
  PCTFREE 10 PCTUSED 40 INITRANS 1 MAXTRANS 255 NOCOMPRESS LOGGING
  STORAGE(INITIAL 65536 NEXT 1048576 MINEXTENTS 1 MAXEXTENTS 2147483645
  PCTINCREASE 0 FREELISTS 1 FREELIST GROUPS 1 BUFFER_POOL DEFAULT FLASH_CACHE DEFAULT CELL_FLASH_CACHE DEFAULT);

   COMMENT ON COLUMN "INQUIRY"."INQ_NO" IS '일대일 문의 번호';
   COMMENT ON COLUMN "INQUIRY"."MEM_NO" IS '일대일 문의 회원 번호';
   COMMENT ON COLUMN "INQUIRY"."INQ_CONT" IS '문의 내용';
   COMMENT ON COLUMN "INQUIRY"."INQ_DATE" IS '문의 일자';
   COMMENT ON COLUMN "INQUIRY"."INQ_STATUS_YN" IS '문의 상태';
   COMMENT ON COLUMN "INQUIRY"."ATCH_FILE_SID" IS '통합 첨부파일 고유 번호';
   COMMENT ON TABLE "INQUIRY"  IS '일대일문의';
--------------------------------------------------------
--  DDL for Table INQUIRY_COMMENT
--------------------------------------------------------

  CREATE TABLE "INQUIRY_COMMENT" 
   (	"INQ_COM_NO" NUMBER, 
	"INQ_NO" NUMBER, 
	"PROV_ID" VARCHAR2(200 BYTE), 
	"INQ_COM_CONT" VARCHAR2(4000 BYTE), 
	"INQ_COM_DATE" DATE, 
	"ATCH_FILE_SID" NUMBER
   ) SEGMENT CREATION IMMEDIATE 
  PCTFREE 10 PCTUSED 40 INITRANS 1 MAXTRANS 255 NOCOMPRESS LOGGING
  STORAGE(INITIAL 65536 NEXT 1048576 MINEXTENTS 1 MAXEXTENTS 2147483645
  PCTINCREASE 0 FREELISTS 1 FREELIST GROUPS 1 BUFFER_POOL DEFAULT FLASH_CACHE DEFAULT CELL_FLASH_CACHE DEFAULT);

   COMMENT ON COLUMN "INQUIRY_COMMENT"."INQ_COM_NO" IS '문의 댓글 번호';
   COMMENT ON COLUMN "INQUIRY_COMMENT"."INQ_NO" IS '일대일 문의 번호';
   COMMENT ON COLUMN "INQUIRY_COMMENT"."PROV_ID" IS '운영자 아이디';
   COMMENT ON COLUMN "INQUIRY_COMMENT"."INQ_COM_CONT" IS '댓글 내용';
   COMMENT ON COLUMN "INQUIRY_COMMENT"."INQ_COM_DATE" IS '댓글 작성 일자';
   COMMENT ON COLUMN "INQUIRY_COMMENT"."ATCH_FILE_SID" IS '통합 첨부파일 고유 번호';
   COMMENT ON TABLE "INQUIRY_COMMENT"  IS '일대일문의 댓글';
--------------------------------------------------------
--  DDL for Table ISSUE
--------------------------------------------------------

  CREATE TABLE "ISSUE" 
   (	"ISSUE_SID" NUMBER, 
	"ISSUE_NO" NUMBER, 
	"MEM_NO" NUMBER, 
	"LABEL_NO" NUMBER, 
	"MILEST_SID" NUMBER, 
	"PROJ_NO" NUMBER, 
	"ISSUE_TITLE" VARCHAR2(200 BYTE), 
	"ISSUE_CREATE_DATE" DATE, 
	"ISSUE_START_DATE" DATE, 
	"ISSUE_END_DATE" DATE, 
	"ISSUE_STATUS" CHAR(1 BYTE) DEFAULT 0, 
	"ISSUE_PRIORITY" NUMBER, 
	"PROGRESS" NUMBER DEFAULT 0
   ) SEGMENT CREATION IMMEDIATE 
  PCTFREE 10 PCTUSED 40 INITRANS 1 MAXTRANS 255 NOCOMPRESS LOGGING
  STORAGE(INITIAL 65536 NEXT 1048576 MINEXTENTS 1 MAXEXTENTS 2147483645
  PCTINCREASE 0 FREELISTS 1 FREELIST GROUPS 1 BUFFER_POOL DEFAULT FLASH_CACHE DEFAULT CELL_FLASH_CACHE DEFAULT);

   COMMENT ON COLUMN "ISSUE"."ISSUE_SID" IS '이슈 고유 번호';
   COMMENT ON COLUMN "ISSUE"."ISSUE_NO" IS '이슈 번호';
   COMMENT ON COLUMN "ISSUE"."MEM_NO" IS '이슈 작성자 번호';
   COMMENT ON COLUMN "ISSUE"."LABEL_NO" IS '라벨 번호';
   COMMENT ON COLUMN "ISSUE"."MILEST_SID" IS '마일스톤 고유 번호';
   COMMENT ON COLUMN "ISSUE"."PROJ_NO" IS '프로젝트 번호';
   COMMENT ON COLUMN "ISSUE"."ISSUE_TITLE" IS '이슈 제목';
   COMMENT ON COLUMN "ISSUE"."ISSUE_CREATE_DATE" IS '이슈 작성 일자';
   COMMENT ON COLUMN "ISSUE"."ISSUE_START_DATE" IS '이슈 시작 일자';
   COMMENT ON COLUMN "ISSUE"."ISSUE_END_DATE" IS '이슈 종료 일자';
   COMMENT ON COLUMN "ISSUE"."ISSUE_STATUS" IS '이슈 상태';
   COMMENT ON COLUMN "ISSUE"."ISSUE_PRIORITY" IS '이슈 중요도';
   COMMENT ON COLUMN "ISSUE"."PROGRESS" IS '진척도';
   COMMENT ON TABLE "ISSUE"  IS '이슈';
--------------------------------------------------------
--  DDL for Table ISSUE_ASSIGNEE
--------------------------------------------------------

  CREATE TABLE "ISSUE_ASSIGNEE" 
   (	"MEM_NO" NUMBER, 
	"ISSUE_SID" NUMBER
   ) SEGMENT CREATION IMMEDIATE 
  PCTFREE 10 PCTUSED 40 INITRANS 1 MAXTRANS 255 NOCOMPRESS LOGGING
  STORAGE(INITIAL 65536 NEXT 1048576 MINEXTENTS 1 MAXEXTENTS 2147483645
  PCTINCREASE 0 FREELISTS 1 FREELIST GROUPS 1 BUFFER_POOL DEFAULT FLASH_CACHE DEFAULT CELL_FLASH_CACHE DEFAULT);

   COMMENT ON COLUMN "ISSUE_ASSIGNEE"."MEM_NO" IS '이슈 담당자 번호';
   COMMENT ON COLUMN "ISSUE_ASSIGNEE"."ISSUE_SID" IS '이슈 고유 번호';
   COMMENT ON TABLE "ISSUE_ASSIGNEE"  IS '이슈 담당자';
--------------------------------------------------------
--  DDL for Table ISSUE_HISTORY
--------------------------------------------------------

  CREATE TABLE "ISSUE_HISTORY" 
   (	"ISSUE_HIS_NO" NUMBER, 
	"ISSUE_SID" NUMBER, 
	"MEM_NO" NUMBER, 
	"ISSUE_HIS_CONT" VARCHAR2(4000 BYTE), 
	"ISSUE_HIS_DATE" DATE, 
	"ISSUE_HIS_TYPE" VARCHAR2(50 BYTE), 
	"ATCH_FILE_SID" NUMBER
   ) SEGMENT CREATION IMMEDIATE 
  PCTFREE 10 PCTUSED 40 INITRANS 1 MAXTRANS 255 NOCOMPRESS LOGGING
  STORAGE(INITIAL 65536 NEXT 1048576 MINEXTENTS 1 MAXEXTENTS 2147483645
  PCTINCREASE 0 FREELISTS 1 FREELIST GROUPS 1 BUFFER_POOL DEFAULT FLASH_CACHE DEFAULT CELL_FLASH_CACHE DEFAULT);

   COMMENT ON COLUMN "ISSUE_HISTORY"."ISSUE_HIS_NO" IS '이슈 히스토리 번호';
   COMMENT ON COLUMN "ISSUE_HISTORY"."ISSUE_SID" IS '이슈 고유 번호';
   COMMENT ON COLUMN "ISSUE_HISTORY"."MEM_NO" IS '이슈 히스토리 작성 회원 번호';
   COMMENT ON COLUMN "ISSUE_HISTORY"."ISSUE_HIS_CONT" IS '이슈 히스토리 내용';
   COMMENT ON COLUMN "ISSUE_HISTORY"."ISSUE_HIS_DATE" IS '이슈 히스토리 작성일자';
   COMMENT ON COLUMN "ISSUE_HISTORY"."ISSUE_HIS_TYPE" IS '이슈 히스토리 유형';
   COMMENT ON COLUMN "ISSUE_HISTORY"."ATCH_FILE_SID" IS '통합 첨부파일 고유 번호';
   COMMENT ON TABLE "ISSUE_HISTORY"  IS '이슈 히스토리';
--------------------------------------------------------
--  DDL for Table KANBAN_CARD
--------------------------------------------------------

  CREATE TABLE "KANBAN_CARD" 
   (	"KB_CARD_NO" NUMBER, 
	"KB_CARD_PRIV_NO" NUMBER, 
	"MEM_NO" NUMBER, 
	"KB_COL_NO" NUMBER, 
	"ISSUE_SID" NUMBER, 
	"KB_CARD_CONT" VARCHAR2(4000 BYTE), 
	"KB_CARD_WRITE_DATE" DATE
   ) SEGMENT CREATION IMMEDIATE 
  PCTFREE 10 PCTUSED 40 INITRANS 1 MAXTRANS 255 NOCOMPRESS LOGGING
  STORAGE(INITIAL 65536 NEXT 1048576 MINEXTENTS 1 MAXEXTENTS 2147483645
  PCTINCREASE 0 FREELISTS 1 FREELIST GROUPS 1 BUFFER_POOL DEFAULT FLASH_CACHE DEFAULT CELL_FLASH_CACHE DEFAULT);

   COMMENT ON COLUMN "KANBAN_CARD"."KB_CARD_NO" IS '칸반 카드 번호';
   COMMENT ON COLUMN "KANBAN_CARD"."KB_CARD_PRIV_NO" IS '이전 칸반 카드 번호';
   COMMENT ON COLUMN "KANBAN_CARD"."MEM_NO" IS '칸반 카드 작성 회원 번호';
   COMMENT ON COLUMN "KANBAN_CARD"."KB_COL_NO" IS '칸반 컬럼 번호';
   COMMENT ON COLUMN "KANBAN_CARD"."ISSUE_SID" IS '이슈 고유 번호';
   COMMENT ON COLUMN "KANBAN_CARD"."KB_CARD_CONT" IS '칸반 카드 내용';
   COMMENT ON COLUMN "KANBAN_CARD"."KB_CARD_WRITE_DATE" IS '칸반카드 등록 일자';
   COMMENT ON TABLE "KANBAN_CARD"  IS '칸반 카드';
--------------------------------------------------------
--  DDL for Table KANBAN_COL
--------------------------------------------------------

  CREATE TABLE "KANBAN_COL" 
   (	"KB_COL_NO" NUMBER, 
	"KB_COL_PRIV_NO" NUMBER, 
	"PROJ_NO" NUMBER, 
	"KB_COL_NM" VARCHAR2(500 BYTE)
   ) SEGMENT CREATION IMMEDIATE 
  PCTFREE 10 PCTUSED 40 INITRANS 1 MAXTRANS 255 NOCOMPRESS LOGGING
  STORAGE(INITIAL 65536 NEXT 1048576 MINEXTENTS 1 MAXEXTENTS 2147483645
  PCTINCREASE 0 FREELISTS 1 FREELIST GROUPS 1 BUFFER_POOL DEFAULT FLASH_CACHE DEFAULT CELL_FLASH_CACHE DEFAULT);

   COMMENT ON COLUMN "KANBAN_COL"."KB_COL_NO" IS '칸반 컬럼 번호';
   COMMENT ON COLUMN "KANBAN_COL"."KB_COL_PRIV_NO" IS '이전 칸반 컬럼 번호';
   COMMENT ON COLUMN "KANBAN_COL"."PROJ_NO" IS '프로젝트 번호';
   COMMENT ON COLUMN "KANBAN_COL"."KB_COL_NM" IS '칸반 컬럼 이름';
   COMMENT ON TABLE "KANBAN_COL"  IS '칸반 컬럼';
--------------------------------------------------------
--  DDL for Table LABEL
--------------------------------------------------------

  CREATE TABLE "LABEL" 
   (	"LABEL_NO" NUMBER, 
	"PROJ_NO" NUMBER, 
	"LABEL_NM" VARCHAR2(200 BYTE), 
	"LABEL_ICON" VARCHAR2(200 BYTE) DEFAULT 'icon-info', 
	"LABEL_COLOR" VARCHAR2(50 BYTE) DEFAULT '#FFFFFF'
   ) SEGMENT CREATION IMMEDIATE 
  PCTFREE 10 PCTUSED 40 INITRANS 1 MAXTRANS 255 NOCOMPRESS LOGGING
  STORAGE(INITIAL 65536 NEXT 1048576 MINEXTENTS 1 MAXEXTENTS 2147483645
  PCTINCREASE 0 FREELISTS 1 FREELIST GROUPS 1 BUFFER_POOL DEFAULT FLASH_CACHE DEFAULT CELL_FLASH_CACHE DEFAULT);

   COMMENT ON COLUMN "LABEL"."LABEL_NO" IS '라벨 번호';
   COMMENT ON COLUMN "LABEL"."PROJ_NO" IS '프로젝트 번호';
   COMMENT ON COLUMN "LABEL"."LABEL_NM" IS '라벨 이름';
   COMMENT ON COLUMN "LABEL"."LABEL_ICON" IS '라벨 아이콘
';
   COMMENT ON TABLE "LABEL"  IS '라벨';
--------------------------------------------------------
--  DDL for Table MEMBER
--------------------------------------------------------

  CREATE TABLE "MEMBER" 
   (	"MEM_NO" NUMBER, 
	"MEM_ID" VARCHAR2(200 BYTE), 
	"MEM_PASS" VARCHAR2(1000 BYTE), 
	"MEM_NICK" VARCHAR2(200 BYTE), 
	"MEM_TEL" VARCHAR2(100 BYTE), 
	"MEM_PIC_FILE_NAME" VARCHAR2(200 BYTE) DEFAULT NULL, 
	"MEM_SIGN_DATE" DATE, 
	"MEM_QUIT_DATE" DATE, 
	"MEM_NM" VARCHAR2(200 BYTE), 
	"MEM_BIO" VARCHAR2(4000 BYTE), 
	"MEM_WORKING_CITY" VARCHAR2(200 BYTE), 
	"MEM_STATUS" VARCHAR2(50 BYTE) DEFAULT 'ON'
   ) SEGMENT CREATION IMMEDIATE 
  PCTFREE 10 PCTUSED 40 INITRANS 1 MAXTRANS 255 NOCOMPRESS LOGGING
  STORAGE(INITIAL 65536 NEXT 1048576 MINEXTENTS 1 MAXEXTENTS 2147483645
  PCTINCREASE 0 FREELISTS 1 FREELIST GROUPS 1 BUFFER_POOL DEFAULT FLASH_CACHE DEFAULT CELL_FLASH_CACHE DEFAULT);

   COMMENT ON COLUMN "MEMBER"."MEM_NO" IS '회원 번호';
   COMMENT ON COLUMN "MEMBER"."MEM_ID" IS '회원 아이디(이메일)';
   COMMENT ON COLUMN "MEMBER"."MEM_PASS" IS '회원 비밀번호';
   COMMENT ON COLUMN "MEMBER"."MEM_NICK" IS '회원 닉네임';
   COMMENT ON COLUMN "MEMBER"."MEM_TEL" IS '회원 전화번호';
   COMMENT ON COLUMN "MEMBER"."MEM_PIC_FILE_NAME" IS '회원 프로필 파일 이름';
   COMMENT ON COLUMN "MEMBER"."MEM_SIGN_DATE" IS '회원 가입 일자';
   COMMENT ON COLUMN "MEMBER"."MEM_QUIT_DATE" IS '회원 탈퇴 일자';
   COMMENT ON COLUMN "MEMBER"."MEM_NM" IS '회원 이름';
   COMMENT ON COLUMN "MEMBER"."MEM_BIO" IS '회원 자기소개 내용';
   COMMENT ON COLUMN "MEMBER"."MEM_WORKING_CITY" IS '회원 근무 도시';
   COMMENT ON COLUMN "MEMBER"."MEM_STATUS" IS '회원 상태';
   COMMENT ON TABLE "MEMBER"  IS '회원';
--------------------------------------------------------
--  DDL for Table MEM_CHAT
--------------------------------------------------------

  CREATE TABLE "MEM_CHAT" 
   (	"MEM_NO" NUMBER, 
	"CHATROOM_NO" NUMBER
   ) SEGMENT CREATION IMMEDIATE 
  PCTFREE 10 PCTUSED 40 INITRANS 1 MAXTRANS 255 NOCOMPRESS LOGGING
  STORAGE(INITIAL 65536 NEXT 1048576 MINEXTENTS 1 MAXEXTENTS 2147483645
  PCTINCREASE 0 FREELISTS 1 FREELIST GROUPS 1 BUFFER_POOL DEFAULT FLASH_CACHE DEFAULT CELL_FLASH_CACHE DEFAULT);

   COMMENT ON COLUMN "MEM_CHAT"."MEM_NO" IS '채팅 참여 회원 번호';
   COMMENT ON COLUMN "MEM_CHAT"."CHATROOM_NO" IS '채팅방 번호';
   COMMENT ON TABLE "MEM_CHAT"  IS '채팅 참여 멤버';
--------------------------------------------------------
--  DDL for Table MEM_ROLE
--------------------------------------------------------

  CREATE TABLE "MEM_ROLE" 
   (	"MEM_ROLE_NO" NUMBER, 
	"PROJ_NO" NUMBER, 
	"MEM_ROLE_NM" VARCHAR2(200 BYTE), 
	"AUTHORITY" NUMBER DEFAULT 4095
   ) SEGMENT CREATION IMMEDIATE 
  PCTFREE 10 PCTUSED 40 INITRANS 1 MAXTRANS 255 NOCOMPRESS LOGGING
  STORAGE(INITIAL 65536 NEXT 1048576 MINEXTENTS 1 MAXEXTENTS 2147483645
  PCTINCREASE 0 FREELISTS 1 FREELIST GROUPS 1 BUFFER_POOL DEFAULT FLASH_CACHE DEFAULT CELL_FLASH_CACHE DEFAULT);

   COMMENT ON COLUMN "MEM_ROLE"."MEM_ROLE_NO" IS '멤버 역할 번호';
   COMMENT ON COLUMN "MEM_ROLE"."PROJ_NO" IS '프로젝트 번호';
   COMMENT ON COLUMN "MEM_ROLE"."MEM_ROLE_NM" IS '멤버 역할 이름';
   COMMENT ON COLUMN "MEM_ROLE"."AUTHORITY" IS '권한';
   COMMENT ON TABLE "MEM_ROLE"  IS '멤버 역할';
--------------------------------------------------------
--  DDL for Table MENU
--------------------------------------------------------

  CREATE TABLE "MENU" 
   (	"MENU_NO" NUMBER, 
	"MENU_ICON" VARCHAR2(200 BYTE), 
	"MENU_DATA" VARCHAR2(200 BYTE), 
	"MENU_SET_INDEX" NUMBER, 
	"MENU_NM_ENG" VARCHAR2(200 BYTE), 
	"MENU_NM_KOR" VARCHAR2(200 BYTE), 
	"MENU_PARENT" NUMBER, 
	"MENU_CODE" VARCHAR2(200 BYTE), 
	"MENU_NM_GER" VARCHAR2(200 BYTE), 
	"MENU_NM_JAP" VARCHAR2(200 BYTE), 
	"MENU_NM_CHI" VARCHAR2(200 BYTE)
   ) SEGMENT CREATION IMMEDIATE 
  PCTFREE 10 PCTUSED 40 INITRANS 1 MAXTRANS 255 NOCOMPRESS LOGGING
  STORAGE(INITIAL 65536 NEXT 1048576 MINEXTENTS 1 MAXEXTENTS 2147483645
  PCTINCREASE 0 FREELISTS 1 FREELIST GROUPS 1 BUFFER_POOL DEFAULT FLASH_CACHE DEFAULT CELL_FLASH_CACHE DEFAULT);
--------------------------------------------------------
--  DDL for Table MILESTONE
--------------------------------------------------------

  CREATE TABLE "MILESTONE" 
   (	"MILEST_SID" NUMBER, 
	"MEM_NO" NUMBER, 
	"PROJ_NO" NUMBER, 
	"MILEST_NO" NUMBER, 
	"MILEST_TITLE" VARCHAR2(200 BYTE), 
	"MILEST_CONT" VARCHAR2(4000 BYTE), 
	"MILEST_DATE" DATE, 
	"MILEST_START_DATE" DATE, 
	"MILEST_END_DATE" DATE, 
	"MILEST_STATUS" CHAR(1 BYTE) DEFAULT 0
   ) SEGMENT CREATION IMMEDIATE 
  PCTFREE 10 PCTUSED 40 INITRANS 1 MAXTRANS 255 NOCOMPRESS LOGGING
  STORAGE(INITIAL 65536 NEXT 1048576 MINEXTENTS 1 MAXEXTENTS 2147483645
  PCTINCREASE 0 FREELISTS 1 FREELIST GROUPS 1 BUFFER_POOL DEFAULT FLASH_CACHE DEFAULT CELL_FLASH_CACHE DEFAULT);

   COMMENT ON COLUMN "MILESTONE"."MILEST_SID" IS '마일스톤 고유 번호';
   COMMENT ON COLUMN "MILESTONE"."MEM_NO" IS '마일스톤 작성 회원 번호';
   COMMENT ON COLUMN "MILESTONE"."PROJ_NO" IS '프로젝트 번호';
   COMMENT ON COLUMN "MILESTONE"."MILEST_NO" IS '마일스톤 번호';
   COMMENT ON COLUMN "MILESTONE"."MILEST_TITLE" IS '마일스톤 제목';
   COMMENT ON COLUMN "MILESTONE"."MILEST_CONT" IS '마일스톤 내용';
   COMMENT ON COLUMN "MILESTONE"."MILEST_DATE" IS '마일스톤 작성 일자';
   COMMENT ON COLUMN "MILESTONE"."MILEST_START_DATE" IS '마일스톤 시작 일자';
   COMMENT ON COLUMN "MILESTONE"."MILEST_END_DATE" IS '마일스톤 종료 일자';
   COMMENT ON COLUMN "MILESTONE"."MILEST_STATUS" IS '마일스톤 상태';
   COMMENT ON TABLE "MILESTONE"  IS '마일스톤';
--------------------------------------------------------
--  DDL for Table NEWS
--------------------------------------------------------

  CREATE TABLE "NEWS" 
   (	"NEWS_SID" NUMBER, 
	"PROJ_NO" NUMBER, 
	"MEM_NO" NUMBER, 
	"NEWS_NO" NUMBER, 
	"NEWS_TITLE" VARCHAR2(200 BYTE), 
	"NEWS_CONT" VARCHAR2(4000 BYTE), 
	"NEWS_WRITE_DATE" DATE, 
	"ATCH_FILE_SID" VARCHAR2(500 BYTE)
   ) SEGMENT CREATION IMMEDIATE 
  PCTFREE 10 PCTUSED 40 INITRANS 1 MAXTRANS 255 NOCOMPRESS LOGGING
  STORAGE(INITIAL 65536 NEXT 1048576 MINEXTENTS 1 MAXEXTENTS 2147483645
  PCTINCREASE 0 FREELISTS 1 FREELIST GROUPS 1 BUFFER_POOL DEFAULT FLASH_CACHE DEFAULT CELL_FLASH_CACHE DEFAULT);

   COMMENT ON COLUMN "NEWS"."NEWS_SID" IS '뉴스 고유 번호';
   COMMENT ON COLUMN "NEWS"."PROJ_NO" IS '프로젝트 번호';
   COMMENT ON COLUMN "NEWS"."MEM_NO" IS '뉴스 작성 회원 번호';
   COMMENT ON COLUMN "NEWS"."NEWS_NO" IS '뉴스 번호';
   COMMENT ON COLUMN "NEWS"."NEWS_TITLE" IS '뉴스제목';
   COMMENT ON COLUMN "NEWS"."NEWS_CONT" IS '뉴스내용';
   COMMENT ON COLUMN "NEWS"."NEWS_WRITE_DATE" IS '뉴스 작성 일자';
   COMMENT ON COLUMN "NEWS"."ATCH_FILE_SID" IS '통합 첨부파일 고유 번호';
   COMMENT ON TABLE "NEWS"  IS '뉴스';
--------------------------------------------------------
--  DDL for Table NEWS_COMMENT
--------------------------------------------------------

  CREATE TABLE "NEWS_COMMENT" 
   (	"NEWS_COM_NO" NUMBER, 
	"NEWS_SID" NUMBER, 
	"MEM_NO" NUMBER, 
	"NEWS_COM_CONT" VARCHAR2(4000 BYTE), 
	"NEWS_COM_DATE" DATE
   ) SEGMENT CREATION IMMEDIATE 
  PCTFREE 10 PCTUSED 40 INITRANS 1 MAXTRANS 255 NOCOMPRESS LOGGING
  STORAGE(INITIAL 65536 NEXT 1048576 MINEXTENTS 1 MAXEXTENTS 2147483645
  PCTINCREASE 0 FREELISTS 1 FREELIST GROUPS 1 BUFFER_POOL DEFAULT FLASH_CACHE DEFAULT CELL_FLASH_CACHE DEFAULT);

   COMMENT ON COLUMN "NEWS_COMMENT"."NEWS_COM_NO" IS '뉴스 댓글 번호';
   COMMENT ON COLUMN "NEWS_COMMENT"."NEWS_SID" IS '뉴스 고유 번호';
   COMMENT ON COLUMN "NEWS_COMMENT"."MEM_NO" IS '뉴스 댓글 작성 회원 버호';
   COMMENT ON COLUMN "NEWS_COMMENT"."NEWS_COM_CONT" IS '뉴스 댓글 내용';
   COMMENT ON COLUMN "NEWS_COMMENT"."NEWS_COM_DATE" IS '뉴스 댓글 작성 일자';
   COMMENT ON TABLE "NEWS_COMMENT"  IS '뉴스 댓글';
--------------------------------------------------------
--  DDL for Table PAYMENT
--------------------------------------------------------

  CREATE TABLE "PAYMENT" 
   (	"PAYMENT_NO" NUMBER, 
	"PROJ_NO" NUMBER, 
	"PAY_PLAN_NO" NUMBER, 
	"PAY_DATE" DATE, 
	"PAY_CONT" VARCHAR2(4000 BYTE), 
	"EXPIRY_DAY" NUMBER, 
	"PAY_PLAN_PRICE" NUMBER(*,0)
   ) SEGMENT CREATION IMMEDIATE 
  PCTFREE 10 PCTUSED 40 INITRANS 1 MAXTRANS 255 NOCOMPRESS LOGGING
  STORAGE(INITIAL 65536 NEXT 1048576 MINEXTENTS 1 MAXEXTENTS 2147483645
  PCTINCREASE 0 FREELISTS 1 FREELIST GROUPS 1 BUFFER_POOL DEFAULT FLASH_CACHE DEFAULT CELL_FLASH_CACHE DEFAULT);

   COMMENT ON COLUMN "PAYMENT"."PAYMENT_NO" IS '결제 부여 번호';
   COMMENT ON COLUMN "PAYMENT"."PROJ_NO" IS '프로젝트 번호';
   COMMENT ON COLUMN "PAYMENT"."PAY_PLAN_NO" IS '요금제 번호';
   COMMENT ON COLUMN "PAYMENT"."PAY_DATE" IS '결제 일자';
   COMMENT ON COLUMN "PAYMENT"."PAY_CONT" IS '결제 내용';
   COMMENT ON COLUMN "PAYMENT"."EXPIRY_DAY" IS '결제 유효 기간';
   COMMENT ON COLUMN "PAYMENT"."PAY_PLAN_PRICE" IS '요금제 금액';
   COMMENT ON TABLE "PAYMENT"  IS '결제';
--------------------------------------------------------
--  DDL for Table PAY_PLAN
--------------------------------------------------------

  CREATE TABLE "PAY_PLAN" 
   (	"PAY_PLAN_NO" NUMBER, 
	"PAY_PLAN_NM" VARCHAR2(200 BYTE), 
	"PAY_PLAN_CONT" CLOB, 
	"PAY_PLAN_PRICE" NUMBER
   ) SEGMENT CREATION IMMEDIATE 
  PCTFREE 10 PCTUSED 40 INITRANS 1 MAXTRANS 255 NOCOMPRESS LOGGING
  STORAGE(INITIAL 65536 NEXT 1048576 MINEXTENTS 1 MAXEXTENTS 2147483645
  PCTINCREASE 0 FREELISTS 1 FREELIST GROUPS 1 BUFFER_POOL DEFAULT FLASH_CACHE DEFAULT CELL_FLASH_CACHE DEFAULT)
 LOB ("PAY_PLAN_CONT") STORE AS BASICFILE (ENABLE STORAGE IN ROW CHUNK 8192 RETENTION 
  NOCACHE LOGGING 
  STORAGE(INITIAL 65536 NEXT 1048576 MINEXTENTS 1 MAXEXTENTS 2147483645
  PCTINCREASE 0 FREELISTS 1 FREELIST GROUPS 1 BUFFER_POOL DEFAULT FLASH_CACHE DEFAULT CELL_FLASH_CACHE DEFAULT)) ;

   COMMENT ON COLUMN "PAY_PLAN"."PAY_PLAN_NO" IS '요금제 번호';
   COMMENT ON COLUMN "PAY_PLAN"."PAY_PLAN_NM" IS '요금제 이름';
   COMMENT ON COLUMN "PAY_PLAN"."PAY_PLAN_CONT" IS '요금제 내용';
   COMMENT ON COLUMN "PAY_PLAN"."PAY_PLAN_PRICE" IS '요금제 금액';
   COMMENT ON TABLE "PAY_PLAN"  IS '요금제';
--------------------------------------------------------
--  DDL for Table PROJECT
--------------------------------------------------------

  CREATE TABLE "PROJECT" 
   (	"PROJ_NO" NUMBER, 
	"MEM_NO" NUMBER, 
	"PROJ_TITLE" VARCHAR2(200 BYTE), 
	"PROJ_CONT" VARCHAR2(4000 BYTE), 
	"PROJ_START_DATE" DATE, 
	"PROJ_EST_END_DATE" DATE, 
	"ISSUE_PRIORITY_SET" NUMBER DEFAULT 63, 
	"PROJ_MODULE_SET" NUMBER DEFAULT 255, 
	"PROJ_STATUS" CHAR(1 BYTE) DEFAULT 0
   ) SEGMENT CREATION IMMEDIATE 
  PCTFREE 10 PCTUSED 40 INITRANS 1 MAXTRANS 255 NOCOMPRESS LOGGING
  STORAGE(INITIAL 65536 NEXT 1048576 MINEXTENTS 1 MAXEXTENTS 2147483645
  PCTINCREASE 0 FREELISTS 1 FREELIST GROUPS 1 BUFFER_POOL DEFAULT FLASH_CACHE DEFAULT CELL_FLASH_CACHE DEFAULT);

   COMMENT ON COLUMN "PROJECT"."PROJ_NO" IS '프로젝트 번호';
   COMMENT ON COLUMN "PROJECT"."MEM_NO" IS '프로젝트 생성 회원 번호';
   COMMENT ON COLUMN "PROJECT"."PROJ_TITLE" IS '프로젝트 제목';
   COMMENT ON COLUMN "PROJECT"."PROJ_CONT" IS '프로젝트 내용';
   COMMENT ON COLUMN "PROJECT"."PROJ_START_DATE" IS '프로젝트 생성 일자';
   COMMENT ON COLUMN "PROJECT"."PROJ_EST_END_DATE" IS '프로젝트 예상 종료 일자';
   COMMENT ON COLUMN "PROJECT"."ISSUE_PRIORITY_SET" IS '이슈 중요도 설정';
   COMMENT ON COLUMN "PROJECT"."PROJ_MODULE_SET" IS '프로젝트 모듈 설정';
   COMMENT ON COLUMN "PROJECT"."PROJ_STATUS" IS '프로젝트 상태.닫히면1지우면2';
   COMMENT ON TABLE "PROJECT"  IS '프로젝트';
--------------------------------------------------------
--  DDL for Table PROJ_MEM
--------------------------------------------------------

  CREATE TABLE "PROJ_MEM" 
   (	"MEM_NO" NUMBER, 
	"PROJ_NO" NUMBER, 
	"MEM_ROLE_NO" NUMBER, 
	"PROJ_JOIN_DATE" DATE, 
	"PROJ_DROP_DATE" DATE, 
	"PROJ_USER_NICK" VARCHAR2(200 BYTE)
   ) SEGMENT CREATION IMMEDIATE 
  PCTFREE 10 PCTUSED 40 INITRANS 1 MAXTRANS 255 NOCOMPRESS LOGGING
  STORAGE(INITIAL 65536 NEXT 1048576 MINEXTENTS 1 MAXEXTENTS 2147483645
  PCTINCREASE 0 FREELISTS 1 FREELIST GROUPS 1 BUFFER_POOL DEFAULT FLASH_CACHE DEFAULT CELL_FLASH_CACHE DEFAULT);

   COMMENT ON COLUMN "PROJ_MEM"."MEM_NO" IS '프로젝트 참여 맴버 번호';
   COMMENT ON COLUMN "PROJ_MEM"."PROJ_NO" IS '프로젝트 번호';
   COMMENT ON COLUMN "PROJ_MEM"."MEM_ROLE_NO" IS '멤버 역할 번호';
   COMMENT ON COLUMN "PROJ_MEM"."PROJ_JOIN_DATE" IS '프로젝트 참가 일자';
   COMMENT ON COLUMN "PROJ_MEM"."PROJ_DROP_DATE" IS '프로젝트 탈퇴 일자';
   COMMENT ON COLUMN "PROJ_MEM"."PROJ_USER_NICK" IS '프로젝트 유저 닉네임';
   COMMENT ON TABLE "PROJ_MEM"  IS '프로젝트 멤버';
--------------------------------------------------------
--  DDL for Table PROPTIS
--------------------------------------------------------

  CREATE TABLE "PROPTIS" 
   (	"PROPTIS_NO" NUMBER, 
	"PROPTIS_NM" VARCHAR2(200 BYTE), 
	"PROPTIS_SORT" VARCHAR2(200 BYTE), 
	"PROPTIS_PRIORITY" NUMBER, 
	"PROPTIS_EXPLAIN" VARCHAR2(500 BYTE)
   ) SEGMENT CREATION IMMEDIATE 
  PCTFREE 10 PCTUSED 40 INITRANS 1 MAXTRANS 255 NOCOMPRESS LOGGING
  STORAGE(INITIAL 65536 NEXT 1048576 MINEXTENTS 1 MAXEXTENTS 2147483645
  PCTINCREASE 0 FREELISTS 1 FREELIST GROUPS 1 BUFFER_POOL DEFAULT FLASH_CACHE DEFAULT CELL_FLASH_CACHE DEFAULT);

   COMMENT ON COLUMN "PROPTIS"."PROPTIS_NO" IS '보호자원 번호';
   COMMENT ON COLUMN "PROPTIS"."PROPTIS_NM" IS '보호자원 이름';
   COMMENT ON COLUMN "PROPTIS"."PROPTIS_SORT" IS '보호자원 구분';
   COMMENT ON COLUMN "PROPTIS"."PROPTIS_PRIORITY" IS '보호자원 우선순위';
   COMMENT ON COLUMN "PROPTIS"."PROPTIS_EXPLAIN" IS '보호자원 설명';
   COMMENT ON TABLE "PROPTIS"  IS '보호자원';
--------------------------------------------------------
--  DDL for Table PROPTIS_ROLE
--------------------------------------------------------

  CREATE TABLE "PROPTIS_ROLE" 
   (	"PROPTIS_NO" NUMBER, 
	"MEM_ROLE_NO" NUMBER, 
	"AUTHOR" NUMBER
   ) SEGMENT CREATION IMMEDIATE 
  PCTFREE 10 PCTUSED 40 INITRANS 1 MAXTRANS 255 NOCOMPRESS LOGGING
  STORAGE(INITIAL 65536 NEXT 1048576 MINEXTENTS 1 MAXEXTENTS 2147483645
  PCTINCREASE 0 FREELISTS 1 FREELIST GROUPS 1 BUFFER_POOL DEFAULT FLASH_CACHE DEFAULT CELL_FLASH_CACHE DEFAULT);

   COMMENT ON COLUMN "PROPTIS_ROLE"."PROPTIS_NO" IS '보호자원 번호';
   COMMENT ON COLUMN "PROPTIS_ROLE"."MEM_ROLE_NO" IS '멤버 역할 번호';
   COMMENT ON COLUMN "PROPTIS_ROLE"."AUTHOR" IS '권한';
   COMMENT ON TABLE "PROPTIS_ROLE"  IS '자원 역할';
--------------------------------------------------------
--  DDL for Table PROVIDER
--------------------------------------------------------

  CREATE TABLE "PROVIDER" 
   (	"PROV_ID" VARCHAR2(200 BYTE), 
	"PROV_PASS" VARCHAR2(500 BYTE), 
	"PROV_NM" VARCHAR2(200 BYTE)
   ) SEGMENT CREATION IMMEDIATE 
  PCTFREE 10 PCTUSED 40 INITRANS 1 MAXTRANS 255 NOCOMPRESS LOGGING
  STORAGE(INITIAL 65536 NEXT 1048576 MINEXTENTS 1 MAXEXTENTS 2147483645
  PCTINCREASE 0 FREELISTS 1 FREELIST GROUPS 1 BUFFER_POOL DEFAULT FLASH_CACHE DEFAULT CELL_FLASH_CACHE DEFAULT);

   COMMENT ON COLUMN "PROVIDER"."PROV_ID" IS '운영자 아이디';
   COMMENT ON COLUMN "PROVIDER"."PROV_PASS" IS '운영자 비밀번호';
   COMMENT ON COLUMN "PROVIDER"."PROV_NM" IS '운영자 이름';
   COMMENT ON TABLE "PROVIDER"  IS '운영자';
--------------------------------------------------------
--  DDL for Table REFUND
--------------------------------------------------------

  CREATE TABLE "REFUND" 
   (	"REFUND_NO" NUMBER, 
	"PAYMENT_NO" NUMBER, 
	"REFUND_DATE" DATE, 
	"REFUND_CONT" VARCHAR2(4000 BYTE), 
	"PAY_CANCLE_DATE" DATE, 
	"REFUND_PLAN_TYPE" VARCHAR2(50 BYTE)
   ) SEGMENT CREATION IMMEDIATE 
  PCTFREE 10 PCTUSED 40 INITRANS 1 MAXTRANS 255 NOCOMPRESS LOGGING
  STORAGE(INITIAL 65536 NEXT 1048576 MINEXTENTS 1 MAXEXTENTS 2147483645
  PCTINCREASE 0 FREELISTS 1 FREELIST GROUPS 1 BUFFER_POOL DEFAULT FLASH_CACHE DEFAULT CELL_FLASH_CACHE DEFAULT);

   COMMENT ON COLUMN "REFUND"."REFUND_NO" IS '환불 번호';
   COMMENT ON COLUMN "REFUND"."PAYMENT_NO" IS '결제 부여 번호';
   COMMENT ON COLUMN "REFUND"."REFUND_DATE" IS '환불 일자';
   COMMENT ON COLUMN "REFUND"."REFUND_CONT" IS '환불 내역';
   COMMENT ON COLUMN "REFUND"."PAY_CANCLE_DATE" IS '결제 취소 일자';
   COMMENT ON COLUMN "REFUND"."REFUND_PLAN_TYPE" IS '환불 정책 유형';
   COMMENT ON TABLE "REFUND"  IS '환불';
--------------------------------------------------------
--  DDL for Table REPOSITORY
--------------------------------------------------------

  CREATE TABLE "REPOSITORY" 
   (	"PROJ_NO" NUMBER, 
	"REPO_URL" VARCHAR2(500 BYTE), 
	"REPO_TOKEN" VARCHAR2(300 BYTE), 
	"REPO_TYPE" VARCHAR2(50 BYTE)
   ) SEGMENT CREATION IMMEDIATE 
  PCTFREE 10 PCTUSED 40 INITRANS 1 MAXTRANS 255 NOCOMPRESS LOGGING
  STORAGE(INITIAL 65536 NEXT 1048576 MINEXTENTS 1 MAXEXTENTS 2147483645
  PCTINCREASE 0 FREELISTS 1 FREELIST GROUPS 1 BUFFER_POOL DEFAULT FLASH_CACHE DEFAULT CELL_FLASH_CACHE DEFAULT);

   COMMENT ON COLUMN "REPOSITORY"."PROJ_NO" IS '프로젝트 번호';
   COMMENT ON COLUMN "REPOSITORY"."REPO_URL" IS '저장소 경로';
   COMMENT ON COLUMN "REPOSITORY"."REPO_TOKEN" IS '저장소 토큰';
   COMMENT ON COLUMN "REPOSITORY"."REPO_TYPE" IS '저장소 유형';
   COMMENT ON TABLE "REPOSITORY"  IS '저장소';
--------------------------------------------------------
--  DDL for Table USER_AUTH
--------------------------------------------------------

  CREATE TABLE "USER_AUTH" 
   (	"AUTH_GRP_CODE" VARCHAR2(50 BYTE), 
	"MEM_NO" NUMBER
   ) SEGMENT CREATION IMMEDIATE 
  PCTFREE 10 PCTUSED 40 INITRANS 1 MAXTRANS 255 NOCOMPRESS LOGGING
  STORAGE(INITIAL 65536 NEXT 1048576 MINEXTENTS 1 MAXEXTENTS 2147483645
  PCTINCREASE 0 FREELISTS 1 FREELIST GROUPS 1 BUFFER_POOL DEFAULT FLASH_CACHE DEFAULT CELL_FLASH_CACHE DEFAULT);

   COMMENT ON COLUMN "USER_AUTH"."AUTH_GRP_CODE" IS '권한 그룹 코드';
   COMMENT ON COLUMN "USER_AUTH"."MEM_NO" IS '회원 번호';
   COMMENT ON TABLE "USER_AUTH"  IS '사용자 권한';
--------------------------------------------------------
--  DDL for Table WIKI
--------------------------------------------------------

  CREATE TABLE "WIKI" 
   (	"WIKI_SID" NUMBER, 
	"PARENT_WIKI" NUMBER, 
	"MEM_NO" NUMBER, 
	"PROJ_NO" NUMBER, 
	"WIKI_NO" NUMBER, 
	"WIKI_CONT" VARCHAR2(4000 BYTE), 
	"WIKI_WRITE_DATE" DATE, 
	"WIKI_TITLE" VARCHAR2(500 BYTE)
   ) SEGMENT CREATION IMMEDIATE 
  PCTFREE 10 PCTUSED 40 INITRANS 1 MAXTRANS 255 NOCOMPRESS LOGGING
  STORAGE(INITIAL 65536 NEXT 1048576 MINEXTENTS 1 MAXEXTENTS 2147483645
  PCTINCREASE 0 FREELISTS 1 FREELIST GROUPS 1 BUFFER_POOL DEFAULT FLASH_CACHE DEFAULT CELL_FLASH_CACHE DEFAULT);

   COMMENT ON COLUMN "WIKI"."WIKI_SID" IS '위키 고유 번호';
   COMMENT ON COLUMN "WIKI"."PARENT_WIKI" IS '상위 위키 고유 번호';
   COMMENT ON COLUMN "WIKI"."MEM_NO" IS '위키 작성 회원 번호';
   COMMENT ON COLUMN "WIKI"."PROJ_NO" IS '프로젝트 번호';
   COMMENT ON COLUMN "WIKI"."WIKI_NO" IS '위키 번호';
   COMMENT ON COLUMN "WIKI"."WIKI_CONT" IS '위키 내용';
   COMMENT ON COLUMN "WIKI"."WIKI_WRITE_DATE" IS '위키 작성 일자';
   COMMENT ON COLUMN "WIKI"."WIKI_TITLE" IS '위키 제목';
   COMMENT ON TABLE "WIKI"  IS '위키';
--------------------------------------------------------
--  DDL for View CNT_VIEW
--------------------------------------------------------

  CREATE OR REPLACE FORCE VIEW "CNT_VIEW" ("ISSUE_NO", "ISSUE_STATUS", "MILEST_NO") AS 
  select i.issue_no, i.issue_status, m.milest_no
        from milestone m
            left outer join issue i on (m.milest_sid = i.milest_sid)
;
REM INSERTING into ALARM
SET DEFINE OFF;
Insert into ALARM (ALARM_NO,MEM_NO,ALARM_CONT,ALARM_CREATE_DATE,ALARM_CHK_DATE,ALARM_TYPE,SENDER_NO) values (127,3,'{"proj_user_nick":"원정훈","issue_his_cont":"다시 오픈 해 보겠습니다.","issue_title":"마일스톤 칸반 등록할 이슈","url":"/gaia/josh/createProject/issue/1"}',to_date('2021-06-26 15:22:00','YYYY-MM-DD HH24:MI:SS'),to_date('2021-06-26 16:34:41','YYYY-MM-DD HH24:MI:SS'),'IC',3);
Insert into ALARM (ALARM_NO,MEM_NO,ALARM_CONT,ALARM_CREATE_DATE,ALARM_CHK_DATE,ALARM_TYPE,SENDER_NO) values (128,323,'{"proj_title":"CreateProject"}',to_date('2021-06-26 16:21:34','YYYY-MM-DD HH24:MI:SS'),null,'PJ',3);
Insert into ALARM (ALARM_NO,MEM_NO,ALARM_CONT,ALARM_CREATE_DATE,ALARM_CHK_DATE,ALARM_TYPE,SENDER_NO) values (129,3,'{"proj_user_nick":"원정훈","issue_his_cont":"담당자와 라벨등을 지정할 수 있습니다.\n히스토리로 관리 됩니다.\n","issue_title":"마일스톤과 칸반에 등록할 이슈","url":"/gaia/josh/CreateProject/issue/1"}',to_date('2021-06-26 16:26:54','YYYY-MM-DD HH24:MI:SS'),to_date('2021-06-26 16:34:41','YYYY-MM-DD HH24:MI:SS'),'IC',3);
Insert into ALARM (ALARM_NO,MEM_NO,ALARM_CONT,ALARM_CREATE_DATE,ALARM_CHK_DATE,ALARM_TYPE,SENDER_NO) values (37,3,'{"proj_user_nick":"팀장 꼬북","issue_his_cont":"gd","issue_title":"이슈 입니다","url":"/gaia/kkobuk/testproject/issue/113"}',to_date('2021-06-10 00:00:00','YYYY-MM-DD HH24:MI:SS'),to_date('2021-06-10 00:00:00','YYYY-MM-DD HH24:MI:SS'),'IC',null);
Insert into ALARM (ALARM_NO,MEM_NO,ALARM_CONT,ALARM_CREATE_DATE,ALARM_CHK_DATE,ALARM_TYPE,SENDER_NO) values (38,3,'{"proj_user_nick":"팀장 꼬북","issue_his_cont":"ㅎㅇ","issue_title":"이슈 입니다","url":"/gaia/kkobuk/testproject/issue/113"}',to_date('2021-06-10 00:00:00','YYYY-MM-DD HH24:MI:SS'),to_date('2021-06-10 00:00:00','YYYY-MM-DD HH24:MI:SS'),'IC',null);
Insert into ALARM (ALARM_NO,MEM_NO,ALARM_CONT,ALARM_CREATE_DATE,ALARM_CHK_DATE,ALARM_TYPE,SENDER_NO) values (39,3,'{"proj_user_nick":"팀장 꼬북","issue_his_cont":"ㅎㅇㅎㅇ","issue_title":"이슈 입니다","url":"/gaia/kkobuk/testproject/issue/113"}',to_date('2021-06-10 00:00:00','YYYY-MM-DD HH24:MI:SS'),to_date('2021-06-10 00:00:00','YYYY-MM-DD HH24:MI:SS'),'IC',null);
Insert into ALARM (ALARM_NO,MEM_NO,ALARM_CONT,ALARM_CREATE_DATE,ALARM_CHK_DATE,ALARM_TYPE,SENDER_NO) values (40,3,'{"proj_user_nick":"팀장 꼬북","issue_his_cont":"ㅋㅋㅋ","issue_title":"이슈 입니다","url":"/gaia/kkobuk/testproject/issue/113"}',to_date('2021-06-10 00:00:00','YYYY-MM-DD HH24:MI:SS'),to_date('2021-06-10 00:00:00','YYYY-MM-DD HH24:MI:SS'),'IC',null);
Insert into ALARM (ALARM_NO,MEM_NO,ALARM_CONT,ALARM_CREATE_DATE,ALARM_CHK_DATE,ALARM_TYPE,SENDER_NO) values (41,3,'{"proj_user_nick":"팀장 꼬북","issue_his_cont":"할룽~~","issue_title":"이슈 입니다","url":"/gaia/kkobuk/testproject/issue/113"}',to_date('2021-06-10 00:00:00','YYYY-MM-DD HH24:MI:SS'),to_date('2021-06-10 00:00:00','YYYY-MM-DD HH24:MI:SS'),'IC',null);
Insert into ALARM (ALARM_NO,MEM_NO,ALARM_CONT,ALARM_CREATE_DATE,ALARM_CHK_DATE,ALARM_TYPE,SENDER_NO) values (43,3,'{"proj_user_nick":"팀장 꼬북","issue_his_cont":"헬로 조쉬","issue_title":"이슈 입니다","url":"/gaia/kkobuk/testproject/issue/113"}',to_date('2021-06-10 00:00:00','YYYY-MM-DD HH24:MI:SS'),to_date('2021-06-10 00:00:00','YYYY-MM-DD HH24:MI:SS'),'IC',null);
Insert into ALARM (ALARM_NO,MEM_NO,ALARM_CONT,ALARM_CREATE_DATE,ALARM_CHK_DATE,ALARM_TYPE,SENDER_NO) values (44,3,'{"proj_user_nick":"팀장 꼬북","issue_his_cont":"ㅎㅇㅎㅇ","issue_title":"이슈 입니다","url":"/gaia/kkobuk/testproject/issue/113"}',to_date('2021-06-10 00:00:00','YYYY-MM-DD HH24:MI:SS'),to_date('2021-06-10 00:00:00','YYYY-MM-DD HH24:MI:SS'),'IC',null);
Insert into ALARM (ALARM_NO,MEM_NO,ALARM_CONT,ALARM_CREATE_DATE,ALARM_CHK_DATE,ALARM_TYPE,SENDER_NO) values (130,4,'{"proj_user_nick":"josh","issue_his_cont":"gg","issue_title":"안녕하세요","url":"/kkobuk/testproject/issue/11"}',to_date('2021-06-26 16:56:04','YYYY-MM-DD HH24:MI:SS'),to_date('2021-06-26 17:20:22','YYYY-MM-DD HH24:MI:SS'),'IC',3);
Insert into ALARM (ALARM_NO,MEM_NO,ALARM_CONT,ALARM_CREATE_DATE,ALARM_CHK_DATE,ALARM_TYPE,SENDER_NO) values (131,4,'{"proj_user_nick":"josh","issue_his_cont":"dd","issue_title":"안녕하세요","url":"/kkobuk/testproject/issue/11"}',to_date('2021-06-26 16:56:19','YYYY-MM-DD HH24:MI:SS'),to_date('2021-06-26 17:20:22','YYYY-MM-DD HH24:MI:SS'),'IC',3);
Insert into ALARM (ALARM_NO,MEM_NO,ALARM_CONT,ALARM_CREATE_DATE,ALARM_CHK_DATE,ALARM_TYPE,SENDER_NO) values (122,247,'{"proj_title":"testproject"}',to_date('2021-06-26 11:13:37','YYYY-MM-DD HH24:MI:SS'),null,'PJ',4);
Insert into ALARM (ALARM_NO,MEM_NO,ALARM_CONT,ALARM_CREATE_DATE,ALARM_CHK_DATE,ALARM_TYPE,SENDER_NO) values (132,4,'{"proj_user_nick":"박세현","issue_his_cont":"댓글을 작성합니다.","issue_title":"이슈","url":"/kkobuk/testproject/issue/12"}',to_date('2021-06-26 17:20:17','YYYY-MM-DD HH24:MI:SS'),to_date('2021-06-26 17:20:22','YYYY-MM-DD HH24:MI:SS'),'IC',4);
Insert into ALARM (ALARM_NO,MEM_NO,ALARM_CONT,ALARM_CREATE_DATE,ALARM_CHK_DATE,ALARM_TYPE,SENDER_NO) values (124,42,'{"proj_title":"testproject"}',to_date('2021-06-26 14:35:31','YYYY-MM-DD HH24:MI:SS'),null,'PJ',4);
Insert into ALARM (ALARM_NO,MEM_NO,ALARM_CONT,ALARM_CREATE_DATE,ALARM_CHK_DATE,ALARM_TYPE,SENDER_NO) values (133,4,'{"proj_title":"shms"}',to_date('2021-06-26 17:33:23','YYYY-MM-DD HH24:MI:SS'),to_date('2021-06-26 17:34:15','YYYY-MM-DD HH24:MI:SS'),'PJ',264);
Insert into ALARM (ALARM_NO,MEM_NO,ALARM_CONT,ALARM_CREATE_DATE,ALARM_CHK_DATE,ALARM_TYPE,SENDER_NO) values (125,42,'{"proj_title":"createProject"}',to_date('2021-06-26 15:17:23','YYYY-MM-DD HH24:MI:SS'),null,'PJ',3);
Insert into ALARM (ALARM_NO,MEM_NO,ALARM_CONT,ALARM_CREATE_DATE,ALARM_CHK_DATE,ALARM_TYPE,SENDER_NO) values (126,3,'{"proj_user_nick":"원정훈","issue_his_cont":"담당자, 마일스톤, 라벨, 중요도, 이슈 시작일, 마감일을 수정할 경우, 히스토리로 남습니다.\n이슈는 오픈 / 클로즈 할 수 있습니다.\n","issue_title":"마일스톤 칸반 등록할 이슈","url":"/gaia/josh/createProject/issue/1"}',to_date('2021-06-26 15:21:44','YYYY-MM-DD HH24:MI:SS'),to_date('2021-06-26 16:34:41','YYYY-MM-DD HH24:MI:SS'),'IC',3);
Insert into ALARM (ALARM_NO,MEM_NO,ALARM_CONT,ALARM_CREATE_DATE,ALARM_CHK_DATE,ALARM_TYPE,SENDER_NO) values (72,3,'{"proj_user_nick":"josh","issue_his_cont":"초급 프로젝트 중간 컨펌은 내일 오후에 진행합니다.","issue_title":"초급 프로젝트 중간 컨펌","url":"/kkobuk/ddit302/issue/5"}',to_date('2021-06-22 00:00:00','YYYY-MM-DD HH24:MI:SS'),to_date('2021-06-22 00:00:00','YYYY-MM-DD HH24:MI:SS'),'IC',3);
Insert into ALARM (ALARM_NO,MEM_NO,ALARM_CONT,ALARM_CREATE_DATE,ALARM_CHK_DATE,ALARM_TYPE,SENDER_NO) values (42,3,'{"proj_user_nick":"팀장 꼬북","issue_his_cont":"hi josh","issue_title":"이슈 입니다","url":"/gaia/kkobuk/testproject/issue/113"}',to_date('2021-06-10 00:00:00','YYYY-MM-DD HH24:MI:SS'),to_date('2021-06-10 00:00:00','YYYY-MM-DD HH24:MI:SS'),'IC',null);
Insert into ALARM (ALARM_NO,MEM_NO,ALARM_CONT,ALARM_CREATE_DATE,ALARM_CHK_DATE,ALARM_TYPE,SENDER_NO) values (47,3,'{"proj_user_nick":"팀장 꼬북","issue_his_cont":"abcd","issue_title":"이슈 입니다","url":"/gaia/kkobuk/testproject/issue/113"}',to_date('2021-06-10 00:00:00','YYYY-MM-DD HH24:MI:SS'),to_date('2021-06-10 00:00:00','YYYY-MM-DD HH24:MI:SS'),'IC',null);
Insert into ALARM (ALARM_NO,MEM_NO,ALARM_CONT,ALARM_CREATE_DATE,ALARM_CHK_DATE,ALARM_TYPE,SENDER_NO) values (48,3,'{"proj_user_nick":"팀장 꼬북","issue_his_cont":"abcde","issue_title":"이슈 입니다","url":"/gaia/kkobuk/testproject/issue/113"}',to_date('2021-06-10 00:00:00','YYYY-MM-DD HH24:MI:SS'),to_date('2021-06-10 00:00:00','YYYY-MM-DD HH24:MI:SS'),'IC',null);
Insert into ALARM (ALARM_NO,MEM_NO,ALARM_CONT,ALARM_CREATE_DATE,ALARM_CHK_DATE,ALARM_TYPE,SENDER_NO) values (73,3,'{"proj_user_nick":"테스터꼬부기","issue_his_cont":"ㅁ\\ㅇㅇ","issue_title":"이슈 등록 테스트","url":"/kkobuk/testproject/issue/7"}',to_date('2021-06-25 09:09:16','YYYY-MM-DD HH24:MI:SS'),to_date('2021-06-25 21:23:31','YYYY-MM-DD HH24:MI:SS'),'IC',4);
Insert into ALARM (ALARM_NO,MEM_NO,ALARM_CONT,ALARM_CREATE_DATE,ALARM_CHK_DATE,ALARM_TYPE,SENDER_NO) values (74,3,'{"proj_user_nick":"테스터꼬부기","issue_his_cont":"ㅁㄴㅇㄹ","issue_title":"이슈 등록 테스트","url":"/kkobuk/testproject/issue/7"}',to_date('2021-06-25 09:09:18','YYYY-MM-DD HH24:MI:SS'),to_date('2021-06-25 21:23:31','YYYY-MM-DD HH24:MI:SS'),'IC',4);
Insert into ALARM (ALARM_NO,MEM_NO,ALARM_CONT,ALARM_CREATE_DATE,ALARM_CHK_DATE,ALARM_TYPE,SENDER_NO) values (75,3,'{"proj_user_nick":"테스터꼬부기","issue_his_cont":"# ㅎㅎㅎ","issue_title":"이슈 등록 테스트","url":"/kkobuk/testproject/issue/7"}',to_date('2021-06-25 09:09:20','YYYY-MM-DD HH24:MI:SS'),to_date('2021-06-25 21:23:31','YYYY-MM-DD HH24:MI:SS'),'IC',4);
Insert into ALARM (ALARM_NO,MEM_NO,ALARM_CONT,ALARM_CREATE_DATE,ALARM_CHK_DATE,ALARM_TYPE,SENDER_NO) values (77,3,'{"proj_user_nick":"테스터꼬부기","issue_his_cont":"ㅁㄴㅇㄹㅁㄴㅇㄹ","issue_title":"이슈 등록 테스트","url":"/kkobuk/testproject/issue/7"}',to_date('2021-06-25 09:11:11','YYYY-MM-DD HH24:MI:SS'),to_date('2021-06-25 21:23:31','YYYY-MM-DD HH24:MI:SS'),'IC',4);
Insert into ALARM (ALARM_NO,MEM_NO,ALARM_CONT,ALARM_CREATE_DATE,ALARM_CHK_DATE,ALARM_TYPE,SENDER_NO) values (113,3,'{"proj_user_nick":"josh","issue_his_cont":"이슈에 댓글을 달아보곘습니다.","issue_title":"이슈를 등록합니다.","url":"/gaia/kkobuk/testproject/issue/9"}',to_date('2021-06-25 21:19:01','YYYY-MM-DD HH24:MI:SS'),to_date('2021-06-25 21:23:31','YYYY-MM-DD HH24:MI:SS'),'IC',3);
Insert into ALARM (ALARM_NO,MEM_NO,ALARM_CONT,ALARM_CREATE_DATE,ALARM_CHK_DATE,ALARM_TYPE,SENDER_NO) values (114,161,'{"proj_title":"recording"}',to_date('2021-06-25 21:20:47','YYYY-MM-DD HH24:MI:SS'),null,'PJ',161);
REM INSERTING into ATTACH_FILE
SET DEFINE OFF;
REM INSERTING into AUTH_CODE
SET DEFINE OFF;
REM INSERTING into CHAT_ROOM
SET DEFINE OFF;
Insert into CHAT_ROOM (CHATROOM_NO,CHATROOM_TITLE,CHATROOM_CREATE_DATE,CHATROOM_ALARM) values (21,null,to_date('2021-06-17 00:00:00','YYYY-MM-DD HH24:MI:SS'),null);
Insert into CHAT_ROOM (CHATROOM_NO,CHATROOM_TITLE,CHATROOM_CREATE_DATE,CHATROOM_ALARM) values (25,null,to_date('2021-06-17 00:00:00','YYYY-MM-DD HH24:MI:SS'),null);
Insert into CHAT_ROOM (CHATROOM_NO,CHATROOM_TITLE,CHATROOM_CREATE_DATE,CHATROOM_ALARM) values (30,null,to_date('2021-06-17 00:00:00','YYYY-MM-DD HH24:MI:SS'),null);
Insert into CHAT_ROOM (CHATROOM_NO,CHATROOM_TITLE,CHATROOM_CREATE_DATE,CHATROOM_ALARM) values (31,null,to_date('2021-06-17 00:00:00','YYYY-MM-DD HH24:MI:SS'),null);
Insert into CHAT_ROOM (CHATROOM_NO,CHATROOM_TITLE,CHATROOM_CREATE_DATE,CHATROOM_ALARM) values (32,null,to_date('2021-06-17 00:00:00','YYYY-MM-DD HH24:MI:SS'),null);
Insert into CHAT_ROOM (CHATROOM_NO,CHATROOM_TITLE,CHATROOM_CREATE_DATE,CHATROOM_ALARM) values (33,null,to_date('2021-06-17 00:00:00','YYYY-MM-DD HH24:MI:SS'),null);
Insert into CHAT_ROOM (CHATROOM_NO,CHATROOM_TITLE,CHATROOM_CREATE_DATE,CHATROOM_ALARM) values (61,null,to_date('2021-06-20 00:00:00','YYYY-MM-DD HH24:MI:SS'),null);
Insert into CHAT_ROOM (CHATROOM_NO,CHATROOM_TITLE,CHATROOM_CREATE_DATE,CHATROOM_ALARM) values (34,null,to_date('2021-06-18 00:00:00','YYYY-MM-DD HH24:MI:SS'),null);
Insert into CHAT_ROOM (CHATROOM_NO,CHATROOM_TITLE,CHATROOM_CREATE_DATE,CHATROOM_ALARM) values (35,null,to_date('2021-06-18 00:00:00','YYYY-MM-DD HH24:MI:SS'),null);
Insert into CHAT_ROOM (CHATROOM_NO,CHATROOM_TITLE,CHATROOM_CREATE_DATE,CHATROOM_ALARM) values (26,null,to_date('2021-06-17 00:00:00','YYYY-MM-DD HH24:MI:SS'),null);
Insert into CHAT_ROOM (CHATROOM_NO,CHATROOM_TITLE,CHATROOM_CREATE_DATE,CHATROOM_ALARM) values (28,null,to_date('2021-06-17 00:00:00','YYYY-MM-DD HH24:MI:SS'),null);
Insert into CHAT_ROOM (CHATROOM_NO,CHATROOM_TITLE,CHATROOM_CREATE_DATE,CHATROOM_ALARM) values (1,'TEST',to_date('2021-01-01 00:00:00','YYYY-MM-DD HH24:MI:SS'),null);
Insert into CHAT_ROOM (CHATROOM_NO,CHATROOM_TITLE,CHATROOM_CREATE_DATE,CHATROOM_ALARM) values (2,'TEST',to_date('2021-01-01 00:00:00','YYYY-MM-DD HH24:MI:SS'),null);
Insert into CHAT_ROOM (CHATROOM_NO,CHATROOM_TITLE,CHATROOM_CREATE_DATE,CHATROOM_ALARM) values (3,'1:1(1,3)',to_date('2021-06-14 00:00:00','YYYY-MM-DD HH24:MI:SS'),null);
Insert into CHAT_ROOM (CHATROOM_NO,CHATROOM_TITLE,CHATROOM_CREATE_DATE,CHATROOM_ALARM) values (22,null,to_date('2021-06-17 00:00:00','YYYY-MM-DD HH24:MI:SS'),null);
Insert into CHAT_ROOM (CHATROOM_NO,CHATROOM_TITLE,CHATROOM_CREATE_DATE,CHATROOM_ALARM) values (27,null,to_date('2021-06-17 00:00:00','YYYY-MM-DD HH24:MI:SS'),null);
Insert into CHAT_ROOM (CHATROOM_NO,CHATROOM_TITLE,CHATROOM_CREATE_DATE,CHATROOM_ALARM) values (41,null,to_date('2021-06-18 00:00:00','YYYY-MM-DD HH24:MI:SS'),null);
Insert into CHAT_ROOM (CHATROOM_NO,CHATROOM_TITLE,CHATROOM_CREATE_DATE,CHATROOM_ALARM) values (42,null,to_date('2021-06-18 00:00:00','YYYY-MM-DD HH24:MI:SS'),null);
Insert into CHAT_ROOM (CHATROOM_NO,CHATROOM_TITLE,CHATROOM_CREATE_DATE,CHATROOM_ALARM) values (43,null,to_date('2021-06-18 00:00:00','YYYY-MM-DD HH24:MI:SS'),null);
Insert into CHAT_ROOM (CHATROOM_NO,CHATROOM_TITLE,CHATROOM_CREATE_DATE,CHATROOM_ALARM) values (44,null,to_date('2021-06-19 00:00:00','YYYY-MM-DD HH24:MI:SS'),null);
Insert into CHAT_ROOM (CHATROOM_NO,CHATROOM_TITLE,CHATROOM_CREATE_DATE,CHATROOM_ALARM) values (81,null,to_date('2021-06-25 21:48:53','YYYY-MM-DD HH24:MI:SS'),null);
Insert into CHAT_ROOM (CHATROOM_NO,CHATROOM_TITLE,CHATROOM_CREATE_DATE,CHATROOM_ALARM) values (101,null,to_date('2021-06-26 16:10:12','YYYY-MM-DD HH24:MI:SS'),null);
Insert into CHAT_ROOM (CHATROOM_NO,CHATROOM_TITLE,CHATROOM_CREATE_DATE,CHATROOM_ALARM) values (102,null,to_date('2021-06-26 16:11:49','YYYY-MM-DD HH24:MI:SS'),null);
Insert into CHAT_ROOM (CHATROOM_NO,CHATROOM_TITLE,CHATROOM_CREATE_DATE,CHATROOM_ALARM) values (103,null,to_date('2021-06-26 16:12:29','YYYY-MM-DD HH24:MI:SS'),null);
Insert into CHAT_ROOM (CHATROOM_NO,CHATROOM_TITLE,CHATROOM_CREATE_DATE,CHATROOM_ALARM) values (104,null,to_date('2021-06-26 17:33:45','YYYY-MM-DD HH24:MI:SS'),null);
REM INSERTING into COM_CODE
SET DEFINE OFF;
Insert into COM_CODE (COM_CODE_GRP,COM_CODE,COM_CODE_NM,COM_CODE_DESC,USE_YN) values ('MS','VA','휴가','휴가중','Y');
Insert into COM_CODE (COM_CODE_GRP,COM_CODE,COM_CODE_NM,COM_CODE_DESC,USE_YN) values ('MS','SI','아픔','아픔','Y');
Insert into COM_CODE (COM_CODE_GRP,COM_CODE,COM_CODE_NM,COM_CODE_DESC,USE_YN) values ('MS','WH','재택 근무','재택 근무','Y');
Insert into COM_CODE (COM_CODE_GRP,COM_CODE,COM_CODE_NM,COM_CODE_DESC,USE_YN) values ('MS','FC','방해금지','방해금지','Y');
Insert into COM_CODE (COM_CODE_GRP,COM_CODE,COM_CODE_NM,COM_CODE_DESC,USE_YN) values ('MS','AB','부재중','부재중','Y');
Insert into COM_CODE (COM_CODE_GRP,COM_CODE,COM_CODE_NM,COM_CODE_DESC,USE_YN) values ('MS','OW','외근','외근','Y');
Insert into COM_CODE (COM_CODE_GRP,COM_CODE,COM_CODE_NM,COM_CODE_DESC,USE_YN) values ('MS','WF','가족과의 시간','가족과의 시간','Y');
Insert into COM_CODE (COM_CODE_GRP,COM_CODE,COM_CODE_NM,COM_CODE_DESC,USE_YN) values ('MS','RM','휴면회원','휴면회원','Y');
Insert into COM_CODE (COM_CODE_GRP,COM_CODE,COM_CODE_NM,COM_CODE_DESC,USE_YN) values ('MS','ON','활동중','활동중','Y');
Insert into COM_CODE (COM_CODE_GRP,COM_CODE,COM_CODE_NM,COM_CODE_DESC,USE_YN) values ('MS','OF','비활동중','비활동중','Y');
Insert into COM_CODE (COM_CODE_GRP,COM_CODE,COM_CODE_NM,COM_CODE_DESC,USE_YN) values ('PR','1','무시','무시','Y');
Insert into COM_CODE (COM_CODE_GRP,COM_CODE,COM_CODE_NM,COM_CODE_DESC,USE_YN) values ('PR','2','낮음','낮음','Y');
Insert into COM_CODE (COM_CODE_GRP,COM_CODE,COM_CODE_NM,COM_CODE_DESC,USE_YN) values ('PR','3','보통','보통','Y');
Insert into COM_CODE (COM_CODE_GRP,COM_CODE,COM_CODE_NM,COM_CODE_DESC,USE_YN) values ('PR','4','높음','높음','Y');
Insert into COM_CODE (COM_CODE_GRP,COM_CODE,COM_CODE_NM,COM_CODE_DESC,USE_YN) values ('PR','5','긴급','긴급','Y');
Insert into COM_CODE (COM_CODE_GRP,COM_CODE,COM_CODE_NM,COM_CODE_DESC,USE_YN) values ('PR','6','즉시','즉시','Y');
Insert into COM_CODE (COM_CODE_GRP,COM_CODE,COM_CODE_NM,COM_CODE_DESC,USE_YN) values ('AT','IC','이슈댓글','<span style="color:red">#{issue_title}</span> 이슈에 #{proj_user_nick}님이 댓글을 달았습니다 : #{issue_his_cont}','Y');
Insert into COM_CODE (COM_CODE_GRP,COM_CODE,COM_CODE_NM,COM_CODE_DESC,USE_YN) values ('AT','IA','이슈담당','#{issue_title} 이슈에 담당자로 지정되었습니다.','Y');
Insert into COM_CODE (COM_CODE_GRP,COM_CODE,COM_CODE_NM,COM_CODE_DESC,USE_YN) values ('AT','NR','뉴스댓글','#{news_title} 뉴스에 #{proj_user_nick} 님이 댓글을 달았습니다.','Y');
Insert into COM_CODE (COM_CODE_GRP,COM_CODE,COM_CODE_NM,COM_CODE_DESC,USE_YN) values ('IST','RE','이슈댓글','이슈에 댓글 다는 코드','Y');
Insert into COM_CODE (COM_CODE_GRP,COM_CODE,COM_CODE_NM,COM_CODE_DESC,USE_YN) values ('IST','ET','제목 수정','제목 수정','Y');
Insert into COM_CODE (COM_CODE_GRP,COM_CODE,COM_CODE_NM,COM_CODE_DESC,USE_YN) values ('IST','EL','라벨 수정','라벨 수정','Y');
Insert into COM_CODE (COM_CODE_GRP,COM_CODE,COM_CODE_NM,COM_CODE_DESC,USE_YN) values ('IST','EP','중요도 수정','중요도 수정','Y');
Insert into COM_CODE (COM_CODE_GRP,COM_CODE,COM_CODE_NM,COM_CODE_DESC,USE_YN) values ('IST','AA','담당자 추가','담당자 추가','Y');
Insert into COM_CODE (COM_CODE_GRP,COM_CODE,COM_CODE_NM,COM_CODE_DESC,USE_YN) values ('IST','EM','마일스톤수정','마일스톤수정','Y');
Insert into COM_CODE (COM_CODE_GRP,COM_CODE,COM_CODE_NM,COM_CODE_DESC,USE_YN) values ('IST','ES','시작일 수정','시작일 수정','Y');
Insert into COM_CODE (COM_CODE_GRP,COM_CODE,COM_CODE_NM,COM_CODE_DESC,USE_YN) values ('IST','EE','종료일 수정','종료일 수정','Y');
Insert into COM_CODE (COM_CODE_GRP,COM_CODE,COM_CODE_NM,COM_CODE_DESC,USE_YN) values ('IST','RL','라벨 삭제','라벨 삭제','Y');
Insert into COM_CODE (COM_CODE_GRP,COM_CODE,COM_CODE_NM,COM_CODE_DESC,USE_YN) values ('IST','RP','중요도 삭제','중요도 삭제','Y');
Insert into COM_CODE (COM_CODE_GRP,COM_CODE,COM_CODE_NM,COM_CODE_DESC,USE_YN) values ('IST','RA','담당자 삭제','담당자 삭제','Y');
Insert into COM_CODE (COM_CODE_GRP,COM_CODE,COM_CODE_NM,COM_CODE_DESC,USE_YN) values ('IST','RM','마일스톤 삭제','마일스톤 삭제','Y');
Insert into COM_CODE (COM_CODE_GRP,COM_CODE,COM_CODE_NM,COM_CODE_DESC,USE_YN) values ('IST','IO','이슈오픈','이슈오픈','Y');
Insert into COM_CODE (COM_CODE_GRP,COM_CODE,COM_CODE_NM,COM_CODE_DESC,USE_YN) values ('IST','IC','이슈클로즈','이슈클로즈','Y');
Insert into COM_CODE (COM_CODE_GRP,COM_CODE,COM_CODE_NM,COM_CODE_DESC,USE_YN) values ('AT','PJ','프로젝트가입','#{proj_title} 프로젝트에 가입되었습니다.','Y');
REM INSERTING into COM_CODE_GRP
SET DEFINE OFF;
Insert into COM_CODE_GRP (COM_CODE_GRP,COM_CODE_GRP_NM,CODE_GRP_DESC,USE_YN) values ('MS','회원 상태','회원의 온라인,오프라인, 휴가 상태등를 알려준다.','Y');
Insert into COM_CODE_GRP (COM_CODE_GRP,COM_CODE_GRP_NM,CODE_GRP_DESC,USE_YN) values ('PR','중요도','중요도를 알려준다. (프로젝트내 중요도 설정은  2진법으로 진행)','Y');
Insert into COM_CODE_GRP (COM_CODE_GRP,COM_CODE_GRP_NM,CODE_GRP_DESC,USE_YN) values ('MD','모듈','이슈, 간트차트, 뉴스, 위키등 프로젝트 내 모듈 사용을 구분 할 수 있다.','Y');
Insert into COM_CODE_GRP (COM_CODE_GRP,COM_CODE_GRP_NM,CODE_GRP_DESC,USE_YN) values ('AT','알림 유형','알림 유형을 구분 할 수 있다.','Y');
Insert into COM_CODE_GRP (COM_CODE_GRP,COM_CODE_GRP_NM,CODE_GRP_DESC,USE_YN) values ('RT','저장소 종류','GIT 과 SVN 저장소 종류를 구분 할 수 있다.','Y');
Insert into COM_CODE_GRP (COM_CODE_GRP,COM_CODE_GRP_NM,CODE_GRP_DESC,USE_YN) values ('FT','문의 유형','자주 묻는 질문에 대한 유형을 구분 할 수 있다.','Y');
Insert into COM_CODE_GRP (COM_CODE_GRP,COM_CODE_GRP_NM,CODE_GRP_DESC,USE_YN) values ('IST','이슈 히스토리 유형','이슈 제목 수정, 댓글 작성, 라벨 설정,  ','Y');
Insert into COM_CODE_GRP (COM_CODE_GRP,COM_CODE_GRP_NM,CODE_GRP_DESC,USE_YN) values ('BR','기본 역할','AA,BA,QA,DA','Y');
REM INSERTING into FAQ
SET DEFINE OFF;
REM INSERTING into FORBIDDEN_PROJ_TITLE
SET DEFINE OFF;
Insert into FORBIDDEN_PROJ_TITLE (FORBIDDEN_PROJ_TITLE,REASON) values ('overview',null);
Insert into FORBIDDEN_PROJ_TITLE (FORBIDDEN_PROJ_TITLE,REASON) values ('help',null);
Insert into FORBIDDEN_PROJ_TITLE (FORBIDDEN_PROJ_TITLE,REASON) values ('setting',null);
REM INSERTING into INQUIRY
SET DEFINE OFF;
Insert into INQUIRY (INQ_NO,MEM_NO,INQ_CONT,INQ_DATE,INQ_STATUS_YN,ATCH_FILE_SID) values (1,1,'문의내용1',to_date('2021-05-04 00:00:00','YYYY-MM-DD HH24:MI:SS'),'Y',null);
Insert into INQUIRY (INQ_NO,MEM_NO,INQ_CONT,INQ_DATE,INQ_STATUS_YN,ATCH_FILE_SID) values (2,1,'문의내용2',to_date('2021-05-03 00:00:00','YYYY-MM-DD HH24:MI:SS'),'N',null);
Insert into INQUIRY (INQ_NO,MEM_NO,INQ_CONT,INQ_DATE,INQ_STATUS_YN,ATCH_FILE_SID) values (3,1,'문의내용3',to_date('2021-05-05 00:00:00','YYYY-MM-DD HH24:MI:SS'),'Y',null);
Insert into INQUIRY (INQ_NO,MEM_NO,INQ_CONT,INQ_DATE,INQ_STATUS_YN,ATCH_FILE_SID) values (4,1,'문의내용4',to_date('2021-05-03 00:00:00','YYYY-MM-DD HH24:MI:SS'),'Y',null);
Insert into INQUIRY (INQ_NO,MEM_NO,INQ_CONT,INQ_DATE,INQ_STATUS_YN,ATCH_FILE_SID) values (5,1,'문의내용5',to_date('2021-05-03 00:00:00','YYYY-MM-DD HH24:MI:SS'),'Y',null);
Insert into INQUIRY (INQ_NO,MEM_NO,INQ_CONT,INQ_DATE,INQ_STATUS_YN,ATCH_FILE_SID) values (6,1,'문의내용6',to_date('2021-05-03 00:00:00','YYYY-MM-DD HH24:MI:SS'),'Y',null);
Insert into INQUIRY (INQ_NO,MEM_NO,INQ_CONT,INQ_DATE,INQ_STATUS_YN,ATCH_FILE_SID) values (7,1,'문의내용7',to_date('2021-05-03 00:00:00','YYYY-MM-DD HH24:MI:SS'),'Y',null);
Insert into INQUIRY (INQ_NO,MEM_NO,INQ_CONT,INQ_DATE,INQ_STATUS_YN,ATCH_FILE_SID) values (8,1,'문의내용8',to_date('2021-05-03 00:00:00','YYYY-MM-DD HH24:MI:SS'),'Y',null);
Insert into INQUIRY (INQ_NO,MEM_NO,INQ_CONT,INQ_DATE,INQ_STATUS_YN,ATCH_FILE_SID) values (9,1,'문의내용9',to_date('2021-05-03 00:00:00','YYYY-MM-DD HH24:MI:SS'),'Y',null);
Insert into INQUIRY (INQ_NO,MEM_NO,INQ_CONT,INQ_DATE,INQ_STATUS_YN,ATCH_FILE_SID) values (10,1,'문의내용10',to_date('2021-05-03 00:00:00','YYYY-MM-DD HH24:MI:SS'),'Y',null);
Insert into INQUIRY (INQ_NO,MEM_NO,INQ_CONT,INQ_DATE,INQ_STATUS_YN,ATCH_FILE_SID) values (11,1,'문의내용11',to_date('2021-05-03 00:00:00','YYYY-MM-DD HH24:MI:SS'),'Y',null);
Insert into INQUIRY (INQ_NO,MEM_NO,INQ_CONT,INQ_DATE,INQ_STATUS_YN,ATCH_FILE_SID) values (12,1,'문의내용12',to_date('2021-05-03 00:00:00','YYYY-MM-DD HH24:MI:SS'),'Y',null);
Insert into INQUIRY (INQ_NO,MEM_NO,INQ_CONT,INQ_DATE,INQ_STATUS_YN,ATCH_FILE_SID) values (13,1,'문의내용13',to_date('2021-05-03 00:00:00','YYYY-MM-DD HH24:MI:SS'),'Y',null);
Insert into INQUIRY (INQ_NO,MEM_NO,INQ_CONT,INQ_DATE,INQ_STATUS_YN,ATCH_FILE_SID) values (14,1,'문의내용14',to_date('2021-05-03 00:00:00','YYYY-MM-DD HH24:MI:SS'),'Y',null);
Insert into INQUIRY (INQ_NO,MEM_NO,INQ_CONT,INQ_DATE,INQ_STATUS_YN,ATCH_FILE_SID) values (15,1,'문의내용15',to_date('2021-05-03 00:00:00','YYYY-MM-DD HH24:MI:SS'),'Y',null);
Insert into INQUIRY (INQ_NO,MEM_NO,INQ_CONT,INQ_DATE,INQ_STATUS_YN,ATCH_FILE_SID) values (16,1,'문의내용16',to_date('2021-05-03 00:00:00','YYYY-MM-DD HH24:MI:SS'),'Y',null);
Insert into INQUIRY (INQ_NO,MEM_NO,INQ_CONT,INQ_DATE,INQ_STATUS_YN,ATCH_FILE_SID) values (17,1,'문의내용17',to_date('2021-05-03 00:00:00','YYYY-MM-DD HH24:MI:SS'),'Y',null);
REM INSERTING into INQUIRY_COMMENT
SET DEFINE OFF;
Insert into INQUIRY_COMMENT (INQ_COM_NO,INQ_NO,PROV_ID,INQ_COM_CONT,INQ_COM_DATE,ATCH_FILE_SID) values (62,3,'admin1',' final testing toaster nospace123',to_date('2021-06-19 00:00:00','YYYY-MM-DD HH24:MI:SS'),null);
Insert into INQUIRY_COMMENT (INQ_COM_NO,INQ_NO,PROV_ID,INQ_COM_CONT,INQ_COM_DATE,ATCH_FILE_SID) values (64,3,'admin1','  final testing toaster nospace12345',to_date('2021-06-19 00:00:00','YYYY-MM-DD HH24:MI:SS'),null);
Insert into INQUIRY_COMMENT (INQ_COM_NO,INQ_NO,PROV_ID,INQ_COM_CONT,INQ_COM_DATE,ATCH_FILE_SID) values (61,3,'admin1',' final testing toaster nospace123',to_date('2021-06-19 00:00:00','YYYY-MM-DD HH24:MI:SS'),null);
Insert into INQUIRY_COMMENT (INQ_COM_NO,INQ_NO,PROV_ID,INQ_COM_CONT,INQ_COM_DATE,ATCH_FILE_SID) values (63,3,'admin1','  final testing toaster nospace12345',to_date('2021-06-19 00:00:00','YYYY-MM-DD HH24:MI:SS'),null);
Insert into INQUIRY_COMMENT (INQ_COM_NO,INQ_NO,PROV_ID,INQ_COM_CONT,INQ_COM_DATE,ATCH_FILE_SID) values (1,1,'admin1','문의 답변 내용 1',to_date('2021-05-03 00:00:00','YYYY-MM-DD HH24:MI:SS'),null);
Insert into INQUIRY_COMMENT (INQ_COM_NO,INQ_NO,PROV_ID,INQ_COM_CONT,INQ_COM_DATE,ATCH_FILE_SID) values (4,4,'admin1','문의 답변 내용 4',to_date('2021-05-03 00:00:00','YYYY-MM-DD HH24:MI:SS'),null);
Insert into INQUIRY_COMMENT (INQ_COM_NO,INQ_NO,PROV_ID,INQ_COM_CONT,INQ_COM_DATE,ATCH_FILE_SID) values (5,5,'admin1','문의 답변 내용 5',to_date('2021-05-03 00:00:00','YYYY-MM-DD HH24:MI:SS'),null);
Insert into INQUIRY_COMMENT (INQ_COM_NO,INQ_NO,PROV_ID,INQ_COM_CONT,INQ_COM_DATE,ATCH_FILE_SID) values (6,6,'admin1','문의 답변 내용 6',to_date('2021-05-03 00:00:00','YYYY-MM-DD HH24:MI:SS'),null);
Insert into INQUIRY_COMMENT (INQ_COM_NO,INQ_NO,PROV_ID,INQ_COM_CONT,INQ_COM_DATE,ATCH_FILE_SID) values (7,7,'admin1','문의 답변 내용 7',to_date('2021-05-03 00:00:00','YYYY-MM-DD HH24:MI:SS'),null);
Insert into INQUIRY_COMMENT (INQ_COM_NO,INQ_NO,PROV_ID,INQ_COM_CONT,INQ_COM_DATE,ATCH_FILE_SID) values (8,8,'admin1','문의 답변 내용 8',to_date('2021-05-03 00:00:00','YYYY-MM-DD HH24:MI:SS'),null);
Insert into INQUIRY_COMMENT (INQ_COM_NO,INQ_NO,PROV_ID,INQ_COM_CONT,INQ_COM_DATE,ATCH_FILE_SID) values (9,9,'admin1','문의 답변 내용 9',to_date('2021-05-03 00:00:00','YYYY-MM-DD HH24:MI:SS'),null);
Insert into INQUIRY_COMMENT (INQ_COM_NO,INQ_NO,PROV_ID,INQ_COM_CONT,INQ_COM_DATE,ATCH_FILE_SID) values (10,10,'admin1','문의 답변 내용 10',to_date('2021-05-03 00:00:00','YYYY-MM-DD HH24:MI:SS'),null);
Insert into INQUIRY_COMMENT (INQ_COM_NO,INQ_NO,PROV_ID,INQ_COM_CONT,INQ_COM_DATE,ATCH_FILE_SID) values (11,11,'admin1','문의 답변 내용 11',to_date('2021-05-03 00:00:00','YYYY-MM-DD HH24:MI:SS'),null);
Insert into INQUIRY_COMMENT (INQ_COM_NO,INQ_NO,PROV_ID,INQ_COM_CONT,INQ_COM_DATE,ATCH_FILE_SID) values (12,12,'admin1','문의 답변 내용 12',to_date('2021-05-03 00:00:00','YYYY-MM-DD HH24:MI:SS'),null);
Insert into INQUIRY_COMMENT (INQ_COM_NO,INQ_NO,PROV_ID,INQ_COM_CONT,INQ_COM_DATE,ATCH_FILE_SID) values (13,13,'admin1','문의 답변 내용 13',to_date('2021-05-03 00:00:00','YYYY-MM-DD HH24:MI:SS'),null);
Insert into INQUIRY_COMMENT (INQ_COM_NO,INQ_NO,PROV_ID,INQ_COM_CONT,INQ_COM_DATE,ATCH_FILE_SID) values (14,14,'admin1','문의 답변 내용 14',to_date('2021-05-03 00:00:00','YYYY-MM-DD HH24:MI:SS'),null);
Insert into INQUIRY_COMMENT (INQ_COM_NO,INQ_NO,PROV_ID,INQ_COM_CONT,INQ_COM_DATE,ATCH_FILE_SID) values (15,15,'admin1','문의 답변 내용 15',to_date('2021-05-03 00:00:00','YYYY-MM-DD HH24:MI:SS'),null);
Insert into INQUIRY_COMMENT (INQ_COM_NO,INQ_NO,PROV_ID,INQ_COM_CONT,INQ_COM_DATE,ATCH_FILE_SID) values (16,16,'admin1','문의 답변 내용 16',to_date('2021-05-03 00:00:00','YYYY-MM-DD HH24:MI:SS'),null);
Insert into INQUIRY_COMMENT (INQ_COM_NO,INQ_NO,PROV_ID,INQ_COM_CONT,INQ_COM_DATE,ATCH_FILE_SID) values (17,17,'admin1','문의 답변 내용 17',to_date('2021-05-03 00:00:00','YYYY-MM-DD HH24:MI:SS'),null);
Insert into INQUIRY_COMMENT (INQ_COM_NO,INQ_NO,PROV_ID,INQ_COM_CONT,INQ_COM_DATE,ATCH_FILE_SID) values (48,3,'admin1','final testing toaster',to_date('2021-06-14 00:00:00','YYYY-MM-DD HH24:MI:SS'),null);
Insert into INQUIRY_COMMENT (INQ_COM_NO,INQ_NO,PROV_ID,INQ_COM_CONT,INQ_COM_DATE,ATCH_FILE_SID) values (49,3,'admin1','final testing toaster nospace',to_date('2021-06-14 00:00:00','YYYY-MM-DD HH24:MI:SS'),null);
REM INSERTING into ISSUE
SET DEFINE OFF;
Insert into ISSUE (ISSUE_SID,ISSUE_NO,MEM_NO,LABEL_NO,MILEST_SID,PROJ_NO,ISSUE_TITLE,ISSUE_CREATE_DATE,ISSUE_START_DATE,ISSUE_END_DATE,ISSUE_STATUS,ISSUE_PRIORITY,PROGRESS) values (22,19,4,null,null,1,'클래스 정의서',to_date('2021-05-05 00:00:00','YYYY-MM-DD HH24:MI:SS'),to_date('2021-05-05 12:32:53','YYYY-MM-DD HH24:MI:SS'),to_date('2021-05-11 13:43:43','YYYY-MM-DD HH24:MI:SS'),'1',3,0);
Insert into ISSUE (ISSUE_SID,ISSUE_NO,MEM_NO,LABEL_NO,MILEST_SID,PROJ_NO,ISSUE_TITLE,ISSUE_CREATE_DATE,ISSUE_START_DATE,ISSUE_END_DATE,ISSUE_STATUS,ISSUE_PRIORITY,PROGRESS) values (23,20,4,null,null,1,'wiki 열람 기능 구현',to_date('2021-05-27 08:25:58','YYYY-MM-DD HH24:MI:SS'),to_date('2021-05-27 09:06:06','YYYY-MM-DD HH24:MI:SS'),to_date('2021-06-01 16:17:09','YYYY-MM-DD HH24:MI:SS'),'1',3,0);
Insert into ISSUE (ISSUE_SID,ISSUE_NO,MEM_NO,LABEL_NO,MILEST_SID,PROJ_NO,ISSUE_TITLE,ISSUE_CREATE_DATE,ISSUE_START_DATE,ISSUE_END_DATE,ISSUE_STATUS,ISSUE_PRIORITY,PROGRESS) values (24,21,4,null,null,1,'수행계획서',to_date('2021-05-05 00:00:00','YYYY-MM-DD HH24:MI:SS'),to_date('2021-05-05 12:34:11','YYYY-MM-DD HH24:MI:SS'),to_date('2021-05-11 19:43:43','YYYY-MM-DD HH24:MI:SS'),'1',3,0);
Insert into ISSUE (ISSUE_SID,ISSUE_NO,MEM_NO,LABEL_NO,MILEST_SID,PROJ_NO,ISSUE_TITLE,ISSUE_CREATE_DATE,ISSUE_START_DATE,ISSUE_END_DATE,ISSUE_STATUS,ISSUE_PRIORITY,PROGRESS) values (129,1,4,41,null,104,'요구사항정의서-관리자',to_date('2021-05-11 00:00:00','YYYY-MM-DD HH24:MI:SS'),to_date('2021-05-12 15:15:15','YYYY-MM-DD HH24:MI:SS'),to_date('2021-05-15 17:06:34','YYYY-MM-DD HH24:MI:SS'),'1',1,0);
Insert into ISSUE (ISSUE_SID,ISSUE_NO,MEM_NO,LABEL_NO,MILEST_SID,PROJ_NO,ISSUE_TITLE,ISSUE_CREATE_DATE,ISSUE_START_DATE,ISSUE_END_DATE,ISSUE_STATUS,ISSUE_PRIORITY,PROGRESS) values (130,2,4,41,null,104,'요구사항정의서-배포자',to_date('2021-05-11 00:00:00','YYYY-MM-DD HH24:MI:SS'),to_date('2021-05-12 15:15:15','YYYY-MM-DD HH24:MI:SS'),to_date('2021-05-15 17:06:34','YYYY-MM-DD HH24:MI:SS'),'0',3,0);
Insert into ISSUE (ISSUE_SID,ISSUE_NO,MEM_NO,LABEL_NO,MILEST_SID,PROJ_NO,ISSUE_TITLE,ISSUE_CREATE_DATE,ISSUE_START_DATE,ISSUE_END_DATE,ISSUE_STATUS,ISSUE_PRIORITY,PROGRESS) values (131,1,4,null,null,121,'주차별 가이드라인 제시',to_date('2021-05-03 00:00:00','YYYY-MM-DD HH24:MI:SS'),to_date('2021-05-03 21:22:01','YYYY-MM-DD HH24:MI:SS'),to_date('2021-05-03 08:22:01','YYYY-MM-DD HH24:MI:SS'),'0',null,0);
Insert into ISSUE (ISSUE_SID,ISSUE_NO,MEM_NO,LABEL_NO,MILEST_SID,PROJ_NO,ISSUE_TITLE,ISSUE_CREATE_DATE,ISSUE_START_DATE,ISSUE_END_DATE,ISSUE_STATUS,ISSUE_PRIORITY,PROGRESS) values (139,7,3,null,18,103,'중간 프로젝트 산출물 작업',to_date('2021-02-05 00:00:00','YYYY-MM-DD HH24:MI:SS'),to_date('2020-02-05 00:00:00','YYYY-MM-DD HH24:MI:SS'),to_date('2020-02-10 00:00:00','YYYY-MM-DD HH24:MI:SS'),'0',null,0);
Insert into ISSUE (ISSUE_SID,ISSUE_NO,MEM_NO,LABEL_NO,MILEST_SID,PROJ_NO,ISSUE_TITLE,ISSUE_CREATE_DATE,ISSUE_START_DATE,ISSUE_END_DATE,ISSUE_STATUS,ISSUE_PRIORITY,PROGRESS) values (140,8,3,null,18,103,'중간 프로젝트 DB table 설계',to_date('2021-02-05 00:00:00','YYYY-MM-DD HH24:MI:SS'),to_date('2020-02-05 00:00:00','YYYY-MM-DD HH24:MI:SS'),to_date('2020-02-10 00:00:00','YYYY-MM-DD HH24:MI:SS'),'0',null,0);
Insert into ISSUE (ISSUE_SID,ISSUE_NO,MEM_NO,LABEL_NO,MILEST_SID,PROJ_NO,ISSUE_TITLE,ISSUE_CREATE_DATE,ISSUE_START_DATE,ISSUE_END_DATE,ISSUE_STATUS,ISSUE_PRIORITY,PROGRESS) values (142,5,4,41,20,104,'시작일',to_date('2021-06-22 00:00:00','YYYY-MM-DD HH24:MI:SS'),to_date('2021-06-06 00:00:00','YYYY-MM-DD HH24:MI:SS'),to_date('2021-06-08 00:00:00','YYYY-MM-DD HH24:MI:SS'),'1',null,0);
Insert into ISSUE (ISSUE_SID,ISSUE_NO,MEM_NO,LABEL_NO,MILEST_SID,PROJ_NO,ISSUE_TITLE,ISSUE_CREATE_DATE,ISSUE_START_DATE,ISSUE_END_DATE,ISSUE_STATUS,ISSUE_PRIORITY,PROGRESS) values (153,132,3,44,16,1,'news 관리 / 열람 기능 구현 ( feed 형식)',to_date('2021-06-17 00:00:00','YYYY-MM-DD HH24:MI:SS'),to_date('2021-06-17 00:00:00','YYYY-MM-DD HH24:MI:SS'),to_date('2021-06-19 00:00:00','YYYY-MM-DD HH24:MI:SS'),'1',2,0);
Insert into ISSUE (ISSUE_SID,ISSUE_NO,MEM_NO,LABEL_NO,MILEST_SID,PROJ_NO,ISSUE_TITLE,ISSUE_CREATE_DATE,ISSUE_START_DATE,ISSUE_END_DATE,ISSUE_STATUS,ISSUE_PRIORITY,PROGRESS) values (167,146,1,7,16,1,'kanban board 카드 추가 기능 개선',to_date('2021-06-08 00:00:00','YYYY-MM-DD HH24:MI:SS'),to_date('2021-06-09 00:00:00','YYYY-MM-DD HH24:MI:SS'),to_date('2021-06-12 00:00:00','YYYY-MM-DD HH24:MI:SS'),'1',2,0);
Insert into ISSUE (ISSUE_SID,ISSUE_NO,MEM_NO,LABEL_NO,MILEST_SID,PROJ_NO,ISSUE_TITLE,ISSUE_CREATE_DATE,ISSUE_START_DATE,ISSUE_END_DATE,ISSUE_STATUS,ISSUE_PRIORITY,PROGRESS) values (168,147,3,null,16,1,'칸반에 새로운 컬럼 추가 구현',to_date('2021-06-08 00:00:00','YYYY-MM-DD HH24:MI:SS'),to_date('2021-06-09 00:00:00','YYYY-MM-DD HH24:MI:SS'),to_date('2021-06-12 00:00:00','YYYY-MM-DD HH24:MI:SS'),'1',0,0);
Insert into ISSUE (ISSUE_SID,ISSUE_NO,MEM_NO,LABEL_NO,MILEST_SID,PROJ_NO,ISSUE_TITLE,ISSUE_CREATE_DATE,ISSUE_START_DATE,ISSUE_END_DATE,ISSUE_STATUS,ISSUE_PRIORITY,PROGRESS) values (169,148,3,null,14,1,'칸반 completed 까지 이동시 issue 상태 closed 되도록 기능 개선',to_date('2021-06-08 00:00:00','YYYY-MM-DD HH24:MI:SS'),to_date('2021-06-09 00:00:00','YYYY-MM-DD HH24:MI:SS'),to_date('2021-06-12 00:00:00','YYYY-MM-DD HH24:MI:SS'),'1',0,0);
Insert into ISSUE (ISSUE_SID,ISSUE_NO,MEM_NO,LABEL_NO,MILEST_SID,PROJ_NO,ISSUE_TITLE,ISSUE_CREATE_DATE,ISSUE_START_DATE,ISSUE_END_DATE,ISSUE_STATUS,ISSUE_PRIORITY,PROGRESS) values (170,149,3,null,15,1,'데모 프로젝트 넣기',to_date('2021-06-23 00:00:00','YYYY-MM-DD HH24:MI:SS'),to_date('2021-06-23 00:00:00','YYYY-MM-DD HH24:MI:SS'),to_date('2021-06-24 00:00:00','YYYY-MM-DD HH24:MI:SS'),'1',2,0);
Insert into ISSUE (ISSUE_SID,ISSUE_NO,MEM_NO,LABEL_NO,MILEST_SID,PROJ_NO,ISSUE_TITLE,ISSUE_CREATE_DATE,ISSUE_START_DATE,ISSUE_END_DATE,ISSUE_STATUS,ISSUE_PRIORITY,PROGRESS) values (171,150,3,null,15,1,'학우들 및 선생님들 멤버 가입 시키기 ',to_date('2021-06-23 00:00:00','YYYY-MM-DD HH24:MI:SS'),to_date('2021-06-23 00:00:00','YYYY-MM-DD HH24:MI:SS'),to_date('2021-06-24 00:00:00','YYYY-MM-DD HH24:MI:SS'),'1',1,0);
Insert into ISSUE (ISSUE_SID,ISSUE_NO,MEM_NO,LABEL_NO,MILEST_SID,PROJ_NO,ISSUE_TITLE,ISSUE_CREATE_DATE,ISSUE_START_DATE,ISSUE_END_DATE,ISSUE_STATUS,ISSUE_PRIORITY,PROGRESS) values (173,152,3,null,15,1,'멤버별 프로필 사진 매핑시켜 저장 해두기 ',to_date('2021-06-23 00:00:00','YYYY-MM-DD HH24:MI:SS'),to_date('2021-06-23 00:00:00','YYYY-MM-DD HH24:MI:SS'),to_date('2021-06-24 00:00:00','YYYY-MM-DD HH24:MI:SS'),'1',2,0);
Insert into ISSUE (ISSUE_SID,ISSUE_NO,MEM_NO,LABEL_NO,MILEST_SID,PROJ_NO,ISSUE_TITLE,ISSUE_CREATE_DATE,ISSUE_START_DATE,ISSUE_END_DATE,ISSUE_STATUS,ISSUE_PRIORITY,PROGRESS) values (174,153,3,null,15,1,'장비점검',to_date('2021-06-23 00:00:00','YYYY-MM-DD HH24:MI:SS'),to_date('2021-06-23 00:00:00','YYYY-MM-DD HH24:MI:SS'),to_date('2021-06-24 00:00:00','YYYY-MM-DD HH24:MI:SS'),'1',2,0);
Insert into ISSUE (ISSUE_SID,ISSUE_NO,MEM_NO,LABEL_NO,MILEST_SID,PROJ_NO,ISSUE_TITLE,ISSUE_CREATE_DATE,ISSUE_START_DATE,ISSUE_END_DATE,ISSUE_STATUS,ISSUE_PRIORITY,PROGRESS) values (175,154,3,null,15,1,'테스트 케이스 작성',to_date('2021-06-08 00:00:00','YYYY-MM-DD HH24:MI:SS'),to_date('2021-06-08 00:00:00','YYYY-MM-DD HH24:MI:SS'),to_date('2021-06-11 00:00:00','YYYY-MM-DD HH24:MI:SS'),'1',3,0);
Insert into ISSUE (ISSUE_SID,ISSUE_NO,MEM_NO,LABEL_NO,MILEST_SID,PROJ_NO,ISSUE_TITLE,ISSUE_CREATE_DATE,ISSUE_START_DATE,ISSUE_END_DATE,ISSUE_STATUS,ISSUE_PRIORITY,PROGRESS) values (176,155,3,null,14,1,'news 사진 업로드 / css 개선',to_date('2021-06-08 00:00:00','YYYY-MM-DD HH24:MI:SS'),to_date('2021-06-14 00:00:00','YYYY-MM-DD HH24:MI:SS'),to_date('2021-06-17 00:00:00','YYYY-MM-DD HH24:MI:SS'),'1',2,0);
Insert into ISSUE (ISSUE_SID,ISSUE_NO,MEM_NO,LABEL_NO,MILEST_SID,PROJ_NO,ISSUE_TITLE,ISSUE_CREATE_DATE,ISSUE_START_DATE,ISSUE_END_DATE,ISSUE_STATUS,ISSUE_PRIORITY,PROGRESS) values (195,174,4,44,null,1,'메인페이지 controller-view',to_date('2021-05-18 00:00:00','YYYY-MM-DD HH24:MI:SS'),to_date('2021-05-18 11:08:40','YYYY-MM-DD HH24:MI:SS'),to_date('2021-05-20 10:49:21','YYYY-MM-DD HH24:MI:SS'),'0',3,0);
Insert into ISSUE (ISSUE_SID,ISSUE_NO,MEM_NO,LABEL_NO,MILEST_SID,PROJ_NO,ISSUE_TITLE,ISSUE_CREATE_DATE,ISSUE_START_DATE,ISSUE_END_DATE,ISSUE_STATUS,ISSUE_PRIORITY,PROGRESS) values (64,61,4,null,null,1,'member 페이지 controller-view',to_date('2021-05-18 00:00:00','YYYY-MM-DD HH24:MI:SS'),to_date('2021-05-18 11:08:40','YYYY-MM-DD HH24:MI:SS'),to_date('2021-05-20 10:49:21','YYYY-MM-DD HH24:MI:SS'),'1',3,0);
Insert into ISSUE (ISSUE_SID,ISSUE_NO,MEM_NO,LABEL_NO,MILEST_SID,PROJ_NO,ISSUE_TITLE,ISSUE_CREATE_DATE,ISSUE_START_DATE,ISSUE_END_DATE,ISSUE_STATUS,ISSUE_PRIORITY,PROGRESS) values (84,81,4,null,null,1,'project 페이지 controller-view',to_date('2021-05-18 00:00:00','YYYY-MM-DD HH24:MI:SS'),to_date('2021-05-18 11:08:40','YYYY-MM-DD HH24:MI:SS'),to_date('2021-05-20 10:49:21','YYYY-MM-DD HH24:MI:SS'),'1',3,0);
Insert into ISSUE (ISSUE_SID,ISSUE_NO,MEM_NO,LABEL_NO,MILEST_SID,PROJ_NO,ISSUE_TITLE,ISSUE_CREATE_DATE,ISSUE_START_DATE,ISSUE_END_DATE,ISSUE_STATUS,ISSUE_PRIORITY,PROGRESS) values (100,97,4,null,null,1,'adimin 페이지 controller-view',to_date('2021-05-18 00:00:00','YYYY-MM-DD HH24:MI:SS'),to_date('2021-05-18 11:08:40','YYYY-MM-DD HH24:MI:SS'),to_date('2021-05-20 10:49:21','YYYY-MM-DD HH24:MI:SS'),'1',3,0);
Insert into ISSUE (ISSUE_SID,ISSUE_NO,MEM_NO,LABEL_NO,MILEST_SID,PROJ_NO,ISSUE_TITLE,ISSUE_CREATE_DATE,ISSUE_START_DATE,ISSUE_END_DATE,ISSUE_STATUS,ISSUE_PRIORITY,PROGRESS) values (104,101,4,null,null,1,'이슈 목록 조회 구현',to_date('2021-05-20 00:00:00','YYYY-MM-DD HH24:MI:SS'),to_date('2021-05-20 16:22:00','YYYY-MM-DD HH24:MI:SS'),to_date('2021-05-23 16:22:00','YYYY-MM-DD HH24:MI:SS'),'1',3,0);
Insert into ISSUE (ISSUE_SID,ISSUE_NO,MEM_NO,LABEL_NO,MILEST_SID,PROJ_NO,ISSUE_TITLE,ISSUE_CREATE_DATE,ISSUE_START_DATE,ISSUE_END_DATE,ISSUE_STATUS,ISSUE_PRIORITY,PROGRESS) values (105,102,4,null,null,1,'등록된 이슈들 목록 조회 구현',to_date('2021-05-20 00:00:00','YYYY-MM-DD HH24:MI:SS'),to_date('2021-05-20 16:22:00','YYYY-MM-DD HH24:MI:SS'),to_date('2021-05-23 16:22:00','YYYY-MM-DD HH24:MI:SS'),'1',3,0);
Insert into ISSUE (ISSUE_SID,ISSUE_NO,MEM_NO,LABEL_NO,MILEST_SID,PROJ_NO,ISSUE_TITLE,ISSUE_CREATE_DATE,ISSUE_START_DATE,ISSUE_END_DATE,ISSUE_STATUS,ISSUE_PRIORITY,PROGRESS) values (106,103,4,null,null,1,'등록된 이슈 중요도순 필터링 구현',to_date('2021-05-20 00:00:00','YYYY-MM-DD HH24:MI:SS'),to_date('2021-05-20 16:22:00','YYYY-MM-DD HH24:MI:SS'),to_date('2021-05-23 16:22:00','YYYY-MM-DD HH24:MI:SS'),'1',3,0);
Insert into ISSUE (ISSUE_SID,ISSUE_NO,MEM_NO,LABEL_NO,MILEST_SID,PROJ_NO,ISSUE_TITLE,ISSUE_CREATE_DATE,ISSUE_START_DATE,ISSUE_END_DATE,ISSUE_STATUS,ISSUE_PRIORITY,PROGRESS) values (107,104,4,null,null,1,'등록된 이슈 담당자별 필터링 구현',to_date('2021-05-20 00:00:00','YYYY-MM-DD HH24:MI:SS'),to_date('2021-05-20 16:22:00','YYYY-MM-DD HH24:MI:SS'),to_date('2021-05-23 16:22:00','YYYY-MM-DD HH24:MI:SS'),'1',3,0);
Insert into ISSUE (ISSUE_SID,ISSUE_NO,MEM_NO,LABEL_NO,MILEST_SID,PROJ_NO,ISSUE_TITLE,ISSUE_CREATE_DATE,ISSUE_START_DATE,ISSUE_END_DATE,ISSUE_STATUS,ISSUE_PRIORITY,PROGRESS) values (112,109,4,null,null,1,'개별 이슈 열람 페이지 구현',to_date('2021-05-20 00:00:00','YYYY-MM-DD HH24:MI:SS'),to_date('2021-05-20 16:22:00','YYYY-MM-DD HH24:MI:SS'),to_date('2021-05-23 16:22:00','YYYY-MM-DD HH24:MI:SS'),'1',3,0);
Insert into ISSUE (ISSUE_SID,ISSUE_NO,MEM_NO,LABEL_NO,MILEST_SID,PROJ_NO,ISSUE_TITLE,ISSUE_CREATE_DATE,ISSUE_START_DATE,ISSUE_END_DATE,ISSUE_STATUS,ISSUE_PRIORITY,PROGRESS) values (114,111,4,null,null,1,'이슈 열람 완료 체크 버튼 및 열람자격',to_date('2021-05-20 00:00:00','YYYY-MM-DD HH24:MI:SS'),to_date('2021-05-20 16:22:00','YYYY-MM-DD HH24:MI:SS'),to_date('2021-05-23 16:22:00','YYYY-MM-DD HH24:MI:SS'),'1',1,0);
Insert into ISSUE (ISSUE_SID,ISSUE_NO,MEM_NO,LABEL_NO,MILEST_SID,PROJ_NO,ISSUE_TITLE,ISSUE_CREATE_DATE,ISSUE_START_DATE,ISSUE_END_DATE,ISSUE_STATUS,ISSUE_PRIORITY,PROGRESS) values (116,113,3,null,null,1,'관리자로 접속했을때만 이슈 삭제 버튼',to_date('2021-05-20 00:00:00','YYYY-MM-DD HH24:MI:SS'),to_date('2021-05-20 16:22:00','YYYY-MM-DD HH24:MI:SS'),to_date('2021-05-23 16:22:00','YYYY-MM-DD HH24:MI:SS'),'1',3,0);
Insert into ISSUE (ISSUE_SID,ISSUE_NO,MEM_NO,LABEL_NO,MILEST_SID,PROJ_NO,ISSUE_TITLE,ISSUE_CREATE_DATE,ISSUE_START_DATE,ISSUE_END_DATE,ISSUE_STATUS,ISSUE_PRIORITY,PROGRESS) values (123,119,4,7,null,1,'이슈 제목 & 내용 수정 기능 구현',to_date('2021-05-20 00:00:00','YYYY-MM-DD HH24:MI:SS'),to_date('2021-05-20 16:22:00','YYYY-MM-DD HH24:MI:SS'),to_date('2021-05-23 16:22:00','YYYY-MM-DD HH24:MI:SS'),'1',0,0);
Insert into ISSUE (ISSUE_SID,ISSUE_NO,MEM_NO,LABEL_NO,MILEST_SID,PROJ_NO,ISSUE_TITLE,ISSUE_CREATE_DATE,ISSUE_START_DATE,ISSUE_END_DATE,ISSUE_STATUS,ISSUE_PRIORITY,PROGRESS) values (124,1,4,null,null,25,'인스턴트 메신저 기능 구현',to_date('2021-05-20 00:00:00','YYYY-MM-DD HH24:MI:SS'),to_date('2021-05-20 07:43:00','YYYY-MM-DD HH24:MI:SS'),to_date('2021-05-25 17:18:00','YYYY-MM-DD HH24:MI:SS'),'0',null,0);
Insert into ISSUE (ISSUE_SID,ISSUE_NO,MEM_NO,LABEL_NO,MILEST_SID,PROJ_NO,ISSUE_TITLE,ISSUE_CREATE_DATE,ISSUE_START_DATE,ISSUE_END_DATE,ISSUE_STATUS,ISSUE_PRIORITY,PROGRESS) values (126,121,4,null,14,1,'뉴스에 사진 업로드 지원',to_date('2021-06-21 00:00:00','YYYY-MM-DD HH24:MI:SS'),to_date('2021-06-21 00:00:00','YYYY-MM-DD HH24:MI:SS'),to_date('2021-06-21 00:00:00','YYYY-MM-DD HH24:MI:SS'),'1',1,0);
Insert into ISSUE (ISSUE_SID,ISSUE_NO,MEM_NO,LABEL_NO,MILEST_SID,PROJ_NO,ISSUE_TITLE,ISSUE_CREATE_DATE,ISSUE_START_DATE,ISSUE_END_DATE,ISSUE_STATUS,ISSUE_PRIORITY,PROGRESS) values (7,1,5,null,null,2,'오픈 채팅방 목록 전체 조회 구현',to_date('2021-05-20 00:00:00','YYYY-MM-DD HH24:MI:SS'),to_date('2021-05-20 07:43:00','YYYY-MM-DD HH24:MI:SS'),to_date('2021-05-25 17:18:00','YYYY-MM-DD HH24:MI:SS'),'1',1,null);
Insert into ISSUE (ISSUE_SID,ISSUE_NO,MEM_NO,LABEL_NO,MILEST_SID,PROJ_NO,ISSUE_TITLE,ISSUE_CREATE_DATE,ISSUE_START_DATE,ISSUE_END_DATE,ISSUE_STATUS,ISSUE_PRIORITY,PROGRESS) values (20,17,4,null,null,1,'채팅방 개설 기능 구현',to_date('2021-05-20 00:00:00','YYYY-MM-DD HH24:MI:SS'),to_date('2021-05-20 07:43:00','YYYY-MM-DD HH24:MI:SS'),to_date('2021-05-25 17:18:00','YYYY-MM-DD HH24:MI:SS'),'0',3,0);
Insert into ISSUE (ISSUE_SID,ISSUE_NO,MEM_NO,LABEL_NO,MILEST_SID,PROJ_NO,ISSUE_TITLE,ISSUE_CREATE_DATE,ISSUE_START_DATE,ISSUE_END_DATE,ISSUE_STATUS,ISSUE_PRIORITY,PROGRESS) values (21,18,4,null,null,1,'채팅방 방장 - 맴버 초대 기능 구현',to_date('2021-05-20 00:00:00','YYYY-MM-DD HH24:MI:SS'),to_date('2021-05-20 07:43:00','YYYY-MM-DD HH24:MI:SS'),to_date('2021-05-25 17:18:00','YYYY-MM-DD HH24:MI:SS'),'1',3,0);
Insert into ISSUE (ISSUE_SID,ISSUE_NO,MEM_NO,LABEL_NO,MILEST_SID,PROJ_NO,ISSUE_TITLE,ISSUE_CREATE_DATE,ISSUE_START_DATE,ISSUE_END_DATE,ISSUE_STATUS,ISSUE_PRIORITY,PROGRESS) values (108,105,4,null,null,1,'채팅방 방장 - 멤버 권한부여 기능 구현',to_date('2021-05-20 00:00:00','YYYY-MM-DD HH24:MI:SS'),to_date('2021-05-20 07:43:00','YYYY-MM-DD HH24:MI:SS'),to_date('2021-05-25 17:18:00','YYYY-MM-DD HH24:MI:SS'),'1',3,0);
Insert into ISSUE (ISSUE_SID,ISSUE_NO,MEM_NO,LABEL_NO,MILEST_SID,PROJ_NO,ISSUE_TITLE,ISSUE_CREATE_DATE,ISSUE_START_DATE,ISSUE_END_DATE,ISSUE_STATUS,ISSUE_PRIORITY,PROGRESS) values (109,106,4,null,null,1,'채팅 내 글 내용 검색 기능 구현',to_date('2021-05-20 00:00:00','YYYY-MM-DD HH24:MI:SS'),to_date('2021-05-20 07:43:00','YYYY-MM-DD HH24:MI:SS'),to_date('2021-05-25 17:18:00','YYYY-MM-DD HH24:MI:SS'),'1',3,0);
Insert into ISSUE (ISSUE_SID,ISSUE_NO,MEM_NO,LABEL_NO,MILEST_SID,PROJ_NO,ISSUE_TITLE,ISSUE_CREATE_DATE,ISSUE_START_DATE,ISSUE_END_DATE,ISSUE_STATUS,ISSUE_PRIORITY,PROGRESS) values (110,107,4,null,null,1,'Github 계정 연동 구현',to_date('2021-06-01 00:00:00','YYYY-MM-DD HH24:MI:SS'),to_date('2021-06-02 00:00:00','YYYY-MM-DD HH24:MI:SS'),to_date('2021-06-03 00:00:00','YYYY-MM-DD HH24:MI:SS'),'1',3,0);
Insert into ISSUE (ISSUE_SID,ISSUE_NO,MEM_NO,LABEL_NO,MILEST_SID,PROJ_NO,ISSUE_TITLE,ISSUE_CREATE_DATE,ISSUE_START_DATE,ISSUE_END_DATE,ISSUE_STATUS,ISSUE_PRIORITY,PROGRESS) values (111,108,4,null,null,1,'git 저장소 추가 ',to_date('2021-06-01 00:00:00','YYYY-MM-DD HH24:MI:SS'),to_date('2021-06-01 07:43:00','YYYY-MM-DD HH24:MI:SS'),to_date('2021-06-02 17:18:00','YYYY-MM-DD HH24:MI:SS'),'1',3,0);
Insert into ISSUE (ISSUE_SID,ISSUE_NO,MEM_NO,LABEL_NO,MILEST_SID,PROJ_NO,ISSUE_TITLE,ISSUE_CREATE_DATE,ISSUE_START_DATE,ISSUE_END_DATE,ISSUE_STATUS,ISSUE_PRIORITY,PROGRESS) values (143,6,3,null,null,104,'이슈 날짜 테스트',to_date('2021-06-22 00:00:00','YYYY-MM-DD HH24:MI:SS'),to_date('2021-06-09 00:00:00','YYYY-MM-DD HH24:MI:SS'),to_date('2021-06-11 00:00:00','YYYY-MM-DD HH24:MI:SS'),'1',null,0);
Insert into ISSUE (ISSUE_SID,ISSUE_NO,MEM_NO,LABEL_NO,MILEST_SID,PROJ_NO,ISSUE_TITLE,ISSUE_CREATE_DATE,ISSUE_START_DATE,ISSUE_END_DATE,ISSUE_STATUS,ISSUE_PRIORITY,PROGRESS) values (8,2,4,null,null,2,'테스트용',to_date('2021-05-05 00:00:00','YYYY-MM-DD HH24:MI:SS'),to_date('2021-05-06 00:00:00','YYYY-MM-DD HH24:MI:SS'),to_date('2021-05-09 00:00:00','YYYY-MM-DD HH24:MI:SS'),'1',3,80);
Insert into ISSUE (ISSUE_SID,ISSUE_NO,MEM_NO,LABEL_NO,MILEST_SID,PROJ_NO,ISSUE_TITLE,ISSUE_CREATE_DATE,ISSUE_START_DATE,ISSUE_END_DATE,ISSUE_STATUS,ISSUE_PRIORITY,PROGRESS) values (9,7,1,null,null,1,'채팅방 내 첨부파일 모아보기',to_date('2021-05-05 00:00:00','YYYY-MM-DD HH24:MI:SS'),to_date('2021-05-05 00:00:00','YYYY-MM-DD HH24:MI:SS'),to_date('2021-05-11 00:00:00','YYYY-MM-DD HH24:MI:SS'),'1',3,40);
Insert into ISSUE (ISSUE_SID,ISSUE_NO,MEM_NO,LABEL_NO,MILEST_SID,PROJ_NO,ISSUE_TITLE,ISSUE_CREATE_DATE,ISSUE_START_DATE,ISSUE_END_DATE,ISSUE_STATUS,ISSUE_PRIORITY,PROGRESS) values (117,114,4,null,null,1,'채팅방 자체 최근 날짜별 검색 기능 구현',to_date('2021-06-12 00:00:00','YYYY-MM-DD HH24:MI:SS'),to_date('2021-06-03 00:00:00','YYYY-MM-DD HH24:MI:SS'),to_date('2021-06-08 00:00:00','YYYY-MM-DD HH24:MI:SS'),'1',3,0);
Insert into ISSUE (ISSUE_SID,ISSUE_NO,MEM_NO,LABEL_NO,MILEST_SID,PROJ_NO,ISSUE_TITLE,ISSUE_CREATE_DATE,ISSUE_START_DATE,ISSUE_END_DATE,ISSUE_STATUS,ISSUE_PRIORITY,PROGRESS) values (118,115,4,null,null,1,'대화방 알림 ON/OFF',to_date('2021-06-13 00:00:00','YYYY-MM-DD HH24:MI:SS'),to_date('2021-06-13 00:00:00','YYYY-MM-DD HH24:MI:SS'),to_date('2021-06-17 00:00:00','YYYY-MM-DD HH24:MI:SS'),'1',3,0);
Insert into ISSUE (ISSUE_SID,ISSUE_NO,MEM_NO,LABEL_NO,MILEST_SID,PROJ_NO,ISSUE_TITLE,ISSUE_CREATE_DATE,ISSUE_START_DATE,ISSUE_END_DATE,ISSUE_STATUS,ISSUE_PRIORITY,PROGRESS) values (125,120,4,null,16,1,'뉴스에 사진 업로드 지원',to_date('2021-06-21 00:00:00','YYYY-MM-DD HH24:MI:SS'),to_date('2021-06-21 00:00:00','YYYY-MM-DD HH24:MI:SS'),to_date('2021-06-21 00:00:00','YYYY-MM-DD HH24:MI:SS'),'1',2,0);
Insert into ISSUE (ISSUE_SID,ISSUE_NO,MEM_NO,LABEL_NO,MILEST_SID,PROJ_NO,ISSUE_TITLE,ISSUE_CREATE_DATE,ISSUE_START_DATE,ISSUE_END_DATE,ISSUE_STATUS,ISSUE_PRIORITY,PROGRESS) values (1,1,1,null,null,1,'키워드 반응 알림 설정 기능 구현',to_date('2021-05-10 00:00:00','YYYY-MM-DD HH24:MI:SS'),to_date('2021-05-10 00:00:00','YYYY-MM-DD HH24:MI:SS'),to_date('2021-05-11 00:00:00','YYYY-MM-DD HH24:MI:SS'),'1',1,30);
Insert into ISSUE (ISSUE_SID,ISSUE_NO,MEM_NO,LABEL_NO,MILEST_SID,PROJ_NO,ISSUE_TITLE,ISSUE_CREATE_DATE,ISSUE_START_DATE,ISSUE_END_DATE,ISSUE_STATUS,ISSUE_PRIORITY,PROGRESS) values (2,2,5,null,null,1,'gantt chart 중요도 필터링 기능 구현',to_date('2021-05-04 00:00:00','YYYY-MM-DD HH24:MI:SS'),to_date('2021-05-04 00:00:00','YYYY-MM-DD HH24:MI:SS'),to_date('2021-05-11 00:00:00','YYYY-MM-DD HH24:MI:SS'),'1',2,20);
Insert into ISSUE (ISSUE_SID,ISSUE_NO,MEM_NO,LABEL_NO,MILEST_SID,PROJ_NO,ISSUE_TITLE,ISSUE_CREATE_DATE,ISSUE_START_DATE,ISSUE_END_DATE,ISSUE_STATUS,ISSUE_PRIORITY,PROGRESS) values (3,3,5,null,null,1,'gantt chart 라벨별 필터링 기능 구현',to_date('2021-05-05 00:00:00','YYYY-MM-DD HH24:MI:SS'),to_date('2021-05-04 00:00:00','YYYY-MM-DD HH24:MI:SS'),to_date('2021-05-10 00:00:00','YYYY-MM-DD HH24:MI:SS'),'1',3,10);
Insert into ISSUE (ISSUE_SID,ISSUE_NO,MEM_NO,LABEL_NO,MILEST_SID,PROJ_NO,ISSUE_TITLE,ISSUE_CREATE_DATE,ISSUE_START_DATE,ISSUE_END_DATE,ISSUE_STATUS,ISSUE_PRIORITY,PROGRESS) values (4,4,4,null,null,1,'calendar 조회 기능 구현',to_date('2021-05-07 00:00:00','YYYY-MM-DD HH24:MI:SS'),to_date('2021-05-07 00:00:00','YYYY-MM-DD HH24:MI:SS'),to_date('2021-05-11 00:00:00','YYYY-MM-DD HH24:MI:SS'),'1',6,100);
Insert into ISSUE (ISSUE_SID,ISSUE_NO,MEM_NO,LABEL_NO,MILEST_SID,PROJ_NO,ISSUE_TITLE,ISSUE_CREATE_DATE,ISSUE_START_DATE,ISSUE_END_DATE,ISSUE_STATUS,ISSUE_PRIORITY,PROGRESS) values (5,5,4,null,null,1,'calendar 일자별 상세 조회 기능 구현',to_date('2021-05-05 00:00:00','YYYY-MM-DD HH24:MI:SS'),to_date('2021-05-05 00:00:00','YYYY-MM-DD HH24:MI:SS'),to_date('2021-05-08 00:00:00','YYYY-MM-DD HH24:MI:SS'),'1',1,80);
Insert into ISSUE (ISSUE_SID,ISSUE_NO,MEM_NO,LABEL_NO,MILEST_SID,PROJ_NO,ISSUE_TITLE,ISSUE_CREATE_DATE,ISSUE_START_DATE,ISSUE_END_DATE,ISSUE_STATUS,ISSUE_PRIORITY,PROGRESS) values (10,3,1,null,null,2,'회원 본인의 켈린더상 특정 일자',to_date('2021-05-22 00:00:00','YYYY-MM-DD HH24:MI:SS'),to_date('2021-05-20 00:00:00','YYYY-MM-DD HH24:MI:SS'),to_date('2021-05-19 00:00:00','YYYY-MM-DD HH24:MI:SS'),'1',1,10);
Insert into ISSUE (ISSUE_SID,ISSUE_NO,MEM_NO,LABEL_NO,MILEST_SID,PROJ_NO,ISSUE_TITLE,ISSUE_CREATE_DATE,ISSUE_START_DATE,ISSUE_END_DATE,ISSUE_STATUS,ISSUE_PRIORITY,PROGRESS) values (14,11,4,null,null,1,'kanban board 조회페이지 구현',to_date('2021-06-02 00:00:00','YYYY-MM-DD HH24:MI:SS'),to_date('2021-06-05 00:00:00','YYYY-MM-DD HH24:MI:SS'),to_date('2021-06-09 00:00:00','YYYY-MM-DD HH24:MI:SS'),'1',3,0);
Insert into ISSUE (ISSUE_SID,ISSUE_NO,MEM_NO,LABEL_NO,MILEST_SID,PROJ_NO,ISSUE_TITLE,ISSUE_CREATE_DATE,ISSUE_START_DATE,ISSUE_END_DATE,ISSUE_STATUS,ISSUE_PRIORITY,PROGRESS) values (113,110,4,null,null,1,'kanban board 카드 추가 기능 구현',to_date('2021-06-02 00:00:00','YYYY-MM-DD HH24:MI:SS'),to_date('2021-06-05 00:00:00','YYYY-MM-DD HH24:MI:SS'),to_date('2021-06-09 00:00:00','YYYY-MM-DD HH24:MI:SS'),'1',3,0);
Insert into ISSUE (ISSUE_SID,ISSUE_NO,MEM_NO,LABEL_NO,MILEST_SID,PROJ_NO,ISSUE_TITLE,ISSUE_CREATE_DATE,ISSUE_START_DATE,ISSUE_END_DATE,ISSUE_STATUS,ISSUE_PRIORITY,PROGRESS) values (115,112,4,null,null,1,'kanban board completed 이동시 issue 완료 처리',to_date('2021-06-02 00:00:00','YYYY-MM-DD HH24:MI:SS'),to_date('2021-06-05 00:00:00','YYYY-MM-DD HH24:MI:SS'),to_date('2021-06-09 00:00:00','YYYY-MM-DD HH24:MI:SS'),'1',3,0);
Insert into ISSUE (ISSUE_SID,ISSUE_NO,MEM_NO,LABEL_NO,MILEST_SID,PROJ_NO,ISSUE_TITLE,ISSUE_CREATE_DATE,ISSUE_START_DATE,ISSUE_END_DATE,ISSUE_STATUS,ISSUE_PRIORITY,PROGRESS) values (120,116,4,null,null,1,'칸반 새로운 컬럼 추가 구현',to_date('2021-06-16 00:00:00','YYYY-MM-DD HH24:MI:SS'),to_date('2021-06-17 00:00:00','YYYY-MM-DD HH24:MI:SS'),to_date('2021-06-25 00:00:00','YYYY-MM-DD HH24:MI:SS'),'1',2,0);
Insert into ISSUE (ISSUE_SID,ISSUE_NO,MEM_NO,LABEL_NO,MILEST_SID,PROJ_NO,ISSUE_TITLE,ISSUE_CREATE_DATE,ISSUE_START_DATE,ISSUE_END_DATE,ISSUE_STATUS,ISSUE_PRIORITY,PROGRESS) values (121,117,4,null,null,1,'등록된 컬럼 편집 및 삭제 구현',to_date('2021-06-17 00:00:00','YYYY-MM-DD HH24:MI:SS'),to_date('2021-06-17 00:00:00','YYYY-MM-DD HH24:MI:SS'),to_date('2021-06-25 00:00:00','YYYY-MM-DD HH24:MI:SS'),'1',3,0);
Insert into ISSUE (ISSUE_SID,ISSUE_NO,MEM_NO,LABEL_NO,MILEST_SID,PROJ_NO,ISSUE_TITLE,ISSUE_CREATE_DATE,ISSUE_START_DATE,ISSUE_END_DATE,ISSUE_STATUS,ISSUE_PRIORITY,PROGRESS) values (122,118,4,11,null,1,'메인 페이지 구현',to_date('2021-06-18 00:00:00','YYYY-MM-DD HH24:MI:SS'),to_date('2021-06-10 00:00:00','YYYY-MM-DD HH24:MI:SS'),to_date('2021-06-16 00:00:00','YYYY-MM-DD HH24:MI:SS'),'1',2,0);
Insert into ISSUE (ISSUE_SID,ISSUE_NO,MEM_NO,LABEL_NO,MILEST_SID,PROJ_NO,ISSUE_TITLE,ISSUE_CREATE_DATE,ISSUE_START_DATE,ISSUE_END_DATE,ISSUE_STATUS,ISSUE_PRIORITY,PROGRESS) values (127,122,4,null,16,1,'캘린더 기능 구현',to_date('2021-06-21 00:00:00','YYYY-MM-DD HH24:MI:SS'),to_date('2021-06-21 00:00:00','YYYY-MM-DD HH24:MI:SS'),to_date('2021-06-21 00:00:00','YYYY-MM-DD HH24:MI:SS'),'1',1,0);
Insert into ISSUE (ISSUE_SID,ISSUE_NO,MEM_NO,LABEL_NO,MILEST_SID,PROJ_NO,ISSUE_TITLE,ISSUE_CREATE_DATE,ISSUE_START_DATE,ISSUE_END_DATE,ISSUE_STATUS,ISSUE_PRIORITY,PROGRESS) values (128,123,4,null,16,1,'회원 페이지 만들기',to_date('2021-06-21 00:00:00','YYYY-MM-DD HH24:MI:SS'),to_date('2021-06-22 00:00:00','YYYY-MM-DD HH24:MI:SS'),to_date('2021-06-24 00:00:00','YYYY-MM-DD HH24:MI:SS'),'1',1,0);
Insert into ISSUE (ISSUE_SID,ISSUE_NO,MEM_NO,LABEL_NO,MILEST_SID,PROJ_NO,ISSUE_TITLE,ISSUE_CREATE_DATE,ISSUE_START_DATE,ISSUE_END_DATE,ISSUE_STATUS,ISSUE_PRIORITY,PROGRESS) values (133,1,3,38,17,103,'초급프로젝트 주제 선정',to_date('2020-12-24 00:00:00','YYYY-MM-DD HH24:MI:SS'),to_date('2020-12-24 00:00:00','YYYY-MM-DD HH24:MI:SS'),to_date('2020-12-25 00:00:00','YYYY-MM-DD HH24:MI:SS'),'1',1,0);
Insert into ISSUE (ISSUE_SID,ISSUE_NO,MEM_NO,LABEL_NO,MILEST_SID,PROJ_NO,ISSUE_TITLE,ISSUE_CREATE_DATE,ISSUE_START_DATE,ISSUE_END_DATE,ISSUE_STATUS,ISSUE_PRIORITY,PROGRESS) values (137,5,3,null,17,103,'초급 프로젝트 중간 컨펌',to_date('2020-12-24 00:00:00','YYYY-MM-DD HH24:MI:SS'),to_date('2020-12-24 00:00:00','YYYY-MM-DD HH24:MI:SS'),to_date('2020-12-25 00:00:00','YYYY-MM-DD HH24:MI:SS'),'1',1,0);
Insert into ISSUE (ISSUE_SID,ISSUE_NO,MEM_NO,LABEL_NO,MILEST_SID,PROJ_NO,ISSUE_TITLE,ISSUE_CREATE_DATE,ISSUE_START_DATE,ISSUE_END_DATE,ISSUE_STATUS,ISSUE_PRIORITY,PROGRESS) values (138,6,3,38,18,103,'중간 프로젝트 주제선정',to_date('2021-02-01 00:00:00','YYYY-MM-DD HH24:MI:SS'),to_date('2021-02-01 00:00:00','YYYY-MM-DD HH24:MI:SS'),to_date('2020-02-04 00:00:00','YYYY-MM-DD HH24:MI:SS'),'0',0,0);
Insert into ISSUE (ISSUE_SID,ISSUE_NO,MEM_NO,LABEL_NO,MILEST_SID,PROJ_NO,ISSUE_TITLE,ISSUE_CREATE_DATE,ISSUE_START_DATE,ISSUE_END_DATE,ISSUE_STATUS,ISSUE_PRIORITY,PROGRESS) values (141,4,4,null,null,104,'날자 테스트',to_date('2021-06-22 00:00:00','YYYY-MM-DD HH24:MI:SS'),to_date('2021-05-31 00:00:00','YYYY-MM-DD HH24:MI:SS'),to_date('2021-06-04 00:00:00','YYYY-MM-DD HH24:MI:SS'),'0',null,0);
Insert into ISSUE (ISSUE_SID,ISSUE_NO,MEM_NO,LABEL_NO,MILEST_SID,PROJ_NO,ISSUE_TITLE,ISSUE_CREATE_DATE,ISSUE_START_DATE,ISSUE_END_DATE,ISSUE_STATUS,ISSUE_PRIORITY,PROGRESS) values (145,124,3,null,16,1,'실시간 알람 푸쉬 알림 기능',to_date('2021-05-18 00:00:00','YYYY-MM-DD HH24:MI:SS'),to_date('2021-05-18 00:00:00','YYYY-MM-DD HH24:MI:SS'),to_date('2021-05-20 00:00:00','YYYY-MM-DD HH24:MI:SS'),'1',3,0);
Insert into ISSUE (ISSUE_SID,ISSUE_NO,MEM_NO,LABEL_NO,MILEST_SID,PROJ_NO,ISSUE_TITLE,ISSUE_CREATE_DATE,ISSUE_START_DATE,ISSUE_END_DATE,ISSUE_STATUS,ISSUE_PRIORITY,PROGRESS) values (146,125,4,null,16,1,'알림 확인 기능',to_date('2021-05-18 00:00:00','YYYY-MM-DD HH24:MI:SS'),to_date('2021-05-18 00:00:00','YYYY-MM-DD HH24:MI:SS'),to_date('2021-05-20 00:00:00','YYYY-MM-DD HH24:MI:SS'),'1',3,0);
Insert into ISSUE (ISSUE_SID,ISSUE_NO,MEM_NO,LABEL_NO,MILEST_SID,PROJ_NO,ISSUE_TITLE,ISSUE_CREATE_DATE,ISSUE_START_DATE,ISSUE_END_DATE,ISSUE_STATUS,ISSUE_PRIORITY,PROGRESS) values (147,126,4,7,16,1,'알람 기능 구현',to_date('2021-05-18 00:00:00','YYYY-MM-DD HH24:MI:SS'),to_date('2021-05-18 00:00:00','YYYY-MM-DD HH24:MI:SS'),to_date('2021-05-20 00:00:00','YYYY-MM-DD HH24:MI:SS'),'1',3,0);
Insert into ISSUE (ISSUE_SID,ISSUE_NO,MEM_NO,LABEL_NO,MILEST_SID,PROJ_NO,ISSUE_TITLE,ISSUE_CREATE_DATE,ISSUE_START_DATE,ISSUE_END_DATE,ISSUE_STATUS,ISSUE_PRIORITY,PROGRESS) values (148,127,1,null,16,1,'admin 페이지 controller-view 연결',to_date('2021-06-17 00:00:00','YYYY-MM-DD HH24:MI:SS'),to_date('2021-06-18 00:00:00','YYYY-MM-DD HH24:MI:SS'),to_date('2021-06-20 00:00:00','YYYY-MM-DD HH24:MI:SS'),'1',1,0);
Insert into ISSUE (ISSUE_SID,ISSUE_NO,MEM_NO,LABEL_NO,MILEST_SID,PROJ_NO,ISSUE_TITLE,ISSUE_CREATE_DATE,ISSUE_START_DATE,ISSUE_END_DATE,ISSUE_STATUS,ISSUE_PRIORITY,PROGRESS) values (149,128,1,null,16,1,'메인 페이지 Controller-view',to_date('2021-06-17 00:00:00','YYYY-MM-DD HH24:MI:SS'),to_date('2021-06-17 00:00:00','YYYY-MM-DD HH24:MI:SS'),to_date('2021-06-19 00:00:00','YYYY-MM-DD HH24:MI:SS'),'1',2,0);
Insert into ISSUE (ISSUE_SID,ISSUE_NO,MEM_NO,LABEL_NO,MILEST_SID,PROJ_NO,ISSUE_TITLE,ISSUE_CREATE_DATE,ISSUE_START_DATE,ISSUE_END_DATE,ISSUE_STATUS,ISSUE_PRIORITY,PROGRESS) values (150,129,4,null,16,1,'news 공유 기능 구현',to_date('2021-06-17 00:00:00','YYYY-MM-DD HH24:MI:SS'),to_date('2021-06-17 00:00:00','YYYY-MM-DD HH24:MI:SS'),to_date('2021-06-19 00:00:00','YYYY-MM-DD HH24:MI:SS'),'1',2,0);
Insert into ISSUE (ISSUE_SID,ISSUE_NO,MEM_NO,LABEL_NO,MILEST_SID,PROJ_NO,ISSUE_TITLE,ISSUE_CREATE_DATE,ISSUE_START_DATE,ISSUE_END_DATE,ISSUE_STATUS,ISSUE_PRIORITY,PROGRESS) values (151,130,4,null,16,1,'wiki 분류 기능 구현',to_date('2021-06-17 00:00:00','YYYY-MM-DD HH24:MI:SS'),to_date('2021-06-17 00:00:00','YYYY-MM-DD HH24:MI:SS'),to_date('2021-06-19 00:00:00','YYYY-MM-DD HH24:MI:SS'),'1',0,0);
Insert into ISSUE (ISSUE_SID,ISSUE_NO,MEM_NO,LABEL_NO,MILEST_SID,PROJ_NO,ISSUE_TITLE,ISSUE_CREATE_DATE,ISSUE_START_DATE,ISSUE_END_DATE,ISSUE_STATUS,ISSUE_PRIORITY,PROGRESS) values (152,131,3,null,16,1,'wiki 검색 / 작성 /열람 기능 구현',to_date('2021-06-17 00:00:00','YYYY-MM-DD HH24:MI:SS'),to_date('2021-06-17 00:00:00','YYYY-MM-DD HH24:MI:SS'),to_date('2021-06-19 00:00:00','YYYY-MM-DD HH24:MI:SS'),'1',0,0);
Insert into ISSUE (ISSUE_SID,ISSUE_NO,MEM_NO,LABEL_NO,MILEST_SID,PROJ_NO,ISSUE_TITLE,ISSUE_CREATE_DATE,ISSUE_START_DATE,ISSUE_END_DATE,ISSUE_STATUS,ISSUE_PRIORITY,PROGRESS) values (154,133,3,null,16,1,'코드 리뷰 기능 구현',to_date('2021-06-17 00:00:00','YYYY-MM-DD HH24:MI:SS'),to_date('2021-06-17 00:00:00','YYYY-MM-DD HH24:MI:SS'),to_date('2021-06-19 00:00:00','YYYY-MM-DD HH24:MI:SS'),'1',2,0);
Insert into ISSUE (ISSUE_SID,ISSUE_NO,MEM_NO,LABEL_NO,MILEST_SID,PROJ_NO,ISSUE_TITLE,ISSUE_CREATE_DATE,ISSUE_START_DATE,ISSUE_END_DATE,ISSUE_STATUS,ISSUE_PRIORITY,PROGRESS) values (155,134,3,null,16,1,'Git 저장소 추가(연계) 해서 코드 조회 기능 구현',to_date('2021-06-14 00:00:00','YYYY-MM-DD HH24:MI:SS'),to_date('2021-06-15 00:00:00','YYYY-MM-DD HH24:MI:SS'),to_date('2021-06-18 00:00:00','YYYY-MM-DD HH24:MI:SS'),'1',2,0);
Insert into ISSUE (ISSUE_SID,ISSUE_NO,MEM_NO,LABEL_NO,MILEST_SID,PROJ_NO,ISSUE_TITLE,ISSUE_CREATE_DATE,ISSUE_START_DATE,ISSUE_END_DATE,ISSUE_STATUS,ISSUE_PRIORITY,PROGRESS) values (156,135,4,null,16,1,'트리구조로 코드 탐색 구현',to_date('2021-06-14 00:00:00','YYYY-MM-DD HH24:MI:SS'),to_date('2021-06-15 00:00:00','YYYY-MM-DD HH24:MI:SS'),to_date('2021-06-18 00:00:00','YYYY-MM-DD HH24:MI:SS'),'1',3,0);
Insert into ISSUE (ISSUE_SID,ISSUE_NO,MEM_NO,LABEL_NO,MILEST_SID,PROJ_NO,ISSUE_TITLE,ISSUE_CREATE_DATE,ISSUE_START_DATE,ISSUE_END_DATE,ISSUE_STATUS,ISSUE_PRIORITY,PROGRESS) values (157,136,4,null,16,1,'Github 계정 연동 구현',to_date('2021-06-14 00:00:00','YYYY-MM-DD HH24:MI:SS'),to_date('2021-06-15 00:00:00','YYYY-MM-DD HH24:MI:SS'),to_date('2021-06-18 00:00:00','YYYY-MM-DD HH24:MI:SS'),'1',2,0);
Insert into ISSUE (ISSUE_SID,ISSUE_NO,MEM_NO,LABEL_NO,MILEST_SID,PROJ_NO,ISSUE_TITLE,ISSUE_CREATE_DATE,ISSUE_START_DATE,ISSUE_END_DATE,ISSUE_STATUS,ISSUE_PRIORITY,PROGRESS) values (158,137,4,null,16,1,'서버 환경 조회 구현',to_date('2021-06-14 00:00:00','YYYY-MM-DD HH24:MI:SS'),to_date('2021-06-15 00:00:00','YYYY-MM-DD HH24:MI:SS'),to_date('2021-06-18 00:00:00','YYYY-MM-DD HH24:MI:SS'),'1',1,0);
Insert into ISSUE (ISSUE_SID,ISSUE_NO,MEM_NO,LABEL_NO,MILEST_SID,PROJ_NO,ISSUE_TITLE,ISSUE_CREATE_DATE,ISSUE_START_DATE,ISSUE_END_DATE,ISSUE_STATUS,ISSUE_PRIORITY,PROGRESS) values (159,138,4,null,16,1,'회원 관리 페이지 구현',to_date('2021-06-14 00:00:00','YYYY-MM-DD HH24:MI:SS'),to_date('2021-06-15 00:00:00','YYYY-MM-DD HH24:MI:SS'),to_date('2021-06-18 00:00:00','YYYY-MM-DD HH24:MI:SS'),'1',3,0);
Insert into ISSUE (ISSUE_SID,ISSUE_NO,MEM_NO,LABEL_NO,MILEST_SID,PROJ_NO,ISSUE_TITLE,ISSUE_CREATE_DATE,ISSUE_START_DATE,ISSUE_END_DATE,ISSUE_STATUS,ISSUE_PRIORITY,PROGRESS) values (160,139,3,null,16,1,'패스워드 변경 기능 구현 ',to_date('2021-06-14 00:00:00','YYYY-MM-DD HH24:MI:SS'),to_date('2021-06-15 00:00:00','YYYY-MM-DD HH24:MI:SS'),to_date('2021-06-18 00:00:00','YYYY-MM-DD HH24:MI:SS'),'1',3,0);
Insert into ISSUE (ISSUE_SID,ISSUE_NO,MEM_NO,LABEL_NO,MILEST_SID,PROJ_NO,ISSUE_TITLE,ISSUE_CREATE_DATE,ISSUE_START_DATE,ISSUE_END_DATE,ISSUE_STATUS,ISSUE_PRIORITY,PROGRESS) values (161,140,1,null,16,1,'회원가입 / 로그인 기능 구현',to_date('2021-06-11 00:00:00','YYYY-MM-DD HH24:MI:SS'),to_date('2021-06-12 00:00:00','YYYY-MM-DD HH24:MI:SS'),to_date('2021-06-14 00:00:00','YYYY-MM-DD HH24:MI:SS'),'1',2,0);
Insert into ISSUE (ISSUE_SID,ISSUE_NO,MEM_NO,LABEL_NO,MILEST_SID,PROJ_NO,ISSUE_TITLE,ISSUE_CREATE_DATE,ISSUE_START_DATE,ISSUE_END_DATE,ISSUE_STATUS,ISSUE_PRIORITY,PROGRESS) values (162,141,1,null,16,1,'우선순위 / 이슈 label 설정 기능 구현',to_date('2021-06-11 00:00:00','YYYY-MM-DD HH24:MI:SS'),to_date('2021-06-12 00:00:00','YYYY-MM-DD HH24:MI:SS'),to_date('2021-06-14 00:00:00','YYYY-MM-DD HH24:MI:SS'),'1',0,0);
Insert into ISSUE (ISSUE_SID,ISSUE_NO,MEM_NO,LABEL_NO,MILEST_SID,PROJ_NO,ISSUE_TITLE,ISSUE_CREATE_DATE,ISSUE_START_DATE,ISSUE_END_DATE,ISSUE_STATUS,ISSUE_PRIORITY,PROGRESS) values (163,142,3,null,14,1,'기존 생성 프로젝트 설정 불러오기 기능 개선',to_date('2021-06-11 00:00:00','YYYY-MM-DD HH24:MI:SS'),to_date('2021-06-12 00:00:00','YYYY-MM-DD HH24:MI:SS'),to_date('2021-06-14 00:00:00','YYYY-MM-DD HH24:MI:SS'),'1',3,0);
Insert into ISSUE (ISSUE_SID,ISSUE_NO,MEM_NO,LABEL_NO,MILEST_SID,PROJ_NO,ISSUE_TITLE,ISSUE_CREATE_DATE,ISSUE_START_DATE,ISSUE_END_DATE,ISSUE_STATUS,ISSUE_PRIORITY,PROGRESS) values (164,143,3,11,14,1,'프로젝트 생성 기능 개선',to_date('2021-06-11 00:00:00','YYYY-MM-DD HH24:MI:SS'),to_date('2021-06-12 00:00:00','YYYY-MM-DD HH24:MI:SS'),to_date('2021-06-14 00:00:00','YYYY-MM-DD HH24:MI:SS'),'1',1,0);
Insert into ISSUE (ISSUE_SID,ISSUE_NO,MEM_NO,LABEL_NO,MILEST_SID,PROJ_NO,ISSUE_TITLE,ISSUE_CREATE_DATE,ISSUE_START_DATE,ISSUE_END_DATE,ISSUE_STATUS,ISSUE_PRIORITY,PROGRESS) values (165,144,3,null,16,1,'채팅방 내 첨부파일 모아보기 기능 구현',to_date('2021-06-11 00:00:00','YYYY-MM-DD HH24:MI:SS'),to_date('2021-06-12 00:00:00','YYYY-MM-DD HH24:MI:SS'),to_date('2021-06-14 00:00:00','YYYY-MM-DD HH24:MI:SS'),'0',2,0);
Insert into ISSUE (ISSUE_SID,ISSUE_NO,MEM_NO,LABEL_NO,MILEST_SID,PROJ_NO,ISSUE_TITLE,ISSUE_CREATE_DATE,ISSUE_START_DATE,ISSUE_END_DATE,ISSUE_STATUS,ISSUE_PRIORITY,PROGRESS) values (166,145,3,null,16,1,'drag&drop 파일 첨부기능 구현',to_date('2021-06-11 00:00:00','YYYY-MM-DD HH24:MI:SS'),to_date('2021-06-12 00:00:00','YYYY-MM-DD HH24:MI:SS'),to_date('2021-06-14 00:00:00','YYYY-MM-DD HH24:MI:SS'),'0',1,0);
Insert into ISSUE (ISSUE_SID,ISSUE_NO,MEM_NO,LABEL_NO,MILEST_SID,PROJ_NO,ISSUE_TITLE,ISSUE_CREATE_DATE,ISSUE_START_DATE,ISSUE_END_DATE,ISSUE_STATUS,ISSUE_PRIORITY,PROGRESS) values (172,151,3,null,15,1,'희수씨네 조 프로젝트 readme 써주기',to_date('2021-06-23 00:00:00','YYYY-MM-DD HH24:MI:SS'),to_date('2021-06-23 00:00:00','YYYY-MM-DD HH24:MI:SS'),to_date('2021-06-24 00:00:00','YYYY-MM-DD HH24:MI:SS'),'1',2,0);
Insert into ISSUE (ISSUE_SID,ISSUE_NO,MEM_NO,LABEL_NO,MILEST_SID,PROJ_NO,ISSUE_TITLE,ISSUE_CREATE_DATE,ISSUE_START_DATE,ISSUE_END_DATE,ISSUE_STATUS,ISSUE_PRIORITY,PROGRESS) values (177,156,1,58,16,1,'calendar 일자별 상세 조회 기능 구현',to_date('2021-06-03 00:00:00','YYYY-MM-DD HH24:MI:SS'),to_date('2021-06-03 00:00:00','YYYY-MM-DD HH24:MI:SS'),to_date('2021-06-05 00:00:00','YYYY-MM-DD HH24:MI:SS'),'1',null,0);
Insert into ISSUE (ISSUE_SID,ISSUE_NO,MEM_NO,LABEL_NO,MILEST_SID,PROJ_NO,ISSUE_TITLE,ISSUE_CREATE_DATE,ISSUE_START_DATE,ISSUE_END_DATE,ISSUE_STATUS,ISSUE_PRIORITY,PROGRESS) values (178,157,1,null,16,1,'gantt chart 담당자별 필터링 기능 구현',to_date('2021-06-03 00:00:00','YYYY-MM-DD HH24:MI:SS'),to_date('2021-06-03 00:00:00','YYYY-MM-DD HH24:MI:SS'),to_date('2021-06-05 00:00:00','YYYY-MM-DD HH24:MI:SS'),'1',3,0);
Insert into ISSUE (ISSUE_SID,ISSUE_NO,MEM_NO,LABEL_NO,MILEST_SID,PROJ_NO,ISSUE_TITLE,ISSUE_CREATE_DATE,ISSUE_START_DATE,ISSUE_END_DATE,ISSUE_STATUS,ISSUE_PRIORITY,PROGRESS) values (179,158,1,58,16,1,'개별 milestone 조회 및 완성도 조회 기능 구현',to_date('2021-06-03 00:00:00','YYYY-MM-DD HH24:MI:SS'),to_date('2021-06-03 00:00:00','YYYY-MM-DD HH24:MI:SS'),to_date('2021-06-05 00:00:00','YYYY-MM-DD HH24:MI:SS'),'1',2,0);
Insert into ISSUE (ISSUE_SID,ISSUE_NO,MEM_NO,LABEL_NO,MILEST_SID,PROJ_NO,ISSUE_TITLE,ISSUE_CREATE_DATE,ISSUE_START_DATE,ISSUE_END_DATE,ISSUE_STATUS,ISSUE_PRIORITY,PROGRESS) values (180,159,3,null,16,1,'프로젝트 일정 관리 기능 구현',to_date('2021-06-03 00:00:00','YYYY-MM-DD HH24:MI:SS'),to_date('2021-06-03 00:00:00','YYYY-MM-DD HH24:MI:SS'),to_date('2021-06-05 00:00:00','YYYY-MM-DD HH24:MI:SS'),'1',2,0);
Insert into ISSUE (ISSUE_SID,ISSUE_NO,MEM_NO,LABEL_NO,MILEST_SID,PROJ_NO,ISSUE_TITLE,ISSUE_CREATE_DATE,ISSUE_START_DATE,ISSUE_END_DATE,ISSUE_STATUS,ISSUE_PRIORITY,PROGRESS) values (181,160,3,58,16,1,'이슈 등록시 담당자 여러명 지정할수 있게 기능 구현',to_date('2021-06-03 00:00:00','YYYY-MM-DD HH24:MI:SS'),to_date('2021-06-03 00:00:00','YYYY-MM-DD HH24:MI:SS'),to_date('2021-06-05 00:00:00','YYYY-MM-DD HH24:MI:SS'),'1',0,0);
Insert into ISSUE (ISSUE_SID,ISSUE_NO,MEM_NO,LABEL_NO,MILEST_SID,PROJ_NO,ISSUE_TITLE,ISSUE_CREATE_DATE,ISSUE_START_DATE,ISSUE_END_DATE,ISSUE_STATUS,ISSUE_PRIORITY,PROGRESS) values (182,161,3,58,16,1,'담당자 여러명 css 처리 ',to_date('2021-06-01 00:00:00','YYYY-MM-DD HH24:MI:SS'),to_date('2021-06-02 00:00:00','YYYY-MM-DD HH24:MI:SS'),to_date('2021-06-05 00:00:00','YYYY-MM-DD HH24:MI:SS'),'1',2,0);
Insert into ISSUE (ISSUE_SID,ISSUE_NO,MEM_NO,LABEL_NO,MILEST_SID,PROJ_NO,ISSUE_TITLE,ISSUE_CREATE_DATE,ISSUE_START_DATE,ISSUE_END_DATE,ISSUE_STATUS,ISSUE_PRIORITY,PROGRESS) values (183,162,3,58,14,1,'profile hover 할 경우 css 및 해당 page 로 이동 기능 개선',to_date('2021-06-01 00:00:00','YYYY-MM-DD HH24:MI:SS'),to_date('2021-06-02 00:00:00','YYYY-MM-DD HH24:MI:SS'),to_date('2021-06-05 00:00:00','YYYY-MM-DD HH24:MI:SS'),'1',1,0);
Insert into ISSUE (ISSUE_SID,ISSUE_NO,MEM_NO,LABEL_NO,MILEST_SID,PROJ_NO,ISSUE_TITLE,ISSUE_CREATE_DATE,ISSUE_START_DATE,ISSUE_END_DATE,ISSUE_STATUS,ISSUE_PRIORITY,PROGRESS) values (184,163,4,null,16,1,'이슈 내용에 markdown 으로 작성 할 수 있도록 처리 ',to_date('2021-06-01 00:00:00','YYYY-MM-DD HH24:MI:SS'),to_date('2021-06-02 00:00:00','YYYY-MM-DD HH24:MI:SS'),to_date('2021-06-05 00:00:00','YYYY-MM-DD HH24:MI:SS'),'1',2,0);
Insert into ISSUE (ISSUE_SID,ISSUE_NO,MEM_NO,LABEL_NO,MILEST_SID,PROJ_NO,ISSUE_TITLE,ISSUE_CREATE_DATE,ISSUE_START_DATE,ISSUE_END_DATE,ISSUE_STATUS,ISSUE_PRIORITY,PROGRESS) values (185,164,3,58,14,1,'wiki 작성시 markdown 으로 작성 되도록 처리',to_date('2021-06-01 00:00:00','YYYY-MM-DD HH24:MI:SS'),to_date('2021-06-02 00:00:00','YYYY-MM-DD HH24:MI:SS'),to_date('2021-06-05 00:00:00','YYYY-MM-DD HH24:MI:SS'),'1',2,0);
Insert into ISSUE (ISSUE_SID,ISSUE_NO,MEM_NO,LABEL_NO,MILEST_SID,PROJ_NO,ISSUE_TITLE,ISSUE_CREATE_DATE,ISSUE_START_DATE,ISSUE_END_DATE,ISSUE_STATUS,ISSUE_PRIORITY,PROGRESS) values (186,165,3,null,14,1,'issue history 기능 개선',to_date('2021-06-01 00:00:00','YYYY-MM-DD HH24:MI:SS'),to_date('2021-06-02 00:00:00','YYYY-MM-DD HH24:MI:SS'),to_date('2021-06-05 00:00:00','YYYY-MM-DD HH24:MI:SS'),'1',1,0);
Insert into ISSUE (ISSUE_SID,ISSUE_NO,MEM_NO,LABEL_NO,MILEST_SID,PROJ_NO,ISSUE_TITLE,ISSUE_CREATE_DATE,ISSUE_START_DATE,ISSUE_END_DATE,ISSUE_STATUS,ISSUE_PRIORITY,PROGRESS) values (187,166,4,59,22,1,'유스케이스정의서',to_date('2021-05-05 00:00:00','YYYY-MM-DD HH24:MI:SS'),to_date('2021-05-05 00:00:00','YYYY-MM-DD HH24:MI:SS'),to_date('2021-05-11 00:00:00','YYYY-MM-DD HH24:MI:SS'),'1',0,0);
Insert into ISSUE (ISSUE_SID,ISSUE_NO,MEM_NO,LABEL_NO,MILEST_SID,PROJ_NO,ISSUE_TITLE,ISSUE_CREATE_DATE,ISSUE_START_DATE,ISSUE_END_DATE,ISSUE_STATUS,ISSUE_PRIORITY,PROGRESS) values (188,167,4,59,22,1,'유스케이스 다이어그램',to_date('2021-05-05 00:00:00','YYYY-MM-DD HH24:MI:SS'),to_date('2021-05-05 00:00:00','YYYY-MM-DD HH24:MI:SS'),to_date('2021-05-11 00:00:00','YYYY-MM-DD HH24:MI:SS'),'1',1,0);
Insert into ISSUE (ISSUE_SID,ISSUE_NO,MEM_NO,LABEL_NO,MILEST_SID,PROJ_NO,ISSUE_TITLE,ISSUE_CREATE_DATE,ISSUE_START_DATE,ISSUE_END_DATE,ISSUE_STATUS,ISSUE_PRIORITY,PROGRESS) values (189,168,4,59,22,1,'자료사전 / 용어사전',to_date('2021-05-05 00:00:00','YYYY-MM-DD HH24:MI:SS'),to_date('2021-05-05 00:00:00','YYYY-MM-DD HH24:MI:SS'),to_date('2021-05-11 00:00:00','YYYY-MM-DD HH24:MI:SS'),'1',0,0);
Insert into ISSUE (ISSUE_SID,ISSUE_NO,MEM_NO,LABEL_NO,MILEST_SID,PROJ_NO,ISSUE_TITLE,ISSUE_CREATE_DATE,ISSUE_START_DATE,ISSUE_END_DATE,ISSUE_STATUS,ISSUE_PRIORITY,PROGRESS) values (190,169,4,59,22,1,'개발환경 구축 완료 보고서',to_date('2021-05-05 00:00:00','YYYY-MM-DD HH24:MI:SS'),to_date('2021-05-05 00:00:00','YYYY-MM-DD HH24:MI:SS'),to_date('2021-05-11 00:00:00','YYYY-MM-DD HH24:MI:SS'),'1',null,0);
Insert into ISSUE (ISSUE_SID,ISSUE_NO,MEM_NO,LABEL_NO,MILEST_SID,PROJ_NO,ISSUE_TITLE,ISSUE_CREATE_DATE,ISSUE_START_DATE,ISSUE_END_DATE,ISSUE_STATUS,ISSUE_PRIORITY,PROGRESS) values (194,173,4,59,null,1,'프로세스 정의서 / 프로세스 흐름도',to_date('2021-05-05 00:00:00','YYYY-MM-DD HH24:MI:SS'),to_date('2021-05-05 00:00:00','YYYY-MM-DD HH24:MI:SS'),to_date('2021-05-11 00:00:00','YYYY-MM-DD HH24:MI:SS'),'1',2,0);
Insert into ISSUE (ISSUE_SID,ISSUE_NO,MEM_NO,LABEL_NO,MILEST_SID,PROJ_NO,ISSUE_TITLE,ISSUE_CREATE_DATE,ISSUE_START_DATE,ISSUE_END_DATE,ISSUE_STATUS,ISSUE_PRIORITY,PROGRESS) values (6,6,1,null,null,1,'1:1 채팅 문의 구현',to_date('2021-05-25 00:00:00','YYYY-MM-DD HH24:MI:SS'),to_date('2021-05-25 09:49:31','YYYY-MM-DD HH24:MI:SS'),to_date('2021-05-30 10:22:53','YYYY-MM-DD HH24:MI:SS'),'1',2,0);
Insert into ISSUE (ISSUE_SID,ISSUE_NO,MEM_NO,LABEL_NO,MILEST_SID,PROJ_NO,ISSUE_TITLE,ISSUE_CREATE_DATE,ISSUE_START_DATE,ISSUE_END_DATE,ISSUE_STATUS,ISSUE_PRIORITY,PROGRESS) values (11,8,4,null,null,1,'알람 기능 구현',to_date('2021-05-25 00:00:00','YYYY-MM-DD HH24:MI:SS'),to_date('2021-05-25 09:49:31','YYYY-MM-DD HH24:MI:SS'),to_date('2021-05-30 10:22:53','YYYY-MM-DD HH24:MI:SS'),'1',2,10);
Insert into ISSUE (ISSUE_SID,ISSUE_NO,MEM_NO,LABEL_NO,MILEST_SID,PROJ_NO,ISSUE_TITLE,ISSUE_CREATE_DATE,ISSUE_START_DATE,ISSUE_END_DATE,ISSUE_STATUS,ISSUE_PRIORITY,PROGRESS) values (12,9,1,null,null,1,'알람 생성 기능',to_date('2021-05-25 00:00:00','YYYY-MM-DD HH24:MI:SS'),to_date('2021-05-25 09:49:31','YYYY-MM-DD HH24:MI:SS'),to_date('2021-05-30 10:22:53','YYYY-MM-DD HH24:MI:SS'),'0',3,0);
Insert into ISSUE (ISSUE_SID,ISSUE_NO,MEM_NO,LABEL_NO,MILEST_SID,PROJ_NO,ISSUE_TITLE,ISSUE_CREATE_DATE,ISSUE_START_DATE,ISSUE_END_DATE,ISSUE_STATUS,ISSUE_PRIORITY,PROGRESS) values (17,14,4,null,null,1,'알람 푸쉬 알림 기능',to_date('2021-05-25 00:00:00','YYYY-MM-DD HH24:MI:SS'),to_date('2021-05-25 09:49:31','YYYY-MM-DD HH24:MI:SS'),to_date('2021-05-30 10:22:53','YYYY-MM-DD HH24:MI:SS'),'1',3,0);
Insert into ISSUE (ISSUE_SID,ISSUE_NO,MEM_NO,LABEL_NO,MILEST_SID,PROJ_NO,ISSUE_TITLE,ISSUE_CREATE_DATE,ISSUE_START_DATE,ISSUE_END_DATE,ISSUE_STATUS,ISSUE_PRIORITY,PROGRESS) values (13,10,4,null,null,1,'알람 확인 기능',to_date('2021-05-25 00:00:00','YYYY-MM-DD HH24:MI:SS'),to_date('2021-05-25 09:49:31','YYYY-MM-DD HH24:MI:SS'),to_date('2021-05-30 10:22:53','YYYY-MM-DD HH24:MI:SS'),'1',3,0);
Insert into ISSUE (ISSUE_SID,ISSUE_NO,MEM_NO,LABEL_NO,MILEST_SID,PROJ_NO,ISSUE_TITLE,ISSUE_CREATE_DATE,ISSUE_START_DATE,ISSUE_END_DATE,ISSUE_STATUS,ISSUE_PRIORITY,PROGRESS) values (18,15,4,null,null,1,'실시간 알람 푸쉬 알림 기능',to_date('2021-05-25 00:00:00','YYYY-MM-DD HH24:MI:SS'),to_date('2021-05-25 09:49:31','YYYY-MM-DD HH24:MI:SS'),to_date('2021-05-30 10:22:53','YYYY-MM-DD HH24:MI:SS'),'1',3,0);
Insert into ISSUE (ISSUE_SID,ISSUE_NO,MEM_NO,LABEL_NO,MILEST_SID,PROJ_NO,ISSUE_TITLE,ISSUE_CREATE_DATE,ISSUE_START_DATE,ISSUE_END_DATE,ISSUE_STATUS,ISSUE_PRIORITY,PROGRESS) values (15,12,4,null,null,1,'웰컴 페이지 기능 구현',to_date('2021-05-27 00:00:00','YYYY-MM-DD HH24:MI:SS'),to_date('2021-05-27 09:06:06','YYYY-MM-DD HH24:MI:SS'),to_date('2021-05-29 16:17:09','YYYY-MM-DD HH24:MI:SS'),'1',3,0);
Insert into ISSUE (ISSUE_SID,ISSUE_NO,MEM_NO,LABEL_NO,MILEST_SID,PROJ_NO,ISSUE_TITLE,ISSUE_CREATE_DATE,ISSUE_START_DATE,ISSUE_END_DATE,ISSUE_STATUS,ISSUE_PRIORITY,PROGRESS) values (16,13,4,null,null,1,'wiki 작성 기능 구현',to_date('2021-05-27 08:25:58','YYYY-MM-DD HH24:MI:SS'),to_date('2021-05-29 00:00:00','YYYY-MM-DD HH24:MI:SS'),to_date('2021-06-03 00:00:00','YYYY-MM-DD HH24:MI:SS'),'1',3,0);
Insert into ISSUE (ISSUE_SID,ISSUE_NO,MEM_NO,LABEL_NO,MILEST_SID,PROJ_NO,ISSUE_TITLE,ISSUE_CREATE_DATE,ISSUE_START_DATE,ISSUE_END_DATE,ISSUE_STATUS,ISSUE_PRIORITY,PROGRESS) values (132,3,4,43,null,104,'프로세스 정의서',to_date('2021-05-05 00:00:00','YYYY-MM-DD HH24:MI:SS'),to_date('2021-05-05 12:34:11','YYYY-MM-DD HH24:MI:SS'),to_date('2021-05-11 19:43:43','YYYY-MM-DD HH24:MI:SS'),'0',3,0);
Insert into ISSUE (ISSUE_SID,ISSUE_NO,MEM_NO,LABEL_NO,MILEST_SID,PROJ_NO,ISSUE_TITLE,ISSUE_CREATE_DATE,ISSUE_START_DATE,ISSUE_END_DATE,ISSUE_STATUS,ISSUE_PRIORITY,PROGRESS) values (134,2,3,null,17,103,'초급 프로젝트 산출물 작업',to_date('2020-12-24 00:00:00','YYYY-MM-DD HH24:MI:SS'),to_date('2020-12-25 00:00:00','YYYY-MM-DD HH24:MI:SS'),to_date('2020-12-26 00:00:00','YYYY-MM-DD HH24:MI:SS'),'1',2,0);
Insert into ISSUE (ISSUE_SID,ISSUE_NO,MEM_NO,LABEL_NO,MILEST_SID,PROJ_NO,ISSUE_TITLE,ISSUE_CREATE_DATE,ISSUE_START_DATE,ISSUE_END_DATE,ISSUE_STATUS,ISSUE_PRIORITY,PROGRESS) values (144,7,3,41,21,104,'이슈 등록 테스트',to_date('2021-06-23 00:00:00','YYYY-MM-DD HH24:MI:SS'),to_date('2021-06-10 00:00:00','YYYY-MM-DD HH24:MI:SS'),to_date('2021-06-14 00:00:00','YYYY-MM-DD HH24:MI:SS'),'1',3,0);
Insert into ISSUE (ISSUE_SID,ISSUE_NO,MEM_NO,LABEL_NO,MILEST_SID,PROJ_NO,ISSUE_TITLE,ISSUE_CREATE_DATE,ISSUE_START_DATE,ISSUE_END_DATE,ISSUE_STATUS,ISSUE_PRIORITY,PROGRESS) values (191,170,4,59,22,1,'개념 / 논리 /물리 ERD',to_date('2021-05-05 00:00:00','YYYY-MM-DD HH24:MI:SS'),to_date('2021-05-05 00:00:00','YYYY-MM-DD HH24:MI:SS'),to_date('2021-05-11 00:00:00','YYYY-MM-DD HH24:MI:SS'),'1',2,0);
Insert into ISSUE (ISSUE_SID,ISSUE_NO,MEM_NO,LABEL_NO,MILEST_SID,PROJ_NO,ISSUE_TITLE,ISSUE_CREATE_DATE,ISSUE_START_DATE,ISSUE_END_DATE,ISSUE_STATUS,ISSUE_PRIORITY,PROGRESS) values (192,171,4,59,22,1,'메뉴 구조도 / 화면정의서 ',to_date('2021-05-05 00:00:00','YYYY-MM-DD HH24:MI:SS'),to_date('2021-05-05 00:00:00','YYYY-MM-DD HH24:MI:SS'),to_date('2021-05-11 00:00:00','YYYY-MM-DD HH24:MI:SS'),'1',null,0);
Insert into ISSUE (ISSUE_SID,ISSUE_NO,MEM_NO,LABEL_NO,MILEST_SID,PROJ_NO,ISSUE_TITLE,ISSUE_CREATE_DATE,ISSUE_START_DATE,ISSUE_END_DATE,ISSUE_STATUS,ISSUE_PRIORITY,PROGRESS) values (193,172,4,59,22,1,'클래스 다이어그램',to_date('2021-05-05 00:00:00','YYYY-MM-DD HH24:MI:SS'),to_date('2021-05-05 00:00:00','YYYY-MM-DD HH24:MI:SS'),to_date('2021-05-11 00:00:00','YYYY-MM-DD HH24:MI:SS'),'1',null,0);
Insert into ISSUE (ISSUE_SID,ISSUE_NO,MEM_NO,LABEL_NO,MILEST_SID,PROJ_NO,ISSUE_TITLE,ISSUE_CREATE_DATE,ISSUE_START_DATE,ISSUE_END_DATE,ISSUE_STATUS,ISSUE_PRIORITY,PROGRESS) values (196,175,3,58,23,1,'시나리오 작성을 위한 진행 테스트',to_date('2021-06-24 09:32:01','YYYY-MM-DD HH24:MI:SS'),to_date('2021-06-24 12:48:09','YYYY-MM-DD HH24:MI:SS'),to_date('2021-06-24 22:16:38','YYYY-MM-DD HH24:MI:SS'),'1',0,0);
Insert into ISSUE (ISSUE_SID,ISSUE_NO,MEM_NO,LABEL_NO,MILEST_SID,PROJ_NO,ISSUE_TITLE,ISSUE_CREATE_DATE,ISSUE_START_DATE,ISSUE_END_DATE,ISSUE_STATUS,ISSUE_PRIORITY,PROGRESS) values (197,176,3,58,23,1,'진행 중 버그 수정',to_date('2021-06-25 09:35:24','YYYY-MM-DD HH24:MI:SS'),to_date('2021-06-25 12:48:09','YYYY-MM-DD HH24:MI:SS'),to_date('2021-06-25 22:16:38','YYYY-MM-DD HH24:MI:SS'),'1',1,0);
Insert into ISSUE (ISSUE_SID,ISSUE_NO,MEM_NO,LABEL_NO,MILEST_SID,PROJ_NO,ISSUE_TITLE,ISSUE_CREATE_DATE,ISSUE_START_DATE,ISSUE_END_DATE,ISSUE_STATUS,ISSUE_PRIORITY,PROGRESS) values (198,177,3,58,23,1,'프로젝트 배포',to_date('2021-06-27 09:37:08','YYYY-MM-DD HH24:MI:SS'),to_date('2021-06-27 16:22:09','YYYY-MM-DD HH24:MI:SS'),to_date('2021-06-25 21:21:38','YYYY-MM-DD HH24:MI:SS'),'1',2,0);
Insert into ISSUE (ISSUE_SID,ISSUE_NO,MEM_NO,LABEL_NO,MILEST_SID,PROJ_NO,ISSUE_TITLE,ISSUE_CREATE_DATE,ISSUE_START_DATE,ISSUE_END_DATE,ISSUE_STATUS,ISSUE_PRIORITY,PROGRESS) values (19,16,4,null,null,1,'채팅방 글 내용중 링크 검색 기능 구현',to_date('2021-06-02 00:00:00','YYYY-MM-DD HH24:MI:SS'),to_date('2021-06-03 00:00:00','YYYY-MM-DD HH24:MI:SS'),to_date('2021-06-08 00:00:00','YYYY-MM-DD HH24:MI:SS'),'1',3,0);
Insert into ISSUE (ISSUE_SID,ISSUE_NO,MEM_NO,LABEL_NO,MILEST_SID,PROJ_NO,ISSUE_TITLE,ISSUE_CREATE_DATE,ISSUE_START_DATE,ISSUE_END_DATE,ISSUE_STATUS,ISSUE_PRIORITY,PROGRESS) values (119,1,4,null,null,23,'새 프로젝트 테스트',to_date('2021-06-01 00:00:00','YYYY-MM-DD HH24:MI:SS'),to_date('2021-06-01 07:43:00','YYYY-MM-DD HH24:MI:SS'),to_date('2021-06-02 17:18:00','YYYY-MM-DD HH24:MI:SS'),'0',3,0);
Insert into ISSUE (ISSUE_SID,ISSUE_NO,MEM_NO,LABEL_NO,MILEST_SID,PROJ_NO,ISSUE_TITLE,ISSUE_CREATE_DATE,ISSUE_START_DATE,ISSUE_END_DATE,ISSUE_STATUS,ISSUE_PRIORITY,PROGRESS) values (199,8,4,133,27,104,'리팩터링 하기',to_date('2021-06-25 13:35:03','YYYY-MM-DD HH24:MI:SS'),to_date('2021-06-26 00:00:00','YYYY-MM-DD HH24:MI:SS'),to_date('2021-06-28 00:00:00','YYYY-MM-DD HH24:MI:SS'),'1',1,0);
Insert into ISSUE (ISSUE_SID,ISSUE_NO,MEM_NO,LABEL_NO,MILEST_SID,PROJ_NO,ISSUE_TITLE,ISSUE_CREATE_DATE,ISSUE_START_DATE,ISSUE_END_DATE,ISSUE_STATUS,ISSUE_PRIORITY,PROGRESS) values (200,178,4,59,26,1,'최종발표를 위한 이슈 등록',to_date('2021-06-25 18:25:35','YYYY-MM-DD HH24:MI:SS'),to_date('2021-06-25 00:00:00','YYYY-MM-DD HH24:MI:SS'),to_date('2021-06-26 00:00:00','YYYY-MM-DD HH24:MI:SS'),'1',0,0);
Insert into ISSUE (ISSUE_SID,ISSUE_NO,MEM_NO,LABEL_NO,MILEST_SID,PROJ_NO,ISSUE_TITLE,ISSUE_CREATE_DATE,ISSUE_START_DATE,ISSUE_END_DATE,ISSUE_STATUS,ISSUE_PRIORITY,PROGRESS) values (201,9,3,41,20,104,'이슈를 등록합니다.',to_date('2021-06-25 21:18:46','YYYY-MM-DD HH24:MI:SS'),to_date('2021-06-20 00:00:00','YYYY-MM-DD HH24:MI:SS'),to_date('2021-07-01 00:00:00','YYYY-MM-DD HH24:MI:SS'),'0',2,0);
Insert into ISSUE (ISSUE_SID,ISSUE_NO,MEM_NO,LABEL_NO,MILEST_SID,PROJ_NO,ISSUE_TITLE,ISSUE_CREATE_DATE,ISSUE_START_DATE,ISSUE_END_DATE,ISSUE_STATUS,ISSUE_PRIORITY,PROGRESS) values (202,10,4,133,21,104,'이슈 등록해보기 수정해보깅',to_date('2021-06-25 21:30:08','YYYY-MM-DD HH24:MI:SS'),to_date('2021-06-25 00:00:00','YYYY-MM-DD HH24:MI:SS'),to_date('2021-06-29 00:00:00','YYYY-MM-DD HH24:MI:SS'),'1',2,0);
Insert into ISSUE (ISSUE_SID,ISSUE_NO,MEM_NO,LABEL_NO,MILEST_SID,PROJ_NO,ISSUE_TITLE,ISSUE_CREATE_DATE,ISSUE_START_DATE,ISSUE_END_DATE,ISSUE_STATUS,ISSUE_PRIORITY,PROGRESS) values (203,1,3,130,28,245,'마일스톤과 칸반에 이슈가 등록 되도록 처리합니다.',to_date('2021-06-25 21:58:38','YYYY-MM-DD HH24:MI:SS'),to_date('2021-06-26 00:00:00','YYYY-MM-DD HH24:MI:SS'),to_date('2021-06-30 00:00:00','YYYY-MM-DD HH24:MI:SS'),'0',null,0);
Insert into ISSUE (ISSUE_SID,ISSUE_NO,MEM_NO,LABEL_NO,MILEST_SID,PROJ_NO,ISSUE_TITLE,ISSUE_CREATE_DATE,ISSUE_START_DATE,ISSUE_END_DATE,ISSUE_STATUS,ISSUE_PRIORITY,PROGRESS) values (204,11,4,135,24,104,'안녕하세요',to_date('2021-06-26 15:05:57','YYYY-MM-DD HH24:MI:SS'),to_date('2021-06-26 00:00:00','YYYY-MM-DD HH24:MI:SS'),to_date('2021-06-29 00:00:00','YYYY-MM-DD HH24:MI:SS'),'0',0,0);
Insert into ISSUE (ISSUE_SID,ISSUE_NO,MEM_NO,LABEL_NO,MILEST_SID,PROJ_NO,ISSUE_TITLE,ISSUE_CREATE_DATE,ISSUE_START_DATE,ISSUE_END_DATE,ISSUE_STATUS,ISSUE_PRIORITY,PROGRESS) values (205,1,3,139,29,247,'마일스톤 칸반 등록할 이슈 수정 가능',to_date('2021-06-26 15:20:51','YYYY-MM-DD HH24:MI:SS'),to_date('2021-06-14 00:00:00','YYYY-MM-DD HH24:MI:SS'),to_date('2021-06-16 00:00:00','YYYY-MM-DD HH24:MI:SS'),'1',0,0);
Insert into ISSUE (ISSUE_SID,ISSUE_NO,MEM_NO,LABEL_NO,MILEST_SID,PROJ_NO,ISSUE_TITLE,ISSUE_CREATE_DATE,ISSUE_START_DATE,ISSUE_END_DATE,ISSUE_STATUS,ISSUE_PRIORITY,PROGRESS) values (206,9,4,null,null,103,'최종 프로젝트 발표',to_date('2021-06-26 15:41:03','YYYY-MM-DD HH24:MI:SS'),to_date('2021-06-28 00:00:00','YYYY-MM-DD HH24:MI:SS'),to_date('2021-06-28 00:00:00','YYYY-MM-DD HH24:MI:SS'),'0',null,0);
Insert into ISSUE (ISSUE_SID,ISSUE_NO,MEM_NO,LABEL_NO,MILEST_SID,PROJ_NO,ISSUE_TITLE,ISSUE_CREATE_DATE,ISSUE_START_DATE,ISSUE_END_DATE,ISSUE_STATUS,ISSUE_PRIORITY,PROGRESS) values (207,1,3,143,null,248,'마일스톤과 칸반에 등록할 이슈',to_date('2021-06-26 16:26:23','YYYY-MM-DD HH24:MI:SS'),to_date('2021-06-27 00:00:00','YYYY-MM-DD HH24:MI:SS'),to_date('2021-07-04 00:00:00','YYYY-MM-DD HH24:MI:SS'),'1',0,0);
Insert into ISSUE (ISSUE_SID,ISSUE_NO,MEM_NO,LABEL_NO,MILEST_SID,PROJ_NO,ISSUE_TITLE,ISSUE_CREATE_DATE,ISSUE_START_DATE,ISSUE_END_DATE,ISSUE_STATUS,ISSUE_PRIORITY,PROGRESS) values (208,12,4,42,30,104,'캘린더와 칸반에 자동 등록된 이슈임',to_date('2021-06-26 17:18:49','YYYY-MM-DD HH24:MI:SS'),to_date('2021-06-26 00:00:00','YYYY-MM-DD HH24:MI:SS'),to_date('2021-06-28 00:00:00','YYYY-MM-DD HH24:MI:SS'),'0',null,0);
REM INSERTING into ISSUE_ASSIGNEE
SET DEFINE OFF;
Insert into ISSUE_ASSIGNEE (MEM_NO,ISSUE_SID) values (1,1);
Insert into ISSUE_ASSIGNEE (MEM_NO,ISSUE_SID) values (1,4);
Insert into ISSUE_ASSIGNEE (MEM_NO,ISSUE_SID) values (1,6);
Insert into ISSUE_ASSIGNEE (MEM_NO,ISSUE_SID) values (1,8);
Insert into ISSUE_ASSIGNEE (MEM_NO,ISSUE_SID) values (1,10);
Insert into ISSUE_ASSIGNEE (MEM_NO,ISSUE_SID) values (1,122);
Insert into ISSUE_ASSIGNEE (MEM_NO,ISSUE_SID) values (1,125);
Insert into ISSUE_ASSIGNEE (MEM_NO,ISSUE_SID) values (1,127);
Insert into ISSUE_ASSIGNEE (MEM_NO,ISSUE_SID) values (1,129);
Insert into ISSUE_ASSIGNEE (MEM_NO,ISSUE_SID) values (1,142);
Insert into ISSUE_ASSIGNEE (MEM_NO,ISSUE_SID) values (1,144);
Insert into ISSUE_ASSIGNEE (MEM_NO,ISSUE_SID) values (1,145);
Insert into ISSUE_ASSIGNEE (MEM_NO,ISSUE_SID) values (1,146);
Insert into ISSUE_ASSIGNEE (MEM_NO,ISSUE_SID) values (1,147);
Insert into ISSUE_ASSIGNEE (MEM_NO,ISSUE_SID) values (1,164);
Insert into ISSUE_ASSIGNEE (MEM_NO,ISSUE_SID) values (1,165);
Insert into ISSUE_ASSIGNEE (MEM_NO,ISSUE_SID) values (1,177);
Insert into ISSUE_ASSIGNEE (MEM_NO,ISSUE_SID) values (1,193);
Insert into ISSUE_ASSIGNEE (MEM_NO,ISSUE_SID) values (1,194);
Insert into ISSUE_ASSIGNEE (MEM_NO,ISSUE_SID) values (1,196);
Insert into ISSUE_ASSIGNEE (MEM_NO,ISSUE_SID) values (1,197);
Insert into ISSUE_ASSIGNEE (MEM_NO,ISSUE_SID) values (1,198);
Insert into ISSUE_ASSIGNEE (MEM_NO,ISSUE_SID) values (1,199);
Insert into ISSUE_ASSIGNEE (MEM_NO,ISSUE_SID) values (1,201);
Insert into ISSUE_ASSIGNEE (MEM_NO,ISSUE_SID) values (1,202);
Insert into ISSUE_ASSIGNEE (MEM_NO,ISSUE_SID) values (1,204);
Insert into ISSUE_ASSIGNEE (MEM_NO,ISSUE_SID) values (1,208);
Insert into ISSUE_ASSIGNEE (MEM_NO,ISSUE_SID) values (2,1);
Insert into ISSUE_ASSIGNEE (MEM_NO,ISSUE_SID) values (2,5);
Insert into ISSUE_ASSIGNEE (MEM_NO,ISSUE_SID) values (2,6);
Insert into ISSUE_ASSIGNEE (MEM_NO,ISSUE_SID) values (2,7);
Insert into ISSUE_ASSIGNEE (MEM_NO,ISSUE_SID) values (2,8);
Insert into ISSUE_ASSIGNEE (MEM_NO,ISSUE_SID) values (2,9);
Insert into ISSUE_ASSIGNEE (MEM_NO,ISSUE_SID) values (2,10);
Insert into ISSUE_ASSIGNEE (MEM_NO,ISSUE_SID) values (2,125);
Insert into ISSUE_ASSIGNEE (MEM_NO,ISSUE_SID) values (2,129);
Insert into ISSUE_ASSIGNEE (MEM_NO,ISSUE_SID) values (2,130);
Insert into ISSUE_ASSIGNEE (MEM_NO,ISSUE_SID) values (2,142);
Insert into ISSUE_ASSIGNEE (MEM_NO,ISSUE_SID) values (2,145);
Insert into ISSUE_ASSIGNEE (MEM_NO,ISSUE_SID) values (2,204);
Insert into ISSUE_ASSIGNEE (MEM_NO,ISSUE_SID) values (3,2);
Insert into ISSUE_ASSIGNEE (MEM_NO,ISSUE_SID) values (3,5);
Insert into ISSUE_ASSIGNEE (MEM_NO,ISSUE_SID) values (3,6);
Insert into ISSUE_ASSIGNEE (MEM_NO,ISSUE_SID) values (3,7);
Insert into ISSUE_ASSIGNEE (MEM_NO,ISSUE_SID) values (3,8);
Insert into ISSUE_ASSIGNEE (MEM_NO,ISSUE_SID) values (3,9);
Insert into ISSUE_ASSIGNEE (MEM_NO,ISSUE_SID) values (3,10);
Insert into ISSUE_ASSIGNEE (MEM_NO,ISSUE_SID) values (3,120);
Insert into ISSUE_ASSIGNEE (MEM_NO,ISSUE_SID) values (3,128);
Insert into ISSUE_ASSIGNEE (MEM_NO,ISSUE_SID) values (3,150);
Insert into ISSUE_ASSIGNEE (MEM_NO,ISSUE_SID) values (3,151);
Insert into ISSUE_ASSIGNEE (MEM_NO,ISSUE_SID) values (3,152);
Insert into ISSUE_ASSIGNEE (MEM_NO,ISSUE_SID) values (3,161);
Insert into ISSUE_ASSIGNEE (MEM_NO,ISSUE_SID) values (3,169);
Insert into ISSUE_ASSIGNEE (MEM_NO,ISSUE_SID) values (3,170);
Insert into ISSUE_ASSIGNEE (MEM_NO,ISSUE_SID) values (3,171);
Insert into ISSUE_ASSIGNEE (MEM_NO,ISSUE_SID) values (3,173);
Insert into ISSUE_ASSIGNEE (MEM_NO,ISSUE_SID) values (3,179);
Insert into ISSUE_ASSIGNEE (MEM_NO,ISSUE_SID) values (3,182);
Insert into ISSUE_ASSIGNEE (MEM_NO,ISSUE_SID) values (3,183);
Insert into ISSUE_ASSIGNEE (MEM_NO,ISSUE_SID) values (3,185);
Insert into ISSUE_ASSIGNEE (MEM_NO,ISSUE_SID) values (3,189);
Insert into ISSUE_ASSIGNEE (MEM_NO,ISSUE_SID) values (3,191);
Insert into ISSUE_ASSIGNEE (MEM_NO,ISSUE_SID) values (3,196);
Insert into ISSUE_ASSIGNEE (MEM_NO,ISSUE_SID) values (3,197);
Insert into ISSUE_ASSIGNEE (MEM_NO,ISSUE_SID) values (3,198);
Insert into ISSUE_ASSIGNEE (MEM_NO,ISSUE_SID) values (3,199);
Insert into ISSUE_ASSIGNEE (MEM_NO,ISSUE_SID) values (3,203);
Insert into ISSUE_ASSIGNEE (MEM_NO,ISSUE_SID) values (3,205);
Insert into ISSUE_ASSIGNEE (MEM_NO,ISSUE_SID) values (3,207);
Insert into ISSUE_ASSIGNEE (MEM_NO,ISSUE_SID) values (4,3);
Insert into ISSUE_ASSIGNEE (MEM_NO,ISSUE_SID) values (4,5);
Insert into ISSUE_ASSIGNEE (MEM_NO,ISSUE_SID) values (4,6);
Insert into ISSUE_ASSIGNEE (MEM_NO,ISSUE_SID) values (4,7);
Insert into ISSUE_ASSIGNEE (MEM_NO,ISSUE_SID) values (4,8);
Insert into ISSUE_ASSIGNEE (MEM_NO,ISSUE_SID) values (4,122);
Insert into ISSUE_ASSIGNEE (MEM_NO,ISSUE_SID) values (4,125);
Insert into ISSUE_ASSIGNEE (MEM_NO,ISSUE_SID) values (4,126);
Insert into ISSUE_ASSIGNEE (MEM_NO,ISSUE_SID) values (4,130);
Insert into ISSUE_ASSIGNEE (MEM_NO,ISSUE_SID) values (4,131);
Insert into ISSUE_ASSIGNEE (MEM_NO,ISSUE_SID) values (4,132);
Insert into ISSUE_ASSIGNEE (MEM_NO,ISSUE_SID) values (4,133);
Insert into ISSUE_ASSIGNEE (MEM_NO,ISSUE_SID) values (4,153);
Insert into ISSUE_ASSIGNEE (MEM_NO,ISSUE_SID) values (4,154);
Insert into ISSUE_ASSIGNEE (MEM_NO,ISSUE_SID) values (4,155);
Insert into ISSUE_ASSIGNEE (MEM_NO,ISSUE_SID) values (4,156);
Insert into ISSUE_ASSIGNEE (MEM_NO,ISSUE_SID) values (4,157);
Insert into ISSUE_ASSIGNEE (MEM_NO,ISSUE_SID) values (4,158);
Insert into ISSUE_ASSIGNEE (MEM_NO,ISSUE_SID) values (4,162);
Insert into ISSUE_ASSIGNEE (MEM_NO,ISSUE_SID) values (4,163);
Insert into ISSUE_ASSIGNEE (MEM_NO,ISSUE_SID) values (4,164);
Insert into ISSUE_ASSIGNEE (MEM_NO,ISSUE_SID) values (4,166);
Insert into ISSUE_ASSIGNEE (MEM_NO,ISSUE_SID) values (4,167);
Insert into ISSUE_ASSIGNEE (MEM_NO,ISSUE_SID) values (4,168);
Insert into ISSUE_ASSIGNEE (MEM_NO,ISSUE_SID) values (4,169);
Insert into ISSUE_ASSIGNEE (MEM_NO,ISSUE_SID) values (4,172);
Insert into ISSUE_ASSIGNEE (MEM_NO,ISSUE_SID) values (4,174);
Insert into ISSUE_ASSIGNEE (MEM_NO,ISSUE_SID) values (4,175);
Insert into ISSUE_ASSIGNEE (MEM_NO,ISSUE_SID) values (4,176);
Insert into ISSUE_ASSIGNEE (MEM_NO,ISSUE_SID) values (4,178);
Insert into ISSUE_ASSIGNEE (MEM_NO,ISSUE_SID) values (4,180);
Insert into ISSUE_ASSIGNEE (MEM_NO,ISSUE_SID) values (4,181);
Insert into ISSUE_ASSIGNEE (MEM_NO,ISSUE_SID) values (4,182);
Insert into ISSUE_ASSIGNEE (MEM_NO,ISSUE_SID) values (4,183);
Insert into ISSUE_ASSIGNEE (MEM_NO,ISSUE_SID) values (4,184);
Insert into ISSUE_ASSIGNEE (MEM_NO,ISSUE_SID) values (4,186);
Insert into ISSUE_ASSIGNEE (MEM_NO,ISSUE_SID) values (4,189);
Insert into ISSUE_ASSIGNEE (MEM_NO,ISSUE_SID) values (4,190);
Insert into ISSUE_ASSIGNEE (MEM_NO,ISSUE_SID) values (4,195);
Insert into ISSUE_ASSIGNEE (MEM_NO,ISSUE_SID) values (4,196);
Insert into ISSUE_ASSIGNEE (MEM_NO,ISSUE_SID) values (4,197);
Insert into ISSUE_ASSIGNEE (MEM_NO,ISSUE_SID) values (4,198);
Insert into ISSUE_ASSIGNEE (MEM_NO,ISSUE_SID) values (4,199);
Insert into ISSUE_ASSIGNEE (MEM_NO,ISSUE_SID) values (4,200);
Insert into ISSUE_ASSIGNEE (MEM_NO,ISSUE_SID) values (4,202);
Insert into ISSUE_ASSIGNEE (MEM_NO,ISSUE_SID) values (4,204);
Insert into ISSUE_ASSIGNEE (MEM_NO,ISSUE_SID) values (4,206);
Insert into ISSUE_ASSIGNEE (MEM_NO,ISSUE_SID) values (4,208);
Insert into ISSUE_ASSIGNEE (MEM_NO,ISSUE_SID) values (5,148);
Insert into ISSUE_ASSIGNEE (MEM_NO,ISSUE_SID) values (5,149);
Insert into ISSUE_ASSIGNEE (MEM_NO,ISSUE_SID) values (5,159);
Insert into ISSUE_ASSIGNEE (MEM_NO,ISSUE_SID) values (5,160);
Insert into ISSUE_ASSIGNEE (MEM_NO,ISSUE_SID) values (5,161);
Insert into ISSUE_ASSIGNEE (MEM_NO,ISSUE_SID) values (5,163);
Insert into ISSUE_ASSIGNEE (MEM_NO,ISSUE_SID) values (5,187);
Insert into ISSUE_ASSIGNEE (MEM_NO,ISSUE_SID) values (5,188);
Insert into ISSUE_ASSIGNEE (MEM_NO,ISSUE_SID) values (5,192);
Insert into ISSUE_ASSIGNEE (MEM_NO,ISSUE_SID) values (6,114);
Insert into ISSUE_ASSIGNEE (MEM_NO,ISSUE_SID) values (6,122);
Insert into ISSUE_ASSIGNEE (MEM_NO,ISSUE_SID) values (6,123);
Insert into ISSUE_ASSIGNEE (MEM_NO,ISSUE_SID) values (42,204);
Insert into ISSUE_ASSIGNEE (MEM_NO,ISSUE_SID) values (42,205);
Insert into ISSUE_ASSIGNEE (MEM_NO,ISSUE_SID) values (42,208);
Insert into ISSUE_ASSIGNEE (MEM_NO,ISSUE_SID) values (245,133);
Insert into ISSUE_ASSIGNEE (MEM_NO,ISSUE_SID) values (247,133);
Insert into ISSUE_ASSIGNEE (MEM_NO,ISSUE_SID) values (247,206);
Insert into ISSUE_ASSIGNEE (MEM_NO,ISSUE_SID) values (249,134);
Insert into ISSUE_ASSIGNEE (MEM_NO,ISSUE_SID) values (251,133);
Insert into ISSUE_ASSIGNEE (MEM_NO,ISSUE_SID) values (251,140);
Insert into ISSUE_ASSIGNEE (MEM_NO,ISSUE_SID) values (256,206);
Insert into ISSUE_ASSIGNEE (MEM_NO,ISSUE_SID) values (264,134);
Insert into ISSUE_ASSIGNEE (MEM_NO,ISSUE_SID) values (323,207);
REM INSERTING into ISSUE_HISTORY
SET DEFINE OFF;
Insert into ISSUE_HISTORY (ISSUE_HIS_NO,ISSUE_SID,MEM_NO,ISSUE_HIS_CONT,ISSUE_HIS_DATE,ISSUE_HIS_TYPE,ATCH_FILE_SID) values (7,10,1,'이슈의 라벨이 ''테스트''로 변경됨123',to_date('2027-05-10 00:00:00','YYYY-MM-DD HH24:MI:SS'),'LB',null);
Insert into ISSUE_HISTORY (ISSUE_HIS_NO,ISSUE_SID,MEM_NO,ISSUE_HIS_CONT,ISSUE_HIS_DATE,ISSUE_HIS_TYPE,ATCH_FILE_SID) values (37,19,4,'eee',to_date('2021-06-02 00:00:00','YYYY-MM-DD HH24:MI:SS'),'RE',null);
Insert into ISSUE_HISTORY (ISSUE_HIS_NO,ISSUE_SID,MEM_NO,ISSUE_HIS_CONT,ISSUE_HIS_DATE,ISSUE_HIS_TYPE,ATCH_FILE_SID) values (38,19,4,'&gt; &gt; &lt; &lt; 얍 얍',to_date('2021-06-02 00:00:00','YYYY-MM-DD HH24:MI:SS'),'RE',null);
Insert into ISSUE_HISTORY (ISSUE_HIS_NO,ISSUE_SID,MEM_NO,ISSUE_HIS_CONT,ISSUE_HIS_DATE,ISSUE_HIS_TYPE,ATCH_FILE_SID) values (39,19,4,'엥?',to_date('2021-06-02 00:00:00','YYYY-MM-DD HH24:MI:SS'),'RE',null);
Insert into ISSUE_HISTORY (ISSUE_HIS_NO,ISSUE_SID,MEM_NO,ISSUE_HIS_CONT,ISSUE_HIS_DATE,ISSUE_HIS_TYPE,ATCH_FILE_SID) values (41,19,4,'&gt; 화이팅',to_date('2021-06-02 00:00:00','YYYY-MM-DD HH24:MI:SS'),'RE',null);
Insert into ISSUE_HISTORY (ISSUE_HIS_NO,ISSUE_SID,MEM_NO,ISSUE_HIS_CONT,ISSUE_HIS_DATE,ISSUE_HIS_TYPE,ATCH_FILE_SID) values (42,19,4,'&gt; 화이팅',to_date('2021-06-02 00:00:00','YYYY-MM-DD HH24:MI:SS'),'RE',null);
Insert into ISSUE_HISTORY (ISSUE_HIS_NO,ISSUE_SID,MEM_NO,ISSUE_HIS_CONT,ISSUE_HIS_DATE,ISSUE_HIS_TYPE,ATCH_FILE_SID) values (43,19,4,'&gt; 화이팅',to_date('2021-06-02 00:00:00','YYYY-MM-DD HH24:MI:SS'),'RE',null);
Insert into ISSUE_HISTORY (ISSUE_HIS_NO,ISSUE_SID,MEM_NO,ISSUE_HIS_CONT,ISSUE_HIS_DATE,ISSUE_HIS_TYPE,ATCH_FILE_SID) values (44,19,4,'# 안녕하세요',to_date('2021-06-02 00:00:00','YYYY-MM-DD HH24:MI:SS'),'RE',null);
Insert into ISSUE_HISTORY (ISSUE_HIS_NO,ISSUE_SID,MEM_NO,ISSUE_HIS_CONT,ISSUE_HIS_DATE,ISSUE_HIS_TYPE,ATCH_FILE_SID) values (45,19,4,'&gt; 꺽새',to_date('2021-06-02 00:00:00','YYYY-MM-DD HH24:MI:SS'),'RE',null);
Insert into ISSUE_HISTORY (ISSUE_HIS_NO,ISSUE_SID,MEM_NO,ISSUE_HIS_CONT,ISSUE_HIS_DATE,ISSUE_HIS_TYPE,ATCH_FILE_SID) values (46,19,4,'&gt; hi',to_date('2021-06-02 00:00:00','YYYY-MM-DD HH24:MI:SS'),'RE',null);
Insert into ISSUE_HISTORY (ISSUE_HIS_NO,ISSUE_SID,MEM_NO,ISSUE_HIS_CONT,ISSUE_HIS_DATE,ISSUE_HIS_TYPE,ATCH_FILE_SID) values (47,19,4,'&gt; 전송',to_date('2021-06-02 00:00:00','YYYY-MM-DD HH24:MI:SS'),'RE',null);
Insert into ISSUE_HISTORY (ISSUE_HIS_NO,ISSUE_SID,MEM_NO,ISSUE_HIS_CONT,ISSUE_HIS_DATE,ISSUE_HIS_TYPE,ATCH_FILE_SID) values (48,19,4,'&gt; 재 전송',to_date('2021-06-02 00:00:00','YYYY-MM-DD HH24:MI:SS'),'RE',null);
Insert into ISSUE_HISTORY (ISSUE_HIS_NO,ISSUE_SID,MEM_NO,ISSUE_HIS_CONT,ISSUE_HIS_DATE,ISSUE_HIS_TYPE,ATCH_FILE_SID) values (69,22,4,'이슈 백개 등록해아함',to_date('2021-06-03 00:00:00','YYYY-MM-DD HH24:MI:SS'),'RE',null);
Insert into ISSUE_HISTORY (ISSUE_HIS_NO,ISSUE_SID,MEM_NO,ISSUE_HIS_CONT,ISSUE_HIS_DATE,ISSUE_HIS_TYPE,ATCH_FILE_SID) values (70,23,4,'ㅇㅇ',to_date('2021-06-03 00:00:00','YYYY-MM-DD HH24:MI:SS'),'RE',null);
Insert into ISSUE_HISTORY (ISSUE_HIS_NO,ISSUE_SID,MEM_NO,ISSUE_HIS_CONT,ISSUE_HIS_DATE,ISSUE_HIS_TYPE,ATCH_FILE_SID) values (71,24,4,'페이징맨~',to_date('2021-06-03 00:00:00','YYYY-MM-DD HH24:MI:SS'),'RE',null);
Insert into ISSUE_HISTORY (ISSUE_HIS_NO,ISSUE_SID,MEM_NO,ISSUE_HIS_CONT,ISSUE_HIS_DATE,ISSUE_HIS_TYPE,ATCH_FILE_SID) values (77,104,4,'# 나
## 죽네
### 나 죽어
> 아이고

테이블|만들기|해볼까
--|--|--|
그래|별거|아니군
ㅎㅎ|ㅅㄱ|ㅇㅇ',to_date('2021-06-03 00:00:00','YYYY-MM-DD HH24:MI:SS'),'RE',null);
Insert into ISSUE_HISTORY (ISSUE_HIS_NO,ISSUE_SID,MEM_NO,ISSUE_HIS_CONT,ISSUE_HIS_DATE,ISSUE_HIS_TYPE,ATCH_FILE_SID) values (78,104,4,'ggg',to_date('2021-06-03 00:00:00','YYYY-MM-DD HH24:MI:SS'),'RE',null);
Insert into ISSUE_HISTORY (ISSUE_HIS_NO,ISSUE_SID,MEM_NO,ISSUE_HIS_CONT,ISSUE_HIS_DATE,ISSUE_HIS_TYPE,ATCH_FILE_SID) values (79,105,4,'해본다.',to_date('2021-06-03 00:00:00','YYYY-MM-DD HH24:MI:SS'),'RE',null);
Insert into ISSUE_HISTORY (ISSUE_HIS_NO,ISSUE_SID,MEM_NO,ISSUE_HIS_CONT,ISSUE_HIS_DATE,ISSUE_HIS_TYPE,ATCH_FILE_SID) values (80,106,4,'ㅇㅇ~',to_date('2021-06-03 00:00:00','YYYY-MM-DD HH24:MI:SS'),'RE',null);
Insert into ISSUE_HISTORY (ISSUE_HIS_NO,ISSUE_SID,MEM_NO,ISSUE_HIS_CONT,ISSUE_HIS_DATE,ISSUE_HIS_TYPE,ATCH_FILE_SID) values (81,107,4,'그냥 해본다',to_date('2021-06-03 00:00:00','YYYY-MM-DD HH24:MI:SS'),'RE',null);
Insert into ISSUE_HISTORY (ISSUE_HIS_NO,ISSUE_SID,MEM_NO,ISSUE_HIS_CONT,ISSUE_HIS_DATE,ISSUE_HIS_TYPE,ATCH_FILE_SID) values (82,107,4,'네',to_date('2021-06-03 00:00:00','YYYY-MM-DD HH24:MI:SS'),'RE',null);
Insert into ISSUE_HISTORY (ISSUE_HIS_NO,ISSUE_SID,MEM_NO,ISSUE_HIS_CONT,ISSUE_HIS_DATE,ISSUE_HIS_TYPE,ATCH_FILE_SID) values (83,107,4,'ㅇㅇㅇ',to_date('2021-06-03 00:00:00','YYYY-MM-DD HH24:MI:SS'),'RE',null);
Insert into ISSUE_HISTORY (ISSUE_HIS_NO,ISSUE_SID,MEM_NO,ISSUE_HIS_CONT,ISSUE_HIS_DATE,ISSUE_HIS_TYPE,ATCH_FILE_SID) values (84,107,4,'> 에잉?',to_date('2021-06-03 00:00:00','YYYY-MM-DD HH24:MI:SS'),'RE',null);
Insert into ISSUE_HISTORY (ISSUE_HIS_NO,ISSUE_SID,MEM_NO,ISSUE_HIS_CONT,ISSUE_HIS_DATE,ISSUE_HIS_TYPE,ATCH_FILE_SID) values (85,107,4,'댛글쓰',to_date('2021-06-03 00:00:00','YYYY-MM-DD HH24:MI:SS'),'RE',null);
Insert into ISSUE_HISTORY (ISSUE_HIS_NO,ISSUE_SID,MEM_NO,ISSUE_HIS_CONT,ISSUE_HIS_DATE,ISSUE_HIS_TYPE,ATCH_FILE_SID) values (86,107,4,'ㅁㄴㅇㄹ',to_date('2021-06-03 00:00:00','YYYY-MM-DD HH24:MI:SS'),'RE',null);
Insert into ISSUE_HISTORY (ISSUE_HIS_NO,ISSUE_SID,MEM_NO,ISSUE_HIS_CONT,ISSUE_HIS_DATE,ISSUE_HIS_TYPE,ATCH_FILE_SID) values (87,107,4,'ㅈㄷㄱ',to_date('2021-06-03 00:00:00','YYYY-MM-DD HH24:MI:SS'),'RE',null);
Insert into ISSUE_HISTORY (ISSUE_HIS_NO,ISSUE_SID,MEM_NO,ISSUE_HIS_CONT,ISSUE_HIS_DATE,ISSUE_HIS_TYPE,ATCH_FILE_SID) values (92,112,4,'힘들다 힘들어 ~~
> ㅎㅎ ',to_date('2021-06-03 00:00:00','YYYY-MM-DD HH24:MI:SS'),'RE',null);
Insert into ISSUE_HISTORY (ISSUE_HIS_NO,ISSUE_SID,MEM_NO,ISSUE_HIS_CONT,ISSUE_HIS_DATE,ISSUE_HIS_TYPE,ATCH_FILE_SID) values (93,112,4,'아 성공했다!',to_date('2021-06-03 00:00:00','YYYY-MM-DD HH24:MI:SS'),'RE',null);
Insert into ISSUE_HISTORY (ISSUE_HIS_NO,ISSUE_SID,MEM_NO,ISSUE_HIS_CONT,ISSUE_HIS_DATE,ISSUE_HIS_TYPE,ATCH_FILE_SID) values (95,112,4,'ㅎㅎㅎ',to_date('2021-06-04 00:00:00','YYYY-MM-DD HH24:MI:SS'),'RE',null);
Insert into ISSUE_HISTORY (ISSUE_HIS_NO,ISSUE_SID,MEM_NO,ISSUE_HIS_CONT,ISSUE_HIS_DATE,ISSUE_HIS_TYPE,ATCH_FILE_SID) values (96,112,4,'댓글 테스트',to_date('2021-06-04 00:00:00','YYYY-MM-DD HH24:MI:SS'),'RE',null);
Insert into ISSUE_HISTORY (ISSUE_HIS_NO,ISSUE_SID,MEM_NO,ISSUE_HIS_CONT,ISSUE_HIS_DATE,ISSUE_HIS_TYPE,ATCH_FILE_SID) values (100,112,4,'이슈 댓글',to_date('2021-06-04 00:00:00','YYYY-MM-DD HH24:MI:SS'),'RE',null);
Insert into ISSUE_HISTORY (ISSUE_HIS_NO,ISSUE_SID,MEM_NO,ISSUE_HIS_CONT,ISSUE_HIS_DATE,ISSUE_HIS_TYPE,ATCH_FILE_SID) values (101,112,4,'이슈 댓글 ㅌㅅㅌ',to_date('2021-06-04 00:00:00','YYYY-MM-DD HH24:MI:SS'),'RE',null);
Insert into ISSUE_HISTORY (ISSUE_HIS_NO,ISSUE_SID,MEM_NO,ISSUE_HIS_CONT,ISSUE_HIS_DATE,ISSUE_HIS_TYPE,ATCH_FILE_SID) values (106,114,4,'이거 되면 다 되는거',to_date('2021-06-06 00:00:00','YYYY-MM-DD HH24:MI:SS'),'RE',null);
Insert into ISSUE_HISTORY (ISSUE_HIS_NO,ISSUE_SID,MEM_NO,ISSUE_HIS_CONT,ISSUE_HIS_DATE,ISSUE_HIS_TYPE,ATCH_FILE_SID) values (107,114,4,'ㅇㅇ',to_date('2021-06-06 00:00:00','YYYY-MM-DD HH24:MI:SS'),'RE',null);
Insert into ISSUE_HISTORY (ISSUE_HIS_NO,ISSUE_SID,MEM_NO,ISSUE_HIS_CONT,ISSUE_HIS_DATE,ISSUE_HIS_TYPE,ATCH_FILE_SID) values (108,114,4,'넵',to_date('2021-06-06 00:00:00','YYYY-MM-DD HH24:MI:SS'),'RE',null);
Insert into ISSUE_HISTORY (ISSUE_HIS_NO,ISSUE_SID,MEM_NO,ISSUE_HIS_CONT,ISSUE_HIS_DATE,ISSUE_HIS_TYPE,ATCH_FILE_SID) values (109,114,4,'ㅎㅎ',to_date('2021-06-07 00:00:00','YYYY-MM-DD HH24:MI:SS'),'RE',null);
Insert into ISSUE_HISTORY (ISSUE_HIS_NO,ISSUE_SID,MEM_NO,ISSUE_HIS_CONT,ISSUE_HIS_DATE,ISSUE_HIS_TYPE,ATCH_FILE_SID) values (110,114,4,'ㅎㅎ',to_date('2021-06-07 00:00:00','YYYY-MM-DD HH24:MI:SS'),'RE',null);
Insert into ISSUE_HISTORY (ISSUE_HIS_NO,ISSUE_SID,MEM_NO,ISSUE_HIS_CONT,ISSUE_HIS_DATE,ISSUE_HIS_TYPE,ATCH_FILE_SID) values (111,114,4,'ㅎㅎ',to_date('2021-06-07 00:00:00','YYYY-MM-DD HH24:MI:SS'),'RE',null);
Insert into ISSUE_HISTORY (ISSUE_HIS_NO,ISSUE_SID,MEM_NO,ISSUE_HIS_CONT,ISSUE_HIS_DATE,ISSUE_HIS_TYPE,ATCH_FILE_SID) values (114,114,4,'알람 객체 재확인',to_date('2021-06-07 00:00:00','YYYY-MM-DD HH24:MI:SS'),'RE',null);
Insert into ISSUE_HISTORY (ISSUE_HIS_NO,ISSUE_SID,MEM_NO,ISSUE_HIS_CONT,ISSUE_HIS_DATE,ISSUE_HIS_TYPE,ATCH_FILE_SID) values (117,114,4,'알람 생성 테스트',to_date('2021-06-07 00:00:00','YYYY-MM-DD HH24:MI:SS'),'RE',null);
Insert into ISSUE_HISTORY (ISSUE_HIS_NO,ISSUE_SID,MEM_NO,ISSUE_HIS_CONT,ISSUE_HIS_DATE,ISSUE_HIS_TYPE,ATCH_FILE_SID) values (121,114,4,'gggg',to_date('2021-06-08 00:00:00','YYYY-MM-DD HH24:MI:SS'),'RE',null);
Insert into ISSUE_HISTORY (ISSUE_HIS_NO,ISSUE_SID,MEM_NO,ISSUE_HIS_CONT,ISSUE_HIS_DATE,ISSUE_HIS_TYPE,ATCH_FILE_SID) values (122,114,4,'알람 갈까?',to_date('2021-06-08 00:00:00','YYYY-MM-DD HH24:MI:SS'),'RE',null);
Insert into ISSUE_HISTORY (ISSUE_HIS_NO,ISSUE_SID,MEM_NO,ISSUE_HIS_CONT,ISSUE_HIS_DATE,ISSUE_HIS_TYPE,ATCH_FILE_SID) values (123,114,4,'알람 가냐궁 !!!',to_date('2021-06-08 00:00:00','YYYY-MM-DD HH24:MI:SS'),'RE',null);
Insert into ISSUE_HISTORY (ISSUE_HIS_NO,ISSUE_SID,MEM_NO,ISSUE_HIS_CONT,ISSUE_HIS_DATE,ISSUE_HIS_TYPE,ATCH_FILE_SID) values (137,114,4,'알람 또 보내본당~',to_date('2021-06-09 00:00:00','YYYY-MM-DD HH24:MI:SS'),'RE',null);
Insert into ISSUE_HISTORY (ISSUE_HIS_NO,ISSUE_SID,MEM_NO,ISSUE_HIS_CONT,ISSUE_HIS_DATE,ISSUE_HIS_TYPE,ATCH_FILE_SID) values (147,115,4,'test',to_date('2021-06-10 00:00:00','YYYY-MM-DD HH24:MI:SS'),'RE',null);
Insert into ISSUE_HISTORY (ISSUE_HIS_NO,ISSUE_SID,MEM_NO,ISSUE_HIS_CONT,ISSUE_HIS_DATE,ISSUE_HIS_TYPE,ATCH_FILE_SID) values (148,115,4,'test2',to_date('2021-06-10 00:00:00','YYYY-MM-DD HH24:MI:SS'),'RE',null);
Insert into ISSUE_HISTORY (ISSUE_HIS_NO,ISSUE_SID,MEM_NO,ISSUE_HIS_CONT,ISSUE_HIS_DATE,ISSUE_HIS_TYPE,ATCH_FILE_SID) values (163,114,4,'알림',to_date('2021-06-10 00:00:00','YYYY-MM-DD HH24:MI:SS'),'RE',null);
Insert into ISSUE_HISTORY (ISSUE_HIS_NO,ISSUE_SID,MEM_NO,ISSUE_HIS_CONT,ISSUE_HIS_DATE,ISSUE_HIS_TYPE,ATCH_FILE_SID) values (164,114,4,'good',to_date('2021-06-10 00:00:00','YYYY-MM-DD HH24:MI:SS'),'RE',null);
Insert into ISSUE_HISTORY (ISSUE_HIS_NO,ISSUE_SID,MEM_NO,ISSUE_HIS_CONT,ISSUE_HIS_DATE,ISSUE_HIS_TYPE,ATCH_FILE_SID) values (170,114,4,'abcd',to_date('2021-06-10 00:00:00','YYYY-MM-DD HH24:MI:SS'),'RE',null);
Insert into ISSUE_HISTORY (ISSUE_HIS_NO,ISSUE_SID,MEM_NO,ISSUE_HIS_CONT,ISSUE_HIS_DATE,ISSUE_HIS_TYPE,ATCH_FILE_SID) values (171,114,4,'abcd',to_date('2021-06-10 00:00:00','YYYY-MM-DD HH24:MI:SS'),'RE',null);
Insert into ISSUE_HISTORY (ISSUE_HIS_NO,ISSUE_SID,MEM_NO,ISSUE_HIS_CONT,ISSUE_HIS_DATE,ISSUE_HIS_TYPE,ATCH_FILE_SID) values (172,116,3,'### 이슈 입니다.',to_date('2021-06-10 00:00:00','YYYY-MM-DD HH24:MI:SS'),'RE',null);
Insert into ISSUE_HISTORY (ISSUE_HIS_NO,ISSUE_SID,MEM_NO,ISSUE_HIS_CONT,ISSUE_HIS_DATE,ISSUE_HIS_TYPE,ATCH_FILE_SID) values (173,116,4,'gd',to_date('2021-06-10 00:00:00','YYYY-MM-DD HH24:MI:SS'),'RE',null);
Insert into ISSUE_HISTORY (ISSUE_HIS_NO,ISSUE_SID,MEM_NO,ISSUE_HIS_CONT,ISSUE_HIS_DATE,ISSUE_HIS_TYPE,ATCH_FILE_SID) values (174,116,4,'ㅎㅇ',to_date('2021-06-10 00:00:00','YYYY-MM-DD HH24:MI:SS'),'RE',null);
Insert into ISSUE_HISTORY (ISSUE_HIS_NO,ISSUE_SID,MEM_NO,ISSUE_HIS_CONT,ISSUE_HIS_DATE,ISSUE_HIS_TYPE,ATCH_FILE_SID) values (175,116,4,'ㅎㅇㅎㅇ',to_date('2021-06-10 00:00:00','YYYY-MM-DD HH24:MI:SS'),'RE',null);
Insert into ISSUE_HISTORY (ISSUE_HIS_NO,ISSUE_SID,MEM_NO,ISSUE_HIS_CONT,ISSUE_HIS_DATE,ISSUE_HIS_TYPE,ATCH_FILE_SID) values (176,116,4,'ㅋㅋㅋ',to_date('2021-06-10 00:00:00','YYYY-MM-DD HH24:MI:SS'),'RE',null);
Insert into ISSUE_HISTORY (ISSUE_HIS_NO,ISSUE_SID,MEM_NO,ISSUE_HIS_CONT,ISSUE_HIS_DATE,ISSUE_HIS_TYPE,ATCH_FILE_SID) values (177,116,4,'할룽~~',to_date('2021-06-10 00:00:00','YYYY-MM-DD HH24:MI:SS'),'RE',null);
Insert into ISSUE_HISTORY (ISSUE_HIS_NO,ISSUE_SID,MEM_NO,ISSUE_HIS_CONT,ISSUE_HIS_DATE,ISSUE_HIS_TYPE,ATCH_FILE_SID) values (179,116,4,'헬로 조쉬',to_date('2021-06-10 00:00:00','YYYY-MM-DD HH24:MI:SS'),'RE',null);
Insert into ISSUE_HISTORY (ISSUE_HIS_NO,ISSUE_SID,MEM_NO,ISSUE_HIS_CONT,ISSUE_HIS_DATE,ISSUE_HIS_TYPE,ATCH_FILE_SID) values (180,116,4,'ㅎㅇㅎㅇ',to_date('2021-06-10 00:00:00','YYYY-MM-DD HH24:MI:SS'),'RE',null);
Insert into ISSUE_HISTORY (ISSUE_HIS_NO,ISSUE_SID,MEM_NO,ISSUE_HIS_CONT,ISSUE_HIS_DATE,ISSUE_HIS_TYPE,ATCH_FILE_SID) values (181,115,3,'글 달아봅니다',to_date('2021-06-10 00:00:00','YYYY-MM-DD HH24:MI:SS'),'RE',null);
Insert into ISSUE_HISTORY (ISSUE_HIS_NO,ISSUE_SID,MEM_NO,ISSUE_HIS_CONT,ISSUE_HIS_DATE,ISSUE_HIS_TYPE,ATCH_FILE_SID) values (182,115,3,'ㄸㄷ',to_date('2021-06-10 00:00:00','YYYY-MM-DD HH24:MI:SS'),'RE',null);
Insert into ISSUE_HISTORY (ISSUE_HIS_NO,ISSUE_SID,MEM_NO,ISSUE_HIS_CONT,ISSUE_HIS_DATE,ISSUE_HIS_TYPE,ATCH_FILE_SID) values (189,115,4,'def',to_date('2021-06-10 00:00:00','YYYY-MM-DD HH24:MI:SS'),'RE',null);
Insert into ISSUE_HISTORY (ISSUE_HIS_NO,ISSUE_SID,MEM_NO,ISSUE_HIS_CONT,ISSUE_HIS_DATE,ISSUE_HIS_TYPE,ATCH_FILE_SID) values (191,115,4,'aaaa',to_date('2021-06-10 00:00:00','YYYY-MM-DD HH24:MI:SS'),'RE',null);
Insert into ISSUE_HISTORY (ISSUE_HIS_NO,ISSUE_SID,MEM_NO,ISSUE_HIS_CONT,ISSUE_HIS_DATE,ISSUE_HIS_TYPE,ATCH_FILE_SID) values (248,115,4,'afsdfds',to_date('2021-06-11 00:00:00','YYYY-MM-DD HH24:MI:SS'),'RE',null);
Insert into ISSUE_HISTORY (ISSUE_HIS_NO,ISSUE_SID,MEM_NO,ISSUE_HIS_CONT,ISSUE_HIS_DATE,ISSUE_HIS_TYPE,ATCH_FILE_SID) values (285,123,4,'제목 내용만 쓰는 테스트',to_date('2021-06-18 00:00:00','YYYY-MM-DD HH24:MI:SS'),'RE',null);
Insert into ISSUE_HISTORY (ISSUE_HIS_NO,ISSUE_SID,MEM_NO,ISSUE_HIS_CONT,ISSUE_HIS_DATE,ISSUE_HIS_TYPE,ATCH_FILE_SID) values (325,123,4,'댓글 추가',to_date('2021-06-18 00:00:00','YYYY-MM-DD HH24:MI:SS'),'RE',null);
Insert into ISSUE_HISTORY (ISSUE_HIS_NO,ISSUE_SID,MEM_NO,ISSUE_HIS_CONT,ISSUE_HIS_DATE,ISSUE_HIS_TYPE,ATCH_FILE_SID) values (327,123,4,'2021-06-29',to_date('2021-06-18 00:00:00','YYYY-MM-DD HH24:MI:SS'),'EE',null);
Insert into ISSUE_HISTORY (ISSUE_HIS_NO,ISSUE_SID,MEM_NO,ISSUE_HIS_CONT,ISSUE_HIS_DATE,ISSUE_HIS_TYPE,ATCH_FILE_SID) values (328,123,4,'GAIA Project ',to_date('2021-06-18 00:00:00','YYYY-MM-DD HH24:MI:SS'),'EM',null);
Insert into ISSUE_HISTORY (ISSUE_HIS_NO,ISSUE_SID,MEM_NO,ISSUE_HIS_CONT,ISSUE_HIS_DATE,ISSUE_HIS_TYPE,ATCH_FILE_SID) values (343,124,4,'ㅇㅇ',to_date('2021-06-19 00:00:00','YYYY-MM-DD HH24:MI:SS'),'RE',null);
Insert into ISSUE_HISTORY (ISSUE_HIS_NO,ISSUE_SID,MEM_NO,ISSUE_HIS_CONT,ISSUE_HIS_DATE,ISSUE_HIS_TYPE,ATCH_FILE_SID) values (344,123,4,null,to_date('2021-06-19 00:00:00','YYYY-MM-DD HH24:MI:SS'),'RP',null);
Insert into ISSUE_HISTORY (ISSUE_HIS_NO,ISSUE_SID,MEM_NO,ISSUE_HIS_CONT,ISSUE_HIS_DATE,ISSUE_HIS_TYPE,ATCH_FILE_SID) values (345,123,4,'0',to_date('2021-06-19 00:00:00','YYYY-MM-DD HH24:MI:SS'),'EP',null);
Insert into ISSUE_HISTORY (ISSUE_HIS_NO,ISSUE_SID,MEM_NO,ISSUE_HIS_CONT,ISSUE_HIS_DATE,ISSUE_HIS_TYPE,ATCH_FILE_SID) values (361,126,4,'## 뉴스에 사진 업로드 가능하도록 하기
> 화이팅 @',to_date('2021-06-21 00:00:00','YYYY-MM-DD HH24:MI:SS'),'RE',null);
Insert into ISSUE_HISTORY (ISSUE_HIS_NO,ISSUE_SID,MEM_NO,ISSUE_HIS_CONT,ISSUE_HIS_DATE,ISSUE_HIS_TYPE,ATCH_FILE_SID) values (362,125,4,'1',to_date('2021-06-21 00:00:00','YYYY-MM-DD HH24:MI:SS'),'IC',null);
Insert into ISSUE_HISTORY (ISSUE_HIS_NO,ISSUE_SID,MEM_NO,ISSUE_HIS_CONT,ISSUE_HIS_DATE,ISSUE_HIS_TYPE,ATCH_FILE_SID) values (363,126,4,'기능 개선',to_date('2021-06-21 00:00:00','YYYY-MM-DD HH24:MI:SS'),'EM',null);
Insert into ISSUE_HISTORY (ISSUE_HIS_NO,ISSUE_SID,MEM_NO,ISSUE_HIS_CONT,ISSUE_HIS_DATE,ISSUE_HIS_TYPE,ATCH_FILE_SID) values (364,126,4,'2021-06-21',to_date('2021-06-21 00:00:00','YYYY-MM-DD HH24:MI:SS'),'EE',null);
Insert into ISSUE_HISTORY (ISSUE_HIS_NO,ISSUE_SID,MEM_NO,ISSUE_HIS_CONT,ISSUE_HIS_DATE,ISSUE_HIS_TYPE,ATCH_FILE_SID) values (370,114,4,'대리 쉐인',to_date('2021-06-21 00:00:00','YYYY-MM-DD HH24:MI:SS'),'AA',null);
Insert into ISSUE_HISTORY (ISSUE_HIS_NO,ISSUE_SID,MEM_NO,ISSUE_HIS_CONT,ISSUE_HIS_DATE,ISSUE_HIS_TYPE,ATCH_FILE_SID) values (371,127,4,'일감',to_date('2021-06-21 00:00:00','YYYY-MM-DD HH24:MI:SS'),'EL',null);
Insert into ISSUE_HISTORY (ISSUE_HIS_NO,ISSUE_SID,MEM_NO,ISSUE_HIS_CONT,ISSUE_HIS_DATE,ISSUE_HIS_TYPE,ATCH_FILE_SID) values (372,123,4,'1',to_date('2021-06-21 00:00:00','YYYY-MM-DD HH24:MI:SS'),'IC',null);
Insert into ISSUE_HISTORY (ISSUE_HIS_NO,ISSUE_SID,MEM_NO,ISSUE_HIS_CONT,ISSUE_HIS_DATE,ISSUE_HIS_TYPE,ATCH_FILE_SID) values (414,20,4,null,to_date('2021-06-21 00:00:00','YYYY-MM-DD HH24:MI:SS'),'IC',null);
Insert into ISSUE_HISTORY (ISSUE_HIS_NO,ISSUE_SID,MEM_NO,ISSUE_HIS_CONT,ISSUE_HIS_DATE,ISSUE_HIS_TYPE,ATCH_FILE_SID) values (415,11,4,null,to_date('2021-06-21 00:00:00','YYYY-MM-DD HH24:MI:SS'),'IC',null);
Insert into ISSUE_HISTORY (ISSUE_HIS_NO,ISSUE_SID,MEM_NO,ISSUE_HIS_CONT,ISSUE_HIS_DATE,ISSUE_HIS_TYPE,ATCH_FILE_SID) values (416,127,4,'0',to_date('2021-06-21 00:00:00','YYYY-MM-DD HH24:MI:SS'),'IO',null);
Insert into ISSUE_HISTORY (ISSUE_HIS_NO,ISSUE_SID,MEM_NO,ISSUE_HIS_CONT,ISSUE_HIS_DATE,ISSUE_HIS_TYPE,ATCH_FILE_SID) values (417,114,4,'ㅇㅋㅇㅋ',to_date('2021-06-21 00:00:00','YYYY-MM-DD HH24:MI:SS'),'RE',null);
Insert into ISSUE_HISTORY (ISSUE_HIS_NO,ISSUE_SID,MEM_NO,ISSUE_HIS_CONT,ISSUE_HIS_DATE,ISSUE_HIS_TYPE,ATCH_FILE_SID) values (418,115,4,'ㅇㅋㅇㅋ',to_date('2021-06-21 00:00:00','YYYY-MM-DD HH24:MI:SS'),'RE',null);
Insert into ISSUE_HISTORY (ISSUE_HIS_NO,ISSUE_SID,MEM_NO,ISSUE_HIS_CONT,ISSUE_HIS_DATE,ISSUE_HIS_TYPE,ATCH_FILE_SID) values (419,115,4,'ㅇㅋㅇㅋ',to_date('2021-06-21 00:00:00','YYYY-MM-DD HH24:MI:SS'),'RE',null);
Insert into ISSUE_HISTORY (ISSUE_HIS_NO,ISSUE_SID,MEM_NO,ISSUE_HIS_CONT,ISSUE_HIS_DATE,ISSUE_HIS_TYPE,ATCH_FILE_SID) values (427,129,4,'#ㄹ ㅁㅇ ㄹㅁㄴㄹ',to_date('2021-06-21 00:00:00','YYYY-MM-DD HH24:MI:SS'),'RE',null);
Insert into ISSUE_HISTORY (ISSUE_HIS_NO,ISSUE_SID,MEM_NO,ISSUE_HIS_CONT,ISSUE_HIS_DATE,ISSUE_HIS_TYPE,ATCH_FILE_SID) values (428,130,4,'ㄴㅁㅇㄹㄴㅇㄹㅁ',to_date('2021-06-21 00:00:00','YYYY-MM-DD HH24:MI:SS'),'RE',null);
Insert into ISSUE_HISTORY (ISSUE_HIS_NO,ISSUE_SID,MEM_NO,ISSUE_HIS_CONT,ISSUE_HIS_DATE,ISSUE_HIS_TYPE,ATCH_FILE_SID) values (429,131,4,'1234',to_date('2021-06-21 00:00:00','YYYY-MM-DD HH24:MI:SS'),'RE',null);
Insert into ISSUE_HISTORY (ISSUE_HIS_NO,ISSUE_SID,MEM_NO,ISSUE_HIS_CONT,ISSUE_HIS_DATE,ISSUE_HIS_TYPE,ATCH_FILE_SID) values (432,131,4,'꼬부기',to_date('2021-06-21 00:00:00','YYYY-MM-DD HH24:MI:SS'),'AA',null);
Insert into ISSUE_HISTORY (ISSUE_HIS_NO,ISSUE_SID,MEM_NO,ISSUE_HIS_CONT,ISSUE_HIS_DATE,ISSUE_HIS_TYPE,ATCH_FILE_SID) values (433,131,4,'꼬부기',to_date('2021-06-21 00:00:00','YYYY-MM-DD HH24:MI:SS'),'RA',null);
Insert into ISSUE_HISTORY (ISSUE_HIS_NO,ISSUE_SID,MEM_NO,ISSUE_HIS_CONT,ISSUE_HIS_DATE,ISSUE_HIS_TYPE,ATCH_FILE_SID) values (434,131,4,'꼬부기',to_date('2021-06-21 00:00:00','YYYY-MM-DD HH24:MI:SS'),'AA',null);
Insert into ISSUE_HISTORY (ISSUE_HIS_NO,ISSUE_SID,MEM_NO,ISSUE_HIS_CONT,ISSUE_HIS_DATE,ISSUE_HIS_TYPE,ATCH_FILE_SID) values (466,139,3,'각 조의 산출물은 제공된 파일을 참고해서 작성해주시길바랍니다.
',to_date('2021-06-22 00:00:00','YYYY-MM-DD HH24:MI:SS'),'RE',null);
Insert into ISSUE_HISTORY (ISSUE_HIS_NO,ISSUE_SID,MEM_NO,ISSUE_HIS_CONT,ISSUE_HIS_DATE,ISSUE_HIS_TYPE,ATCH_FILE_SID) values (467,137,3,'1',to_date('2021-06-22 00:00:00','YYYY-MM-DD HH24:MI:SS'),'IC',null);
Insert into ISSUE_HISTORY (ISSUE_HIS_NO,ISSUE_SID,MEM_NO,ISSUE_HIS_CONT,ISSUE_HIS_DATE,ISSUE_HIS_TYPE,ATCH_FILE_SID) values (468,134,3,'1',to_date('2021-06-22 00:00:00','YYYY-MM-DD HH24:MI:SS'),'IC',null);
Insert into ISSUE_HISTORY (ISSUE_HIS_NO,ISSUE_SID,MEM_NO,ISSUE_HIS_CONT,ISSUE_HIS_DATE,ISSUE_HIS_TYPE,ATCH_FILE_SID) values (469,140,3,'db table 설계 진행
',to_date('2021-06-22 00:00:00','YYYY-MM-DD HH24:MI:SS'),'RE',null);
Insert into ISSUE_HISTORY (ISSUE_HIS_NO,ISSUE_SID,MEM_NO,ISSUE_HIS_CONT,ISSUE_HIS_DATE,ISSUE_HIS_TYPE,ATCH_FILE_SID) values (474,142,4,'ㅁㄱㅇ',to_date('2021-06-22 00:00:00','YYYY-MM-DD HH24:MI:SS'),'RE',null);
Insert into ISSUE_HISTORY (ISSUE_HIS_NO,ISSUE_SID,MEM_NO,ISSUE_HIS_CONT,ISSUE_HIS_DATE,ISSUE_HIS_TYPE,ATCH_FILE_SID) values (491,153,3,'news 관리 / 열람 기능 구현 ( feed 형식)',to_date('2021-06-23 00:00:00','YYYY-MM-DD HH24:MI:SS'),'RE',null);
Insert into ISSUE_HISTORY (ISSUE_HIS_NO,ISSUE_SID,MEM_NO,ISSUE_HIS_CONT,ISSUE_HIS_DATE,ISSUE_HIS_TYPE,ATCH_FILE_SID) values (505,167,3,'kanban board 카드 추가 기능 개선',to_date('2021-06-23 00:00:00','YYYY-MM-DD HH24:MI:SS'),'RE',null);
Insert into ISSUE_HISTORY (ISSUE_HIS_NO,ISSUE_SID,MEM_NO,ISSUE_HIS_CONT,ISSUE_HIS_DATE,ISSUE_HIS_TYPE,ATCH_FILE_SID) values (506,168,3,'칸반에 새로운 컬럼 추가 구현',to_date('2021-06-23 00:00:00','YYYY-MM-DD HH24:MI:SS'),'RE',null);
Insert into ISSUE_HISTORY (ISSUE_HIS_NO,ISSUE_SID,MEM_NO,ISSUE_HIS_CONT,ISSUE_HIS_DATE,ISSUE_HIS_TYPE,ATCH_FILE_SID) values (507,169,3,'칸반 completed 까지 이동시 issue 상태 closed 되도록 기능 개선',to_date('2021-06-23 00:00:00','YYYY-MM-DD HH24:MI:SS'),'RE',null);
Insert into ISSUE_HISTORY (ISSUE_HIS_NO,ISSUE_SID,MEM_NO,ISSUE_HIS_CONT,ISSUE_HIS_DATE,ISSUE_HIS_TYPE,ATCH_FILE_SID) values (508,170,3,'데모프로젝트 3개 넣기 ( playddit, gaia, 희수씨네조)

',to_date('2021-06-23 00:00:00','YYYY-MM-DD HH24:MI:SS'),'RE',null);
Insert into ISSUE_HISTORY (ISSUE_HIS_NO,ISSUE_SID,MEM_NO,ISSUE_HIS_CONT,ISSUE_HIS_DATE,ISSUE_HIS_TYPE,ATCH_FILE_SID) values (509,171,3,'학우들 및 선생님들 멤버 가입 시키기 ( 아이디 이니셜로)

멤버별 프로필 사진 매핑시켜 저장 해두기 ',to_date('2021-06-23 00:00:00','YYYY-MM-DD HH24:MI:SS'),'RE',null);
Insert into ISSUE_HISTORY (ISSUE_HIS_NO,ISSUE_SID,MEM_NO,ISSUE_HIS_CONT,ISSUE_HIS_DATE,ISSUE_HIS_TYPE,ATCH_FILE_SID) values (511,173,3,'멤버별 프로필 사진 매핑시켜 저장 해두기 ',to_date('2021-06-23 00:00:00','YYYY-MM-DD HH24:MI:SS'),'RE',null);
Insert into ISSUE_HISTORY (ISSUE_HIS_NO,ISSUE_SID,MEM_NO,ISSUE_HIS_CONT,ISSUE_HIS_DATE,ISSUE_HIS_TYPE,ATCH_FILE_SID) values (512,174,3,'mac-vga 연결 테스트 - > 발표시에는 아이패드로 보면서 + 매직키보드, 매직트랙패드',to_date('2021-06-23 00:00:00','YYYY-MM-DD HH24:MI:SS'),'RE',null);
Insert into ISSUE_HISTORY (ISSUE_HIS_NO,ISSUE_SID,MEM_NO,ISSUE_HIS_CONT,ISSUE_HIS_DATE,ISSUE_HIS_TYPE,ATCH_FILE_SID) values (513,175,3,'통합 테스트 시나리오 작성
모듈별 테스트 시나리오 작성',to_date('2021-06-23 00:00:00','YYYY-MM-DD HH24:MI:SS'),'RE',null);
Insert into ISSUE_HISTORY (ISSUE_HIS_NO,ISSUE_SID,MEM_NO,ISSUE_HIS_CONT,ISSUE_HIS_DATE,ISSUE_HIS_TYPE,ATCH_FILE_SID) values (514,176,3,'news에서 사진 업로드 기능 개선 
css 개선',to_date('2021-06-23 00:00:00','YYYY-MM-DD HH24:MI:SS'),'RE',null);
Insert into ISSUE_HISTORY (ISSUE_HIS_NO,ISSUE_SID,MEM_NO,ISSUE_HIS_CONT,ISSUE_HIS_DATE,ISSUE_HIS_TYPE,ATCH_FILE_SID) values (537,195,4,'### 1\. 오늘 계획 및 2\.진행 현황

메인 페이지 개선

> 완료

통계 페이지 만들기

> 진행중

통합 검색 구현

> 진행중

### 3\. 지연 이슈

> css 미숙

### 4\. 이슈 대응 방안

> 이것 저것 다 넣어보기

### 5\. 내일 계획

> 발표 준비

### 6\. 비고

> 화이팅 !!',to_date('2021-06-24 00:00:00','YYYY-MM-DD HH24:MI:SS'),'RE',null);
Insert into ISSUE_HISTORY (ISSUE_HIS_NO,ISSUE_SID,MEM_NO,ISSUE_HIS_CONT,ISSUE_HIS_DATE,ISSUE_HIS_TYPE,ATCH_FILE_SID) values (6,2,4,'이슈의 라벨이 ''테스트''로 변경됨',to_date('2027-05-06 00:00:00','YYYY-MM-DD HH24:MI:SS'),'LB',null);
Insert into ISSUE_HISTORY (ISSUE_HIS_NO,ISSUE_SID,MEM_NO,ISSUE_HIS_CONT,ISSUE_HIS_DATE,ISSUE_HIS_TYPE,ATCH_FILE_SID) values (55,19,4,'&gt; 과연 ?',to_date('2021-06-02 00:00:00','YYYY-MM-DD HH24:MI:SS'),'RE',null);
Insert into ISSUE_HISTORY (ISSUE_HIS_NO,ISSUE_SID,MEM_NO,ISSUE_HIS_CONT,ISSUE_HIS_DATE,ISSUE_HIS_TYPE,ATCH_FILE_SID) values (56,19,4,'필터 고만',to_date('2021-06-02 00:00:00','YYYY-MM-DD HH24:MI:SS'),'RE',null);
Insert into ISSUE_HISTORY (ISSUE_HIS_NO,ISSUE_SID,MEM_NO,ISSUE_HIS_CONT,ISSUE_HIS_DATE,ISSUE_HIS_TYPE,ATCH_FILE_SID) values (57,20,4,'# 하하
- 작성',to_date('2021-06-02 00:00:00','YYYY-MM-DD HH24:MI:SS'),'RE',null);
Insert into ISSUE_HISTORY (ISSUE_HIS_NO,ISSUE_SID,MEM_NO,ISSUE_HIS_CONT,ISSUE_HIS_DATE,ISSUE_HIS_TYPE,ATCH_FILE_SID) values (60,20,4,'> 이거 막지 마 !',to_date('2021-06-02 00:00:00','YYYY-MM-DD HH24:MI:SS'),'RE',null);
Insert into ISSUE_HISTORY (ISSUE_HIS_NO,ISSUE_SID,MEM_NO,ISSUE_HIS_CONT,ISSUE_HIS_DATE,ISSUE_HIS_TYPE,ATCH_FILE_SID) values (61,20,4,'&lt; 이거는 막고
> 이거는 풀고',to_date('2021-06-02 00:00:00','YYYY-MM-DD HH24:MI:SS'),'RE',null);
Insert into ISSUE_HISTORY (ISSUE_HIS_NO,ISSUE_SID,MEM_NO,ISSUE_HIS_CONT,ISSUE_HIS_DATE,ISSUE_HIS_TYPE,ATCH_FILE_SID) values (62,20,4,'## 새로운 작성',to_date('2021-06-02 00:00:00','YYYY-MM-DD HH24:MI:SS'),'RE',null);
Insert into ISSUE_HISTORY (ISSUE_HIS_NO,ISSUE_SID,MEM_NO,ISSUE_HIS_CONT,ISSUE_HIS_DATE,ISSUE_HIS_TYPE,ATCH_FILE_SID) values (63,20,4,'## 테스트 성공',to_date('2021-06-02 00:00:00','YYYY-MM-DD HH24:MI:SS'),'RE',null);
Insert into ISSUE_HISTORY (ISSUE_HIS_NO,ISSUE_SID,MEM_NO,ISSUE_HIS_CONT,ISSUE_HIS_DATE,ISSUE_HIS_TYPE,ATCH_FILE_SID) values (64,21,4,'| 아 | 진짜 |
| --- | --- |
| 개굿 | ㅎㅎ |
| 짱 | ㅎㅎ |

| 하하 | 호호 |  ㅋㅋ |
| --| -- | -- |
| ㅎㅎ |  아몰랑~~~',to_date('2021-06-02 00:00:00','YYYY-MM-DD HH24:MI:SS'),'RE',null);
Insert into ISSUE_HISTORY (ISSUE_HIS_NO,ISSUE_SID,MEM_NO,ISSUE_HIS_CONT,ISSUE_HIS_DATE,ISSUE_HIS_TYPE,ATCH_FILE_SID) values (65,20,4,'### hi yo 
- gggg
> ㅅㄱㅇ',to_date('2021-06-02 00:00:00','YYYY-MM-DD HH24:MI:SS'),'RE',null);
Insert into ISSUE_HISTORY (ISSUE_HIS_NO,ISSUE_SID,MEM_NO,ISSUE_HIS_CONT,ISSUE_HIS_DATE,ISSUE_HIS_TYPE,ATCH_FILE_SID) values (66,20,4,'ㅎㅇㅎㅇ',to_date('2021-06-02 00:00:00','YYYY-MM-DD HH24:MI:SS'),'RE',null);
Insert into ISSUE_HISTORY (ISSUE_HIS_NO,ISSUE_SID,MEM_NO,ISSUE_HIS_CONT,ISSUE_HIS_DATE,ISSUE_HIS_TYPE,ATCH_FILE_SID) values (88,108,4,'과연',to_date('2021-06-03 00:00:00','YYYY-MM-DD HH24:MI:SS'),'RE',null);
Insert into ISSUE_HISTORY (ISSUE_HIS_NO,ISSUE_SID,MEM_NO,ISSUE_HIS_CONT,ISSUE_HIS_DATE,ISSUE_HIS_TYPE,ATCH_FILE_SID) values (89,109,4,'과연',to_date('2021-06-03 00:00:00','YYYY-MM-DD HH24:MI:SS'),'RE',null);
Insert into ISSUE_HISTORY (ISSUE_HIS_NO,ISSUE_SID,MEM_NO,ISSUE_HIS_CONT,ISSUE_HIS_DATE,ISSUE_HIS_TYPE,ATCH_FILE_SID) values (90,110,4,'ㅇㅇ',to_date('2021-06-03 00:00:00','YYYY-MM-DD HH24:MI:SS'),'RE',null);
Insert into ISSUE_HISTORY (ISSUE_HIS_NO,ISSUE_SID,MEM_NO,ISSUE_HIS_CONT,ISSUE_HIS_DATE,ISSUE_HIS_TYPE,ATCH_FILE_SID) values (91,111,4,'힘들다 힘들어 ~~
> ㅎㅎ ',to_date('2021-06-03 00:00:00','YYYY-MM-DD HH24:MI:SS'),'RE',null);
Insert into ISSUE_HISTORY (ISSUE_HIS_NO,ISSUE_SID,MEM_NO,ISSUE_HIS_CONT,ISSUE_HIS_DATE,ISSUE_HIS_TYPE,ATCH_FILE_SID) values (94,112,4,'e',to_date('2021-06-04 00:00:00','YYYY-MM-DD HH24:MI:SS'),'RE',null);
Insert into ISSUE_HISTORY (ISSUE_HIS_NO,ISSUE_SID,MEM_NO,ISSUE_HIS_CONT,ISSUE_HIS_DATE,ISSUE_HIS_TYPE,ATCH_FILE_SID) values (102,5,4,'wwww',to_date('2021-06-05 00:00:00','YYYY-MM-DD HH24:MI:SS'),'RE',null);
Insert into ISSUE_HISTORY (ISSUE_HIS_NO,ISSUE_SID,MEM_NO,ISSUE_HIS_CONT,ISSUE_HIS_DATE,ISSUE_HIS_TYPE,ATCH_FILE_SID) values (120,114,4,'알람 잘 생성중?',to_date('2021-06-07 00:00:00','YYYY-MM-DD HH24:MI:SS'),'RE',null);
Insert into ISSUE_HISTORY (ISSUE_HIS_NO,ISSUE_SID,MEM_NO,ISSUE_HIS_CONT,ISSUE_HIS_DATE,ISSUE_HIS_TYPE,ATCH_FILE_SID) values (130,9,4,'테스트 2',to_date('2021-06-08 00:00:00','YYYY-MM-DD HH24:MI:SS'),'RE',null);
Insert into ISSUE_HISTORY (ISSUE_HIS_NO,ISSUE_SID,MEM_NO,ISSUE_HIS_CONT,ISSUE_HIS_DATE,ISSUE_HIS_TYPE,ATCH_FILE_SID) values (134,115,4,'댓글 알람 ',to_date('2021-06-09 00:00:00','YYYY-MM-DD HH24:MI:SS'),'RE',null);
Insert into ISSUE_HISTORY (ISSUE_HIS_NO,ISSUE_SID,MEM_NO,ISSUE_HIS_CONT,ISSUE_HIS_DATE,ISSUE_HIS_TYPE,ATCH_FILE_SID) values (139,115,4,'알람전송~',to_date('2021-06-09 00:00:00','YYYY-MM-DD HH24:MI:SS'),'RE',null);
Insert into ISSUE_HISTORY (ISSUE_HIS_NO,ISSUE_SID,MEM_NO,ISSUE_HIS_CONT,ISSUE_HIS_DATE,ISSUE_HIS_TYPE,ATCH_FILE_SID) values (140,115,4,'알람또 전송하고~ 알람 확인시 비동기로 숫자 0 바꿔주고 알람들 색상 돌리기~',to_date('2021-06-09 00:00:00','YYYY-MM-DD HH24:MI:SS'),'RE',null);
Insert into ISSUE_HISTORY (ISSUE_HIS_NO,ISSUE_SID,MEM_NO,ISSUE_HIS_CONT,ISSUE_HIS_DATE,ISSUE_HIS_TYPE,ATCH_FILE_SID) values (142,115,4,'알람 기능 굿~',to_date('2021-06-09 00:00:00','YYYY-MM-DD HH24:MI:SS'),'RE',null);
Insert into ISSUE_HISTORY (ISSUE_HIS_NO,ISSUE_SID,MEM_NO,ISSUE_HIS_CONT,ISSUE_HIS_DATE,ISSUE_HIS_TYPE,ATCH_FILE_SID) values (143,115,4,'뉴 알람~~',to_date('2021-06-09 00:00:00','YYYY-MM-DD HH24:MI:SS'),'RE',null);
Insert into ISSUE_HISTORY (ISSUE_HIS_NO,ISSUE_SID,MEM_NO,ISSUE_HIS_CONT,ISSUE_HIS_DATE,ISSUE_HIS_TYPE,ATCH_FILE_SID) values (145,114,4,'웹 소켓 테스트중',to_date('2021-06-10 00:00:00','YYYY-MM-DD HH24:MI:SS'),'RE',null);
Insert into ISSUE_HISTORY (ISSUE_HIS_NO,ISSUE_SID,MEM_NO,ISSUE_HIS_CONT,ISSUE_HIS_DATE,ISSUE_HIS_TYPE,ATCH_FILE_SID) values (146,114,4,'test',to_date('2021-06-10 00:00:00','YYYY-MM-DD HH24:MI:SS'),'RE',null);
Insert into ISSUE_HISTORY (ISSUE_HIS_NO,ISSUE_SID,MEM_NO,ISSUE_HIS_CONT,ISSUE_HIS_DATE,ISSUE_HIS_TYPE,ATCH_FILE_SID) values (156,115,4,'test',to_date('2021-06-10 00:00:00','YYYY-MM-DD HH24:MI:SS'),'RE',null);
Insert into ISSUE_HISTORY (ISSUE_HIS_NO,ISSUE_SID,MEM_NO,ISSUE_HIS_CONT,ISSUE_HIS_DATE,ISSUE_HIS_TYPE,ATCH_FILE_SID) values (157,113,4,'abc',to_date('2021-06-10 00:00:00','YYYY-MM-DD HH24:MI:SS'),'RE',null);
Insert into ISSUE_HISTORY (ISSUE_HIS_NO,ISSUE_SID,MEM_NO,ISSUE_HIS_CONT,ISSUE_HIS_DATE,ISSUE_HIS_TYPE,ATCH_FILE_SID) values (158,113,4,'abc',to_date('2021-06-10 00:00:00','YYYY-MM-DD HH24:MI:SS'),'RE',null);
Insert into ISSUE_HISTORY (ISSUE_HIS_NO,ISSUE_SID,MEM_NO,ISSUE_HIS_CONT,ISSUE_HIS_DATE,ISSUE_HIS_TYPE,ATCH_FILE_SID) values (240,115,3,'zzzzz',to_date('2021-06-10 00:00:00','YYYY-MM-DD HH24:MI:SS'),'RE',null);
Insert into ISSUE_HISTORY (ISSUE_HIS_NO,ISSUE_SID,MEM_NO,ISSUE_HIS_CONT,ISSUE_HIS_DATE,ISSUE_HIS_TYPE,ATCH_FILE_SID) values (241,115,3,'ㅎㅎㅎ',to_date('2021-06-10 00:00:00','YYYY-MM-DD HH24:MI:SS'),'RE',null);
Insert into ISSUE_HISTORY (ISSUE_HIS_NO,ISSUE_SID,MEM_NO,ISSUE_HIS_CONT,ISSUE_HIS_DATE,ISSUE_HIS_TYPE,ATCH_FILE_SID) values (253,115,4,'ㄲㄱ',to_date('2021-06-11 00:00:00','YYYY-MM-DD HH24:MI:SS'),'RE',null);
Insert into ISSUE_HISTORY (ISSUE_HIS_NO,ISSUE_SID,MEM_NO,ISSUE_HIS_CONT,ISSUE_HIS_DATE,ISSUE_HIS_TYPE,ATCH_FILE_SID) values (254,115,4,'ㅇㅇ',to_date('2021-06-11 00:00:00','YYYY-MM-DD HH24:MI:SS'),'RE',null);
Insert into ISSUE_HISTORY (ISSUE_HIS_NO,ISSUE_SID,MEM_NO,ISSUE_HIS_CONT,ISSUE_HIS_DATE,ISSUE_HIS_TYPE,ATCH_FILE_SID) values (255,115,4,'ㅇㅇㅇ',to_date('2021-06-11 00:00:00','YYYY-MM-DD HH24:MI:SS'),'RE',null);
Insert into ISSUE_HISTORY (ISSUE_HIS_NO,ISSUE_SID,MEM_NO,ISSUE_HIS_CONT,ISSUE_HIS_DATE,ISSUE_HIS_TYPE,ATCH_FILE_SID) values (257,115,4,'ㅁㄴㅇㄹ',to_date('2021-06-11 00:00:00','YYYY-MM-DD HH24:MI:SS'),'RE',null);
Insert into ISSUE_HISTORY (ISSUE_HIS_NO,ISSUE_SID,MEM_NO,ISSUE_HIS_CONT,ISSUE_HIS_DATE,ISSUE_HIS_TYPE,ATCH_FILE_SID) values (260,6,4,'46',to_date('2021-06-12 00:00:00','YYYY-MM-DD HH24:MI:SS'),'RE',null);
Insert into ISSUE_HISTORY (ISSUE_HIS_NO,ISSUE_SID,MEM_NO,ISSUE_HIS_CONT,ISSUE_HIS_DATE,ISSUE_HIS_TYPE,ATCH_FILE_SID) values (265,115,4,'abcd',to_date('2021-06-12 00:00:00','YYYY-MM-DD HH24:MI:SS'),'RE',null);
Insert into ISSUE_HISTORY (ISSUE_HIS_NO,ISSUE_SID,MEM_NO,ISSUE_HIS_CONT,ISSUE_HIS_DATE,ISSUE_HIS_TYPE,ATCH_FILE_SID) values (266,115,4,'dd',to_date('2021-06-12 00:00:00','YYYY-MM-DD HH24:MI:SS'),'RE',null);
Insert into ISSUE_HISTORY (ISSUE_HIS_NO,ISSUE_SID,MEM_NO,ISSUE_HIS_CONT,ISSUE_HIS_DATE,ISSUE_HIS_TYPE,ATCH_FILE_SID) values (268,115,4,'zzz',to_date('2021-06-12 00:00:00','YYYY-MM-DD HH24:MI:SS'),'RE',null);
Insert into ISSUE_HISTORY (ISSUE_HIS_NO,ISSUE_SID,MEM_NO,ISSUE_HIS_CONT,ISSUE_HIS_DATE,ISSUE_HIS_TYPE,ATCH_FILE_SID) values (275,118,4,'asdf',to_date('2021-06-13 00:00:00','YYYY-MM-DD HH24:MI:SS'),'RE',null);
Insert into ISSUE_HISTORY (ISSUE_HIS_NO,ISSUE_SID,MEM_NO,ISSUE_HIS_CONT,ISSUE_HIS_DATE,ISSUE_HIS_TYPE,ATCH_FILE_SID) values (276,118,4,'dd',to_date('2021-06-13 00:00:00','YYYY-MM-DD HH24:MI:SS'),'RE',null);
Insert into ISSUE_HISTORY (ISSUE_HIS_NO,ISSUE_SID,MEM_NO,ISSUE_HIS_CONT,ISSUE_HIS_DATE,ISSUE_HIS_TYPE,ATCH_FILE_SID) values (277,118,4,'asdf',to_date('2021-06-13 00:00:00','YYYY-MM-DD HH24:MI:SS'),'RE',null);
Insert into ISSUE_HISTORY (ISSUE_HIS_NO,ISSUE_SID,MEM_NO,ISSUE_HIS_CONT,ISSUE_HIS_DATE,ISSUE_HIS_TYPE,ATCH_FILE_SID) values (278,118,4,'알람',to_date('2021-06-13 00:00:00','YYYY-MM-DD HH24:MI:SS'),'RE',null);
Insert into ISSUE_HISTORY (ISSUE_HIS_NO,ISSUE_SID,MEM_NO,ISSUE_HIS_CONT,ISSUE_HIS_DATE,ISSUE_HIS_TYPE,ATCH_FILE_SID) values (279,118,4,'ㅇㅇㅇㅇㅇ',to_date('2021-06-14 00:00:00','YYYY-MM-DD HH24:MI:SS'),'RE',null);
Insert into ISSUE_HISTORY (ISSUE_HIS_NO,ISSUE_SID,MEM_NO,ISSUE_HIS_CONT,ISSUE_HIS_DATE,ISSUE_HIS_TYPE,ATCH_FILE_SID) values (280,119,4,'~~',to_date('2021-06-14 00:00:00','YYYY-MM-DD HH24:MI:SS'),'RE',null);
Insert into ISSUE_HISTORY (ISSUE_HIS_NO,ISSUE_SID,MEM_NO,ISSUE_HIS_CONT,ISSUE_HIS_DATE,ISSUE_HIS_TYPE,ATCH_FILE_SID) values (281,118,4,'afsfs',to_date('2021-06-15 00:00:00','YYYY-MM-DD HH24:MI:SS'),'RE',null);
Insert into ISSUE_HISTORY (ISSUE_HIS_NO,ISSUE_SID,MEM_NO,ISSUE_HIS_CONT,ISSUE_HIS_DATE,ISSUE_HIS_TYPE,ATCH_FILE_SID) values (288,123,4,'asdffd',to_date('2021-06-18 00:00:00','YYYY-MM-DD HH24:MI:SS'),'RE',null);
Insert into ISSUE_HISTORY (ISSUE_HIS_NO,ISSUE_SID,MEM_NO,ISSUE_HIS_CONT,ISSUE_HIS_DATE,ISSUE_HIS_TYPE,ATCH_FILE_SID) values (291,123,4,'abc',to_date('2021-06-18 00:00:00','YYYY-MM-DD HH24:MI:SS'),'RE',null);
Insert into ISSUE_HISTORY (ISSUE_HIS_NO,ISSUE_SID,MEM_NO,ISSUE_HIS_CONT,ISSUE_HIS_DATE,ISSUE_HIS_TYPE,ATCH_FILE_SID) values (331,123,4,'0',to_date('2021-06-18 00:00:00','YYYY-MM-DD HH24:MI:SS'),'IO',null);
Insert into ISSUE_HISTORY (ISSUE_HIS_NO,ISSUE_SID,MEM_NO,ISSUE_HIS_CONT,ISSUE_HIS_DATE,ISSUE_HIS_TYPE,ATCH_FILE_SID) values (332,123,4,'1',to_date('2021-06-18 00:00:00','YYYY-MM-DD HH24:MI:SS'),'IC',null);
Insert into ISSUE_HISTORY (ISSUE_HIS_NO,ISSUE_SID,MEM_NO,ISSUE_HIS_CONT,ISSUE_HIS_DATE,ISSUE_HIS_TYPE,ATCH_FILE_SID) values (333,123,4,'0',to_date('2021-06-18 00:00:00','YYYY-MM-DD HH24:MI:SS'),'IO',null);
Insert into ISSUE_HISTORY (ISSUE_HIS_NO,ISSUE_SID,MEM_NO,ISSUE_HIS_CONT,ISSUE_HIS_DATE,ISSUE_HIS_TYPE,ATCH_FILE_SID) values (334,123,4,'1',to_date('2021-06-18 00:00:00','YYYY-MM-DD HH24:MI:SS'),'IC',null);
Insert into ISSUE_HISTORY (ISSUE_HIS_NO,ISSUE_SID,MEM_NO,ISSUE_HIS_CONT,ISSUE_HIS_DATE,ISSUE_HIS_TYPE,ATCH_FILE_SID) values (335,123,4,'제목 수정 테스트 입니다. 잘 작동 합니다. 굿!!!~~~',to_date('2021-06-18 00:00:00','YYYY-MM-DD HH24:MI:SS'),'ET',null);
Insert into ISSUE_HISTORY (ISSUE_HIS_NO,ISSUE_SID,MEM_NO,ISSUE_HIS_CONT,ISSUE_HIS_DATE,ISSUE_HIS_TYPE,ATCH_FILE_SID) values (336,123,4,'팀장 꼬북',to_date('2021-06-18 00:00:00','YYYY-MM-DD HH24:MI:SS'),'RA',null);
Insert into ISSUE_HISTORY (ISSUE_HIS_NO,ISSUE_SID,MEM_NO,ISSUE_HIS_CONT,ISSUE_HIS_DATE,ISSUE_HIS_TYPE,ATCH_FILE_SID) values (337,123,4,'팀장 꼬북',to_date('2021-06-18 00:00:00','YYYY-MM-DD HH24:MI:SS'),'AA',null);
Insert into ISSUE_HISTORY (ISSUE_HIS_NO,ISSUE_SID,MEM_NO,ISSUE_HIS_CONT,ISSUE_HIS_DATE,ISSUE_HIS_TYPE,ATCH_FILE_SID) values (338,2,3,'0',to_date('2021-06-19 00:00:00','YYYY-MM-DD HH24:MI:SS'),'IO',null);
Insert into ISSUE_HISTORY (ISSUE_HIS_NO,ISSUE_SID,MEM_NO,ISSUE_HIS_CONT,ISSUE_HIS_DATE,ISSUE_HIS_TYPE,ATCH_FILE_SID) values (339,123,3,null,to_date('2021-06-19 00:00:00','YYYY-MM-DD HH24:MI:SS'),'RM',null);
Insert into ISSUE_HISTORY (ISSUE_HIS_NO,ISSUE_SID,MEM_NO,ISSUE_HIS_CONT,ISSUE_HIS_DATE,ISSUE_HIS_TYPE,ATCH_FILE_SID) values (340,123,3,'수정 마일스톤 입니다.123',to_date('2021-06-19 00:00:00','YYYY-MM-DD HH24:MI:SS'),'EM',null);
Insert into ISSUE_HISTORY (ISSUE_HIS_NO,ISSUE_SID,MEM_NO,ISSUE_HIS_CONT,ISSUE_HIS_DATE,ISSUE_HIS_TYPE,ATCH_FILE_SID) values (341,123,4,'팀장 꼬북',to_date('2021-06-19 00:00:00','YYYY-MM-DD HH24:MI:SS'),'RA',null);
Insert into ISSUE_HISTORY (ISSUE_HIS_NO,ISSUE_SID,MEM_NO,ISSUE_HIS_CONT,ISSUE_HIS_DATE,ISSUE_HIS_TYPE,ATCH_FILE_SID) values (342,123,4,'GAIA Project ',to_date('2021-06-19 00:00:00','YYYY-MM-DD HH24:MI:SS'),'EM',null);
Insert into ISSUE_HISTORY (ISSUE_HIS_NO,ISSUE_SID,MEM_NO,ISSUE_HIS_CONT,ISSUE_HIS_DATE,ISSUE_HIS_TYPE,ATCH_FILE_SID) values (347,123,3,'0',to_date('2021-06-19 00:00:00','YYYY-MM-DD HH24:MI:SS'),'IO',null);
Insert into ISSUE_HISTORY (ISSUE_HIS_NO,ISSUE_SID,MEM_NO,ISSUE_HIS_CONT,ISSUE_HIS_DATE,ISSUE_HIS_TYPE,ATCH_FILE_SID) values (356,121,4,'safdsdf',to_date('2021-06-21 00:00:00','YYYY-MM-DD HH24:MI:SS'),'RE',null);
Insert into ISSUE_HISTORY (ISSUE_HIS_NO,ISSUE_SID,MEM_NO,ISSUE_HIS_CONT,ISSUE_HIS_DATE,ISSUE_HIS_TYPE,ATCH_FILE_SID) values (374,126,4,null,to_date('2021-06-21 00:00:00','YYYY-MM-DD HH24:MI:SS'),'IC',null);
Insert into ISSUE_HISTORY (ISSUE_HIS_NO,ISSUE_SID,MEM_NO,ISSUE_HIS_CONT,ISSUE_HIS_DATE,ISSUE_HIS_TYPE,ATCH_FILE_SID) values (375,126,4,null,to_date('2021-06-21 00:00:00','YYYY-MM-DD HH24:MI:SS'),'IC',null);
Insert into ISSUE_HISTORY (ISSUE_HIS_NO,ISSUE_SID,MEM_NO,ISSUE_HIS_CONT,ISSUE_HIS_DATE,ISSUE_HIS_TYPE,ATCH_FILE_SID) values (376,118,4,null,to_date('2021-06-21 00:00:00','YYYY-MM-DD HH24:MI:SS'),'IC',null);
Insert into ISSUE_HISTORY (ISSUE_HIS_NO,ISSUE_SID,MEM_NO,ISSUE_HIS_CONT,ISSUE_HIS_DATE,ISSUE_HIS_TYPE,ATCH_FILE_SID) values (377,117,4,null,to_date('2021-06-21 00:00:00','YYYY-MM-DD HH24:MI:SS'),'IC',null);
Insert into ISSUE_HISTORY (ISSUE_HIS_NO,ISSUE_SID,MEM_NO,ISSUE_HIS_CONT,ISSUE_HIS_DATE,ISSUE_HIS_TYPE,ATCH_FILE_SID) values (378,116,4,null,to_date('2021-06-21 00:00:00','YYYY-MM-DD HH24:MI:SS'),'IC',null);
Insert into ISSUE_HISTORY (ISSUE_HIS_NO,ISSUE_SID,MEM_NO,ISSUE_HIS_CONT,ISSUE_HIS_DATE,ISSUE_HIS_TYPE,ATCH_FILE_SID) values (379,126,4,null,to_date('2021-06-21 00:00:00','YYYY-MM-DD HH24:MI:SS'),'IC',null);
Insert into ISSUE_HISTORY (ISSUE_HIS_NO,ISSUE_SID,MEM_NO,ISSUE_HIS_CONT,ISSUE_HIS_DATE,ISSUE_HIS_TYPE,ATCH_FILE_SID) values (381,112,4,null,to_date('2021-06-21 00:00:00','YYYY-MM-DD HH24:MI:SS'),'IC',null);
Insert into ISSUE_HISTORY (ISSUE_HIS_NO,ISSUE_SID,MEM_NO,ISSUE_HIS_CONT,ISSUE_HIS_DATE,ISSUE_HIS_TYPE,ATCH_FILE_SID) values (382,111,4,null,to_date('2021-06-21 00:00:00','YYYY-MM-DD HH24:MI:SS'),'IC',null);
Insert into ISSUE_HISTORY (ISSUE_HIS_NO,ISSUE_SID,MEM_NO,ISSUE_HIS_CONT,ISSUE_HIS_DATE,ISSUE_HIS_TYPE,ATCH_FILE_SID) values (383,109,4,null,to_date('2021-06-21 00:00:00','YYYY-MM-DD HH24:MI:SS'),'IC',null);
Insert into ISSUE_HISTORY (ISSUE_HIS_NO,ISSUE_SID,MEM_NO,ISSUE_HIS_CONT,ISSUE_HIS_DATE,ISSUE_HIS_TYPE,ATCH_FILE_SID) values (435,130,5,'465',to_date('2021-06-22 00:00:00','YYYY-MM-DD HH24:MI:SS'),'RE',null);
Insert into ISSUE_HISTORY (ISSUE_HIS_NO,ISSUE_SID,MEM_NO,ISSUE_HIS_CONT,ISSUE_HIS_DATE,ISSUE_HIS_TYPE,ATCH_FILE_SID) values (436,130,5,null,to_date('2021-06-22 00:00:00','YYYY-MM-DD HH24:MI:SS'),'RL',null);
Insert into ISSUE_HISTORY (ISSUE_HIS_NO,ISSUE_SID,MEM_NO,ISSUE_HIS_CONT,ISSUE_HIS_DATE,ISSUE_HIS_TYPE,ATCH_FILE_SID) values (437,130,5,'버그',to_date('2021-06-22 00:00:00','YYYY-MM-DD HH24:MI:SS'),'EL',null);
Insert into ISSUE_HISTORY (ISSUE_HIS_NO,ISSUE_SID,MEM_NO,ISSUE_HIS_CONT,ISSUE_HIS_DATE,ISSUE_HIS_TYPE,ATCH_FILE_SID) values (438,130,5,'일감',to_date('2021-06-22 00:00:00','YYYY-MM-DD HH24:MI:SS'),'EL',null);
Insert into ISSUE_HISTORY (ISSUE_HIS_NO,ISSUE_SID,MEM_NO,ISSUE_HIS_CONT,ISSUE_HIS_DATE,ISSUE_HIS_TYPE,ATCH_FILE_SID) values (439,130,5,'3',to_date('2021-06-22 00:00:00','YYYY-MM-DD HH24:MI:SS'),'EP',null);
Insert into ISSUE_HISTORY (ISSUE_HIS_NO,ISSUE_SID,MEM_NO,ISSUE_HIS_CONT,ISSUE_HIS_DATE,ISSUE_HIS_TYPE,ATCH_FILE_SID) values (440,130,5,'ex',to_date('2021-06-22 00:00:00','YYYY-MM-DD HH24:MI:SS'),'AA',null);
Insert into ISSUE_HISTORY (ISSUE_HIS_NO,ISSUE_SID,MEM_NO,ISSUE_HIS_CONT,ISSUE_HIS_DATE,ISSUE_HIS_TYPE,ATCH_FILE_SID) values (456,134,3,'초급 프로젝트 산출물 작업',to_date('2021-06-22 00:00:00','YYYY-MM-DD HH24:MI:SS'),'ET',null);
Insert into ISSUE_HISTORY (ISSUE_HIS_NO,ISSUE_SID,MEM_NO,ISSUE_HIS_CONT,ISSUE_HIS_DATE,ISSUE_HIS_TYPE,ATCH_FILE_SID) values (480,143,3,'이슈날짜ㅔ스트\

',to_date('2021-06-22 00:00:00','YYYY-MM-DD HH24:MI:SS'),'RE',null);
Insert into ISSUE_HISTORY (ISSUE_HIS_NO,ISSUE_SID,MEM_NO,ISSUE_HIS_CONT,ISSUE_HIS_DATE,ISSUE_HIS_TYPE,ATCH_FILE_SID) values (481,143,3,'2021-06-28',to_date('2021-06-22 00:00:00','YYYY-MM-DD HH24:MI:SS'),'ES',null);
Insert into ISSUE_HISTORY (ISSUE_HIS_NO,ISSUE_SID,MEM_NO,ISSUE_HIS_CONT,ISSUE_HIS_DATE,ISSUE_HIS_TYPE,ATCH_FILE_SID) values (535,133,3,'1',to_date('2021-06-23 00:00:00','YYYY-MM-DD HH24:MI:SS'),'IC',null);
Insert into ISSUE_HISTORY (ISSUE_HIS_NO,ISSUE_SID,MEM_NO,ISSUE_HIS_CONT,ISSUE_HIS_DATE,ISSUE_HIS_TYPE,ATCH_FILE_SID) values (8,7,1,'123',to_date('2021-05-12 00:00:00','YYYY-MM-DD HH24:MI:SS'),'PE',null);
Insert into ISSUE_HISTORY (ISSUE_HIS_NO,ISSUE_SID,MEM_NO,ISSUE_HIS_CONT,ISSUE_HIS_DATE,ISSUE_HIS_TYPE,ATCH_FILE_SID) values (9,8,4,'aasd',to_date('2021-05-12 00:00:00','YYYY-MM-DD HH24:MI:SS'),'PE',null);
Insert into ISSUE_HISTORY (ISSUE_HIS_NO,ISSUE_SID,MEM_NO,ISSUE_HIS_CONT,ISSUE_HIS_DATE,ISSUE_HIS_TYPE,ATCH_FILE_SID) values (10,9,1,'sd',to_date('2021-05-13 00:00:00','YYYY-MM-DD HH24:MI:SS'),'PE',null);
Insert into ISSUE_HISTORY (ISSUE_HIS_NO,ISSUE_SID,MEM_NO,ISSUE_HIS_CONT,ISSUE_HIS_DATE,ISSUE_HIS_TYPE,ATCH_FILE_SID) values (11,1,1,'asd',to_date('2021-05-13 00:00:00','YYYY-MM-DD HH24:MI:SS'),'PE',null);
Insert into ISSUE_HISTORY (ISSUE_HIS_NO,ISSUE_SID,MEM_NO,ISSUE_HIS_CONT,ISSUE_HIS_DATE,ISSUE_HIS_TYPE,ATCH_FILE_SID) values (12,2,5,'sdw',to_date('2021-05-13 00:00:00','YYYY-MM-DD HH24:MI:SS'),'PE',null);
Insert into ISSUE_HISTORY (ISSUE_HIS_NO,ISSUE_SID,MEM_NO,ISSUE_HIS_CONT,ISSUE_HIS_DATE,ISSUE_HIS_TYPE,ATCH_FILE_SID) values (13,3,5,'sdcsx',to_date('2021-05-14 00:00:00','YYYY-MM-DD HH24:MI:SS'),'PE',null);
Insert into ISSUE_HISTORY (ISSUE_HIS_NO,ISSUE_SID,MEM_NO,ISSUE_HIS_CONT,ISSUE_HIS_DATE,ISSUE_HIS_TYPE,ATCH_FILE_SID) values (14,4,4,'zcz',to_date('2021-05-14 00:00:00','YYYY-MM-DD HH24:MI:SS'),'PE',null);
Insert into ISSUE_HISTORY (ISSUE_HIS_NO,ISSUE_SID,MEM_NO,ISSUE_HIS_CONT,ISSUE_HIS_DATE,ISSUE_HIS_TYPE,ATCH_FILE_SID) values (15,5,4,'zxcsx',to_date('2021-05-20 00:00:00','YYYY-MM-DD HH24:MI:SS'),'PE',null);
Insert into ISSUE_HISTORY (ISSUE_HIS_NO,ISSUE_SID,MEM_NO,ISSUE_HIS_CONT,ISSUE_HIS_DATE,ISSUE_HIS_TYPE,ATCH_FILE_SID) values (16,10,1,'dasd',to_date('2021-05-31 00:00:00','YYYY-MM-DD HH24:MI:SS'),'PE',null);
Insert into ISSUE_HISTORY (ISSUE_HIS_NO,ISSUE_SID,MEM_NO,ISSUE_HIS_CONT,ISSUE_HIS_DATE,ISSUE_HIS_TYPE,ATCH_FILE_SID) values (17,6,1,'wdq',to_date('2021-05-31 00:00:00','YYYY-MM-DD HH24:MI:SS'),'PE',null);
Insert into ISSUE_HISTORY (ISSUE_HIS_NO,ISSUE_SID,MEM_NO,ISSUE_HIS_CONT,ISSUE_HIS_DATE,ISSUE_HIS_TYPE,ATCH_FILE_SID) values (23,19,4,'&lt; &gt; ',to_date('2021-06-02 00:00:00','YYYY-MM-DD HH24:MI:SS'),'RE',null);
Insert into ISSUE_HISTORY (ISSUE_HIS_NO,ISSUE_SID,MEM_NO,ISSUE_HIS_CONT,ISSUE_HIS_DATE,ISSUE_HIS_TYPE,ATCH_FILE_SID) values (24,19,4,'# 댓글
- 가능 하니다!',to_date('2021-06-02 00:00:00','YYYY-MM-DD HH24:MI:SS'),'RE',null);
Insert into ISSUE_HISTORY (ISSUE_HIS_NO,ISSUE_SID,MEM_NO,ISSUE_HIS_CONT,ISSUE_HIS_DATE,ISSUE_HIS_TYPE,ATCH_FILE_SID) values (25,19,4,'### 댓글 달아본다
- 쩝
- 아

흠',to_date('2021-06-02 00:00:00','YYYY-MM-DD HH24:MI:SS'),'RE',null);
Insert into ISSUE_HISTORY (ISSUE_HIS_NO,ISSUE_SID,MEM_NO,ISSUE_HIS_CONT,ISSUE_HIS_DATE,ISSUE_HIS_TYPE,ATCH_FILE_SID) values (26,19,4,'댓글 달기',to_date('2021-06-02 00:00:00','YYYY-MM-DD HH24:MI:SS'),'RE',null);
Insert into ISSUE_HISTORY (ISSUE_HIS_NO,ISSUE_SID,MEM_NO,ISSUE_HIS_CONT,ISSUE_HIS_DATE,ISSUE_HIS_TYPE,ATCH_FILE_SID) values (27,19,4,'# 또 다시 
- 댓글 달기
**ㅎㅎㅎ**',to_date('2021-06-02 00:00:00','YYYY-MM-DD HH24:MI:SS'),'RE',null);
Insert into ISSUE_HISTORY (ISSUE_HIS_NO,ISSUE_SID,MEM_NO,ISSUE_HIS_CONT,ISSUE_HIS_DATE,ISSUE_HIS_TYPE,ATCH_FILE_SID) values (28,19,4,'재도전',to_date('2021-06-02 00:00:00','YYYY-MM-DD HH24:MI:SS'),'RE',null);
Insert into ISSUE_HISTORY (ISSUE_HIS_NO,ISSUE_SID,MEM_NO,ISSUE_HIS_CONT,ISSUE_HIS_DATE,ISSUE_HIS_TYPE,ATCH_FILE_SID) values (29,19,4,'# 성공한건가
## 해치웠나
&gt;&gt; 이건 어카나',to_date('2021-06-02 00:00:00','YYYY-MM-DD HH24:MI:SS'),'RE',null);
Insert into ISSUE_HISTORY (ISSUE_HIS_NO,ISSUE_SID,MEM_NO,ISSUE_HIS_CONT,ISSUE_HIS_DATE,ISSUE_HIS_TYPE,ATCH_FILE_SID) values (30,19,4,'api 쓰는게 쉽지 않다',to_date('2021-06-02 00:00:00','YYYY-MM-DD HH24:MI:SS'),'RE',null);
Insert into ISSUE_HISTORY (ISSUE_HIS_NO,ISSUE_SID,MEM_NO,ISSUE_HIS_CONT,ISSUE_HIS_DATE,ISSUE_HIS_TYPE,ATCH_FILE_SID) values (31,19,4,'리셋도 너무 깜빢인데',to_date('2021-06-02 00:00:00','YYYY-MM-DD HH24:MI:SS'),'RE',null);
Insert into ISSUE_HISTORY (ISSUE_HIS_NO,ISSUE_SID,MEM_NO,ISSUE_HIS_CONT,ISSUE_HIS_DATE,ISSUE_HIS_TYPE,ATCH_FILE_SID) values (32,19,4,'그래도 그나마 이게 낫나',to_date('2021-06-02 00:00:00','YYYY-MM-DD HH24:MI:SS'),'RE',null);
Insert into ISSUE_HISTORY (ISSUE_HIS_NO,ISSUE_SID,MEM_NO,ISSUE_HIS_CONT,ISSUE_HIS_DATE,ISSUE_HIS_TYPE,ATCH_FILE_SID) values (33,19,4,'아~~~~~~진짜',to_date('2021-06-02 00:00:00','YYYY-MM-DD HH24:MI:SS'),'RE',null);
Insert into ISSUE_HISTORY (ISSUE_HIS_NO,ISSUE_SID,MEM_NO,ISSUE_HIS_CONT,ISSUE_HIS_DATE,ISSUE_HIS_TYPE,ATCH_FILE_SID) values (34,19,4,'### 수고용',to_date('2021-06-02 00:00:00','YYYY-MM-DD HH24:MI:SS'),'RE',null);
Insert into ISSUE_HISTORY (ISSUE_HIS_NO,ISSUE_SID,MEM_NO,ISSUE_HIS_CONT,ISSUE_HIS_DATE,ISSUE_HIS_TYPE,ATCH_FILE_SID) values (35,19,4,'테스트는 끝나지 않는다',to_date('2021-06-02 00:00:00','YYYY-MM-DD HH24:MI:SS'),'RE',null);
Insert into ISSUE_HISTORY (ISSUE_HIS_NO,ISSUE_SID,MEM_NO,ISSUE_HIS_CONT,ISSUE_HIS_DATE,ISSUE_HIS_TYPE,ATCH_FILE_SID) values (36,19,4,'&gt; 아 이거 좀 어카징~',to_date('2021-06-02 00:00:00','YYYY-MM-DD HH24:MI:SS'),'RE',null);
Insert into ISSUE_HISTORY (ISSUE_HIS_NO,ISSUE_SID,MEM_NO,ISSUE_HIS_CONT,ISSUE_HIS_DATE,ISSUE_HIS_TYPE,ATCH_FILE_SID) values (99,113,4,'네',to_date('2021-06-04 00:00:00','YYYY-MM-DD HH24:MI:SS'),'RE',null);
Insert into ISSUE_HISTORY (ISSUE_HIS_NO,ISSUE_SID,MEM_NO,ISSUE_HIS_CONT,ISSUE_HIS_DATE,ISSUE_HIS_TYPE,ATCH_FILE_SID) values (103,109,4,'# ㅗㅑ',to_date('2021-06-05 00:00:00','YYYY-MM-DD HH24:MI:SS'),'RE',null);
Insert into ISSUE_HISTORY (ISSUE_HIS_NO,ISSUE_SID,MEM_NO,ISSUE_HIS_CONT,ISSUE_HIS_DATE,ISSUE_HIS_TYPE,ATCH_FILE_SID) values (112,114,4,'댇ㅅ글 쓰면 꼬북한테 알람 가나?',to_date('2021-06-07 00:00:00','YYYY-MM-DD HH24:MI:SS'),'RE',null);
Insert into ISSUE_HISTORY (ISSUE_HIS_NO,ISSUE_SID,MEM_NO,ISSUE_HIS_CONT,ISSUE_HIS_DATE,ISSUE_HIS_TYPE,ATCH_FILE_SID) values (118,114,4,'알람 만들기',to_date('2021-06-07 00:00:00','YYYY-MM-DD HH24:MI:SS'),'RE',null);
Insert into ISSUE_HISTORY (ISSUE_HIS_NO,ISSUE_SID,MEM_NO,ISSUE_HIS_CONT,ISSUE_HIS_DATE,ISSUE_HIS_TYPE,ATCH_FILE_SID) values (119,114,4,'알람 만들기 또 ',to_date('2021-06-07 00:00:00','YYYY-MM-DD HH24:MI:SS'),'RE',null);
Insert into ISSUE_HISTORY (ISSUE_HIS_NO,ISSUE_SID,MEM_NO,ISSUE_HIS_CONT,ISSUE_HIS_DATE,ISSUE_HIS_TYPE,ATCH_FILE_SID) values (124,114,4,'알람에 시간 적히노',to_date('2021-06-08 00:00:00','YYYY-MM-DD HH24:MI:SS'),'RE',null);
Insert into ISSUE_HISTORY (ISSUE_HIS_NO,ISSUE_SID,MEM_NO,ISSUE_HIS_CONT,ISSUE_HIS_DATE,ISSUE_HIS_TYPE,ATCH_FILE_SID) values (125,114,4,'엥',to_date('2021-06-08 00:00:00','YYYY-MM-DD HH24:MI:SS'),'RE',null);
Insert into ISSUE_HISTORY (ISSUE_HIS_NO,ISSUE_SID,MEM_NO,ISSUE_HIS_CONT,ISSUE_HIS_DATE,ISSUE_HIS_TYPE,ATCH_FILE_SID) values (126,114,4,'시간 잘 적히는지 테스트',to_date('2021-06-08 00:00:00','YYYY-MM-DD HH24:MI:SS'),'RE',null);
Insert into ISSUE_HISTORY (ISSUE_HIS_NO,ISSUE_SID,MEM_NO,ISSUE_HIS_CONT,ISSUE_HIS_DATE,ISSUE_HIS_TYPE,ATCH_FILE_SID) values (127,114,4,'시간 포맷 테스트',to_date('2021-06-08 00:00:00','YYYY-MM-DD HH24:MI:SS'),'RE',null);
Insert into ISSUE_HISTORY (ISSUE_HIS_NO,ISSUE_SID,MEM_NO,ISSUE_HIS_CONT,ISSUE_HIS_DATE,ISSUE_HIS_TYPE,ATCH_FILE_SID) values (128,114,4,'또 테스트 해본다.',to_date('2021-06-08 00:00:00','YYYY-MM-DD HH24:MI:SS'),'RE',null);
Insert into ISSUE_HISTORY (ISSUE_HIS_NO,ISSUE_SID,MEM_NO,ISSUE_HIS_CONT,ISSUE_HIS_DATE,ISSUE_HIS_TYPE,ATCH_FILE_SID) values (129,9,4,'아이젠에게도 댓글 알람 보내기테스트',to_date('2021-06-08 00:00:00','YYYY-MM-DD HH24:MI:SS'),'RE',null);
Insert into ISSUE_HISTORY (ISSUE_HIS_NO,ISSUE_SID,MEM_NO,ISSUE_HIS_CONT,ISSUE_HIS_DATE,ISSUE_HIS_TYPE,ATCH_FILE_SID) values (131,112,4,'gg',to_date('2021-06-09 00:00:00','YYYY-MM-DD HH24:MI:SS'),'RE',null);
Insert into ISSUE_HISTORY (ISSUE_HIS_NO,ISSUE_SID,MEM_NO,ISSUE_HIS_CONT,ISSUE_HIS_DATE,ISSUE_HIS_TYPE,ATCH_FILE_SID) values (135,115,4,'알람전송 마이바티스',to_date('2021-06-09 00:00:00','YYYY-MM-DD HH24:MI:SS'),'RE',null);
Insert into ISSUE_HISTORY (ISSUE_HIS_NO,ISSUE_SID,MEM_NO,ISSUE_HIS_CONT,ISSUE_HIS_DATE,ISSUE_HIS_TYPE,ATCH_FILE_SID) values (136,5,4,'여기 5번글에 댓글 달고감',to_date('2021-06-09 00:00:00','YYYY-MM-DD HH24:MI:SS'),'RE',null);
Insert into ISSUE_HISTORY (ISSUE_HIS_NO,ISSUE_SID,MEM_NO,ISSUE_HIS_CONT,ISSUE_HIS_DATE,ISSUE_HIS_TYPE,ATCH_FILE_SID) values (262,113,4,'ddd',to_date('2021-06-12 00:00:00','YYYY-MM-DD HH24:MI:SS'),'RE',null);
Insert into ISSUE_HISTORY (ISSUE_HIS_NO,ISSUE_SID,MEM_NO,ISSUE_HIS_CONT,ISSUE_HIS_DATE,ISSUE_HIS_TYPE,ATCH_FILE_SID) values (263,113,4,'abc',to_date('2021-06-12 00:00:00','YYYY-MM-DD HH24:MI:SS'),'RE',null);
Insert into ISSUE_HISTORY (ISSUE_HIS_NO,ISSUE_SID,MEM_NO,ISSUE_HIS_CONT,ISSUE_HIS_DATE,ISSUE_HIS_TYPE,ATCH_FILE_SID) values (264,115,4,'abcd',to_date('2021-06-12 00:00:00','YYYY-MM-DD HH24:MI:SS'),'RE',null);
Insert into ISSUE_HISTORY (ISSUE_HIS_NO,ISSUE_SID,MEM_NO,ISSUE_HIS_CONT,ISSUE_HIS_DATE,ISSUE_HIS_TYPE,ATCH_FILE_SID) values (267,115,4,'asdf',to_date('2021-06-12 00:00:00','YYYY-MM-DD HH24:MI:SS'),'RE',null);
Insert into ISSUE_HISTORY (ISSUE_HIS_NO,ISSUE_SID,MEM_NO,ISSUE_HIS_CONT,ISSUE_HIS_DATE,ISSUE_HIS_TYPE,ATCH_FILE_SID) values (269,104,4,'asdfsfd',to_date('2021-06-12 00:00:00','YYYY-MM-DD HH24:MI:SS'),'RE',null);
Insert into ISSUE_HISTORY (ISSUE_HIS_NO,ISSUE_SID,MEM_NO,ISSUE_HIS_CONT,ISSUE_HIS_DATE,ISSUE_HIS_TYPE,ATCH_FILE_SID) values (270,117,4,'## 하이
> ㅎㅇㅎㅇ
- ㅋㅋ ',to_date('2021-06-12 00:00:00','YYYY-MM-DD HH24:MI:SS'),'RE',null);
Insert into ISSUE_HISTORY (ISSUE_HIS_NO,ISSUE_SID,MEM_NO,ISSUE_HIS_CONT,ISSUE_HIS_DATE,ISSUE_HIS_TYPE,ATCH_FILE_SID) values (273,118,4,'ㅎㅎ',to_date('2021-06-13 00:00:00','YYYY-MM-DD HH24:MI:SS'),'RE',null);
Insert into ISSUE_HISTORY (ISSUE_HIS_NO,ISSUE_SID,MEM_NO,ISSUE_HIS_CONT,ISSUE_HIS_DATE,ISSUE_HIS_TYPE,ATCH_FILE_SID) values (274,118,4,'ㅁㄴㅇㄹ',to_date('2021-06-13 00:00:00','YYYY-MM-DD HH24:MI:SS'),'RE',null);
Insert into ISSUE_HISTORY (ISSUE_HIS_NO,ISSUE_SID,MEM_NO,ISSUE_HIS_CONT,ISSUE_HIS_DATE,ISSUE_HIS_TYPE,ATCH_FILE_SID) values (286,123,4,'댓글',to_date('2021-06-18 00:00:00','YYYY-MM-DD HH24:MI:SS'),'RE',null);
Insert into ISSUE_HISTORY (ISSUE_HIS_NO,ISSUE_SID,MEM_NO,ISSUE_HIS_CONT,ISSUE_HIS_DATE,ISSUE_HIS_TYPE,ATCH_FILE_SID) values (287,123,4,'뮻',to_date('2021-06-18 00:00:00','YYYY-MM-DD HH24:MI:SS'),'RE',null);
Insert into ISSUE_HISTORY (ISSUE_HIS_NO,ISSUE_SID,MEM_NO,ISSUE_HIS_CONT,ISSUE_HIS_DATE,ISSUE_HIS_TYPE,ATCH_FILE_SID) values (289,123,4,'asdf',to_date('2021-06-18 00:00:00','YYYY-MM-DD HH24:MI:SS'),'RE',null);
Insert into ISSUE_HISTORY (ISSUE_HIS_NO,ISSUE_SID,MEM_NO,ISSUE_HIS_CONT,ISSUE_HIS_DATE,ISSUE_HIS_TYPE,ATCH_FILE_SID) values (290,123,4,'asdf',to_date('2021-06-18 00:00:00','YYYY-MM-DD HH24:MI:SS'),'RE',null);
Insert into ISSUE_HISTORY (ISSUE_HIS_NO,ISSUE_SID,MEM_NO,ISSUE_HIS_CONT,ISSUE_HIS_DATE,ISSUE_HIS_TYPE,ATCH_FILE_SID) values (292,123,4,'abcd',to_date('2021-06-18 00:00:00','YYYY-MM-DD HH24:MI:SS'),'RE',null);
Insert into ISSUE_HISTORY (ISSUE_HIS_NO,ISSUE_SID,MEM_NO,ISSUE_HIS_CONT,ISSUE_HIS_DATE,ISSUE_HIS_TYPE,ATCH_FILE_SID) values (308,123,4,'0',to_date('2021-06-18 00:00:00','YYYY-MM-DD HH24:MI:SS'),'EP',null);
Insert into ISSUE_HISTORY (ISSUE_HIS_NO,ISSUE_SID,MEM_NO,ISSUE_HIS_CONT,ISSUE_HIS_DATE,ISSUE_HIS_TYPE,ATCH_FILE_SID) values (294,123,4,'2021-06-30',to_date('2021-06-18 00:00:00','YYYY-MM-DD HH24:MI:SS'),'EE',null);
Insert into ISSUE_HISTORY (ISSUE_HIS_NO,ISSUE_SID,MEM_NO,ISSUE_HIS_CONT,ISSUE_HIS_DATE,ISSUE_HIS_TYPE,ATCH_FILE_SID) values (295,123,4,'documentation',to_date('2021-06-18 00:00:00','YYYY-MM-DD HH24:MI:SS'),'EL',null);
Insert into ISSUE_HISTORY (ISSUE_HIS_NO,ISSUE_SID,MEM_NO,ISSUE_HIS_CONT,ISSUE_HIS_DATE,ISSUE_HIS_TYPE,ATCH_FILE_SID) values (296,123,4,'팀장 꼬북',to_date('2021-06-18 00:00:00','YYYY-MM-DD HH24:MI:SS'),'RM',null);
Insert into ISSUE_HISTORY (ISSUE_HIS_NO,ISSUE_SID,MEM_NO,ISSUE_HIS_CONT,ISSUE_HIS_DATE,ISSUE_HIS_TYPE,ATCH_FILE_SID) values (306,123,4,'2021-06-28',to_date('2021-06-18 00:00:00','YYYY-MM-DD HH24:MI:SS'),'ES',null);
Insert into ISSUE_HISTORY (ISSUE_HIS_NO,ISSUE_SID,MEM_NO,ISSUE_HIS_CONT,ISSUE_HIS_DATE,ISSUE_HIS_TYPE,ATCH_FILE_SID) values (307,123,4,'2021-06-29',to_date('2021-06-18 00:00:00','YYYY-MM-DD HH24:MI:SS'),'EE',null);
Insert into ISSUE_HISTORY (ISSUE_HIS_NO,ISSUE_SID,MEM_NO,ISSUE_HIS_CONT,ISSUE_HIS_DATE,ISSUE_HIS_TYPE,ATCH_FILE_SID) values (309,123,4,'팀장 꼬북',to_date('2021-06-18 00:00:00','YYYY-MM-DD HH24:MI:SS'),'AA',null);
Insert into ISSUE_HISTORY (ISSUE_HIS_NO,ISSUE_SID,MEM_NO,ISSUE_HIS_CONT,ISSUE_HIS_DATE,ISSUE_HIS_TYPE,ATCH_FILE_SID) values (310,123,4,'tet',to_date('2021-06-18 00:00:00','YYYY-MM-DD HH24:MI:SS'),'EM',null);
Insert into ISSUE_HISTORY (ISSUE_HIS_NO,ISSUE_SID,MEM_NO,ISSUE_HIS_CONT,ISSUE_HIS_DATE,ISSUE_HIS_TYPE,ATCH_FILE_SID) values (311,123,4,'2021-06-30',to_date('2021-06-18 00:00:00','YYYY-MM-DD HH24:MI:SS'),'EE',null);
Insert into ISSUE_HISTORY (ISSUE_HIS_NO,ISSUE_SID,MEM_NO,ISSUE_HIS_CONT,ISSUE_HIS_DATE,ISSUE_HIS_TYPE,ATCH_FILE_SID) values (312,123,4,'good first issue',to_date('2021-06-18 00:00:00','YYYY-MM-DD HH24:MI:SS'),'EL',null);
Insert into ISSUE_HISTORY (ISSUE_HIS_NO,ISSUE_SID,MEM_NO,ISSUE_HIS_CONT,ISSUE_HIS_DATE,ISSUE_HIS_TYPE,ATCH_FILE_SID) values (313,121,4,'documentation',to_date('2021-06-18 00:00:00','YYYY-MM-DD HH24:MI:SS'),'EL',null);
Insert into ISSUE_HISTORY (ISSUE_HIS_NO,ISSUE_SID,MEM_NO,ISSUE_HIS_CONT,ISSUE_HIS_DATE,ISSUE_HIS_TYPE,ATCH_FILE_SID) values (314,121,4,'question',to_date('2021-06-18 00:00:00','YYYY-MM-DD HH24:MI:SS'),'EL',null);
Insert into ISSUE_HISTORY (ISSUE_HIS_NO,ISSUE_SID,MEM_NO,ISSUE_HIS_CONT,ISSUE_HIS_DATE,ISSUE_HIS_TYPE,ATCH_FILE_SID) values (315,120,4,'김두한',to_date('2021-06-18 00:00:00','YYYY-MM-DD HH24:MI:SS'),'RE',null);
Insert into ISSUE_HISTORY (ISSUE_HIS_NO,ISSUE_SID,MEM_NO,ISSUE_HIS_CONT,ISSUE_HIS_DATE,ISSUE_HIS_TYPE,ATCH_FILE_SID) values (317,120,4,'김두한',to_date('2021-06-18 00:00:00','YYYY-MM-DD HH24:MI:SS'),'ET',null);
Insert into ISSUE_HISTORY (ISSUE_HIS_NO,ISSUE_SID,MEM_NO,ISSUE_HIS_CONT,ISSUE_HIS_DATE,ISSUE_HIS_TYPE,ATCH_FILE_SID) values (318,120,4,'2',to_date('2021-06-18 00:00:00','YYYY-MM-DD HH24:MI:SS'),'EP',null);
Insert into ISSUE_HISTORY (ISSUE_HIS_NO,ISSUE_SID,MEM_NO,ISSUE_HIS_CONT,ISSUE_HIS_DATE,ISSUE_HIS_TYPE,ATCH_FILE_SID) values (319,120,4,'question',to_date('2021-06-18 00:00:00','YYYY-MM-DD HH24:MI:SS'),'EL',null);
Insert into ISSUE_HISTORY (ISSUE_HIS_NO,ISSUE_SID,MEM_NO,ISSUE_HIS_CONT,ISSUE_HIS_DATE,ISSUE_HIS_TYPE,ATCH_FILE_SID) values (320,120,4,'수정된 마일스톤 제목',to_date('2021-06-18 00:00:00','YYYY-MM-DD HH24:MI:SS'),'EM',null);
Insert into ISSUE_HISTORY (ISSUE_HIS_NO,ISSUE_SID,MEM_NO,ISSUE_HIS_CONT,ISSUE_HIS_DATE,ISSUE_HIS_TYPE,ATCH_FILE_SID) values (321,120,4,'사장 조시',to_date('2021-06-18 00:00:00','YYYY-MM-DD HH24:MI:SS'),'AA',null);
Insert into ISSUE_HISTORY (ISSUE_HIS_NO,ISSUE_SID,MEM_NO,ISSUE_HIS_CONT,ISSUE_HIS_DATE,ISSUE_HIS_TYPE,ATCH_FILE_SID) values (322,120,4,'tet',to_date('2021-06-18 00:00:00','YYYY-MM-DD HH24:MI:SS'),'EM',null);
Insert into ISSUE_HISTORY (ISSUE_HIS_NO,ISSUE_SID,MEM_NO,ISSUE_HIS_CONT,ISSUE_HIS_DATE,ISSUE_HIS_TYPE,ATCH_FILE_SID) values (323,120,4,'0',to_date('2021-06-18 00:00:00','YYYY-MM-DD HH24:MI:SS'),'EP',null);
Insert into ISSUE_HISTORY (ISSUE_HIS_NO,ISSUE_SID,MEM_NO,ISSUE_HIS_CONT,ISSUE_HIS_DATE,ISSUE_HIS_TYPE,ATCH_FILE_SID) values (324,120,4,'2',to_date('2021-06-18 00:00:00','YYYY-MM-DD HH24:MI:SS'),'EP',null);
Insert into ISSUE_HISTORY (ISSUE_HIS_NO,ISSUE_SID,MEM_NO,ISSUE_HIS_CONT,ISSUE_HIS_DATE,ISSUE_HIS_TYPE,ATCH_FILE_SID) values (326,123,4,'## 마크다운 댓글',to_date('2021-06-18 00:00:00','YYYY-MM-DD HH24:MI:SS'),'RE',null);
Insert into ISSUE_HISTORY (ISSUE_HIS_NO,ISSUE_SID,MEM_NO,ISSUE_HIS_CONT,ISSUE_HIS_DATE,ISSUE_HIS_TYPE,ATCH_FILE_SID) values (329,123,4,'수정된 마일스톤 제목',to_date('2021-06-18 00:00:00','YYYY-MM-DD HH24:MI:SS'),'EM',null);
Insert into ISSUE_HISTORY (ISSUE_HIS_NO,ISSUE_SID,MEM_NO,ISSUE_HIS_CONT,ISSUE_HIS_DATE,ISSUE_HIS_TYPE,ATCH_FILE_SID) values (330,123,4,'라벨명123',to_date('2021-06-18 00:00:00','YYYY-MM-DD HH24:MI:SS'),'EL',null);
Insert into ISSUE_HISTORY (ISSUE_HIS_NO,ISSUE_SID,MEM_NO,ISSUE_HIS_CONT,ISSUE_HIS_DATE,ISSUE_HIS_TYPE,ATCH_FILE_SID) values (346,123,3,'ㅎㅎ',to_date('2021-06-19 00:00:00','YYYY-MM-DD HH24:MI:SS'),'RE',null);
Insert into ISSUE_HISTORY (ISSUE_HIS_NO,ISSUE_SID,MEM_NO,ISSUE_HIS_CONT,ISSUE_HIS_DATE,ISSUE_HIS_TYPE,ATCH_FILE_SID) values (348,123,4,'고길동',to_date('2021-06-20 00:00:00','YYYY-MM-DD HH24:MI:SS'),'AA',null);
Insert into ISSUE_HISTORY (ISSUE_HIS_NO,ISSUE_SID,MEM_NO,ISSUE_HIS_CONT,ISSUE_HIS_DATE,ISSUE_HIS_TYPE,ATCH_FILE_SID) values (349,123,4,'뉴저',to_date('2021-06-20 00:00:00','YYYY-MM-DD HH24:MI:SS'),'AA',null);
Insert into ISSUE_HISTORY (ISSUE_HIS_NO,ISSUE_SID,MEM_NO,ISSUE_HIS_CONT,ISSUE_HIS_DATE,ISSUE_HIS_TYPE,ATCH_FILE_SID) values (351,122,4,'대리 쉐인',to_date('2021-06-20 00:00:00','YYYY-MM-DD HH24:MI:SS'),'RA',null);
Insert into ISSUE_HISTORY (ISSUE_HIS_NO,ISSUE_SID,MEM_NO,ISSUE_HIS_CONT,ISSUE_HIS_DATE,ISSUE_HIS_TYPE,ATCH_FILE_SID) values (352,122,4,'대리 쉐인',to_date('2021-06-20 00:00:00','YYYY-MM-DD HH24:MI:SS'),'AA',null);
Insert into ISSUE_HISTORY (ISSUE_HIS_NO,ISSUE_SID,MEM_NO,ISSUE_HIS_CONT,ISSUE_HIS_DATE,ISSUE_HIS_TYPE,ATCH_FILE_SID) values (353,12,3,'1',to_date('2021-06-21 00:00:00','YYYY-MM-DD HH24:MI:SS'),'IC',null);
Insert into ISSUE_HISTORY (ISSUE_HIS_NO,ISSUE_SID,MEM_NO,ISSUE_HIS_CONT,ISSUE_HIS_DATE,ISSUE_HIS_TYPE,ATCH_FILE_SID) values (354,120,3,'1',to_date('2021-06-21 00:00:00','YYYY-MM-DD HH24:MI:SS'),'IC',null);
Insert into ISSUE_HISTORY (ISSUE_HIS_NO,ISSUE_SID,MEM_NO,ISSUE_HIS_CONT,ISSUE_HIS_DATE,ISSUE_HIS_TYPE,ATCH_FILE_SID) values (355,121,4,'asdffsd',to_date('2021-06-21 00:00:00','YYYY-MM-DD HH24:MI:SS'),'RE',null);
Insert into ISSUE_HISTORY (ISSUE_HIS_NO,ISSUE_SID,MEM_NO,ISSUE_HIS_CONT,ISSUE_HIS_DATE,ISSUE_HIS_TYPE,ATCH_FILE_SID) values (357,121,4,'as',to_date('2021-06-21 00:00:00','YYYY-MM-DD HH24:MI:SS'),'RE',null);
Insert into ISSUE_HISTORY (ISSUE_HIS_NO,ISSUE_SID,MEM_NO,ISSUE_HIS_CONT,ISSUE_HIS_DATE,ISSUE_HIS_TYPE,ATCH_FILE_SID) values (358,121,4,'dd',to_date('2021-06-21 00:00:00','YYYY-MM-DD HH24:MI:SS'),'RE',null);
Insert into ISSUE_HISTORY (ISSUE_HIS_NO,ISSUE_SID,MEM_NO,ISSUE_HIS_CONT,ISSUE_HIS_DATE,ISSUE_HIS_TYPE,ATCH_FILE_SID) values (359,123,4,'1',to_date('2021-06-21 00:00:00','YYYY-MM-DD HH24:MI:SS'),'RE',null);
Insert into ISSUE_HISTORY (ISSUE_HIS_NO,ISSUE_SID,MEM_NO,ISSUE_HIS_CONT,ISSUE_HIS_DATE,ISSUE_HIS_TYPE,ATCH_FILE_SID) values (360,125,4,'## 뉴스에 사진 업로드 가능하도록 하기
> 화이팅 @',to_date('2021-06-21 00:00:00','YYYY-MM-DD HH24:MI:SS'),'RE',null);
Insert into ISSUE_HISTORY (ISSUE_HIS_NO,ISSUE_SID,MEM_NO,ISSUE_HIS_CONT,ISSUE_HIS_DATE,ISSUE_HIS_TYPE,ATCH_FILE_SID) values (420,115,4,'ㅇㅇ',to_date('2021-06-21 00:00:00','YYYY-MM-DD HH24:MI:SS'),'RE',null);
Insert into ISSUE_HISTORY (ISSUE_HIS_NO,ISSUE_SID,MEM_NO,ISSUE_HIS_CONT,ISSUE_HIS_DATE,ISSUE_HIS_TYPE,ATCH_FILE_SID) values (475,142,4,'2021-06-24',to_date('2021-06-22 00:00:00','YYYY-MM-DD HH24:MI:SS'),'ES',null);
Insert into ISSUE_HISTORY (ISSUE_HIS_NO,ISSUE_SID,MEM_NO,ISSUE_HIS_CONT,ISSUE_HIS_DATE,ISSUE_HIS_TYPE,ATCH_FILE_SID) values (476,142,4,'2021-06-30',to_date('2021-06-22 00:00:00','YYYY-MM-DD HH24:MI:SS'),'EE',null);
Insert into ISSUE_HISTORY (ISSUE_HIS_NO,ISSUE_SID,MEM_NO,ISSUE_HIS_CONT,ISSUE_HIS_DATE,ISSUE_HIS_TYPE,ATCH_FILE_SID) values (477,142,4,'일감',to_date('2021-06-22 00:00:00','YYYY-MM-DD HH24:MI:SS'),'EL',null);
Insert into ISSUE_HISTORY (ISSUE_HIS_NO,ISSUE_SID,MEM_NO,ISSUE_HIS_CONT,ISSUE_HIS_DATE,ISSUE_HIS_TYPE,ATCH_FILE_SID) values (478,142,4,'날짜 테스트',to_date('2021-06-22 00:00:00','YYYY-MM-DD HH24:MI:SS'),'EM',null);
Insert into ISSUE_HISTORY (ISSUE_HIS_NO,ISSUE_SID,MEM_NO,ISSUE_HIS_CONT,ISSUE_HIS_DATE,ISSUE_HIS_TYPE,ATCH_FILE_SID) values (479,142,4,'ex',to_date('2021-06-22 00:00:00','YYYY-MM-DD HH24:MI:SS'),'AA',null);
Insert into ISSUE_HISTORY (ISSUE_HIS_NO,ISSUE_SID,MEM_NO,ISSUE_HIS_CONT,ISSUE_HIS_DATE,ISSUE_HIS_TYPE,ATCH_FILE_SID) values (536,144,4,'시작일 없이 테스트',to_date('2021-06-23 00:00:00','YYYY-MM-DD HH24:MI:SS'),'EM',null);
Insert into ISSUE_HISTORY (ISSUE_HIS_NO,ISSUE_SID,MEM_NO,ISSUE_HIS_CONT,ISSUE_HIS_DATE,ISSUE_HIS_TYPE,ATCH_FILE_SID) values (1,1,3,'"첫번째 이슈 히스토리 내용',to_date('2021-05-01 00:00:00','YYYY-MM-DD HH24:MI:SS'),'RE',null);
Insert into ISSUE_HISTORY (ISSUE_HIS_NO,ISSUE_SID,MEM_NO,ISSUE_HIS_CONT,ISSUE_HIS_DATE,ISSUE_HIS_TYPE,ATCH_FILE_SID) values (2,1,5,'1번 이슈 제목 수정 히스토리 저장됨"',to_date('2021-05-02 00:00:00','YYYY-MM-DD HH24:MI:SS'),'CU',null);
Insert into ISSUE_HISTORY (ISSUE_HIS_NO,ISSUE_SID,MEM_NO,ISSUE_HIS_CONT,ISSUE_HIS_DATE,ISSUE_HIS_TYPE,ATCH_FILE_SID) values (18,14,4,'# 댓글도 달려라
- ㅎㅎ',to_date('2021-06-02 00:00:00','YYYY-MM-DD HH24:MI:SS'),'RE',null);
Insert into ISSUE_HISTORY (ISSUE_HIS_NO,ISSUE_SID,MEM_NO,ISSUE_HIS_CONT,ISSUE_HIS_DATE,ISSUE_HIS_TYPE,ATCH_FILE_SID) values (40,19,4,'## ㅎㅇ
&gt; ㅎ',to_date('2021-06-02 00:00:00','YYYY-MM-DD HH24:MI:SS'),'RE',null);
Insert into ISSUE_HISTORY (ISSUE_HIS_NO,ISSUE_SID,MEM_NO,ISSUE_HIS_CONT,ISSUE_HIS_DATE,ISSUE_HIS_TYPE,ATCH_FILE_SID) values (67,21,4,'댓글 달기~~~',to_date('2021-06-03 00:00:00','YYYY-MM-DD HH24:MI:SS'),'RE',null);
Insert into ISSUE_HISTORY (ISSUE_HIS_NO,ISSUE_SID,MEM_NO,ISSUE_HIS_CONT,ISSUE_HIS_DATE,ISSUE_HIS_TYPE,ATCH_FILE_SID) values (68,21,4,'### 또 댓글 달기
> 오늘 
> 댓글
> 나
> 성공적',to_date('2021-06-03 00:00:00','YYYY-MM-DD HH24:MI:SS'),'RE',null);
Insert into ISSUE_HISTORY (ISSUE_HIS_NO,ISSUE_SID,MEM_NO,ISSUE_HIS_CONT,ISSUE_HIS_DATE,ISSUE_HIS_TYPE,ATCH_FILE_SID) values (97,113,4,'asdf',to_date('2021-06-04 00:00:00','YYYY-MM-DD HH24:MI:SS'),'RE',null);
Insert into ISSUE_HISTORY (ISSUE_HIS_NO,ISSUE_SID,MEM_NO,ISSUE_HIS_CONT,ISSUE_HIS_DATE,ISSUE_HIS_TYPE,ATCH_FILE_SID) values (104,1,4,'넵!!',to_date('2021-06-05 00:00:00','YYYY-MM-DD HH24:MI:SS'),'RE',null);
Insert into ISSUE_HISTORY (ISSUE_HIS_NO,ISSUE_SID,MEM_NO,ISSUE_HIS_CONT,ISSUE_HIS_DATE,ISSUE_HIS_TYPE,ATCH_FILE_SID) values (105,1,4,'# 테스트 또 한다',to_date('2021-06-05 00:00:00','YYYY-MM-DD HH24:MI:SS'),'RE',null);
Insert into ISSUE_HISTORY (ISSUE_HIS_NO,ISSUE_SID,MEM_NO,ISSUE_HIS_CONT,ISSUE_HIS_DATE,ISSUE_HIS_TYPE,ATCH_FILE_SID) values (115,114,4,'xtx',to_date('2021-06-07 00:00:00','YYYY-MM-DD HH24:MI:SS'),'RE',null);
Insert into ISSUE_HISTORY (ISSUE_HIS_NO,ISSUE_SID,MEM_NO,ISSUE_HIS_CONT,ISSUE_HIS_DATE,ISSUE_HIS_TYPE,ATCH_FILE_SID) values (116,114,4,'이슈 댓 테스트',to_date('2021-06-07 00:00:00','YYYY-MM-DD HH24:MI:SS'),'RE',null);
Insert into ISSUE_HISTORY (ISSUE_HIS_NO,ISSUE_SID,MEM_NO,ISSUE_HIS_CONT,ISSUE_HIS_DATE,ISSUE_HIS_TYPE,ATCH_FILE_SID) values (132,112,4,'ㅎㅎㅎ',to_date('2021-06-09 00:00:00','YYYY-MM-DD HH24:MI:SS'),'RE',null);
Insert into ISSUE_HISTORY (ISSUE_HIS_NO,ISSUE_SID,MEM_NO,ISSUE_HIS_CONT,ISSUE_HIS_DATE,ISSUE_HIS_TYPE,ATCH_FILE_SID) values (133,115,4,'## 오랜만에',to_date('2021-06-09 00:00:00','YYYY-MM-DD HH24:MI:SS'),'RE',null);
Insert into ISSUE_HISTORY (ISSUE_HIS_NO,ISSUE_SID,MEM_NO,ISSUE_HIS_CONT,ISSUE_HIS_DATE,ISSUE_HIS_TYPE,ATCH_FILE_SID) values (138,114,4,'알람 하나 보내본다',to_date('2021-06-09 00:00:00','YYYY-MM-DD HH24:MI:SS'),'RE',null);
Insert into ISSUE_HISTORY (ISSUE_HIS_NO,ISSUE_SID,MEM_NO,ISSUE_HIS_CONT,ISSUE_HIS_DATE,ISSUE_HIS_TYPE,ATCH_FILE_SID) values (150,115,4,'rrr',to_date('2021-06-10 00:00:00','YYYY-MM-DD HH24:MI:SS'),'RE',null);
Insert into ISSUE_HISTORY (ISSUE_HIS_NO,ISSUE_SID,MEM_NO,ISSUE_HIS_CONT,ISSUE_HIS_DATE,ISSUE_HIS_TYPE,ATCH_FILE_SID) values (151,115,4,'뮻ㅇ',to_date('2021-06-10 00:00:00','YYYY-MM-DD HH24:MI:SS'),'RE',null);
Insert into ISSUE_HISTORY (ISSUE_HIS_NO,ISSUE_SID,MEM_NO,ISSUE_HIS_CONT,ISSUE_HIS_DATE,ISSUE_HIS_TYPE,ATCH_FILE_SID) values (152,115,4,'ggg',to_date('2021-06-10 00:00:00','YYYY-MM-DD HH24:MI:SS'),'RE',null);
Insert into ISSUE_HISTORY (ISSUE_HIS_NO,ISSUE_SID,MEM_NO,ISSUE_HIS_CONT,ISSUE_HIS_DATE,ISSUE_HIS_TYPE,ATCH_FILE_SID) values (153,115,4,'ㅎㅎㅎ',to_date('2021-06-10 00:00:00','YYYY-MM-DD HH24:MI:SS'),'RE',null);
Insert into ISSUE_HISTORY (ISSUE_HIS_NO,ISSUE_SID,MEM_NO,ISSUE_HIS_CONT,ISSUE_HIS_DATE,ISSUE_HIS_TYPE,ATCH_FILE_SID) values (154,115,4,'ㅎㅎㅎㅎ',to_date('2021-06-10 00:00:00','YYYY-MM-DD HH24:MI:SS'),'RE',null);
Insert into ISSUE_HISTORY (ISSUE_HIS_NO,ISSUE_SID,MEM_NO,ISSUE_HIS_CONT,ISSUE_HIS_DATE,ISSUE_HIS_TYPE,ATCH_FILE_SID) values (155,115,4,'ggg',to_date('2021-06-10 00:00:00','YYYY-MM-DD HH24:MI:SS'),'RE',null);
Insert into ISSUE_HISTORY (ISSUE_HIS_NO,ISSUE_SID,MEM_NO,ISSUE_HIS_CONT,ISSUE_HIS_DATE,ISSUE_HIS_TYPE,ATCH_FILE_SID) values (159,114,4,'제발좀',to_date('2021-06-10 00:00:00','YYYY-MM-DD HH24:MI:SS'),'RE',null);
Insert into ISSUE_HISTORY (ISSUE_HIS_NO,ISSUE_SID,MEM_NO,ISSUE_HIS_CONT,ISSUE_HIS_DATE,ISSUE_HIS_TYPE,ATCH_FILE_SID) values (160,114,4,'ㅎㅎㅎ',to_date('2021-06-10 00:00:00','YYYY-MM-DD HH24:MI:SS'),'RE',null);
Insert into ISSUE_HISTORY (ISSUE_HIS_NO,ISSUE_SID,MEM_NO,ISSUE_HIS_CONT,ISSUE_HIS_DATE,ISSUE_HIS_TYPE,ATCH_FILE_SID) values (161,114,4,'gg',to_date('2021-06-10 00:00:00','YYYY-MM-DD HH24:MI:SS'),'RE',null);
Insert into ISSUE_HISTORY (ISSUE_HIS_NO,ISSUE_SID,MEM_NO,ISSUE_HIS_CONT,ISSUE_HIS_DATE,ISSUE_HIS_TYPE,ATCH_FILE_SID) values (162,114,4,'리얼?',to_date('2021-06-10 00:00:00','YYYY-MM-DD HH24:MI:SS'),'RE',null);
Insert into ISSUE_HISTORY (ISSUE_HIS_NO,ISSUE_SID,MEM_NO,ISSUE_HIS_CONT,ISSUE_HIS_DATE,ISSUE_HIS_TYPE,ATCH_FILE_SID) values (165,114,4,'abcd',to_date('2021-06-10 00:00:00','YYYY-MM-DD HH24:MI:SS'),'RE',null);
Insert into ISSUE_HISTORY (ISSUE_HIS_NO,ISSUE_SID,MEM_NO,ISSUE_HIS_CONT,ISSUE_HIS_DATE,ISSUE_HIS_TYPE,ATCH_FILE_SID) values (166,114,4,'abcc',to_date('2021-06-10 00:00:00','YYYY-MM-DD HH24:MI:SS'),'RE',null);
Insert into ISSUE_HISTORY (ISSUE_HIS_NO,ISSUE_SID,MEM_NO,ISSUE_HIS_CONT,ISSUE_HIS_DATE,ISSUE_HIS_TYPE,ATCH_FILE_SID) values (167,114,4,'아 힘들어',to_date('2021-06-10 00:00:00','YYYY-MM-DD HH24:MI:SS'),'RE',null);
Insert into ISSUE_HISTORY (ISSUE_HIS_NO,ISSUE_SID,MEM_NO,ISSUE_HIS_CONT,ISSUE_HIS_DATE,ISSUE_HIS_TYPE,ATCH_FILE_SID) values (168,114,4,'ㅇㅇ',to_date('2021-06-10 00:00:00','YYYY-MM-DD HH24:MI:SS'),'RE',null);
Insert into ISSUE_HISTORY (ISSUE_HIS_NO,ISSUE_SID,MEM_NO,ISSUE_HIS_CONT,ISSUE_HIS_DATE,ISSUE_HIS_TYPE,ATCH_FILE_SID) values (169,114,4,'ㅇㅇ',to_date('2021-06-10 00:00:00','YYYY-MM-DD HH24:MI:SS'),'RE',null);
Insert into ISSUE_HISTORY (ISSUE_HIS_NO,ISSUE_SID,MEM_NO,ISSUE_HIS_CONT,ISSUE_HIS_DATE,ISSUE_HIS_TYPE,ATCH_FILE_SID) values (178,116,4,'hi josh',to_date('2021-06-10 00:00:00','YYYY-MM-DD HH24:MI:SS'),'RE',null);
Insert into ISSUE_HISTORY (ISSUE_HIS_NO,ISSUE_SID,MEM_NO,ISSUE_HIS_CONT,ISSUE_HIS_DATE,ISSUE_HIS_TYPE,ATCH_FILE_SID) values (192,114,4,'abcd',to_date('2021-06-10 00:00:00','YYYY-MM-DD HH24:MI:SS'),'RE',null);
Insert into ISSUE_HISTORY (ISSUE_HIS_NO,ISSUE_SID,MEM_NO,ISSUE_HIS_CONT,ISSUE_HIS_DATE,ISSUE_HIS_TYPE,ATCH_FILE_SID) values (193,114,4,'ㅋㅋㅋㅋ',to_date('2021-06-10 00:00:00','YYYY-MM-DD HH24:MI:SS'),'RE',null);
Insert into ISSUE_HISTORY (ISSUE_HIS_NO,ISSUE_SID,MEM_NO,ISSUE_HIS_CONT,ISSUE_HIS_DATE,ISSUE_HIS_TYPE,ATCH_FILE_SID) values (196,115,4,'ㅇㅇㅇㅇ',to_date('2021-06-10 00:00:00','YYYY-MM-DD HH24:MI:SS'),'RE',null);
Insert into ISSUE_HISTORY (ISSUE_HIS_NO,ISSUE_SID,MEM_NO,ISSUE_HIS_CONT,ISSUE_HIS_DATE,ISSUE_HIS_TYPE,ATCH_FILE_SID) values (199,115,4,'agsdsdgsg',to_date('2021-06-10 00:00:00','YYYY-MM-DD HH24:MI:SS'),'RE',null);
Insert into ISSUE_HISTORY (ISSUE_HIS_NO,ISSUE_SID,MEM_NO,ISSUE_HIS_CONT,ISSUE_HIS_DATE,ISSUE_HIS_TYPE,ATCH_FILE_SID) values (201,115,4,'abc',to_date('2021-06-10 00:00:00','YYYY-MM-DD HH24:MI:SS'),'RE',null);
Insert into ISSUE_HISTORY (ISSUE_HIS_NO,ISSUE_SID,MEM_NO,ISSUE_HIS_CONT,ISSUE_HIS_DATE,ISSUE_HIS_TYPE,ATCH_FILE_SID) values (204,115,4,'aaaa',to_date('2021-06-10 00:00:00','YYYY-MM-DD HH24:MI:SS'),'RE',null);
Insert into ISSUE_HISTORY (ISSUE_HIS_NO,ISSUE_SID,MEM_NO,ISSUE_HIS_CONT,ISSUE_HIS_DATE,ISSUE_HIS_TYPE,ATCH_FILE_SID) values (205,115,4,'abcd',to_date('2021-06-10 00:00:00','YYYY-MM-DD HH24:MI:SS'),'RE',null);
Insert into ISSUE_HISTORY (ISSUE_HIS_NO,ISSUE_SID,MEM_NO,ISSUE_HIS_CONT,ISSUE_HIS_DATE,ISSUE_HIS_TYPE,ATCH_FILE_SID) values (207,115,4,'abcd',to_date('2021-06-10 00:00:00','YYYY-MM-DD HH24:MI:SS'),'RE',null);
Insert into ISSUE_HISTORY (ISSUE_HIS_NO,ISSUE_SID,MEM_NO,ISSUE_HIS_CONT,ISSUE_HIS_DATE,ISSUE_HIS_TYPE,ATCH_FILE_SID) values (209,115,4,'abcd',to_date('2021-06-10 00:00:00','YYYY-MM-DD HH24:MI:SS'),'RE',null);
Insert into ISSUE_HISTORY (ISSUE_HIS_NO,ISSUE_SID,MEM_NO,ISSUE_HIS_CONT,ISSUE_HIS_DATE,ISSUE_HIS_TYPE,ATCH_FILE_SID) values (211,115,4,'뮻ㅇ',to_date('2021-06-10 00:00:00','YYYY-MM-DD HH24:MI:SS'),'RE',null);
Insert into ISSUE_HISTORY (ISSUE_HIS_NO,ISSUE_SID,MEM_NO,ISSUE_HIS_CONT,ISSUE_HIS_DATE,ISSUE_HIS_TYPE,ATCH_FILE_SID) values (212,115,4,'abcd',to_date('2021-06-10 00:00:00','YYYY-MM-DD HH24:MI:SS'),'RE',null);
Insert into ISSUE_HISTORY (ISSUE_HIS_NO,ISSUE_SID,MEM_NO,ISSUE_HIS_CONT,ISSUE_HIS_DATE,ISSUE_HIS_TYPE,ATCH_FILE_SID) values (216,109,3,'ff',to_date('2021-06-10 00:00:00','YYYY-MM-DD HH24:MI:SS'),'RE',null);
Insert into ISSUE_HISTORY (ISSUE_HIS_NO,ISSUE_SID,MEM_NO,ISSUE_HIS_CONT,ISSUE_HIS_DATE,ISSUE_HIS_TYPE,ATCH_FILE_SID) values (217,109,3,'dd',to_date('2021-06-10 00:00:00','YYYY-MM-DD HH24:MI:SS'),'RE',null);
Insert into ISSUE_HISTORY (ISSUE_HIS_NO,ISSUE_SID,MEM_NO,ISSUE_HIS_CONT,ISSUE_HIS_DATE,ISSUE_HIS_TYPE,ATCH_FILE_SID) values (219,115,4,'avc',to_date('2021-06-10 00:00:00','YYYY-MM-DD HH24:MI:SS'),'RE',null);
Insert into ISSUE_HISTORY (ISSUE_HIS_NO,ISSUE_SID,MEM_NO,ISSUE_HIS_CONT,ISSUE_HIS_DATE,ISSUE_HIS_TYPE,ATCH_FILE_SID) values (221,115,4,'asdf',to_date('2021-06-10 00:00:00','YYYY-MM-DD HH24:MI:SS'),'RE',null);
Insert into ISSUE_HISTORY (ISSUE_HIS_NO,ISSUE_SID,MEM_NO,ISSUE_HIS_CONT,ISSUE_HIS_DATE,ISSUE_HIS_TYPE,ATCH_FILE_SID) values (222,115,4,'asffd',to_date('2021-06-10 00:00:00','YYYY-MM-DD HH24:MI:SS'),'RE',null);
Insert into ISSUE_HISTORY (ISSUE_HIS_NO,ISSUE_SID,MEM_NO,ISSUE_HIS_CONT,ISSUE_HIS_DATE,ISSUE_HIS_TYPE,ATCH_FILE_SID) values (227,115,4,'뮴ㅇㄹ',to_date('2021-06-10 00:00:00','YYYY-MM-DD HH24:MI:SS'),'RE',null);
Insert into ISSUE_HISTORY (ISSUE_HIS_NO,ISSUE_SID,MEM_NO,ISSUE_HIS_CONT,ISSUE_HIS_DATE,ISSUE_HIS_TYPE,ATCH_FILE_SID) values (229,115,4,'ㅁ늉ㄹ',to_date('2021-06-10 00:00:00','YYYY-MM-DD HH24:MI:SS'),'RE',null);
Insert into ISSUE_HISTORY (ISSUE_HIS_NO,ISSUE_SID,MEM_NO,ISSUE_HIS_CONT,ISSUE_HIS_DATE,ISSUE_HIS_TYPE,ATCH_FILE_SID) values (231,115,4,'ㅎㅎㅎㅎ',to_date('2021-06-10 00:00:00','YYYY-MM-DD HH24:MI:SS'),'RE',null);
Insert into ISSUE_HISTORY (ISSUE_HIS_NO,ISSUE_SID,MEM_NO,ISSUE_HIS_CONT,ISSUE_HIS_DATE,ISSUE_HIS_TYPE,ATCH_FILE_SID) values (235,115,4,'hello~',to_date('2021-06-10 00:00:00','YYYY-MM-DD HH24:MI:SS'),'RE',null);
Insert into ISSUE_HISTORY (ISSUE_HIS_NO,ISSUE_SID,MEM_NO,ISSUE_HIS_CONT,ISSUE_HIS_DATE,ISSUE_HIS_TYPE,ATCH_FILE_SID) values (239,114,4,'abcd',to_date('2021-06-10 00:00:00','YYYY-MM-DD HH24:MI:SS'),'RE',null);
Insert into ISSUE_HISTORY (ISSUE_HIS_NO,ISSUE_SID,MEM_NO,ISSUE_HIS_CONT,ISSUE_HIS_DATE,ISSUE_HIS_TYPE,ATCH_FILE_SID) values (242,115,4,'ggggg',to_date('2021-06-10 00:00:00','YYYY-MM-DD HH24:MI:SS'),'RE',null);
Insert into ISSUE_HISTORY (ISSUE_HIS_NO,ISSUE_SID,MEM_NO,ISSUE_HIS_CONT,ISSUE_HIS_DATE,ISSUE_HIS_TYPE,ATCH_FILE_SID) values (244,115,4,'abcd',to_date('2021-06-11 00:00:00','YYYY-MM-DD HH24:MI:SS'),'RE',null);
Insert into ISSUE_HISTORY (ISSUE_HIS_NO,ISSUE_SID,MEM_NO,ISSUE_HIS_CONT,ISSUE_HIS_DATE,ISSUE_HIS_TYPE,ATCH_FILE_SID) values (249,114,4,'알람 ㅇ추가',to_date('2021-06-11 00:00:00','YYYY-MM-DD HH24:MI:SS'),'RE',null);
Insert into ISSUE_HISTORY (ISSUE_HIS_NO,ISSUE_SID,MEM_NO,ISSUE_HIS_CONT,ISSUE_HIS_DATE,ISSUE_HIS_TYPE,ATCH_FILE_SID) values (250,114,4,'ggg',to_date('2021-06-11 00:00:00','YYYY-MM-DD HH24:MI:SS'),'RE',null);
Insert into ISSUE_HISTORY (ISSUE_HIS_NO,ISSUE_SID,MEM_NO,ISSUE_HIS_CONT,ISSUE_HIS_DATE,ISSUE_HIS_TYPE,ATCH_FILE_SID) values (251,114,4,'ggg',to_date('2021-06-11 00:00:00','YYYY-MM-DD HH24:MI:SS'),'RE',null);
Insert into ISSUE_HISTORY (ISSUE_HIS_NO,ISSUE_SID,MEM_NO,ISSUE_HIS_CONT,ISSUE_HIS_DATE,ISSUE_HIS_TYPE,ATCH_FILE_SID) values (252,114,4,'gggg',to_date('2021-06-11 00:00:00','YYYY-MM-DD HH24:MI:SS'),'RE',null);
Insert into ISSUE_HISTORY (ISSUE_HIS_NO,ISSUE_SID,MEM_NO,ISSUE_HIS_CONT,ISSUE_HIS_DATE,ISSUE_HIS_TYPE,ATCH_FILE_SID) values (256,115,4,'ㅎㅎㅎ',to_date('2021-06-11 00:00:00','YYYY-MM-DD HH24:MI:SS'),'RE',null);
Insert into ISSUE_HISTORY (ISSUE_HIS_NO,ISSUE_SID,MEM_NO,ISSUE_HIS_CONT,ISSUE_HIS_DATE,ISSUE_HIS_TYPE,ATCH_FILE_SID) values (258,115,4,'ㅇㅇㅇㅇ',to_date('2021-06-11 00:00:00','YYYY-MM-DD HH24:MI:SS'),'RE',null);
Insert into ISSUE_HISTORY (ISSUE_HIS_NO,ISSUE_SID,MEM_NO,ISSUE_HIS_CONT,ISSUE_HIS_DATE,ISSUE_HIS_TYPE,ATCH_FILE_SID) values (259,115,3,'asdfafsd',to_date('2021-06-11 00:00:00','YYYY-MM-DD HH24:MI:SS'),'RE',null);
Insert into ISSUE_HISTORY (ISSUE_HIS_NO,ISSUE_SID,MEM_NO,ISSUE_HIS_CONT,ISSUE_HIS_DATE,ISSUE_HIS_TYPE,ATCH_FILE_SID) values (282,120,4,'~~',to_date('2021-06-16 00:00:00','YYYY-MM-DD HH24:MI:SS'),'RE',null);
Insert into ISSUE_HISTORY (ISSUE_HIS_NO,ISSUE_SID,MEM_NO,ISSUE_HIS_CONT,ISSUE_HIS_DATE,ISSUE_HIS_TYPE,ATCH_FILE_SID) values (283,121,4,'# 작성해봅니다',to_date('2021-06-17 00:00:00','YYYY-MM-DD HH24:MI:SS'),'RE',null);
Insert into ISSUE_HISTORY (ISSUE_HIS_NO,ISSUE_SID,MEM_NO,ISSUE_HIS_CONT,ISSUE_HIS_DATE,ISSUE_HIS_TYPE,ATCH_FILE_SID) values (284,122,4,'테스트임',to_date('2021-06-18 00:00:00','YYYY-MM-DD HH24:MI:SS'),'RE',null);
Insert into ISSUE_HISTORY (ISSUE_HIS_NO,ISSUE_SID,MEM_NO,ISSUE_HIS_CONT,ISSUE_HIS_DATE,ISSUE_HIS_TYPE,ATCH_FILE_SID) values (297,123,4,'팀장 꼬북',to_date('2021-06-18 00:00:00','YYYY-MM-DD HH24:MI:SS'),'AA',null);
Insert into ISSUE_HISTORY (ISSUE_HIS_NO,ISSUE_SID,MEM_NO,ISSUE_HIS_CONT,ISSUE_HIS_DATE,ISSUE_HIS_TYPE,ATCH_FILE_SID) values (298,123,4,'팀장 꼬북',to_date('2021-06-18 00:00:00','YYYY-MM-DD HH24:MI:SS'),'RM',null);
Insert into ISSUE_HISTORY (ISSUE_HIS_NO,ISSUE_SID,MEM_NO,ISSUE_HIS_CONT,ISSUE_HIS_DATE,ISSUE_HIS_TYPE,ATCH_FILE_SID) values (365,121,4,'1',to_date('2021-06-21 00:00:00','YYYY-MM-DD HH24:MI:SS'),'IC',null);
Insert into ISSUE_HISTORY (ISSUE_HIS_NO,ISSUE_SID,MEM_NO,ISSUE_HIS_CONT,ISSUE_HIS_DATE,ISSUE_HIS_TYPE,ATCH_FILE_SID) values (366,127,4,'# 화이팅 !',to_date('2021-06-21 00:00:00','YYYY-MM-DD HH24:MI:SS'),'RE',null);
Insert into ISSUE_HISTORY (ISSUE_HIS_NO,ISSUE_SID,MEM_NO,ISSUE_HIS_CONT,ISSUE_HIS_DATE,ISSUE_HIS_TYPE,ATCH_FILE_SID) values (367,127,4,'1',to_date('2021-06-21 00:00:00','YYYY-MM-DD HH24:MI:SS'),'EP',null);
Insert into ISSUE_HISTORY (ISSUE_HIS_NO,ISSUE_SID,MEM_NO,ISSUE_HIS_CONT,ISSUE_HIS_DATE,ISSUE_HIS_TYPE,ATCH_FILE_SID) values (368,114,4,'1',to_date('2021-06-21 00:00:00','YYYY-MM-DD HH24:MI:SS'),'EP',null);
Insert into ISSUE_HISTORY (ISSUE_HIS_NO,ISSUE_SID,MEM_NO,ISSUE_HIS_CONT,ISSUE_HIS_DATE,ISSUE_HIS_TYPE,ATCH_FILE_SID) values (369,114,4,'good first issue',to_date('2021-06-21 00:00:00','YYYY-MM-DD HH24:MI:SS'),'EL',null);
Insert into ISSUE_HISTORY (ISSUE_HIS_NO,ISSUE_SID,MEM_NO,ISSUE_HIS_CONT,ISSUE_HIS_DATE,ISSUE_HIS_TYPE,ATCH_FILE_SID) values (373,126,4,null,to_date('2021-06-21 00:00:00','YYYY-MM-DD HH24:MI:SS'),'IC',null);
Insert into ISSUE_HISTORY (ISSUE_HIS_NO,ISSUE_SID,MEM_NO,ISSUE_HIS_CONT,ISSUE_HIS_DATE,ISSUE_HIS_TYPE,ATCH_FILE_SID) values (380,114,4,null,to_date('2021-06-21 00:00:00','YYYY-MM-DD HH24:MI:SS'),'IC',null);
Insert into ISSUE_HISTORY (ISSUE_HIS_NO,ISSUE_SID,MEM_NO,ISSUE_HIS_CONT,ISSUE_HIS_DATE,ISSUE_HIS_TYPE,ATCH_FILE_SID) values (384,108,4,null,to_date('2021-06-21 00:00:00','YYYY-MM-DD HH24:MI:SS'),'IC',null);
Insert into ISSUE_HISTORY (ISSUE_HIS_NO,ISSUE_SID,MEM_NO,ISSUE_HIS_CONT,ISSUE_HIS_DATE,ISSUE_HIS_TYPE,ATCH_FILE_SID) values (385,100,4,null,to_date('2021-06-21 00:00:00','YYYY-MM-DD HH24:MI:SS'),'IC',null);
Insert into ISSUE_HISTORY (ISSUE_HIS_NO,ISSUE_SID,MEM_NO,ISSUE_HIS_CONT,ISSUE_HIS_DATE,ISSUE_HIS_TYPE,ATCH_FILE_SID) values (386,84,4,null,to_date('2021-06-21 00:00:00','YYYY-MM-DD HH24:MI:SS'),'IC',null);
Insert into ISSUE_HISTORY (ISSUE_HIS_NO,ISSUE_SID,MEM_NO,ISSUE_HIS_CONT,ISSUE_HIS_DATE,ISSUE_HIS_TYPE,ATCH_FILE_SID) values (387,64,4,null,to_date('2021-06-21 00:00:00','YYYY-MM-DD HH24:MI:SS'),'IC',null);
Insert into ISSUE_HISTORY (ISSUE_HIS_NO,ISSUE_SID,MEM_NO,ISSUE_HIS_CONT,ISSUE_HIS_DATE,ISSUE_HIS_TYPE,ATCH_FILE_SID) values (388,84,4,'0',to_date('2021-06-21 00:00:00','YYYY-MM-DD HH24:MI:SS'),'IO',null);
Insert into ISSUE_HISTORY (ISSUE_HIS_NO,ISSUE_SID,MEM_NO,ISSUE_HIS_CONT,ISSUE_HIS_DATE,ISSUE_HIS_TYPE,ATCH_FILE_SID) values (389,115,4,null,to_date('2021-06-21 00:00:00','YYYY-MM-DD HH24:MI:SS'),'IC',null);
Insert into ISSUE_HISTORY (ISSUE_HIS_NO,ISSUE_SID,MEM_NO,ISSUE_HIS_CONT,ISSUE_HIS_DATE,ISSUE_HIS_TYPE,ATCH_FILE_SID) values (390,110,4,null,to_date('2021-06-21 00:00:00','YYYY-MM-DD HH24:MI:SS'),'IC',null);
Insert into ISSUE_HISTORY (ISSUE_HIS_NO,ISSUE_SID,MEM_NO,ISSUE_HIS_CONT,ISSUE_HIS_DATE,ISSUE_HIS_TYPE,ATCH_FILE_SID) values (391,107,4,null,to_date('2021-06-21 00:00:00','YYYY-MM-DD HH24:MI:SS'),'IC',null);
Insert into ISSUE_HISTORY (ISSUE_HIS_NO,ISSUE_SID,MEM_NO,ISSUE_HIS_CONT,ISSUE_HIS_DATE,ISSUE_HIS_TYPE,ATCH_FILE_SID) values (392,106,4,null,to_date('2021-06-21 00:00:00','YYYY-MM-DD HH24:MI:SS'),'IC',null);
Insert into ISSUE_HISTORY (ISSUE_HIS_NO,ISSUE_SID,MEM_NO,ISSUE_HIS_CONT,ISSUE_HIS_DATE,ISSUE_HIS_TYPE,ATCH_FILE_SID) values (393,105,4,null,to_date('2021-06-21 00:00:00','YYYY-MM-DD HH24:MI:SS'),'IC',null);
Insert into ISSUE_HISTORY (ISSUE_HIS_NO,ISSUE_SID,MEM_NO,ISSUE_HIS_CONT,ISSUE_HIS_DATE,ISSUE_HIS_TYPE,ATCH_FILE_SID) values (394,84,4,null,to_date('2021-06-21 00:00:00','YYYY-MM-DD HH24:MI:SS'),'IC',null);
Insert into ISSUE_HISTORY (ISSUE_HIS_NO,ISSUE_SID,MEM_NO,ISSUE_HIS_CONT,ISSUE_HIS_DATE,ISSUE_HIS_TYPE,ATCH_FILE_SID) values (395,24,4,null,to_date('2021-06-21 00:00:00','YYYY-MM-DD HH24:MI:SS'),'IC',null);
Insert into ISSUE_HISTORY (ISSUE_HIS_NO,ISSUE_SID,MEM_NO,ISSUE_HIS_CONT,ISSUE_HIS_DATE,ISSUE_HIS_TYPE,ATCH_FILE_SID) values (396,23,4,null,to_date('2021-06-21 00:00:00','YYYY-MM-DD HH24:MI:SS'),'IC',null);
Insert into ISSUE_HISTORY (ISSUE_HIS_NO,ISSUE_SID,MEM_NO,ISSUE_HIS_CONT,ISSUE_HIS_DATE,ISSUE_HIS_TYPE,ATCH_FILE_SID) values (397,22,4,null,to_date('2021-06-21 00:00:00','YYYY-MM-DD HH24:MI:SS'),'IC',null);
Insert into ISSUE_HISTORY (ISSUE_HIS_NO,ISSUE_SID,MEM_NO,ISSUE_HIS_CONT,ISSUE_HIS_DATE,ISSUE_HIS_TYPE,ATCH_FILE_SID) values (398,126,4,'0',to_date('2021-06-21 00:00:00','YYYY-MM-DD HH24:MI:SS'),'IO',null);
Insert into ISSUE_HISTORY (ISSUE_HIS_NO,ISSUE_SID,MEM_NO,ISSUE_HIS_CONT,ISSUE_HIS_DATE,ISSUE_HIS_TYPE,ATCH_FILE_SID) values (399,21,4,null,to_date('2021-06-21 00:00:00','YYYY-MM-DD HH24:MI:SS'),'IC',null);
Insert into ISSUE_HISTORY (ISSUE_HIS_NO,ISSUE_SID,MEM_NO,ISSUE_HIS_CONT,ISSUE_HIS_DATE,ISSUE_HIS_TYPE,ATCH_FILE_SID) values (400,20,4,null,to_date('2021-06-21 00:00:00','YYYY-MM-DD HH24:MI:SS'),'IC',null);
Insert into ISSUE_HISTORY (ISSUE_HIS_NO,ISSUE_SID,MEM_NO,ISSUE_HIS_CONT,ISSUE_HIS_DATE,ISSUE_HIS_TYPE,ATCH_FILE_SID) values (401,19,4,null,to_date('2021-06-21 00:00:00','YYYY-MM-DD HH24:MI:SS'),'IC',null);
Insert into ISSUE_HISTORY (ISSUE_HIS_NO,ISSUE_SID,MEM_NO,ISSUE_HIS_CONT,ISSUE_HIS_DATE,ISSUE_HIS_TYPE,ATCH_FILE_SID) values (402,18,4,null,to_date('2021-06-21 00:00:00','YYYY-MM-DD HH24:MI:SS'),'IC',null);
Insert into ISSUE_HISTORY (ISSUE_HIS_NO,ISSUE_SID,MEM_NO,ISSUE_HIS_CONT,ISSUE_HIS_DATE,ISSUE_HIS_TYPE,ATCH_FILE_SID) values (403,17,4,null,to_date('2021-06-21 00:00:00','YYYY-MM-DD HH24:MI:SS'),'IC',null);
Insert into ISSUE_HISTORY (ISSUE_HIS_NO,ISSUE_SID,MEM_NO,ISSUE_HIS_CONT,ISSUE_HIS_DATE,ISSUE_HIS_TYPE,ATCH_FILE_SID) values (404,16,4,null,to_date('2021-06-21 00:00:00','YYYY-MM-DD HH24:MI:SS'),'IC',null);
Insert into ISSUE_HISTORY (ISSUE_HIS_NO,ISSUE_SID,MEM_NO,ISSUE_HIS_CONT,ISSUE_HIS_DATE,ISSUE_HIS_TYPE,ATCH_FILE_SID) values (405,15,4,null,to_date('2021-06-21 00:00:00','YYYY-MM-DD HH24:MI:SS'),'IC',null);
Insert into ISSUE_HISTORY (ISSUE_HIS_NO,ISSUE_SID,MEM_NO,ISSUE_HIS_CONT,ISSUE_HIS_DATE,ISSUE_HIS_TYPE,ATCH_FILE_SID) values (406,14,4,null,to_date('2021-06-21 00:00:00','YYYY-MM-DD HH24:MI:SS'),'IC',null);
Insert into ISSUE_HISTORY (ISSUE_HIS_NO,ISSUE_SID,MEM_NO,ISSUE_HIS_CONT,ISSUE_HIS_DATE,ISSUE_HIS_TYPE,ATCH_FILE_SID) values (407,13,4,null,to_date('2021-06-21 00:00:00','YYYY-MM-DD HH24:MI:SS'),'IC',null);
Insert into ISSUE_HISTORY (ISSUE_HIS_NO,ISSUE_SID,MEM_NO,ISSUE_HIS_CONT,ISSUE_HIS_DATE,ISSUE_HIS_TYPE,ATCH_FILE_SID) values (408,11,4,null,to_date('2021-06-21 00:00:00','YYYY-MM-DD HH24:MI:SS'),'IC',null);
Insert into ISSUE_HISTORY (ISSUE_HIS_NO,ISSUE_SID,MEM_NO,ISSUE_HIS_CONT,ISSUE_HIS_DATE,ISSUE_HIS_TYPE,ATCH_FILE_SID) values (409,6,4,null,to_date('2021-06-21 00:00:00','YYYY-MM-DD HH24:MI:SS'),'IC',null);
Insert into ISSUE_HISTORY (ISSUE_HIS_NO,ISSUE_SID,MEM_NO,ISSUE_HIS_CONT,ISSUE_HIS_DATE,ISSUE_HIS_TYPE,ATCH_FILE_SID) values (410,3,4,null,to_date('2021-06-21 00:00:00','YYYY-MM-DD HH24:MI:SS'),'IC',null);
Insert into ISSUE_HISTORY (ISSUE_HIS_NO,ISSUE_SID,MEM_NO,ISSUE_HIS_CONT,ISSUE_HIS_DATE,ISSUE_HIS_TYPE,ATCH_FILE_SID) values (411,2,4,null,to_date('2021-06-21 00:00:00','YYYY-MM-DD HH24:MI:SS'),'IC',null);
Insert into ISSUE_HISTORY (ISSUE_HIS_NO,ISSUE_SID,MEM_NO,ISSUE_HIS_CONT,ISSUE_HIS_DATE,ISSUE_HIS_TYPE,ATCH_FILE_SID) values (412,1,4,null,to_date('2021-06-21 00:00:00','YYYY-MM-DD HH24:MI:SS'),'IC',null);
Insert into ISSUE_HISTORY (ISSUE_HIS_NO,ISSUE_SID,MEM_NO,ISSUE_HIS_CONT,ISSUE_HIS_DATE,ISSUE_HIS_TYPE,ATCH_FILE_SID) values (413,128,4,'# 잘 부탁해요 !
- 그림이 좀 들어가면 더 잘 만든 것처럼 보일 수 있어요',to_date('2021-06-21 00:00:00','YYYY-MM-DD HH24:MI:SS'),'RE',null);
Insert into ISSUE_HISTORY (ISSUE_HIS_NO,ISSUE_SID,MEM_NO,ISSUE_HIS_CONT,ISSUE_HIS_DATE,ISSUE_HIS_TYPE,ATCH_FILE_SID) values (421,126,4,'일일업무보고',to_date('2021-06-21 00:00:00','YYYY-MM-DD HH24:MI:SS'),'EL',null);
Insert into ISSUE_HISTORY (ISSUE_HIS_NO,ISSUE_SID,MEM_NO,ISSUE_HIS_CONT,ISSUE_HIS_DATE,ISSUE_HIS_TYPE,ATCH_FILE_SID) values (422,16,4,'이슈 또 써요 테스트 때문에',to_date('2021-06-21 00:00:00','YYYY-MM-DD HH24:MI:SS'),'ET',null);
Insert into ISSUE_HISTORY (ISSUE_HIS_NO,ISSUE_SID,MEM_NO,ISSUE_HIS_CONT,ISSUE_HIS_DATE,ISSUE_HIS_TYPE,ATCH_FILE_SID) values (423,16,4,'이슈 또 써요 테스트 때문엨',to_date('2021-06-21 00:00:00','YYYY-MM-DD HH24:MI:SS'),'ET',null);
Insert into ISSUE_HISTORY (ISSUE_HIS_NO,ISSUE_SID,MEM_NO,ISSUE_HIS_CONT,ISSUE_HIS_DATE,ISSUE_HIS_TYPE,ATCH_FILE_SID) values (424,126,4,null,to_date('2021-06-21 00:00:00','YYYY-MM-DD HH24:MI:SS'),'RL',null);
Insert into ISSUE_HISTORY (ISSUE_HIS_NO,ISSUE_SID,MEM_NO,ISSUE_HIS_CONT,ISSUE_HIS_DATE,ISSUE_HIS_TYPE,ATCH_FILE_SID) values (425,123,4,'도움요청',to_date('2021-06-21 00:00:00','YYYY-MM-DD HH24:MI:SS'),'EL',null);
Insert into ISSUE_HISTORY (ISSUE_HIS_NO,ISSUE_SID,MEM_NO,ISSUE_HIS_CONT,ISSUE_HIS_DATE,ISSUE_HIS_TYPE,ATCH_FILE_SID) values (442,133,3,'## 콘솔로 만드는 초급프로젝트 주제 선정
    - 각 조장은 이번주 금요일 까지 주제 선정해주세요!',to_date('2021-06-22 00:00:00','YYYY-MM-DD HH24:MI:SS'),'RE',null);
Insert into ISSUE_HISTORY (ISSUE_HIS_NO,ISSUE_SID,MEM_NO,ISSUE_HIS_CONT,ISSUE_HIS_DATE,ISSUE_HIS_TYPE,ATCH_FILE_SID) values (443,133,3,'박세현',to_date('2021-06-22 00:00:00','YYYY-MM-DD HH24:MI:SS'),'AA',null);
Insert into ISSUE_HISTORY (ISSUE_HIS_NO,ISSUE_SID,MEM_NO,ISSUE_HIS_CONT,ISSUE_HIS_DATE,ISSUE_HIS_TYPE,ATCH_FILE_SID) values (444,133,3,'김지훈',to_date('2021-06-22 00:00:00','YYYY-MM-DD HH24:MI:SS'),'AA',null);
Insert into ISSUE_HISTORY (ISSUE_HIS_NO,ISSUE_SID,MEM_NO,ISSUE_HIS_CONT,ISSUE_HIS_DATE,ISSUE_HIS_TYPE,ATCH_FILE_SID) values (445,133,3,'문선준',to_date('2021-06-22 00:00:00','YYYY-MM-DD HH24:MI:SS'),'AA',null);
Insert into ISSUE_HISTORY (ISSUE_HIS_NO,ISSUE_SID,MEM_NO,ISSUE_HIS_CONT,ISSUE_HIS_DATE,ISSUE_HIS_TYPE,ATCH_FILE_SID) values (446,133,3,'송수미',to_date('2021-06-22 00:00:00','YYYY-MM-DD HH24:MI:SS'),'AA',null);
Insert into ISSUE_HISTORY (ISSUE_HIS_NO,ISSUE_SID,MEM_NO,ISSUE_HIS_CONT,ISSUE_HIS_DATE,ISSUE_HIS_TYPE,ATCH_FILE_SID) values (447,133,3,'Java-RDBMS 연계 프로젝트',to_date('2021-06-22 00:00:00','YYYY-MM-DD HH24:MI:SS'),'EM',null);
Insert into ISSUE_HISTORY (ISSUE_HIS_NO,ISSUE_SID,MEM_NO,ISSUE_HIS_CONT,ISSUE_HIS_DATE,ISSUE_HIS_TYPE,ATCH_FILE_SID) values (448,133,3,'일감',to_date('2021-06-22 00:00:00','YYYY-MM-DD HH24:MI:SS'),'EL',null);
Insert into ISSUE_HISTORY (ISSUE_HIS_NO,ISSUE_SID,MEM_NO,ISSUE_HIS_CONT,ISSUE_HIS_DATE,ISSUE_HIS_TYPE,ATCH_FILE_SID) values (449,133,3,'1',to_date('2021-06-22 00:00:00','YYYY-MM-DD HH24:MI:SS'),'EP',null);
Insert into ISSUE_HISTORY (ISSUE_HIS_NO,ISSUE_SID,MEM_NO,ISSUE_HIS_CONT,ISSUE_HIS_DATE,ISSUE_HIS_TYPE,ATCH_FILE_SID) values (450,133,3,'초급프로젝트 주제 선정',to_date('2021-06-22 00:00:00','YYYY-MM-DD HH24:MI:SS'),'ET',null);
Insert into ISSUE_HISTORY (ISSUE_HIS_NO,ISSUE_SID,MEM_NO,ISSUE_HIS_CONT,ISSUE_HIS_DATE,ISSUE_HIS_TYPE,ATCH_FILE_SID) values (459,133,3,'1',to_date('2021-06-22 00:00:00','YYYY-MM-DD HH24:MI:SS'),'IC',null);
Insert into ISSUE_HISTORY (ISSUE_HIS_NO,ISSUE_SID,MEM_NO,ISSUE_HIS_CONT,ISSUE_HIS_DATE,ISSUE_HIS_TYPE,ATCH_FILE_SID) values (460,134,3,'1',to_date('2021-06-22 00:00:00','YYYY-MM-DD HH24:MI:SS'),'IC',null);
Insert into ISSUE_HISTORY (ISSUE_HIS_NO,ISSUE_SID,MEM_NO,ISSUE_HIS_CONT,ISSUE_HIS_DATE,ISSUE_HIS_TYPE,ATCH_FILE_SID) values (461,137,3,'# 내일 초급 프로젝트 중간 컨펌을 진행합니다.
- 각 조의 조장은 진행상황을 정리해두길바랍니다.
',to_date('2021-06-22 00:00:00','YYYY-MM-DD HH24:MI:SS'),'RE',null);
Insert into ISSUE_HISTORY (ISSUE_HIS_NO,ISSUE_SID,MEM_NO,ISSUE_HIS_CONT,ISSUE_HIS_DATE,ISSUE_HIS_TYPE,ATCH_FILE_SID) values (462,137,3,'초급 프로젝트 중간 컨펌은 내일 오후에 진행합니다.',to_date('2021-06-22 00:00:00','YYYY-MM-DD HH24:MI:SS'),'RE',null);
Insert into ISSUE_HISTORY (ISSUE_HIS_NO,ISSUE_SID,MEM_NO,ISSUE_HIS_CONT,ISSUE_HIS_DATE,ISSUE_HIS_TYPE,ATCH_FILE_SID) values (463,138,3,'# 각 조 PL 분들은 조 회의를 통해 주제를 선정해주시길 바랍니다.

-  주제 선정 후 담당 선생님께 컨펌을 진행합니다.
-  주제 통과한 조는 산출물 작업시작해주세요.',to_date('2021-06-22 00:00:00','YYYY-MM-DD HH24:MI:SS'),'RE',null);
Insert into ISSUE_HISTORY (ISSUE_HIS_NO,ISSUE_SID,MEM_NO,ISSUE_HIS_CONT,ISSUE_HIS_DATE,ISSUE_HIS_TYPE,ATCH_FILE_SID) values (464,134,3,'0',to_date('2021-06-22 00:00:00','YYYY-MM-DD HH24:MI:SS'),'IO',null);
Insert into ISSUE_HISTORY (ISSUE_HIS_NO,ISSUE_SID,MEM_NO,ISSUE_HIS_CONT,ISSUE_HIS_DATE,ISSUE_HIS_TYPE,ATCH_FILE_SID) values (465,133,3,'0',to_date('2021-06-22 00:00:00','YYYY-MM-DD HH24:MI:SS'),'IO',null);
Insert into ISSUE_HISTORY (ISSUE_HIS_NO,ISSUE_SID,MEM_NO,ISSUE_HIS_CONT,ISSUE_HIS_DATE,ISSUE_HIS_TYPE,ATCH_FILE_SID) values (473,141,4,'123',to_date('2021-06-22 00:00:00','YYYY-MM-DD HH24:MI:SS'),'RE',null);
Insert into ISSUE_HISTORY (ISSUE_HIS_NO,ISSUE_SID,MEM_NO,ISSUE_HIS_CONT,ISSUE_HIS_DATE,ISSUE_HIS_TYPE,ATCH_FILE_SID) values (483,145,3,'실시간 알람 푸쉬 알림 기능',to_date('2021-06-23 00:00:00','YYYY-MM-DD HH24:MI:SS'),'RE',null);
Insert into ISSUE_HISTORY (ISSUE_HIS_NO,ISSUE_SID,MEM_NO,ISSUE_HIS_CONT,ISSUE_HIS_DATE,ISSUE_HIS_TYPE,ATCH_FILE_SID) values (484,146,3,'실시간 알람 푸쉬 알림 기능',to_date('2021-06-23 00:00:00','YYYY-MM-DD HH24:MI:SS'),'RE',null);
Insert into ISSUE_HISTORY (ISSUE_HIS_NO,ISSUE_SID,MEM_NO,ISSUE_HIS_CONT,ISSUE_HIS_DATE,ISSUE_HIS_TYPE,ATCH_FILE_SID) values (485,147,3,'알람 기능 구현',to_date('2021-06-23 00:00:00','YYYY-MM-DD HH24:MI:SS'),'RE',null);
Insert into ISSUE_HISTORY (ISSUE_HIS_NO,ISSUE_SID,MEM_NO,ISSUE_HIS_CONT,ISSUE_HIS_DATE,ISSUE_HIS_TYPE,ATCH_FILE_SID) values (486,148,3,'admin 페이지 controller-view 연결',to_date('2021-06-23 00:00:00','YYYY-MM-DD HH24:MI:SS'),'RE',null);
Insert into ISSUE_HISTORY (ISSUE_HIS_NO,ISSUE_SID,MEM_NO,ISSUE_HIS_CONT,ISSUE_HIS_DATE,ISSUE_HIS_TYPE,ATCH_FILE_SID) values (487,149,3,'메인 페이지 Controller-view',to_date('2021-06-23 00:00:00','YYYY-MM-DD HH24:MI:SS'),'RE',null);
Insert into ISSUE_HISTORY (ISSUE_HIS_NO,ISSUE_SID,MEM_NO,ISSUE_HIS_CONT,ISSUE_HIS_DATE,ISSUE_HIS_TYPE,ATCH_FILE_SID) values (488,150,3,'news 공유 기능 구현',to_date('2021-06-23 00:00:00','YYYY-MM-DD HH24:MI:SS'),'RE',null);
Insert into ISSUE_HISTORY (ISSUE_HIS_NO,ISSUE_SID,MEM_NO,ISSUE_HIS_CONT,ISSUE_HIS_DATE,ISSUE_HIS_TYPE,ATCH_FILE_SID) values (489,151,3,'wiki 분류 기능 구현',to_date('2021-06-23 00:00:00','YYYY-MM-DD HH24:MI:SS'),'RE',null);
Insert into ISSUE_HISTORY (ISSUE_HIS_NO,ISSUE_SID,MEM_NO,ISSUE_HIS_CONT,ISSUE_HIS_DATE,ISSUE_HIS_TYPE,ATCH_FILE_SID) values (490,152,3,'wiki 검색 / 작성 /열람 기능 구현',to_date('2021-06-23 00:00:00','YYYY-MM-DD HH24:MI:SS'),'RE',null);
Insert into ISSUE_HISTORY (ISSUE_HIS_NO,ISSUE_SID,MEM_NO,ISSUE_HIS_CONT,ISSUE_HIS_DATE,ISSUE_HIS_TYPE,ATCH_FILE_SID) values (492,154,3,'코드 리뷰 기능 구현',to_date('2021-06-23 00:00:00','YYYY-MM-DD HH24:MI:SS'),'RE',null);
Insert into ISSUE_HISTORY (ISSUE_HIS_NO,ISSUE_SID,MEM_NO,ISSUE_HIS_CONT,ISSUE_HIS_DATE,ISSUE_HIS_TYPE,ATCH_FILE_SID) values (493,155,3,'Git 저장소 추가(연계) 해서 코드 조회 기능 구현',to_date('2021-06-23 00:00:00','YYYY-MM-DD HH24:MI:SS'),'RE',null);
Insert into ISSUE_HISTORY (ISSUE_HIS_NO,ISSUE_SID,MEM_NO,ISSUE_HIS_CONT,ISSUE_HIS_DATE,ISSUE_HIS_TYPE,ATCH_FILE_SID) values (494,156,3,'트리구조로 코드 탐색 구현',to_date('2021-06-23 00:00:00','YYYY-MM-DD HH24:MI:SS'),'RE',null);
Insert into ISSUE_HISTORY (ISSUE_HIS_NO,ISSUE_SID,MEM_NO,ISSUE_HIS_CONT,ISSUE_HIS_DATE,ISSUE_HIS_TYPE,ATCH_FILE_SID) values (495,157,3,'Github 계정 연동 구현',to_date('2021-06-23 00:00:00','YYYY-MM-DD HH24:MI:SS'),'RE',null);
Insert into ISSUE_HISTORY (ISSUE_HIS_NO,ISSUE_SID,MEM_NO,ISSUE_HIS_CONT,ISSUE_HIS_DATE,ISSUE_HIS_TYPE,ATCH_FILE_SID) values (496,158,3,'서버 환경 조회 구현',to_date('2021-06-23 00:00:00','YYYY-MM-DD HH24:MI:SS'),'RE',null);
Insert into ISSUE_HISTORY (ISSUE_HIS_NO,ISSUE_SID,MEM_NO,ISSUE_HIS_CONT,ISSUE_HIS_DATE,ISSUE_HIS_TYPE,ATCH_FILE_SID) values (497,159,3,'회원 관리 페이지 구현',to_date('2021-06-23 00:00:00','YYYY-MM-DD HH24:MI:SS'),'RE',null);
Insert into ISSUE_HISTORY (ISSUE_HIS_NO,ISSUE_SID,MEM_NO,ISSUE_HIS_CONT,ISSUE_HIS_DATE,ISSUE_HIS_TYPE,ATCH_FILE_SID) values (498,160,3,'패스워드 변경 기능 구현 ',to_date('2021-06-23 00:00:00','YYYY-MM-DD HH24:MI:SS'),'RE',null);
Insert into ISSUE_HISTORY (ISSUE_HIS_NO,ISSUE_SID,MEM_NO,ISSUE_HIS_CONT,ISSUE_HIS_DATE,ISSUE_HIS_TYPE,ATCH_FILE_SID) values (499,161,3,'회원가입 / 로그인 기능 구현',to_date('2021-06-23 00:00:00','YYYY-MM-DD HH24:MI:SS'),'RE',null);
Insert into ISSUE_HISTORY (ISSUE_HIS_NO,ISSUE_SID,MEM_NO,ISSUE_HIS_CONT,ISSUE_HIS_DATE,ISSUE_HIS_TYPE,ATCH_FILE_SID) values (500,162,3,'우선순위 / 이슈 label 설정 기능 구현',to_date('2021-06-23 00:00:00','YYYY-MM-DD HH24:MI:SS'),'RE',null);
Insert into ISSUE_HISTORY (ISSUE_HIS_NO,ISSUE_SID,MEM_NO,ISSUE_HIS_CONT,ISSUE_HIS_DATE,ISSUE_HIS_TYPE,ATCH_FILE_SID) values (501,163,3,'기존 생성 프로젝트 설정 불러오기 기능 개선',to_date('2021-06-23 00:00:00','YYYY-MM-DD HH24:MI:SS'),'RE',null);
Insert into ISSUE_HISTORY (ISSUE_HIS_NO,ISSUE_SID,MEM_NO,ISSUE_HIS_CONT,ISSUE_HIS_DATE,ISSUE_HIS_TYPE,ATCH_FILE_SID) values (502,164,3,'프로젝트 생성 기능 개선',to_date('2021-06-23 00:00:00','YYYY-MM-DD HH24:MI:SS'),'RE',null);
Insert into ISSUE_HISTORY (ISSUE_HIS_NO,ISSUE_SID,MEM_NO,ISSUE_HIS_CONT,ISSUE_HIS_DATE,ISSUE_HIS_TYPE,ATCH_FILE_SID) values (503,165,3,'채팅방 내 첨부파일 모아보기 기능 구현',to_date('2021-06-23 00:00:00','YYYY-MM-DD HH24:MI:SS'),'RE',null);
Insert into ISSUE_HISTORY (ISSUE_HIS_NO,ISSUE_SID,MEM_NO,ISSUE_HIS_CONT,ISSUE_HIS_DATE,ISSUE_HIS_TYPE,ATCH_FILE_SID) values (504,166,3,'drag&drop 파일 첨부기능 구현',to_date('2021-06-23 00:00:00','YYYY-MM-DD HH24:MI:SS'),'RE',null);
Insert into ISSUE_HISTORY (ISSUE_HIS_NO,ISSUE_SID,MEM_NO,ISSUE_HIS_CONT,ISSUE_HIS_DATE,ISSUE_HIS_TYPE,ATCH_FILE_SID) values (510,172,3,'희수씨네 조 프로젝트 readme 써주기',to_date('2021-06-23 00:00:00','YYYY-MM-DD HH24:MI:SS'),'RE',null);
Insert into ISSUE_HISTORY (ISSUE_HIS_NO,ISSUE_SID,MEM_NO,ISSUE_HIS_CONT,ISSUE_HIS_DATE,ISSUE_HIS_TYPE,ATCH_FILE_SID) values (515,177,3,'calendar 일자별 상세 조회 기능 구현',to_date('2021-06-23 00:00:00','YYYY-MM-DD HH24:MI:SS'),'RE',null);
Insert into ISSUE_HISTORY (ISSUE_HIS_NO,ISSUE_SID,MEM_NO,ISSUE_HIS_CONT,ISSUE_HIS_DATE,ISSUE_HIS_TYPE,ATCH_FILE_SID) values (516,178,3,'gantt chart 담당자별 필터링 기능 구현',to_date('2021-06-23 00:00:00','YYYY-MM-DD HH24:MI:SS'),'RE',null);
Insert into ISSUE_HISTORY (ISSUE_HIS_NO,ISSUE_SID,MEM_NO,ISSUE_HIS_CONT,ISSUE_HIS_DATE,ISSUE_HIS_TYPE,ATCH_FILE_SID) values (517,179,3,'개별 milestone 조회 및 완성도 조회 기능 구현',to_date('2021-06-23 00:00:00','YYYY-MM-DD HH24:MI:SS'),'RE',null);
Insert into ISSUE_HISTORY (ISSUE_HIS_NO,ISSUE_SID,MEM_NO,ISSUE_HIS_CONT,ISSUE_HIS_DATE,ISSUE_HIS_TYPE,ATCH_FILE_SID) values (518,180,3,'프로젝트 일정 관리 기능 구현',to_date('2021-06-23 00:00:00','YYYY-MM-DD HH24:MI:SS'),'RE',null);
Insert into ISSUE_HISTORY (ISSUE_HIS_NO,ISSUE_SID,MEM_NO,ISSUE_HIS_CONT,ISSUE_HIS_DATE,ISSUE_HIS_TYPE,ATCH_FILE_SID) values (519,181,3,'이슈 등록시 담당자 여러명 지정할수 있게 기능 구현',to_date('2021-06-23 00:00:00','YYYY-MM-DD HH24:MI:SS'),'RE',null);
Insert into ISSUE_HISTORY (ISSUE_HIS_NO,ISSUE_SID,MEM_NO,ISSUE_HIS_CONT,ISSUE_HIS_DATE,ISSUE_HIS_TYPE,ATCH_FILE_SID) values (520,182,3,'담당자 여러명 css 처리 ',to_date('2021-06-23 00:00:00','YYYY-MM-DD HH24:MI:SS'),'RE',null);
Insert into ISSUE_HISTORY (ISSUE_HIS_NO,ISSUE_SID,MEM_NO,ISSUE_HIS_CONT,ISSUE_HIS_DATE,ISSUE_HIS_TYPE,ATCH_FILE_SID) values (521,183,3,'profile hover 할 경우 css 및 해당 page 로 이동
',to_date('2021-06-23 00:00:00','YYYY-MM-DD HH24:MI:SS'),'RE',null);
Insert into ISSUE_HISTORY (ISSUE_HIS_NO,ISSUE_SID,MEM_NO,ISSUE_HIS_CONT,ISSUE_HIS_DATE,ISSUE_HIS_TYPE,ATCH_FILE_SID) values (522,184,3,'이슈 내용에 markdown 으로 작성 할 수 있도록 처리 ',to_date('2021-06-23 00:00:00','YYYY-MM-DD HH24:MI:SS'),'RE',null);
Insert into ISSUE_HISTORY (ISSUE_HIS_NO,ISSUE_SID,MEM_NO,ISSUE_HIS_CONT,ISSUE_HIS_DATE,ISSUE_HIS_TYPE,ATCH_FILE_SID) values (523,185,3,'wiki 작성시 markdown 으로 작성 되도록 처리',to_date('2021-06-23 00:00:00','YYYY-MM-DD HH24:MI:SS'),'RE',null);
Insert into ISSUE_HISTORY (ISSUE_HIS_NO,ISSUE_SID,MEM_NO,ISSUE_HIS_CONT,ISSUE_HIS_DATE,ISSUE_HIS_TYPE,ATCH_FILE_SID) values (524,186,3,'issue history 기능 개선',to_date('2021-06-23 00:00:00','YYYY-MM-DD HH24:MI:SS'),'RE',null);
Insert into ISSUE_HISTORY (ISSUE_HIS_NO,ISSUE_SID,MEM_NO,ISSUE_HIS_CONT,ISSUE_HIS_DATE,ISSUE_HIS_TYPE,ATCH_FILE_SID) values (525,187,3,'유스케이스 정의서',to_date('2021-06-23 00:00:00','YYYY-MM-DD HH24:MI:SS'),'RE',null);
Insert into ISSUE_HISTORY (ISSUE_HIS_NO,ISSUE_SID,MEM_NO,ISSUE_HIS_CONT,ISSUE_HIS_DATE,ISSUE_HIS_TYPE,ATCH_FILE_SID) values (3,1,1,'유스 케이스 정의서 문서 작업 해주세요!
해줘요!!
빨리!!',to_date('2021-05-03 00:00:00','YYYY-MM-DD HH24:MI:SS'),'RE',null);
Insert into ISSUE_HISTORY (ISSUE_HIS_NO,ISSUE_SID,MEM_NO,ISSUE_HIS_CONT,ISSUE_HIS_DATE,ISSUE_HIS_TYPE,ATCH_FILE_SID) values (4,1,2,'유스 케이스 정의서 문서 작업 해주세요!
해줘요!!
빨리!!',to_date('2021-05-03 00:00:00','YYYY-MM-DD HH24:MI:SS'),'RE',null);
Insert into ISSUE_HISTORY (ISSUE_HIS_NO,ISSUE_SID,MEM_NO,ISSUE_HIS_CONT,ISSUE_HIS_DATE,ISSUE_HIS_TYPE,ATCH_FILE_SID) values (5,1,3,'Shane 이 중요도를 급함 으로 변경함',to_date('2021-05-05 00:00:00','YYYY-MM-DD HH24:MI:SS'),'PE',null);
Insert into ISSUE_HISTORY (ISSUE_HIS_NO,ISSUE_SID,MEM_NO,ISSUE_HIS_CONT,ISSUE_HIS_DATE,ISSUE_HIS_TYPE,ATCH_FILE_SID) values (19,15,4,'# 잘 되는거 같아서
- 근데  &lt; &gt; 는 방어되서 안됨',to_date('2021-06-02 00:00:00','YYYY-MM-DD HH24:MI:SS'),'RE',null);
Insert into ISSUE_HISTORY (ISSUE_HIS_NO,ISSUE_SID,MEM_NO,ISSUE_HIS_CONT,ISSUE_HIS_DATE,ISSUE_HIS_TYPE,ATCH_FILE_SID) values (20,16,4,'아이고 나죽네',to_date('2021-06-02 00:00:00','YYYY-MM-DD HH24:MI:SS'),'RE',null);
Insert into ISSUE_HISTORY (ISSUE_HIS_NO,ISSUE_SID,MEM_NO,ISSUE_HIS_CONT,ISSUE_HIS_DATE,ISSUE_HIS_TYPE,ATCH_FILE_SID) values (21,17,4,'# 나죽네 나주겅',to_date('2021-06-02 00:00:00','YYYY-MM-DD HH24:MI:SS'),'RE',null);
Insert into ISSUE_HISTORY (ISSUE_HIS_NO,ISSUE_SID,MEM_NO,ISSUE_HIS_CONT,ISSUE_HIS_DATE,ISSUE_HIS_TYPE,ATCH_FILE_SID) values (22,18,4,'# 미리 보기 가능
&gt; 근데 lucy 떄문에
- 저거 안됨 ',to_date('2021-06-02 00:00:00','YYYY-MM-DD HH24:MI:SS'),'RE',null);
Insert into ISSUE_HISTORY (ISSUE_HIS_NO,ISSUE_SID,MEM_NO,ISSUE_HIS_CONT,ISSUE_HIS_DATE,ISSUE_HIS_TYPE,ATCH_FILE_SID) values (49,19,4,'> Hello',to_date('2021-06-02 00:00:00','YYYY-MM-DD HH24:MI:SS'),'RE',null);
Insert into ISSUE_HISTORY (ISSUE_HIS_NO,ISSUE_SID,MEM_NO,ISSUE_HIS_CONT,ISSUE_HIS_DATE,ISSUE_HIS_TYPE,ATCH_FILE_SID) values (50,19,4,'> 혹시 ??',to_date('2021-06-02 00:00:00','YYYY-MM-DD HH24:MI:SS'),'RE',null);
Insert into ISSUE_HISTORY (ISSUE_HIS_NO,ISSUE_SID,MEM_NO,ISSUE_HIS_CONT,ISSUE_HIS_DATE,ISSUE_HIS_TYPE,ATCH_FILE_SID) values (51,19,4,'&lt; >',to_date('2021-06-02 00:00:00','YYYY-MM-DD HH24:MI:SS'),'RE',null);
Insert into ISSUE_HISTORY (ISSUE_HIS_NO,ISSUE_SID,MEM_NO,ISSUE_HIS_CONT,ISSUE_HIS_DATE,ISSUE_HIS_TYPE,ATCH_FILE_SID) values (52,19,4,'> 와
막았다 &lt;
>
&lt;',to_date('2021-06-02 00:00:00','YYYY-MM-DD HH24:MI:SS'),'RE',null);
Insert into ISSUE_HISTORY (ISSUE_HIS_NO,ISSUE_SID,MEM_NO,ISSUE_HIS_CONT,ISSUE_HIS_DATE,ISSUE_HIS_TYPE,ATCH_FILE_SID) values (53,19,4,'이거
> 성공
### ㅎㅎ
> 하하',to_date('2021-06-02 00:00:00','YYYY-MM-DD HH24:MI:SS'),'RE',null);
Insert into ISSUE_HISTORY (ISSUE_HIS_NO,ISSUE_SID,MEM_NO,ISSUE_HIS_CONT,ISSUE_HIS_DATE,ISSUE_HIS_TYPE,ATCH_FILE_SID) values (54,19,4,'> ㅎㅎ

하하

> ㅋㅋ',to_date('2021-06-02 00:00:00','YYYY-MM-DD HH24:MI:SS'),'RE',null);
Insert into ISSUE_HISTORY (ISSUE_HIS_NO,ISSUE_SID,MEM_NO,ISSUE_HIS_CONT,ISSUE_HIS_DATE,ISSUE_HIS_TYPE,ATCH_FILE_SID) values (58,20,4,'&gt; 이거 되나',to_date('2021-06-02 00:00:00','YYYY-MM-DD HH24:MI:SS'),'RE',null);
Insert into ISSUE_HISTORY (ISSUE_HIS_NO,ISSUE_SID,MEM_NO,ISSUE_HIS_CONT,ISSUE_HIS_DATE,ISSUE_HIS_TYPE,ATCH_FILE_SID) values (59,20,4,'# 하이
&gt; ㅎㅎㅎ',to_date('2021-06-02 00:00:00','YYYY-MM-DD HH24:MI:SS'),'RE',null);
Insert into ISSUE_HISTORY (ISSUE_HIS_NO,ISSUE_SID,MEM_NO,ISSUE_HIS_CONT,ISSUE_HIS_DATE,ISSUE_HIS_TYPE,ATCH_FILE_SID) values (98,1,3,'### 마크다운으로 입력 해봅니다
 - 조씨',to_date('2021-06-04 00:00:00','YYYY-MM-DD HH24:MI:SS'),'RE',null);
Insert into ISSUE_HISTORY (ISSUE_HIS_NO,ISSUE_SID,MEM_NO,ISSUE_HIS_CONT,ISSUE_HIS_DATE,ISSUE_HIS_TYPE,ATCH_FILE_SID) values (113,114,4,'알람 객체 어떻게 만드는지 확인',to_date('2021-06-07 00:00:00','YYYY-MM-DD HH24:MI:SS'),'RE',null);
Insert into ISSUE_HISTORY (ISSUE_HIS_NO,ISSUE_SID,MEM_NO,ISSUE_HIS_CONT,ISSUE_HIS_DATE,ISSUE_HIS_TYPE,ATCH_FILE_SID) values (141,115,4,'ddd',to_date('2021-06-09 00:00:00','YYYY-MM-DD HH24:MI:SS'),'RE',null);
Insert into ISSUE_HISTORY (ISSUE_HIS_NO,ISSUE_SID,MEM_NO,ISSUE_HIS_CONT,ISSUE_HIS_DATE,ISSUE_HIS_TYPE,ATCH_FILE_SID) values (144,115,4,'ggggg',to_date('2021-06-09 00:00:00','YYYY-MM-DD HH24:MI:SS'),'RE',null);
Insert into ISSUE_HISTORY (ISSUE_HIS_NO,ISSUE_SID,MEM_NO,ISSUE_HIS_CONT,ISSUE_HIS_DATE,ISSUE_HIS_TYPE,ATCH_FILE_SID) values (149,115,4,'rr',to_date('2021-06-10 00:00:00','YYYY-MM-DD HH24:MI:SS'),'RE',null);
Insert into ISSUE_HISTORY (ISSUE_HIS_NO,ISSUE_SID,MEM_NO,ISSUE_HIS_CONT,ISSUE_HIS_DATE,ISSUE_HIS_TYPE,ATCH_FILE_SID) values (183,116,4,'abcd',to_date('2021-06-10 00:00:00','YYYY-MM-DD HH24:MI:SS'),'RE',null);
Insert into ISSUE_HISTORY (ISSUE_HIS_NO,ISSUE_SID,MEM_NO,ISSUE_HIS_CONT,ISSUE_HIS_DATE,ISSUE_HIS_TYPE,ATCH_FILE_SID) values (184,116,4,'abcde',to_date('2021-06-10 00:00:00','YYYY-MM-DD HH24:MI:SS'),'RE',null);
Insert into ISSUE_HISTORY (ISSUE_HIS_NO,ISSUE_SID,MEM_NO,ISSUE_HIS_CONT,ISSUE_HIS_DATE,ISSUE_HIS_TYPE,ATCH_FILE_SID) values (185,115,4,'abcde',to_date('2021-06-10 00:00:00','YYYY-MM-DD HH24:MI:SS'),'RE',null);
Insert into ISSUE_HISTORY (ISSUE_HIS_NO,ISSUE_SID,MEM_NO,ISSUE_HIS_CONT,ISSUE_HIS_DATE,ISSUE_HIS_TYPE,ATCH_FILE_SID) values (186,115,4,'abcd',to_date('2021-06-10 00:00:00','YYYY-MM-DD HH24:MI:SS'),'RE',null);
Insert into ISSUE_HISTORY (ISSUE_HIS_NO,ISSUE_SID,MEM_NO,ISSUE_HIS_CONT,ISSUE_HIS_DATE,ISSUE_HIS_TYPE,ATCH_FILE_SID) values (187,115,4,'abcd',to_date('2021-06-10 00:00:00','YYYY-MM-DD HH24:MI:SS'),'RE',null);
Insert into ISSUE_HISTORY (ISSUE_HIS_NO,ISSUE_SID,MEM_NO,ISSUE_HIS_CONT,ISSUE_HIS_DATE,ISSUE_HIS_TYPE,ATCH_FILE_SID) values (188,115,4,'abc',to_date('2021-06-10 00:00:00','YYYY-MM-DD HH24:MI:SS'),'RE',null);
Insert into ISSUE_HISTORY (ISSUE_HIS_NO,ISSUE_SID,MEM_NO,ISSUE_HIS_CONT,ISSUE_HIS_DATE,ISSUE_HIS_TYPE,ATCH_FILE_SID) values (190,115,4,'zzz',to_date('2021-06-10 00:00:00','YYYY-MM-DD HH24:MI:SS'),'RE',null);
Insert into ISSUE_HISTORY (ISSUE_HIS_NO,ISSUE_SID,MEM_NO,ISSUE_HIS_CONT,ISSUE_HIS_DATE,ISSUE_HIS_TYPE,ATCH_FILE_SID) values (194,114,4,'gggg',to_date('2021-06-10 00:00:00','YYYY-MM-DD HH24:MI:SS'),'RE',null);
Insert into ISSUE_HISTORY (ISSUE_HIS_NO,ISSUE_SID,MEM_NO,ISSUE_HIS_CONT,ISSUE_HIS_DATE,ISSUE_HIS_TYPE,ATCH_FILE_SID) values (195,114,4,'zzz',to_date('2021-06-10 00:00:00','YYYY-MM-DD HH24:MI:SS'),'RE',null);
Insert into ISSUE_HISTORY (ISSUE_HIS_NO,ISSUE_SID,MEM_NO,ISSUE_HIS_CONT,ISSUE_HIS_DATE,ISSUE_HIS_TYPE,ATCH_FILE_SID) values (197,115,4,'dd',to_date('2021-06-10 00:00:00','YYYY-MM-DD HH24:MI:SS'),'RE',null);
Insert into ISSUE_HISTORY (ISSUE_HIS_NO,ISSUE_SID,MEM_NO,ISSUE_HIS_CONT,ISSUE_HIS_DATE,ISSUE_HIS_TYPE,ATCH_FILE_SID) values (198,115,4,'abcd',to_date('2021-06-10 00:00:00','YYYY-MM-DD HH24:MI:SS'),'RE',null);
Insert into ISSUE_HISTORY (ISSUE_HIS_NO,ISSUE_SID,MEM_NO,ISSUE_HIS_CONT,ISSUE_HIS_DATE,ISSUE_HIS_TYPE,ATCH_FILE_SID) values (200,115,4,'aaa',to_date('2021-06-10 00:00:00','YYYY-MM-DD HH24:MI:SS'),'RE',null);
Insert into ISSUE_HISTORY (ISSUE_HIS_NO,ISSUE_SID,MEM_NO,ISSUE_HIS_CONT,ISSUE_HIS_DATE,ISSUE_HIS_TYPE,ATCH_FILE_SID) values (202,115,4,'abcd',to_date('2021-06-10 00:00:00','YYYY-MM-DD HH24:MI:SS'),'RE',null);
Insert into ISSUE_HISTORY (ISSUE_HIS_NO,ISSUE_SID,MEM_NO,ISSUE_HIS_CONT,ISSUE_HIS_DATE,ISSUE_HIS_TYPE,ATCH_FILE_SID) values (203,115,4,'abcd',to_date('2021-06-10 00:00:00','YYYY-MM-DD HH24:MI:SS'),'RE',null);
Insert into ISSUE_HISTORY (ISSUE_HIS_NO,ISSUE_SID,MEM_NO,ISSUE_HIS_CONT,ISSUE_HIS_DATE,ISSUE_HIS_TYPE,ATCH_FILE_SID) values (206,115,4,'ag',to_date('2021-06-10 00:00:00','YYYY-MM-DD HH24:MI:SS'),'RE',null);
Insert into ISSUE_HISTORY (ISSUE_HIS_NO,ISSUE_SID,MEM_NO,ISSUE_HIS_CONT,ISSUE_HIS_DATE,ISSUE_HIS_TYPE,ATCH_FILE_SID) values (208,115,4,'asdf',to_date('2021-06-10 00:00:00','YYYY-MM-DD HH24:MI:SS'),'RE',null);
Insert into ISSUE_HISTORY (ISSUE_HIS_NO,ISSUE_SID,MEM_NO,ISSUE_HIS_CONT,ISSUE_HIS_DATE,ISSUE_HIS_TYPE,ATCH_FILE_SID) values (210,115,4,'aaaa',to_date('2021-06-10 00:00:00','YYYY-MM-DD HH24:MI:SS'),'RE',null);
Insert into ISSUE_HISTORY (ISSUE_HIS_NO,ISSUE_SID,MEM_NO,ISSUE_HIS_CONT,ISSUE_HIS_DATE,ISSUE_HIS_TYPE,ATCH_FILE_SID) values (213,115,4,'abcd',to_date('2021-06-10 00:00:00','YYYY-MM-DD HH24:MI:SS'),'RE',null);
Insert into ISSUE_HISTORY (ISSUE_HIS_NO,ISSUE_SID,MEM_NO,ISSUE_HIS_CONT,ISSUE_HIS_DATE,ISSUE_HIS_TYPE,ATCH_FILE_SID) values (214,104,3,'ff',to_date('2021-06-10 00:00:00','YYYY-MM-DD HH24:MI:SS'),'RE',null);
Insert into ISSUE_HISTORY (ISSUE_HIS_NO,ISSUE_SID,MEM_NO,ISSUE_HIS_CONT,ISSUE_HIS_DATE,ISSUE_HIS_TYPE,ATCH_FILE_SID) values (215,109,3,'aa',to_date('2021-06-10 00:00:00','YYYY-MM-DD HH24:MI:SS'),'RE',null);
Insert into ISSUE_HISTORY (ISSUE_HIS_NO,ISSUE_SID,MEM_NO,ISSUE_HIS_CONT,ISSUE_HIS_DATE,ISSUE_HIS_TYPE,ATCH_FILE_SID) values (218,109,3,'fd',to_date('2021-06-10 00:00:00','YYYY-MM-DD HH24:MI:SS'),'RE',null);
Insert into ISSUE_HISTORY (ISSUE_HIS_NO,ISSUE_SID,MEM_NO,ISSUE_HIS_CONT,ISSUE_HIS_DATE,ISSUE_HIS_TYPE,ATCH_FILE_SID) values (220,115,4,'asdfsf',to_date('2021-06-10 00:00:00','YYYY-MM-DD HH24:MI:SS'),'RE',null);
Insert into ISSUE_HISTORY (ISSUE_HIS_NO,ISSUE_SID,MEM_NO,ISSUE_HIS_CONT,ISSUE_HIS_DATE,ISSUE_HIS_TYPE,ATCH_FILE_SID) values (223,115,4,'asdfdf',to_date('2021-06-10 00:00:00','YYYY-MM-DD HH24:MI:SS'),'RE',null);
Insert into ISSUE_HISTORY (ISSUE_HIS_NO,ISSUE_SID,MEM_NO,ISSUE_HIS_CONT,ISSUE_HIS_DATE,ISSUE_HIS_TYPE,ATCH_FILE_SID) values (224,115,4,'abc',to_date('2021-06-10 00:00:00','YYYY-MM-DD HH24:MI:SS'),'RE',null);
Insert into ISSUE_HISTORY (ISSUE_HIS_NO,ISSUE_SID,MEM_NO,ISSUE_HIS_CONT,ISSUE_HIS_DATE,ISSUE_HIS_TYPE,ATCH_FILE_SID) values (225,115,4,'asdb',to_date('2021-06-10 00:00:00','YYYY-MM-DD HH24:MI:SS'),'RE',null);
Insert into ISSUE_HISTORY (ISSUE_HIS_NO,ISSUE_SID,MEM_NO,ISSUE_HIS_CONT,ISSUE_HIS_DATE,ISSUE_HIS_TYPE,ATCH_FILE_SID) values (226,115,4,'abc',to_date('2021-06-10 00:00:00','YYYY-MM-DD HH24:MI:SS'),'RE',null);
Insert into ISSUE_HISTORY (ISSUE_HIS_NO,ISSUE_SID,MEM_NO,ISSUE_HIS_CONT,ISSUE_HIS_DATE,ISSUE_HIS_TYPE,ATCH_FILE_SID) values (228,115,4,'뮻ㅇ',to_date('2021-06-10 00:00:00','YYYY-MM-DD HH24:MI:SS'),'RE',null);
Insert into ISSUE_HISTORY (ISSUE_HIS_NO,ISSUE_SID,MEM_NO,ISSUE_HIS_CONT,ISSUE_HIS_DATE,ISSUE_HIS_TYPE,ATCH_FILE_SID) values (230,115,4,'됐다 됐어~',to_date('2021-06-10 00:00:00','YYYY-MM-DD HH24:MI:SS'),'RE',null);
Insert into ISSUE_HISTORY (ISSUE_HIS_NO,ISSUE_SID,MEM_NO,ISSUE_HIS_CONT,ISSUE_HIS_DATE,ISSUE_HIS_TYPE,ATCH_FILE_SID) values (232,115,4,'ㅎㅎㅎ',to_date('2021-06-10 00:00:00','YYYY-MM-DD HH24:MI:SS'),'RE',null);
Insert into ISSUE_HISTORY (ISSUE_HIS_NO,ISSUE_SID,MEM_NO,ISSUE_HIS_CONT,ISSUE_HIS_DATE,ISSUE_HIS_TYPE,ATCH_FILE_SID) values (233,115,4,'성공이다',to_date('2021-06-10 00:00:00','YYYY-MM-DD HH24:MI:SS'),'RE',null);
Insert into ISSUE_HISTORY (ISSUE_HIS_NO,ISSUE_SID,MEM_NO,ISSUE_HIS_CONT,ISSUE_HIS_DATE,ISSUE_HIS_TYPE,ATCH_FILE_SID) values (234,115,4,'알람~~~',to_date('2021-06-10 00:00:00','YYYY-MM-DD HH24:MI:SS'),'RE',null);
Insert into ISSUE_HISTORY (ISSUE_HIS_NO,ISSUE_SID,MEM_NO,ISSUE_HIS_CONT,ISSUE_HIS_DATE,ISSUE_HIS_TYPE,ATCH_FILE_SID) values (236,115,4,'여러개 테스트',to_date('2021-06-10 00:00:00','YYYY-MM-DD HH24:MI:SS'),'RE',null);
Insert into ISSUE_HISTORY (ISSUE_HIS_NO,ISSUE_SID,MEM_NO,ISSUE_HIS_CONT,ISSUE_HIS_DATE,ISSUE_HIS_TYPE,ATCH_FILE_SID) values (237,115,4,'여러개 테스트2',to_date('2021-06-10 00:00:00','YYYY-MM-DD HH24:MI:SS'),'RE',null);
Insert into ISSUE_HISTORY (ISSUE_HIS_NO,ISSUE_SID,MEM_NO,ISSUE_HIS_CONT,ISSUE_HIS_DATE,ISSUE_HIS_TYPE,ATCH_FILE_SID) values (238,115,4,'여러개 테스트3',to_date('2021-06-10 00:00:00','YYYY-MM-DD HH24:MI:SS'),'RE',null);
Insert into ISSUE_HISTORY (ISSUE_HIS_NO,ISSUE_SID,MEM_NO,ISSUE_HIS_CONT,ISSUE_HIS_DATE,ISSUE_HIS_TYPE,ATCH_FILE_SID) values (243,114,4,'ㅇㅋ',to_date('2021-06-11 00:00:00','YYYY-MM-DD HH24:MI:SS'),'RE',null);
Insert into ISSUE_HISTORY (ISSUE_HIS_NO,ISSUE_SID,MEM_NO,ISSUE_HIS_CONT,ISSUE_HIS_DATE,ISSUE_HIS_TYPE,ATCH_FILE_SID) values (245,115,4,'dz',to_date('2021-06-11 00:00:00','YYYY-MM-DD HH24:MI:SS'),'RE',null);
Insert into ISSUE_HISTORY (ISSUE_HIS_NO,ISSUE_SID,MEM_NO,ISSUE_HIS_CONT,ISSUE_HIS_DATE,ISSUE_HIS_TYPE,ATCH_FILE_SID) values (246,115,4,'abcd',to_date('2021-06-11 00:00:00','YYYY-MM-DD HH24:MI:SS'),'RE',null);
Insert into ISSUE_HISTORY (ISSUE_HIS_NO,ISSUE_SID,MEM_NO,ISSUE_HIS_CONT,ISSUE_HIS_DATE,ISSUE_HIS_TYPE,ATCH_FILE_SID) values (247,115,4,'abcd',to_date('2021-06-11 00:00:00','YYYY-MM-DD HH24:MI:SS'),'RE',null);
Insert into ISSUE_HISTORY (ISSUE_HIS_NO,ISSUE_SID,MEM_NO,ISSUE_HIS_CONT,ISSUE_HIS_DATE,ISSUE_HIS_TYPE,ATCH_FILE_SID) values (261,115,4,'afsddfs',to_date('2021-06-12 00:00:00','YYYY-MM-DD HH24:MI:SS'),'RE',null);
Insert into ISSUE_HISTORY (ISSUE_HIS_NO,ISSUE_SID,MEM_NO,ISSUE_HIS_CONT,ISSUE_HIS_DATE,ISSUE_HIS_TYPE,ATCH_FILE_SID) values (299,123,4,'고길동',to_date('2021-06-18 00:00:00','YYYY-MM-DD HH24:MI:SS'),'RA',null);
Insert into ISSUE_HISTORY (ISSUE_HIS_NO,ISSUE_SID,MEM_NO,ISSUE_HIS_CONT,ISSUE_HIS_DATE,ISSUE_HIS_TYPE,ATCH_FILE_SID) values (300,123,4,'GAIA Project ',to_date('2021-06-18 00:00:00','YYYY-MM-DD HH24:MI:SS'),'EM',null);
Insert into ISSUE_HISTORY (ISSUE_HIS_NO,ISSUE_SID,MEM_NO,ISSUE_HIS_CONT,ISSUE_HIS_DATE,ISSUE_HIS_TYPE,ATCH_FILE_SID) values (301,123,4,'GAIA Project ',to_date('2021-06-18 00:00:00','YYYY-MM-DD HH24:MI:SS'),'EM',null);
Insert into ISSUE_HISTORY (ISSUE_HIS_NO,ISSUE_SID,MEM_NO,ISSUE_HIS_CONT,ISSUE_HIS_DATE,ISSUE_HIS_TYPE,ATCH_FILE_SID) values (302,123,4,'good first issue',to_date('2021-06-18 00:00:00','YYYY-MM-DD HH24:MI:SS'),'EL',null);
Insert into ISSUE_HISTORY (ISSUE_HIS_NO,ISSUE_SID,MEM_NO,ISSUE_HIS_CONT,ISSUE_HIS_DATE,ISSUE_HIS_TYPE,ATCH_FILE_SID) values (303,123,4,null,to_date('2021-06-18 00:00:00','YYYY-MM-DD HH24:MI:SS'),'RM',null);
Insert into ISSUE_HISTORY (ISSUE_HIS_NO,ISSUE_SID,MEM_NO,ISSUE_HIS_CONT,ISSUE_HIS_DATE,ISSUE_HIS_TYPE,ATCH_FILE_SID) values (304,123,4,null,to_date('2021-06-18 00:00:00','YYYY-MM-DD HH24:MI:SS'),'RL',null);
Insert into ISSUE_HISTORY (ISSUE_HIS_NO,ISSUE_SID,MEM_NO,ISSUE_HIS_CONT,ISSUE_HIS_DATE,ISSUE_HIS_TYPE,ATCH_FILE_SID) values (305,123,4,'4',to_date('2021-06-18 00:00:00','YYYY-MM-DD HH24:MI:SS'),'EP',null);
Insert into ISSUE_HISTORY (ISSUE_HIS_NO,ISSUE_SID,MEM_NO,ISSUE_HIS_CONT,ISSUE_HIS_DATE,ISSUE_HIS_TYPE,ATCH_FILE_SID) values (430,131,4,'꼬부기',to_date('2021-06-21 00:00:00','YYYY-MM-DD HH24:MI:SS'),'AA',null);
Insert into ISSUE_HISTORY (ISSUE_HIS_NO,ISSUE_SID,MEM_NO,ISSUE_HIS_CONT,ISSUE_HIS_DATE,ISSUE_HIS_TYPE,ATCH_FILE_SID) values (350,122,4,'팀장 꼬북',to_date('2021-06-20 00:00:00','YYYY-MM-DD HH24:MI:SS'),'AA',null);
Insert into ISSUE_HISTORY (ISSUE_HIS_NO,ISSUE_SID,MEM_NO,ISSUE_HIS_CONT,ISSUE_HIS_DATE,ISSUE_HIS_TYPE,ATCH_FILE_SID) values (426,125,4,'기능 추가',to_date('2021-06-21 00:00:00','YYYY-MM-DD HH24:MI:SS'),'EM',null);
Insert into ISSUE_HISTORY (ISSUE_HIS_NO,ISSUE_SID,MEM_NO,ISSUE_HIS_CONT,ISSUE_HIS_DATE,ISSUE_HIS_TYPE,ATCH_FILE_SID) values (431,131,4,'꼬부기',to_date('2021-06-21 00:00:00','YYYY-MM-DD HH24:MI:SS'),'RA',null);
Insert into ISSUE_HISTORY (ISSUE_HIS_NO,ISSUE_SID,MEM_NO,ISSUE_HIS_CONT,ISSUE_HIS_DATE,ISSUE_HIS_TYPE,ATCH_FILE_SID) values (441,132,4,'# 테스트',to_date('2021-06-22 00:00:00','YYYY-MM-DD HH24:MI:SS'),'RE',null);
Insert into ISSUE_HISTORY (ISSUE_HIS_NO,ISSUE_SID,MEM_NO,ISSUE_HIS_CONT,ISSUE_HIS_DATE,ISSUE_HIS_TYPE,ATCH_FILE_SID) values (451,134,3,'### 산출물 작업 후 담당 선생님께 컨펌 받아주세요.
    - 각 조의 담당자 분들은 산출물 파일 형식 맞춰서 정리해주세요.',to_date('2021-06-22 00:00:00','YYYY-MM-DD HH24:MI:SS'),'RE',null);
Insert into ISSUE_HISTORY (ISSUE_HIS_NO,ISSUE_SID,MEM_NO,ISSUE_HIS_CONT,ISSUE_HIS_DATE,ISSUE_HIS_TYPE,ATCH_FILE_SID) values (452,134,3,'최희수',to_date('2021-06-22 00:00:00','YYYY-MM-DD HH24:MI:SS'),'AA',null);
Insert into ISSUE_HISTORY (ISSUE_HIS_NO,ISSUE_SID,MEM_NO,ISSUE_HIS_CONT,ISSUE_HIS_DATE,ISSUE_HIS_TYPE,ATCH_FILE_SID) values (453,134,3,'Java-RDBMS 연계 프로젝트',to_date('2021-06-22 00:00:00','YYYY-MM-DD HH24:MI:SS'),'EM',null);
Insert into ISSUE_HISTORY (ISSUE_HIS_NO,ISSUE_SID,MEM_NO,ISSUE_HIS_CONT,ISSUE_HIS_DATE,ISSUE_HIS_TYPE,ATCH_FILE_SID) values (454,134,3,'박초원',to_date('2021-06-22 00:00:00','YYYY-MM-DD HH24:MI:SS'),'AA',null);
Insert into ISSUE_HISTORY (ISSUE_HIS_NO,ISSUE_SID,MEM_NO,ISSUE_HIS_CONT,ISSUE_HIS_DATE,ISSUE_HIS_TYPE,ATCH_FILE_SID) values (455,134,3,'2',to_date('2021-06-22 00:00:00','YYYY-MM-DD HH24:MI:SS'),'EP',null);
Insert into ISSUE_HISTORY (ISSUE_HIS_NO,ISSUE_SID,MEM_NO,ISSUE_HIS_CONT,ISSUE_HIS_DATE,ISSUE_HIS_TYPE,ATCH_FILE_SID) values (470,128,4,'2021-06-23',to_date('2021-06-22 00:00:00','YYYY-MM-DD HH24:MI:SS'),'EE',null);
Insert into ISSUE_HISTORY (ISSUE_HIS_NO,ISSUE_SID,MEM_NO,ISSUE_HIS_CONT,ISSUE_HIS_DATE,ISSUE_HIS_TYPE,ATCH_FILE_SID) values (471,128,4,'2021-06-22',to_date('2021-06-22 00:00:00','YYYY-MM-DD HH24:MI:SS'),'ES',null);
Insert into ISSUE_HISTORY (ISSUE_HIS_NO,ISSUE_SID,MEM_NO,ISSUE_HIS_CONT,ISSUE_HIS_DATE,ISSUE_HIS_TYPE,ATCH_FILE_SID) values (472,128,4,'2021-06-24',to_date('2021-06-22 00:00:00','YYYY-MM-DD HH24:MI:SS'),'EE',null);
Insert into ISSUE_HISTORY (ISSUE_HIS_NO,ISSUE_SID,MEM_NO,ISSUE_HIS_CONT,ISSUE_HIS_DATE,ISSUE_HIS_TYPE,ATCH_FILE_SID) values (482,144,3,'## 이슈 등록 테스트 진행
',to_date('2021-06-23 00:00:00','YYYY-MM-DD HH24:MI:SS'),'RE',null);
Insert into ISSUE_HISTORY (ISSUE_HIS_NO,ISSUE_SID,MEM_NO,ISSUE_HIS_CONT,ISSUE_HIS_DATE,ISSUE_HIS_TYPE,ATCH_FILE_SID) values (526,188,3,'유스케이스 다이어그램',to_date('2021-06-23 00:00:00','YYYY-MM-DD HH24:MI:SS'),'RE',null);
Insert into ISSUE_HISTORY (ISSUE_HIS_NO,ISSUE_SID,MEM_NO,ISSUE_HIS_CONT,ISSUE_HIS_DATE,ISSUE_HIS_TYPE,ATCH_FILE_SID) values (527,189,3,'자료사전 / 용어사전',to_date('2021-06-23 00:00:00','YYYY-MM-DD HH24:MI:SS'),'RE',null);
Insert into ISSUE_HISTORY (ISSUE_HIS_NO,ISSUE_SID,MEM_NO,ISSUE_HIS_CONT,ISSUE_HIS_DATE,ISSUE_HIS_TYPE,ATCH_FILE_SID) values (528,190,3,'개발환경 구축 완료 보고서',to_date('2021-06-23 00:00:00','YYYY-MM-DD HH24:MI:SS'),'RE',null);
Insert into ISSUE_HISTORY (ISSUE_HIS_NO,ISSUE_SID,MEM_NO,ISSUE_HIS_CONT,ISSUE_HIS_DATE,ISSUE_HIS_TYPE,ATCH_FILE_SID) values (529,191,3,'개념 / 논리 /물리 ERD',to_date('2021-06-23 00:00:00','YYYY-MM-DD HH24:MI:SS'),'RE',null);
Insert into ISSUE_HISTORY (ISSUE_HIS_NO,ISSUE_SID,MEM_NO,ISSUE_HIS_CONT,ISSUE_HIS_DATE,ISSUE_HIS_TYPE,ATCH_FILE_SID) values (530,192,3,'메뉴 구조도 / 화면정의서 ',to_date('2021-06-23 00:00:00','YYYY-MM-DD HH24:MI:SS'),'RE',null);
Insert into ISSUE_HISTORY (ISSUE_HIS_NO,ISSUE_SID,MEM_NO,ISSUE_HIS_CONT,ISSUE_HIS_DATE,ISSUE_HIS_TYPE,ATCH_FILE_SID) values (531,193,3,'메뉴 구조도 / 화면정의서 ',to_date('2021-06-23 00:00:00','YYYY-MM-DD HH24:MI:SS'),'RE',null);
Insert into ISSUE_HISTORY (ISSUE_HIS_NO,ISSUE_SID,MEM_NO,ISSUE_HIS_CONT,ISSUE_HIS_DATE,ISSUE_HIS_TYPE,ATCH_FILE_SID) values (532,194,3,'프로세스 정의서 / 프로세스 흐름도',to_date('2021-06-23 00:00:00','YYYY-MM-DD HH24:MI:SS'),'RE',null);
Insert into ISSUE_HISTORY (ISSUE_HIS_NO,ISSUE_SID,MEM_NO,ISSUE_HIS_CONT,ISSUE_HIS_DATE,ISSUE_HIS_TYPE,ATCH_FILE_SID) values (534,188,3,'산출물',to_date('2021-06-23 00:00:00','YYYY-MM-DD HH24:MI:SS'),'EL',null);
Insert into ISSUE_HISTORY (ISSUE_HIS_NO,ISSUE_SID,MEM_NO,ISSUE_HIS_CONT,ISSUE_HIS_DATE,ISSUE_HIS_TYPE,ATCH_FILE_SID) values (538,141,4,'테스트 마일',to_date('2021-06-25 08:28:52','YYYY-MM-DD HH24:MI:SS'),'EM',null);
Insert into ISSUE_HISTORY (ISSUE_HIS_NO,ISSUE_SID,MEM_NO,ISSUE_HIS_CONT,ISSUE_HIS_DATE,ISSUE_HIS_TYPE,ATCH_FILE_SID) values (539,132,4,'테스트 마일',to_date('2021-06-25 08:28:59','YYYY-MM-DD HH24:MI:SS'),'EM',null);
Insert into ISSUE_HISTORY (ISSUE_HIS_NO,ISSUE_SID,MEM_NO,ISSUE_HIS_CONT,ISSUE_HIS_DATE,ISSUE_HIS_TYPE,ATCH_FILE_SID) values (540,142,4,'eisen',to_date('2021-06-25 08:34:40','YYYY-MM-DD HH24:MI:SS'),'AA',null);
Insert into ISSUE_HISTORY (ISSUE_HIS_NO,ISSUE_SID,MEM_NO,ISSUE_HIS_CONT,ISSUE_HIS_DATE,ISSUE_HIS_TYPE,ATCH_FILE_SID) values (541,144,4,'ㅁ\ㅇㅇ',to_date('2021-06-25 09:09:16','YYYY-MM-DD HH24:MI:SS'),'RE',null);
Insert into ISSUE_HISTORY (ISSUE_HIS_NO,ISSUE_SID,MEM_NO,ISSUE_HIS_CONT,ISSUE_HIS_DATE,ISSUE_HIS_TYPE,ATCH_FILE_SID) values (542,144,4,'ㅁㄴㅇㄹ',to_date('2021-06-25 09:09:18','YYYY-MM-DD HH24:MI:SS'),'RE',null);
Insert into ISSUE_HISTORY (ISSUE_HIS_NO,ISSUE_SID,MEM_NO,ISSUE_HIS_CONT,ISSUE_HIS_DATE,ISSUE_HIS_TYPE,ATCH_FILE_SID) values (543,144,4,'# ㅎㅎㅎ',to_date('2021-06-25 09:09:20','YYYY-MM-DD HH24:MI:SS'),'RE',null);
Insert into ISSUE_HISTORY (ISSUE_HIS_NO,ISSUE_SID,MEM_NO,ISSUE_HIS_CONT,ISSUE_HIS_DATE,ISSUE_HIS_TYPE,ATCH_FILE_SID) values (544,195,4,'### 완료',to_date('2021-06-25 09:10:46','YYYY-MM-DD HH24:MI:SS'),'RE',null);
Insert into ISSUE_HISTORY (ISSUE_HIS_NO,ISSUE_SID,MEM_NO,ISSUE_HIS_CONT,ISSUE_HIS_DATE,ISSUE_HIS_TYPE,ATCH_FILE_SID) values (545,144,4,'ㅁㄴㅇㄹㅁㄴㅇㄹ',to_date('2021-06-25 09:11:11','YYYY-MM-DD HH24:MI:SS'),'RE',null);
Insert into ISSUE_HISTORY (ISSUE_HIS_NO,ISSUE_SID,MEM_NO,ISSUE_HIS_CONT,ISSUE_HIS_DATE,ISSUE_HIS_TYPE,ATCH_FILE_SID) values (546,184,3,'1',to_date('2021-06-25 09:13:14','YYYY-MM-DD HH24:MI:SS'),'IC',null);
Insert into ISSUE_HISTORY (ISSUE_HIS_NO,ISSUE_SID,MEM_NO,ISSUE_HIS_CONT,ISSUE_HIS_DATE,ISSUE_HIS_TYPE,ATCH_FILE_SID) values (547,182,3,'1',to_date('2021-06-25 09:13:18','YYYY-MM-DD HH24:MI:SS'),'IC',null);
Insert into ISSUE_HISTORY (ISSUE_HIS_NO,ISSUE_SID,MEM_NO,ISSUE_HIS_CONT,ISSUE_HIS_DATE,ISSUE_HIS_TYPE,ATCH_FILE_SID) values (548,181,3,'1',to_date('2021-06-25 09:13:22','YYYY-MM-DD HH24:MI:SS'),'IC',null);
Insert into ISSUE_HISTORY (ISSUE_HIS_NO,ISSUE_SID,MEM_NO,ISSUE_HIS_CONT,ISSUE_HIS_DATE,ISSUE_HIS_TYPE,ATCH_FILE_SID) values (549,180,3,'1',to_date('2021-06-25 09:13:26','YYYY-MM-DD HH24:MI:SS'),'IC',null);
Insert into ISSUE_HISTORY (ISSUE_HIS_NO,ISSUE_SID,MEM_NO,ISSUE_HIS_CONT,ISSUE_HIS_DATE,ISSUE_HIS_TYPE,ATCH_FILE_SID) values (550,179,3,'1',to_date('2021-06-25 09:13:29','YYYY-MM-DD HH24:MI:SS'),'IC',null);
Insert into ISSUE_HISTORY (ISSUE_HIS_NO,ISSUE_SID,MEM_NO,ISSUE_HIS_CONT,ISSUE_HIS_DATE,ISSUE_HIS_TYPE,ATCH_FILE_SID) values (551,178,3,'1',to_date('2021-06-25 09:13:37','YYYY-MM-DD HH24:MI:SS'),'IC',null);
Insert into ISSUE_HISTORY (ISSUE_HIS_NO,ISSUE_SID,MEM_NO,ISSUE_HIS_CONT,ISSUE_HIS_DATE,ISSUE_HIS_TYPE,ATCH_FILE_SID) values (552,168,3,'1',to_date('2021-06-25 09:13:40','YYYY-MM-DD HH24:MI:SS'),'IC',null);
Insert into ISSUE_HISTORY (ISSUE_HIS_NO,ISSUE_SID,MEM_NO,ISSUE_HIS_CONT,ISSUE_HIS_DATE,ISSUE_HIS_TYPE,ATCH_FILE_SID) values (553,167,3,'1',to_date('2021-06-25 09:13:44','YYYY-MM-DD HH24:MI:SS'),'IC',null);
Insert into ISSUE_HISTORY (ISSUE_HIS_NO,ISSUE_SID,MEM_NO,ISSUE_HIS_CONT,ISSUE_HIS_DATE,ISSUE_HIS_TYPE,ATCH_FILE_SID) values (554,144,4,null,to_date('2021-06-25 09:13:54','YYYY-MM-DD HH24:MI:SS'),'RL',null);
Insert into ISSUE_HISTORY (ISSUE_HIS_NO,ISSUE_SID,MEM_NO,ISSUE_HIS_CONT,ISSUE_HIS_DATE,ISSUE_HIS_TYPE,ATCH_FILE_SID) values (555,144,4,'일감',to_date('2021-06-25 09:13:56','YYYY-MM-DD HH24:MI:SS'),'EL',null);
Insert into ISSUE_HISTORY (ISSUE_HIS_NO,ISSUE_SID,MEM_NO,ISSUE_HIS_CONT,ISSUE_HIS_DATE,ISSUE_HIS_TYPE,ATCH_FILE_SID) values (556,177,3,'1',to_date('2021-06-25 09:14:39','YYYY-MM-DD HH24:MI:SS'),'IC',null);
Insert into ISSUE_HISTORY (ISSUE_HIS_NO,ISSUE_SID,MEM_NO,ISSUE_HIS_CONT,ISSUE_HIS_DATE,ISSUE_HIS_TYPE,ATCH_FILE_SID) values (557,175,3,'1',to_date('2021-06-25 09:16:17','YYYY-MM-DD HH24:MI:SS'),'IC',null);
Insert into ISSUE_HISTORY (ISSUE_HIS_NO,ISSUE_SID,MEM_NO,ISSUE_HIS_CONT,ISSUE_HIS_DATE,ISSUE_HIS_TYPE,ATCH_FILE_SID) values (558,174,3,'1',to_date('2021-06-25 09:16:22','YYYY-MM-DD HH24:MI:SS'),'IC',null);
Insert into ISSUE_HISTORY (ISSUE_HIS_NO,ISSUE_SID,MEM_NO,ISSUE_HIS_CONT,ISSUE_HIS_DATE,ISSUE_HIS_TYPE,ATCH_FILE_SID) values (559,173,3,'1',to_date('2021-06-25 09:16:29','YYYY-MM-DD HH24:MI:SS'),'IC',null);
Insert into ISSUE_HISTORY (ISSUE_HIS_NO,ISSUE_SID,MEM_NO,ISSUE_HIS_CONT,ISSUE_HIS_DATE,ISSUE_HIS_TYPE,ATCH_FILE_SID) values (560,172,3,'1',to_date('2021-06-25 09:16:34','YYYY-MM-DD HH24:MI:SS'),'IC',null);
Insert into ISSUE_HISTORY (ISSUE_HIS_NO,ISSUE_SID,MEM_NO,ISSUE_HIS_CONT,ISSUE_HIS_DATE,ISSUE_HIS_TYPE,ATCH_FILE_SID) values (561,170,3,'1',to_date('2021-06-25 09:16:43','YYYY-MM-DD HH24:MI:SS'),'IC',null);
Insert into ISSUE_HISTORY (ISSUE_HIS_NO,ISSUE_SID,MEM_NO,ISSUE_HIS_CONT,ISSUE_HIS_DATE,ISSUE_HIS_TYPE,ATCH_FILE_SID) values (562,171,3,'1',to_date('2021-06-25 09:16:51','YYYY-MM-DD HH24:MI:SS'),'IC',null);
Insert into ISSUE_HISTORY (ISSUE_HIS_NO,ISSUE_SID,MEM_NO,ISSUE_HIS_CONT,ISSUE_HIS_DATE,ISSUE_HIS_TYPE,ATCH_FILE_SID) values (563,186,3,'1',to_date('2021-06-25 09:17:00','YYYY-MM-DD HH24:MI:SS'),'IC',null);
Insert into ISSUE_HISTORY (ISSUE_HIS_NO,ISSUE_SID,MEM_NO,ISSUE_HIS_CONT,ISSUE_HIS_DATE,ISSUE_HIS_TYPE,ATCH_FILE_SID) values (564,186,3,'0',to_date('2021-06-25 09:17:07','YYYY-MM-DD HH24:MI:SS'),'IO',null);
Insert into ISSUE_HISTORY (ISSUE_HIS_NO,ISSUE_SID,MEM_NO,ISSUE_HIS_CONT,ISSUE_HIS_DATE,ISSUE_HIS_TYPE,ATCH_FILE_SID) values (565,186,3,'1',to_date('2021-06-25 09:17:08','YYYY-MM-DD HH24:MI:SS'),'IC',null);
Insert into ISSUE_HISTORY (ISSUE_HIS_NO,ISSUE_SID,MEM_NO,ISSUE_HIS_CONT,ISSUE_HIS_DATE,ISSUE_HIS_TYPE,ATCH_FILE_SID) values (566,185,3,'1',to_date('2021-06-25 09:17:15','YYYY-MM-DD HH24:MI:SS'),'IC',null);
Insert into ISSUE_HISTORY (ISSUE_HIS_NO,ISSUE_SID,MEM_NO,ISSUE_HIS_CONT,ISSUE_HIS_DATE,ISSUE_HIS_TYPE,ATCH_FILE_SID) values (567,196,3,'시나리오 작성을 위한 진행 테스트',to_date('2021-06-25 09:32:01','YYYY-MM-DD HH24:MI:SS'),'RE',null);
Insert into ISSUE_HISTORY (ISSUE_HIS_NO,ISSUE_SID,MEM_NO,ISSUE_HIS_CONT,ISSUE_HIS_DATE,ISSUE_HIS_TYPE,ATCH_FILE_SID) values (568,197,3,'진행 중 버그 수정',to_date('2021-06-25 09:35:24','YYYY-MM-DD HH24:MI:SS'),'RE',null);
Insert into ISSUE_HISTORY (ISSUE_HIS_NO,ISSUE_SID,MEM_NO,ISSUE_HIS_CONT,ISSUE_HIS_DATE,ISSUE_HIS_TYPE,ATCH_FILE_SID) values (569,198,3,'프로젝트 배포',to_date('2021-06-25 09:37:09','YYYY-MM-DD HH24:MI:SS'),'RE',null);
Insert into ISSUE_HISTORY (ISSUE_HIS_NO,ISSUE_SID,MEM_NO,ISSUE_HIS_CONT,ISSUE_HIS_DATE,ISSUE_HIS_TYPE,ATCH_FILE_SID) values (570,196,3,'1',to_date('2021-06-25 09:38:23','YYYY-MM-DD HH24:MI:SS'),'IC',null);
Insert into ISSUE_HISTORY (ISSUE_HIS_NO,ISSUE_SID,MEM_NO,ISSUE_HIS_CONT,ISSUE_HIS_DATE,ISSUE_HIS_TYPE,ATCH_FILE_SID) values (571,197,3,'1',to_date('2021-06-25 09:38:28','YYYY-MM-DD HH24:MI:SS'),'IC',null);
Insert into ISSUE_HISTORY (ISSUE_HIS_NO,ISSUE_SID,MEM_NO,ISSUE_HIS_CONT,ISSUE_HIS_DATE,ISSUE_HIS_TYPE,ATCH_FILE_SID) values (572,199,4,'# 코드 리팩터링

## 컨트롤러
- 컨트롤러 리팩터링

## 서비스
- 서비스 리팩터링

## 다오
> 리팩터링필요하다',to_date('2021-06-25 13:35:03','YYYY-MM-DD HH24:MI:SS'),'RE',null);
Insert into ISSUE_HISTORY (ISSUE_HIS_NO,ISSUE_SID,MEM_NO,ISSUE_HIS_CONT,ISSUE_HIS_DATE,ISSUE_HIS_TYPE,ATCH_FILE_SID) values (573,199,4,'eisen',to_date('2021-06-25 13:35:47','YYYY-MM-DD HH24:MI:SS'),'RA',null);
Insert into ISSUE_HISTORY (ISSUE_HIS_NO,ISSUE_SID,MEM_NO,ISSUE_HIS_CONT,ISSUE_HIS_DATE,ISSUE_HIS_TYPE,ATCH_FILE_SID) values (574,199,4,'테스터꼬부기',to_date('2021-06-25 13:35:50','YYYY-MM-DD HH24:MI:SS'),'RA',null);
Insert into ISSUE_HISTORY (ISSUE_HIS_NO,ISSUE_SID,MEM_NO,ISSUE_HIS_CONT,ISSUE_HIS_DATE,ISSUE_HIS_TYPE,ATCH_FILE_SID) values (575,199,4,'테스터꼬부기',to_date('2021-06-25 13:36:18','YYYY-MM-DD HH24:MI:SS'),'AA',null);
Insert into ISSUE_HISTORY (ISSUE_HIS_NO,ISSUE_SID,MEM_NO,ISSUE_HIS_CONT,ISSUE_HIS_DATE,ISSUE_HIS_TYPE,ATCH_FILE_SID) values (576,199,4,null,to_date('2021-06-25 13:36:38','YYYY-MM-DD HH24:MI:SS'),'RM',null);
Insert into ISSUE_HISTORY (ISSUE_HIS_NO,ISSUE_SID,MEM_NO,ISSUE_HIS_CONT,ISSUE_HIS_DATE,ISSUE_HIS_TYPE,ATCH_FILE_SID) values (577,199,4,'일감',to_date('2021-06-25 13:36:42','YYYY-MM-DD HH24:MI:SS'),'EL',null);
Insert into ISSUE_HISTORY (ISSUE_HIS_NO,ISSUE_SID,MEM_NO,ISSUE_HIS_CONT,ISSUE_HIS_DATE,ISSUE_HIS_TYPE,ATCH_FILE_SID) values (578,196,4,'팀장 꼬북',to_date('2021-06-25 13:37:52','YYYY-MM-DD HH24:MI:SS'),'RA',null);
Insert into ISSUE_HISTORY (ISSUE_HIS_NO,ISSUE_SID,MEM_NO,ISSUE_HIS_CONT,ISSUE_HIS_DATE,ISSUE_HIS_TYPE,ATCH_FILE_SID) values (579,196,4,'팀장 꼬북',to_date('2021-06-25 13:37:56','YYYY-MM-DD HH24:MI:SS'),'AA',null);
Insert into ISSUE_HISTORY (ISSUE_HIS_NO,ISSUE_SID,MEM_NO,ISSUE_HIS_CONT,ISSUE_HIS_DATE,ISSUE_HIS_TYPE,ATCH_FILE_SID) values (580,196,4,'사장 조시',to_date('2021-06-25 13:38:01','YYYY-MM-DD HH24:MI:SS'),'RA',null);
Insert into ISSUE_HISTORY (ISSUE_HIS_NO,ISSUE_SID,MEM_NO,ISSUE_HIS_CONT,ISSUE_HIS_DATE,ISSUE_HIS_TYPE,ATCH_FILE_SID) values (581,196,4,'사장 조시',to_date('2021-06-25 13:38:07','YYYY-MM-DD HH24:MI:SS'),'AA',null);
Insert into ISSUE_HISTORY (ISSUE_HIS_NO,ISSUE_SID,MEM_NO,ISSUE_HIS_CONT,ISSUE_HIS_DATE,ISSUE_HIS_TYPE,ATCH_FILE_SID) values (582,199,4,'리팩터링 하기',to_date('2021-06-25 13:40:30','YYYY-MM-DD HH24:MI:SS'),'ET',null);
Insert into ISSUE_HISTORY (ISSUE_HIS_NO,ISSUE_SID,MEM_NO,ISSUE_HIS_CONT,ISSUE_HIS_DATE,ISSUE_HIS_TYPE,ATCH_FILE_SID) values (583,199,4,'버그',to_date('2021-06-25 13:44:02','YYYY-MM-DD HH24:MI:SS'),'EL',null);
Insert into ISSUE_HISTORY (ISSUE_HIS_NO,ISSUE_SID,MEM_NO,ISSUE_HIS_CONT,ISSUE_HIS_DATE,ISSUE_HIS_TYPE,ATCH_FILE_SID) values (584,199,4,'gggg',to_date('2021-06-25 14:11:01','YYYY-MM-DD HH24:MI:SS'),'RE',null);
Insert into ISSUE_HISTORY (ISSUE_HIS_NO,ISSUE_SID,MEM_NO,ISSUE_HIS_CONT,ISSUE_HIS_DATE,ISSUE_HIS_TYPE,ATCH_FILE_SID) values (585,199,4,'zzz',to_date('2021-06-25 14:11:34','YYYY-MM-DD HH24:MI:SS'),'RE',null);
Insert into ISSUE_HISTORY (ISSUE_HIS_NO,ISSUE_SID,MEM_NO,ISSUE_HIS_CONT,ISSUE_HIS_DATE,ISSUE_HIS_TYPE,ATCH_FILE_SID) values (586,199,4,'zzzz',to_date('2021-06-25 14:11:42','YYYY-MM-DD HH24:MI:SS'),'RE',null);
Insert into ISSUE_HISTORY (ISSUE_HIS_NO,ISSUE_SID,MEM_NO,ISSUE_HIS_CONT,ISSUE_HIS_DATE,ISSUE_HIS_TYPE,ATCH_FILE_SID) values (587,199,4,'gggg',to_date('2021-06-25 14:12:13','YYYY-MM-DD HH24:MI:SS'),'RE',null);
Insert into ISSUE_HISTORY (ISSUE_HIS_NO,ISSUE_SID,MEM_NO,ISSUE_HIS_CONT,ISSUE_HIS_DATE,ISSUE_HIS_TYPE,ATCH_FILE_SID) values (588,199,4,'gggg',to_date('2021-06-25 14:12:18','YYYY-MM-DD HH24:MI:SS'),'RE',null);
Insert into ISSUE_HISTORY (ISSUE_HIS_NO,ISSUE_SID,MEM_NO,ISSUE_HIS_CONT,ISSUE_HIS_DATE,ISSUE_HIS_TYPE,ATCH_FILE_SID) values (589,199,4,'ggg',to_date('2021-06-25 14:14:19','YYYY-MM-DD HH24:MI:SS'),'RE',null);
Insert into ISSUE_HISTORY (ISSUE_HIS_NO,ISSUE_SID,MEM_NO,ISSUE_HIS_CONT,ISSUE_HIS_DATE,ISSUE_HIS_TYPE,ATCH_FILE_SID) values (590,199,4,'ddd',to_date('2021-06-25 14:14:33','YYYY-MM-DD HH24:MI:SS'),'RE',null);
Insert into ISSUE_HISTORY (ISSUE_HIS_NO,ISSUE_SID,MEM_NO,ISSUE_HIS_CONT,ISSUE_HIS_DATE,ISSUE_HIS_TYPE,ATCH_FILE_SID) values (591,199,4,'zzz',to_date('2021-06-25 14:16:46','YYYY-MM-DD HH24:MI:SS'),'RE',null);
Insert into ISSUE_HISTORY (ISSUE_HIS_NO,ISSUE_SID,MEM_NO,ISSUE_HIS_CONT,ISSUE_HIS_DATE,ISSUE_HIS_TYPE,ATCH_FILE_SID) values (592,199,4,'zzz',to_date('2021-06-25 14:16:55','YYYY-MM-DD HH24:MI:SS'),'RE',null);
Insert into ISSUE_HISTORY (ISSUE_HIS_NO,ISSUE_SID,MEM_NO,ISSUE_HIS_CONT,ISSUE_HIS_DATE,ISSUE_HIS_TYPE,ATCH_FILE_SID) values (593,199,4,'ddd',to_date('2021-06-25 16:10:05','YYYY-MM-DD HH24:MI:SS'),'RE',null);
Insert into ISSUE_HISTORY (ISSUE_HIS_NO,ISSUE_SID,MEM_NO,ISSUE_HIS_CONT,ISSUE_HIS_DATE,ISSUE_HIS_TYPE,ATCH_FILE_SID) values (594,199,4,'ㅇㅋㅇㅋ',to_date('2021-06-25 16:14:04','YYYY-MM-DD HH24:MI:SS'),'RE',null);
Insert into ISSUE_HISTORY (ISSUE_HIS_NO,ISSUE_SID,MEM_NO,ISSUE_HIS_CONT,ISSUE_HIS_DATE,ISSUE_HIS_TYPE,ATCH_FILE_SID) values (595,199,4,'ㅇㅋㅇㅋ',to_date('2021-06-25 16:53:05','YYYY-MM-DD HH24:MI:SS'),'RE',null);
Insert into ISSUE_HISTORY (ISSUE_HIS_NO,ISSUE_SID,MEM_NO,ISSUE_HIS_CONT,ISSUE_HIS_DATE,ISSUE_HIS_TYPE,ATCH_FILE_SID) values (596,199,4,'ㅇㅋㅇㅋ',to_date('2021-06-25 16:53:12','YYYY-MM-DD HH24:MI:SS'),'RE',null);
Insert into ISSUE_HISTORY (ISSUE_HIS_NO,ISSUE_SID,MEM_NO,ISSUE_HIS_CONT,ISSUE_HIS_DATE,ISSUE_HIS_TYPE,ATCH_FILE_SID) values (597,199,4,'ㅇㅇㅇ    ',to_date('2021-06-25 16:54:26','YYYY-MM-DD HH24:MI:SS'),'RE',null);
Insert into ISSUE_HISTORY (ISSUE_HIS_NO,ISSUE_SID,MEM_NO,ISSUE_HIS_CONT,ISSUE_HIS_DATE,ISSUE_HIS_TYPE,ATCH_FILE_SID) values (598,199,4,'ggg',to_date('2021-06-25 16:56:06','YYYY-MM-DD HH24:MI:SS'),'RE',null);
Insert into ISSUE_HISTORY (ISSUE_HIS_NO,ISSUE_SID,MEM_NO,ISSUE_HIS_CONT,ISSUE_HIS_DATE,ISSUE_HIS_TYPE,ATCH_FILE_SID) values (599,199,4,'zzzz',to_date('2021-06-25 16:56:16','YYYY-MM-DD HH24:MI:SS'),'RE',null);
Insert into ISSUE_HISTORY (ISSUE_HIS_NO,ISSUE_SID,MEM_NO,ISSUE_HIS_CONT,ISSUE_HIS_DATE,ISSUE_HIS_TYPE,ATCH_FILE_SID) values (600,200,4,'### 최종 발표를 위한 이슈 등록
 - 해당 글 미리보기 지원
 - 이상',to_date('2021-06-25 18:25:35','YYYY-MM-DD HH24:MI:SS'),'RE',null);
Insert into ISSUE_HISTORY (ISSUE_HIS_NO,ISSUE_SID,MEM_NO,ISSUE_HIS_CONT,ISSUE_HIS_DATE,ISSUE_HIS_TYPE,ATCH_FILE_SID) values (601,200,4,'사원 로빈',to_date('2021-06-25 18:25:45','YYYY-MM-DD HH24:MI:SS'),'RA',null);
Insert into ISSUE_HISTORY (ISSUE_HIS_NO,ISSUE_SID,MEM_NO,ISSUE_HIS_CONT,ISSUE_HIS_DATE,ISSUE_HIS_TYPE,ATCH_FILE_SID) values (602,200,4,'산출물',to_date('2021-06-25 18:25:53','YYYY-MM-DD HH24:MI:SS'),'EL',null);
Insert into ISSUE_HISTORY (ISSUE_HIS_NO,ISSUE_SID,MEM_NO,ISSUE_HIS_CONT,ISSUE_HIS_DATE,ISSUE_HIS_TYPE,ATCH_FILE_SID) values (603,200,4,'1',to_date('2021-06-25 18:25:58','YYYY-MM-DD HH24:MI:SS'),'IC',null);
Insert into ISSUE_HISTORY (ISSUE_HIS_NO,ISSUE_SID,MEM_NO,ISSUE_HIS_CONT,ISSUE_HIS_DATE,ISSUE_HIS_TYPE,ATCH_FILE_SID) values (604,200,1,'안녕하세요',to_date('2021-06-25 18:26:10','YYYY-MM-DD HH24:MI:SS'),'RE',null);
Insert into ISSUE_HISTORY (ISSUE_HIS_NO,ISSUE_SID,MEM_NO,ISSUE_HIS_CONT,ISSUE_HIS_DATE,ISSUE_HIS_TYPE,ATCH_FILE_SID) values (605,200,1,'이슈
',to_date('2021-06-25 18:29:16','YYYY-MM-DD HH24:MI:SS'),'RE',null);
Insert into ISSUE_HISTORY (ISSUE_HIS_NO,ISSUE_SID,MEM_NO,ISSUE_HIS_CONT,ISSUE_HIS_DATE,ISSUE_HIS_TYPE,ATCH_FILE_SID) values (606,153,4,null,to_date('2021-06-25 20:33:54','YYYY-MM-DD HH24:MI:SS'),'RM',null);
Insert into ISSUE_HISTORY (ISSUE_HIS_NO,ISSUE_SID,MEM_NO,ISSUE_HIS_CONT,ISSUE_HIS_DATE,ISSUE_HIS_TYPE,ATCH_FILE_SID) values (607,153,4,'최종 발표 준비',to_date('2021-06-25 20:33:57','YYYY-MM-DD HH24:MI:SS'),'EM',null);
Insert into ISSUE_HISTORY (ISSUE_HIS_NO,ISSUE_SID,MEM_NO,ISSUE_HIS_CONT,ISSUE_HIS_DATE,ISSUE_HIS_TYPE,ATCH_FILE_SID) values (608,153,4,'설계 산출물에 따른 개발 UI 구현',to_date('2021-06-25 20:34:00','YYYY-MM-DD HH24:MI:SS'),'EM',null);
Insert into ISSUE_HISTORY (ISSUE_HIS_NO,ISSUE_SID,MEM_NO,ISSUE_HIS_CONT,ISSUE_HIS_DATE,ISSUE_HIS_TYPE,ATCH_FILE_SID) values (609,153,4,'일일업무보고',to_date('2021-06-25 20:34:07','YYYY-MM-DD HH24:MI:SS'),'EL',null);
Insert into ISSUE_HISTORY (ISSUE_HIS_NO,ISSUE_SID,MEM_NO,ISSUE_HIS_CONT,ISSUE_HIS_DATE,ISSUE_HIS_TYPE,ATCH_FILE_SID) values (610,198,3,'1',to_date('2021-06-25 21:17:18','YYYY-MM-DD HH24:MI:SS'),'IC',null);
Insert into ISSUE_HISTORY (ISSUE_HIS_NO,ISSUE_SID,MEM_NO,ISSUE_HIS_CONT,ISSUE_HIS_DATE,ISSUE_HIS_TYPE,ATCH_FILE_SID) values (611,201,3,'프로젝트에 필요한 이슈를 등록합니다.

### 이슈
- 등록',to_date('2021-06-25 21:18:46','YYYY-MM-DD HH24:MI:SS'),'RE',null);
Insert into ISSUE_HISTORY (ISSUE_HIS_NO,ISSUE_SID,MEM_NO,ISSUE_HIS_CONT,ISSUE_HIS_DATE,ISSUE_HIS_TYPE,ATCH_FILE_SID) values (612,201,3,'이슈에 댓글을 달아보곘습니다.',to_date('2021-06-25 21:19:01','YYYY-MM-DD HH24:MI:SS'),'RE',null);
Insert into ISSUE_HISTORY (ISSUE_HIS_NO,ISSUE_SID,MEM_NO,ISSUE_HIS_CONT,ISSUE_HIS_DATE,ISSUE_HIS_TYPE,ATCH_FILE_SID) values (613,12,3,'0',to_date('2021-06-25 21:23:40','YYYY-MM-DD HH24:MI:SS'),'IO',null);
Insert into ISSUE_HISTORY (ISSUE_HIS_NO,ISSUE_SID,MEM_NO,ISSUE_HIS_CONT,ISSUE_HIS_DATE,ISSUE_HIS_TYPE,ATCH_FILE_SID) values (614,199,4,'리팩터링 하깅',to_date('2021-06-25 21:27:39','YYYY-MM-DD HH24:MI:SS'),'ET',null);
Insert into ISSUE_HISTORY (ISSUE_HIS_NO,ISSUE_SID,MEM_NO,ISSUE_HIS_CONT,ISSUE_HIS_DATE,ISSUE_HIS_TYPE,ATCH_FILE_SID) values (615,199,4,'리팩터링 하기',to_date('2021-06-25 21:27:53','YYYY-MM-DD HH24:MI:SS'),'ET',null);
Insert into ISSUE_HISTORY (ISSUE_HIS_NO,ISSUE_SID,MEM_NO,ISSUE_HIS_CONT,ISSUE_HIS_DATE,ISSUE_HIS_TYPE,ATCH_FILE_SID) values (616,199,4,'## 댓글 작성
> 마크다운이 됩니다.',to_date('2021-06-25 21:28:13','YYYY-MM-DD HH24:MI:SS'),'RE',null);
Insert into ISSUE_HISTORY (ISSUE_HIS_NO,ISSUE_SID,MEM_NO,ISSUE_HIS_CONT,ISSUE_HIS_DATE,ISSUE_HIS_TYPE,ATCH_FILE_SID) values (617,199,4,'테스터꼬부기',to_date('2021-06-25 21:28:23','YYYY-MM-DD HH24:MI:SS'),'RA',null);
Insert into ISSUE_HISTORY (ISSUE_HIS_NO,ISSUE_SID,MEM_NO,ISSUE_HIS_CONT,ISSUE_HIS_DATE,ISSUE_HIS_TYPE,ATCH_FILE_SID) values (618,199,4,'테스터꼬부기',to_date('2021-06-25 21:28:25','YYYY-MM-DD HH24:MI:SS'),'AA',null);
Insert into ISSUE_HISTORY (ISSUE_HIS_NO,ISSUE_SID,MEM_NO,ISSUE_HIS_CONT,ISSUE_HIS_DATE,ISSUE_HIS_TYPE,ATCH_FILE_SID) values (619,199,4,'eisen',to_date('2021-06-25 21:28:26','YYYY-MM-DD HH24:MI:SS'),'AA',null);
Insert into ISSUE_HISTORY (ISSUE_HIS_NO,ISSUE_SID,MEM_NO,ISSUE_HIS_CONT,ISSUE_HIS_DATE,ISSUE_HIS_TYPE,ATCH_FILE_SID) values (620,199,4,'josh',to_date('2021-06-25 21:28:28','YYYY-MM-DD HH24:MI:SS'),'AA',null);
Insert into ISSUE_HISTORY (ISSUE_HIS_NO,ISSUE_SID,MEM_NO,ISSUE_HIS_CONT,ISSUE_HIS_DATE,ISSUE_HIS_TYPE,ATCH_FILE_SID) values (621,199,4,'테스트 기간',to_date('2021-06-25 21:28:31','YYYY-MM-DD HH24:MI:SS'),'EM',null);
Insert into ISSUE_HISTORY (ISSUE_HIS_NO,ISSUE_SID,MEM_NO,ISSUE_HIS_CONT,ISSUE_HIS_DATE,ISSUE_HIS_TYPE,ATCH_FILE_SID) values (622,199,4,'휴가',to_date('2021-06-25 21:28:34','YYYY-MM-DD HH24:MI:SS'),'EL',null);
Insert into ISSUE_HISTORY (ISSUE_HIS_NO,ISSUE_SID,MEM_NO,ISSUE_HIS_CONT,ISSUE_HIS_DATE,ISSUE_HIS_TYPE,ATCH_FILE_SID) values (623,199,4,'1',to_date('2021-06-25 21:28:36','YYYY-MM-DD HH24:MI:SS'),'EP',null);
Insert into ISSUE_HISTORY (ISSUE_HIS_NO,ISSUE_SID,MEM_NO,ISSUE_HIS_CONT,ISSUE_HIS_DATE,ISSUE_HIS_TYPE,ATCH_FILE_SID) values (624,199,4,'2021-06-26',to_date('2021-06-25 21:28:43','YYYY-MM-DD HH24:MI:SS'),'ES',null);
Insert into ISSUE_HISTORY (ISSUE_HIS_NO,ISSUE_SID,MEM_NO,ISSUE_HIS_CONT,ISSUE_HIS_DATE,ISSUE_HIS_TYPE,ATCH_FILE_SID) values (625,199,4,'2021-06-28',to_date('2021-06-25 21:28:46','YYYY-MM-DD HH24:MI:SS'),'EE',null);
Insert into ISSUE_HISTORY (ISSUE_HIS_NO,ISSUE_SID,MEM_NO,ISSUE_HIS_CONT,ISSUE_HIS_DATE,ISSUE_HIS_TYPE,ATCH_FILE_SID) values (626,202,4,'# 마크다운을 사용한 이슈 등록
1. 마크다운은 마크업 언어 입니다.
> 정말 이에요

<hr>
html 태그도 가능합니다
<br><br><br>정말로?',to_date('2021-06-25 21:30:08','YYYY-MM-DD HH24:MI:SS'),'RE',null);
Insert into ISSUE_HISTORY (ISSUE_HIS_NO,ISSUE_SID,MEM_NO,ISSUE_HIS_CONT,ISSUE_HIS_DATE,ISSUE_HIS_TYPE,ATCH_FILE_SID) values (627,202,4,'내게 댓글을 달면 알림이 옵니다 !! ',to_date('2021-06-25 21:31:21','YYYY-MM-DD HH24:MI:SS'),'RE',null);
Insert into ISSUE_HISTORY (ISSUE_HIS_NO,ISSUE_SID,MEM_NO,ISSUE_HIS_CONT,ISSUE_HIS_DATE,ISSUE_HIS_TYPE,ATCH_FILE_SID) values (628,202,1,'댓글달아봅니다. !',to_date('2021-06-25 21:32:04','YYYY-MM-DD HH24:MI:SS'),'RE',null);
Insert into ISSUE_HISTORY (ISSUE_HIS_NO,ISSUE_SID,MEM_NO,ISSUE_HIS_CONT,ISSUE_HIS_DATE,ISSUE_HIS_TYPE,ATCH_FILE_SID) values (629,202,1,'댓글 달아서 알람 보내기',to_date('2021-06-25 21:32:44','YYYY-MM-DD HH24:MI:SS'),'RE',null);
Insert into ISSUE_HISTORY (ISSUE_HIS_NO,ISSUE_SID,MEM_NO,ISSUE_HIS_CONT,ISSUE_HIS_DATE,ISSUE_HIS_TYPE,ATCH_FILE_SID) values (630,202,1,'알람 계속 보내기',to_date('2021-06-25 21:32:50','YYYY-MM-DD HH24:MI:SS'),'RE',null);
Insert into ISSUE_HISTORY (ISSUE_HIS_NO,ISSUE_SID,MEM_NO,ISSUE_HIS_CONT,ISSUE_HIS_DATE,ISSUE_HIS_TYPE,ATCH_FILE_SID) values (631,143,4,null,to_date('2021-06-25 21:46:39','YYYY-MM-DD HH24:MI:SS'),'IC',null);
Insert into ISSUE_HISTORY (ISSUE_HIS_NO,ISSUE_SID,MEM_NO,ISSUE_HIS_CONT,ISSUE_HIS_DATE,ISSUE_HIS_TYPE,ATCH_FILE_SID) values (632,141,4,null,to_date('2021-06-25 21:46:39','YYYY-MM-DD HH24:MI:SS'),'IC',null);
Insert into ISSUE_HISTORY (ISSUE_HIS_NO,ISSUE_SID,MEM_NO,ISSUE_HIS_CONT,ISSUE_HIS_DATE,ISSUE_HIS_TYPE,ATCH_FILE_SID) values (633,186,3,'0',to_date('2021-06-25 21:53:51','YYYY-MM-DD HH24:MI:SS'),'IO',null);
Insert into ISSUE_HISTORY (ISSUE_HIS_NO,ISSUE_SID,MEM_NO,ISSUE_HIS_CONT,ISSUE_HIS_DATE,ISSUE_HIS_TYPE,ATCH_FILE_SID) values (634,186,3,'1',to_date('2021-06-25 21:54:03','YYYY-MM-DD HH24:MI:SS'),'IC',null);
Insert into ISSUE_HISTORY (ISSUE_HIS_NO,ISSUE_SID,MEM_NO,ISSUE_HIS_CONT,ISSUE_HIS_DATE,ISSUE_HIS_TYPE,ATCH_FILE_SID) values (635,203,3,'# 마일스톤과 칸반에 이슈가 등록 되도록 처리합니다.
마크다운으로 작성 가능합니다.
',to_date('2021-06-25 21:58:38','YYYY-MM-DD HH24:MI:SS'),'RE',null);
Insert into ISSUE_HISTORY (ISSUE_HIS_NO,ISSUE_SID,MEM_NO,ISSUE_HIS_CONT,ISSUE_HIS_DATE,ISSUE_HIS_TYPE,ATCH_FILE_SID) values (636,203,3,'josh',to_date('2021-06-25 21:58:56','YYYY-MM-DD HH24:MI:SS'),'AA',null);
Insert into ISSUE_HISTORY (ISSUE_HIS_NO,ISSUE_SID,MEM_NO,ISSUE_HIS_CONT,ISSUE_HIS_DATE,ISSUE_HIS_TYPE,ATCH_FILE_SID) values (637,203,3,'일감',to_date('2021-06-25 21:58:59','YYYY-MM-DD HH24:MI:SS'),'EL',null);
Insert into ISSUE_HISTORY (ISSUE_HIS_NO,ISSUE_SID,MEM_NO,ISSUE_HIS_CONT,ISSUE_HIS_DATE,ISSUE_HIS_TYPE,ATCH_FILE_SID) values (638,203,3,'2021-06-26',to_date('2021-06-25 21:59:07','YYYY-MM-DD HH24:MI:SS'),'ES',null);
Insert into ISSUE_HISTORY (ISSUE_HIS_NO,ISSUE_SID,MEM_NO,ISSUE_HIS_CONT,ISSUE_HIS_DATE,ISSUE_HIS_TYPE,ATCH_FILE_SID) values (639,203,3,'2021-06-30',to_date('2021-06-25 21:59:22','YYYY-MM-DD HH24:MI:SS'),'EE',null);
Insert into ISSUE_HISTORY (ISSUE_HIS_NO,ISSUE_SID,MEM_NO,ISSUE_HIS_CONT,ISSUE_HIS_DATE,ISSUE_HIS_TYPE,ATCH_FILE_SID) values (640,202,1,'gg',to_date('2021-06-26 11:02:29','YYYY-MM-DD HH24:MI:SS'),'RE',null);
Insert into ISSUE_HISTORY (ISSUE_HIS_NO,ISSUE_SID,MEM_NO,ISSUE_HIS_CONT,ISSUE_HIS_DATE,ISSUE_HIS_TYPE,ATCH_FILE_SID) values (641,202,4,'이슈 등록해보기 수정해보기',to_date('2021-06-26 11:06:16','YYYY-MM-DD HH24:MI:SS'),'ET',null);
Insert into ISSUE_HISTORY (ISSUE_HIS_NO,ISSUE_SID,MEM_NO,ISSUE_HIS_CONT,ISSUE_HIS_DATE,ISSUE_HIS_TYPE,ATCH_FILE_SID) values (642,202,4,'이슈 등록해보기 수정해보깅',to_date('2021-06-26 11:06:20','YYYY-MM-DD HH24:MI:SS'),'ET',null);
Insert into ISSUE_HISTORY (ISSUE_HIS_NO,ISSUE_SID,MEM_NO,ISSUE_HIS_CONT,ISSUE_HIS_DATE,ISSUE_HIS_TYPE,ATCH_FILE_SID) values (643,202,4,'시작일 없이 테스트',to_date('2021-06-26 11:07:29','YYYY-MM-DD HH24:MI:SS'),'EM',null);
Insert into ISSUE_HISTORY (ISSUE_HIS_NO,ISSUE_SID,MEM_NO,ISSUE_HIS_CONT,ISSUE_HIS_DATE,ISSUE_HIS_TYPE,ATCH_FILE_SID) values (644,202,4,'1',to_date('2021-06-26 11:07:45','YYYY-MM-DD HH24:MI:SS'),'IC',null);
Insert into ISSUE_HISTORY (ISSUE_HIS_NO,ISSUE_SID,MEM_NO,ISSUE_HIS_CONT,ISSUE_HIS_DATE,ISSUE_HIS_TYPE,ATCH_FILE_SID) values (645,204,4,'# 이번주 직원별 평가  나왔습니다.
|| 평점 | 평가|  
|:--- | ---: | :---: |  
| 철수| 90| 참잘했어요. |  
| 영희| 50| 분발하세요. | 

## 코드 블럭
```java
System.out.println("Hello world");
```
> 위의 코드 입력시 Hello World를 출력합니다!',to_date('2021-06-26 15:05:57','YYYY-MM-DD HH24:MI:SS'),'RE',null);
Insert into ISSUE_HISTORY (ISSUE_HIS_NO,ISSUE_SID,MEM_NO,ISSUE_HIS_CONT,ISSUE_HIS_DATE,ISSUE_HIS_TYPE,ATCH_FILE_SID) values (646,204,4,'박세현',to_date('2021-06-26 15:07:00','YYYY-MM-DD HH24:MI:SS'),'AA',null);
Insert into ISSUE_HISTORY (ISSUE_HIS_NO,ISSUE_SID,MEM_NO,ISSUE_HIS_CONT,ISSUE_HIS_DATE,ISSUE_HIS_TYPE,ATCH_FILE_SID) values (647,204,4,'0',to_date('2021-06-26 15:07:03','YYYY-MM-DD HH24:MI:SS'),'EP',null);
Insert into ISSUE_HISTORY (ISSUE_HIS_NO,ISSUE_SID,MEM_NO,ISSUE_HIS_CONT,ISSUE_HIS_DATE,ISSUE_HIS_TYPE,ATCH_FILE_SID) values (648,204,4,'eisen',to_date('2021-06-26 15:09:00','YYYY-MM-DD HH24:MI:SS'),'AA',null);
Insert into ISSUE_HISTORY (ISSUE_HIS_NO,ISSUE_SID,MEM_NO,ISSUE_HIS_CONT,ISSUE_HIS_DATE,ISSUE_HIS_TYPE,ATCH_FILE_SID) values (649,204,4,'ex',to_date('2021-06-26 15:09:03','YYYY-MM-DD HH24:MI:SS'),'AA',null);
Insert into ISSUE_HISTORY (ISSUE_HIS_NO,ISSUE_SID,MEM_NO,ISSUE_HIS_CONT,ISSUE_HIS_DATE,ISSUE_HIS_TYPE,ATCH_FILE_SID) values (650,204,4,'안녕하세용',to_date('2021-06-26 15:10:54','YYYY-MM-DD HH24:MI:SS'),'ET',null);
Insert into ISSUE_HISTORY (ISSUE_HIS_NO,ISSUE_SID,MEM_NO,ISSUE_HIS_CONT,ISSUE_HIS_DATE,ISSUE_HIS_TYPE,ATCH_FILE_SID) values (651,204,4,'안녕하세요',to_date('2021-06-26 15:10:57','YYYY-MM-DD HH24:MI:SS'),'ET',null);
Insert into ISSUE_HISTORY (ISSUE_HIS_NO,ISSUE_SID,MEM_NO,ISSUE_HIS_CONT,ISSUE_HIS_DATE,ISSUE_HIS_TYPE,ATCH_FILE_SID) values (652,204,4,'안녕하세요!',to_date('2021-06-26 15:13:27','YYYY-MM-DD HH24:MI:SS'),'RE',null);
Insert into ISSUE_HISTORY (ISSUE_HIS_NO,ISSUE_SID,MEM_NO,ISSUE_HIS_CONT,ISSUE_HIS_DATE,ISSUE_HIS_TYPE,ATCH_FILE_SID) values (653,205,3,'## 마크다운 을 지원합니다.

- 마일스톤과 칸반에 등록할 이슈로 사용합니다.
- ',to_date('2021-06-26 15:20:51','YYYY-MM-DD HH24:MI:SS'),'RE',null);
Insert into ISSUE_HISTORY (ISSUE_HIS_NO,ISSUE_SID,MEM_NO,ISSUE_HIS_CONT,ISSUE_HIS_DATE,ISSUE_HIS_TYPE,ATCH_FILE_SID) values (654,205,3,'0',to_date('2021-06-26 15:20:58','YYYY-MM-DD HH24:MI:SS'),'EP',null);
Insert into ISSUE_HISTORY (ISSUE_HIS_NO,ISSUE_SID,MEM_NO,ISSUE_HIS_CONT,ISSUE_HIS_DATE,ISSUE_HIS_TYPE,ATCH_FILE_SID) values (655,205,3,'2021-06-29',to_date('2021-06-26 15:21:40','YYYY-MM-DD HH24:MI:SS'),'ES',null);
Insert into ISSUE_HISTORY (ISSUE_HIS_NO,ISSUE_SID,MEM_NO,ISSUE_HIS_CONT,ISSUE_HIS_DATE,ISSUE_HIS_TYPE,ATCH_FILE_SID) values (656,205,3,'담당자, 마일스톤, 라벨, 중요도, 이슈 시작일, 마감일을 수정할 경우, 히스토리로 남습니다.
이슈는 오픈 / 클로즈 할 수 있습니다.
',to_date('2021-06-26 15:21:44','YYYY-MM-DD HH24:MI:SS'),'RE',null);
Insert into ISSUE_HISTORY (ISSUE_HIS_NO,ISSUE_SID,MEM_NO,ISSUE_HIS_CONT,ISSUE_HIS_DATE,ISSUE_HIS_TYPE,ATCH_FILE_SID) values (657,205,3,'1',to_date('2021-06-26 15:21:48','YYYY-MM-DD HH24:MI:SS'),'IC',null);
Insert into ISSUE_HISTORY (ISSUE_HIS_NO,ISSUE_SID,MEM_NO,ISSUE_HIS_CONT,ISSUE_HIS_DATE,ISSUE_HIS_TYPE,ATCH_FILE_SID) values (658,205,3,'다시 오픈 해 보겠습니다.',to_date('2021-06-26 15:22:00','YYYY-MM-DD HH24:MI:SS'),'RE',null);
Insert into ISSUE_HISTORY (ISSUE_HIS_NO,ISSUE_SID,MEM_NO,ISSUE_HIS_CONT,ISSUE_HIS_DATE,ISSUE_HIS_TYPE,ATCH_FILE_SID) values (659,205,3,'0',to_date('2021-06-26 15:22:03','YYYY-MM-DD HH24:MI:SS'),'IO',null);
Insert into ISSUE_HISTORY (ISSUE_HIS_NO,ISSUE_SID,MEM_NO,ISSUE_HIS_CONT,ISSUE_HIS_DATE,ISSUE_HIS_TYPE,ATCH_FILE_SID) values (660,205,3,'1',to_date('2021-06-26 15:22:28','YYYY-MM-DD HH24:MI:SS'),'IC',null);
Insert into ISSUE_HISTORY (ISSUE_HIS_NO,ISSUE_SID,MEM_NO,ISSUE_HIS_CONT,ISSUE_HIS_DATE,ISSUE_HIS_TYPE,ATCH_FILE_SID) values (661,205,3,'마일스톤 칸반 등록할 이슈 수정 가능',to_date('2021-06-26 15:22:56','YYYY-MM-DD HH24:MI:SS'),'ET',null);
Insert into ISSUE_HISTORY (ISSUE_HIS_NO,ISSUE_SID,MEM_NO,ISSUE_HIS_CONT,ISSUE_HIS_DATE,ISSUE_HIS_TYPE,ATCH_FILE_SID) values (662,205,3,'0',to_date('2021-06-26 15:24:55','YYYY-MM-DD HH24:MI:SS'),'IO',null);
Insert into ISSUE_HISTORY (ISSUE_HIS_NO,ISSUE_SID,MEM_NO,ISSUE_HIS_CONT,ISSUE_HIS_DATE,ISSUE_HIS_TYPE,ATCH_FILE_SID) values (663,205,3,'2021-06-30',to_date('2021-06-26 15:25:43','YYYY-MM-DD HH24:MI:SS'),'EE',null);
Insert into ISSUE_HISTORY (ISSUE_HIS_NO,ISSUE_SID,MEM_NO,ISSUE_HIS_CONT,ISSUE_HIS_DATE,ISSUE_HIS_TYPE,ATCH_FILE_SID) values (664,206,4,'발표하기',to_date('2021-06-26 15:41:03','YYYY-MM-DD HH24:MI:SS'),'RE',null);
Insert into ISSUE_HISTORY (ISSUE_HIS_NO,ISSUE_SID,MEM_NO,ISSUE_HIS_CONT,ISSUE_HIS_DATE,ISSUE_HIS_TYPE,ATCH_FILE_SID) values (665,201,4,null,to_date('2021-06-26 15:41:25','YYYY-MM-DD HH24:MI:SS'),'IC',null);
Insert into ISSUE_HISTORY (ISSUE_HIS_NO,ISSUE_SID,MEM_NO,ISSUE_HIS_CONT,ISSUE_HIS_DATE,ISSUE_HIS_TYPE,ATCH_FILE_SID) values (666,207,3,'### 마크다운 을 지원합니다.

- 마일스톤과 칸반에 등록합니다.
- 이슈 시작,마감일을 지정하면 켈린더에도 표시됩니다.',to_date('2021-06-26 16:26:23','YYYY-MM-DD HH24:MI:SS'),'RE',null);
Insert into ISSUE_HISTORY (ISSUE_HIS_NO,ISSUE_SID,MEM_NO,ISSUE_HIS_CONT,ISSUE_HIS_DATE,ISSUE_HIS_TYPE,ATCH_FILE_SID) values (667,207,3,'원정훈',to_date('2021-06-26 16:26:43','YYYY-MM-DD HH24:MI:SS'),'AA',null);
Insert into ISSUE_HISTORY (ISSUE_HIS_NO,ISSUE_SID,MEM_NO,ISSUE_HIS_CONT,ISSUE_HIS_DATE,ISSUE_HIS_TYPE,ATCH_FILE_SID) values (668,207,3,'조이박',to_date('2021-06-26 16:26:44','YYYY-MM-DD HH24:MI:SS'),'AA',null);
Insert into ISSUE_HISTORY (ISSUE_HIS_NO,ISSUE_SID,MEM_NO,ISSUE_HIS_CONT,ISSUE_HIS_DATE,ISSUE_HIS_TYPE,ATCH_FILE_SID) values (669,207,3,'일감',to_date('2021-06-26 16:26:49','YYYY-MM-DD HH24:MI:SS'),'EL',null);
Insert into ISSUE_HISTORY (ISSUE_HIS_NO,ISSUE_SID,MEM_NO,ISSUE_HIS_CONT,ISSUE_HIS_DATE,ISSUE_HIS_TYPE,ATCH_FILE_SID) values (670,207,3,'0',to_date('2021-06-26 16:26:51','YYYY-MM-DD HH24:MI:SS'),'EP',null);
Insert into ISSUE_HISTORY (ISSUE_HIS_NO,ISSUE_SID,MEM_NO,ISSUE_HIS_CONT,ISSUE_HIS_DATE,ISSUE_HIS_TYPE,ATCH_FILE_SID) values (671,207,3,'담당자와 라벨등을 지정할 수 있습니다.
히스토리로 관리 됩니다.
',to_date('2021-06-26 16:26:54','YYYY-MM-DD HH24:MI:SS'),'RE',null);
Insert into ISSUE_HISTORY (ISSUE_HIS_NO,ISSUE_SID,MEM_NO,ISSUE_HIS_CONT,ISSUE_HIS_DATE,ISSUE_HIS_TYPE,ATCH_FILE_SID) values (672,207,3,'1',to_date('2021-06-26 16:27:13','YYYY-MM-DD HH24:MI:SS'),'IC',null);
Insert into ISSUE_HISTORY (ISSUE_HIS_NO,ISSUE_SID,MEM_NO,ISSUE_HIS_CONT,ISSUE_HIS_DATE,ISSUE_HIS_TYPE,ATCH_FILE_SID) values (673,204,3,'gg',to_date('2021-06-26 16:56:04','YYYY-MM-DD HH24:MI:SS'),'RE',null);
Insert into ISSUE_HISTORY (ISSUE_HIS_NO,ISSUE_SID,MEM_NO,ISSUE_HIS_CONT,ISSUE_HIS_DATE,ISSUE_HIS_TYPE,ATCH_FILE_SID) values (674,204,3,'dd',to_date('2021-06-26 16:56:19','YYYY-MM-DD HH24:MI:SS'),'RE',null);
Insert into ISSUE_HISTORY (ISSUE_HIS_NO,ISSUE_SID,MEM_NO,ISSUE_HIS_CONT,ISSUE_HIS_DATE,ISSUE_HIS_TYPE,ATCH_FILE_SID) values (675,208,4,'"# 이번주 직원별 평가  나왔습니다.
|| 평점 | 평가|  
|:--- | ---: | :---: |  
| 철수| 90| 참잘했어요. |  
| 영희| 50| 분발하세요. | 

## 코드 블럭
```java
System.out.println("Hello world");
```
> 위의 코드 입력시 Hello World를 출력합니다!"',to_date('2021-06-26 17:18:49','YYYY-MM-DD HH24:MI:SS'),'RE',null);
Insert into ISSUE_HISTORY (ISSUE_HIS_NO,ISSUE_SID,MEM_NO,ISSUE_HIS_CONT,ISSUE_HIS_DATE,ISSUE_HIS_TYPE,ATCH_FILE_SID) values (676,208,4,'캘린더와 칸반에 자동 등록된 이슈',to_date('2021-06-26 17:19:16','YYYY-MM-DD HH24:MI:SS'),'ET',null);
Insert into ISSUE_HISTORY (ISSUE_HIS_NO,ISSUE_SID,MEM_NO,ISSUE_HIS_CONT,ISSUE_HIS_DATE,ISSUE_HIS_TYPE,ATCH_FILE_SID) values (677,208,4,'캘린더와 칸반에 자동 등록된 이슈임',to_date('2021-06-26 17:19:28','YYYY-MM-DD HH24:MI:SS'),'ET',null);
Insert into ISSUE_HISTORY (ISSUE_HIS_NO,ISSUE_SID,MEM_NO,ISSUE_HIS_CONT,ISSUE_HIS_DATE,ISSUE_HIS_TYPE,ATCH_FILE_SID) values (678,208,4,'버그',to_date('2021-06-26 17:19:54','YYYY-MM-DD HH24:MI:SS'),'EL',null);
Insert into ISSUE_HISTORY (ISSUE_HIS_NO,ISSUE_SID,MEM_NO,ISSUE_HIS_CONT,ISSUE_HIS_DATE,ISSUE_HIS_TYPE,ATCH_FILE_SID) values (679,208,4,null,to_date('2021-06-26 17:20:03','YYYY-MM-DD HH24:MI:SS'),'RP',null);
Insert into ISSUE_HISTORY (ISSUE_HIS_NO,ISSUE_SID,MEM_NO,ISSUE_HIS_CONT,ISSUE_HIS_DATE,ISSUE_HIS_TYPE,ATCH_FILE_SID) values (680,208,4,'댓글을 작성합니다.',to_date('2021-06-26 17:20:17','YYYY-MM-DD HH24:MI:SS'),'RE',null);
Insert into ISSUE_HISTORY (ISSUE_HIS_NO,ISSUE_SID,MEM_NO,ISSUE_HIS_CONT,ISSUE_HIS_DATE,ISSUE_HIS_TYPE,ATCH_FILE_SID) values (681,199,4,'1',to_date('2021-06-26 17:22:22','YYYY-MM-DD HH24:MI:SS'),'IC',null);
REM INSERTING into KANBAN_CARD
SET DEFINE OFF;
Insert into KANBAN_CARD (KB_CARD_NO,KB_CARD_PRIV_NO,MEM_NO,KB_COL_NO,ISSUE_SID,KB_CARD_CONT,KB_CARD_WRITE_DATE) values (43,119,4,3,126,null,to_date('2021-06-21 00:00:00','YYYY-MM-DD HH24:MI:SS'));
Insert into KANBAN_CARD (KB_CARD_NO,KB_CARD_PRIV_NO,MEM_NO,KB_COL_NO,ISSUE_SID,KB_CARD_CONT,KB_CARD_WRITE_DATE) values (137,null,3,145,205,null,to_date('2021-06-26 15:20:51','YYYY-MM-DD HH24:MI:SS'));
Insert into KANBAN_CARD (KB_CARD_NO,KB_CARD_PRIV_NO,MEM_NO,KB_COL_NO,ISSUE_SID,KB_CARD_CONT,KB_CARD_WRITE_DATE) values (47,null,4,65,131,null,to_date('2021-06-21 00:00:00','YYYY-MM-DD HH24:MI:SS'));
Insert into KANBAN_CARD (KB_CARD_NO,KB_CARD_PRIV_NO,MEM_NO,KB_COL_NO,ISSUE_SID,KB_CARD_CONT,KB_CARD_WRITE_DATE) values (66,65,3,58,139,null,to_date('2021-06-22 00:00:00','YYYY-MM-DD HH24:MI:SS'));
Insert into KANBAN_CARD (KB_CARD_NO,KB_CARD_PRIV_NO,MEM_NO,KB_COL_NO,ISSUE_SID,KB_CARD_CONT,KB_CARD_WRITE_DATE) values (67,66,3,58,140,null,to_date('2021-06-22 00:00:00','YYYY-MM-DD HH24:MI:SS'));
Insert into KANBAN_CARD (KB_CARD_NO,KB_CARD_PRIV_NO,MEM_NO,KB_COL_NO,ISSUE_SID,KB_CARD_CONT,KB_CARD_WRITE_DATE) values (69,71,4,63,142,null,to_date('2021-06-22 00:00:00','YYYY-MM-DD HH24:MI:SS'));
Insert into KANBAN_CARD (KB_CARD_NO,KB_CARD_PRIV_NO,MEM_NO,KB_COL_NO,ISSUE_SID,KB_CARD_CONT,KB_CARD_WRITE_DATE) values (80,77,3,3,153,null,to_date('2021-06-23 00:00:00','YYYY-MM-DD HH24:MI:SS'));
Insert into KANBAN_CARD (KB_CARD_NO,KB_CARD_PRIV_NO,MEM_NO,KB_COL_NO,ISSUE_SID,KB_CARD_CONT,KB_CARD_WRITE_DATE) values (130,125,3,61,201,null,to_date('2021-06-25 21:18:47','YYYY-MM-DD HH24:MI:SS'));
Insert into KANBAN_CARD (KB_CARD_NO,KB_CARD_PRIV_NO,MEM_NO,KB_COL_NO,ISSUE_SID,KB_CARD_CONT,KB_CARD_WRITE_DATE) values (138,136,3,61,null,'칸반 카드 등록',to_date('2021-06-26 15:26:54','YYYY-MM-DD HH24:MI:SS'));
Insert into KANBAN_CARD (KB_CARD_NO,KB_CARD_PRIV_NO,MEM_NO,KB_COL_NO,ISSUE_SID,KB_CARD_CONT,KB_CARD_WRITE_DATE) values (33,null,4,6,null,'ㅎㅎㅎ',to_date('2021-06-14 00:00:00','YYYY-MM-DD HH24:MI:SS'));
Insert into KANBAN_CARD (KB_CARD_NO,KB_CARD_PRIV_NO,MEM_NO,KB_COL_NO,ISSUE_SID,KB_CARD_CONT,KB_CARD_WRITE_DATE) values (60,62,3,60,null,'조 별 이름 정하기',to_date('2021-06-22 00:00:00','YYYY-MM-DD HH24:MI:SS'));
Insert into KANBAN_CARD (KB_CARD_NO,KB_CARD_PRIV_NO,MEM_NO,KB_COL_NO,ISSUE_SID,KB_CARD_CONT,KB_CARD_WRITE_DATE) values (35,null,4,15,null,'dtest',to_date('2021-06-14 00:00:00','YYYY-MM-DD HH24:MI:SS'));
Insert into KANBAN_CARD (KB_CARD_NO,KB_CARD_PRIV_NO,MEM_NO,KB_COL_NO,ISSUE_SID,KB_CARD_CONT,KB_CARD_WRITE_DATE) values (36,null,4,10,null,'ctest',to_date('2021-06-14 00:00:00','YYYY-MM-DD HH24:MI:SS'));
Insert into KANBAN_CARD (KB_CARD_NO,KB_CARD_PRIV_NO,MEM_NO,KB_COL_NO,ISSUE_SID,KB_CARD_CONT,KB_CARD_WRITE_DATE) values (131,null,3,61,null,'칸반은 프로젝트를 진행하면서 자신이 하고있는 업무 등을 적어, 진행 상황을 공유 할 수 있습니다.!!',to_date('2021-06-25 21:21:19','YYYY-MM-DD HH24:MI:SS'));
Insert into KANBAN_CARD (KB_CARD_NO,KB_CARD_PRIV_NO,MEM_NO,KB_COL_NO,ISSUE_SID,KB_CARD_CONT,KB_CARD_WRITE_DATE) values (61,60,3,60,null,'기능 추가
 - 공지사항
- 게시판
- 문의글
',to_date('2021-06-22 00:00:00','YYYY-MM-DD HH24:MI:SS'));
Insert into KANBAN_CARD (KB_CARD_NO,KB_CARD_PRIV_NO,MEM_NO,KB_COL_NO,ISSUE_SID,KB_CARD_CONT,KB_CARD_WRITE_DATE) values (62,null,3,60,null,'임시',to_date('2021-06-22 00:00:00','YYYY-MM-DD HH24:MI:SS'));
Insert into KANBAN_CARD (KB_CARD_NO,KB_CARD_PRIV_NO,MEM_NO,KB_COL_NO,ISSUE_SID,KB_CARD_CONT,KB_CARD_WRITE_DATE) values (70,69,3,63,143,null,to_date('2021-06-22 00:00:00','YYYY-MM-DD HH24:MI:SS'));
Insert into KANBAN_CARD (KB_CARD_NO,KB_CARD_PRIV_NO,MEM_NO,KB_COL_NO,ISSUE_SID,KB_CARD_CONT,KB_CARD_WRITE_DATE) values (57,null,3,58,133,null,to_date('2021-06-22 00:00:00','YYYY-MM-DD HH24:MI:SS'));
Insert into KANBAN_CARD (KB_CARD_NO,KB_CARD_PRIV_NO,MEM_NO,KB_COL_NO,ISSUE_SID,KB_CARD_CONT,KB_CARD_WRITE_DATE) values (139,null,3,146,null,'상단 칸반카드는 이슈 등록시 칸반에 생성한 것 이며 지금은 칸반카드를 작성중입니다.',to_date('2021-06-26 15:27:24','YYYY-MM-DD HH24:MI:SS'));
Insert into KANBAN_CARD (KB_CARD_NO,KB_CARD_PRIV_NO,MEM_NO,KB_COL_NO,ISSUE_SID,KB_CARD_CONT,KB_CARD_WRITE_DATE) values (140,null,3,147,null,'칸반카드는 드래그 드랍으로 이동 가능합니다.',to_date('2021-06-26 15:27:37','YYYY-MM-DD HH24:MI:SS'));
Insert into KANBAN_CARD (KB_CARD_NO,KB_CARD_PRIV_NO,MEM_NO,KB_COL_NO,ISSUE_SID,KB_CARD_CONT,KB_CARD_WRITE_DATE) values (58,null,3,59,null,'프로젝트 DB 설계
',to_date('2021-06-22 00:00:00','YYYY-MM-DD HH24:MI:SS'));
Insert into KANBAN_CARD (KB_CARD_NO,KB_CARD_PRIV_NO,MEM_NO,KB_COL_NO,ISSUE_SID,KB_CARD_CONT,KB_CARD_WRITE_DATE) values (64,59,3,58,137,null,to_date('2021-06-22 00:00:00','YYYY-MM-DD HH24:MI:SS'));
Insert into KANBAN_CARD (KB_CARD_NO,KB_CARD_PRIV_NO,MEM_NO,KB_COL_NO,ISSUE_SID,KB_CARD_CONT,KB_CARD_WRITE_DATE) values (65,64,3,58,138,null,to_date('2021-06-22 00:00:00','YYYY-MM-DD HH24:MI:SS'));
Insert into KANBAN_CARD (KB_CARD_NO,KB_CARD_PRIV_NO,MEM_NO,KB_COL_NO,ISSUE_SID,KB_CARD_CONT,KB_CARD_WRITE_DATE) values (68,131,4,61,141,null,to_date('2021-06-22 00:00:00','YYYY-MM-DD HH24:MI:SS'));
Insert into KANBAN_CARD (KB_CARD_NO,KB_CARD_PRIV_NO,MEM_NO,KB_COL_NO,ISSUE_SID,KB_CARD_CONT,KB_CARD_WRITE_DATE) values (141,67,4,58,206,null,to_date('2021-06-26 15:41:03','YYYY-MM-DD HH24:MI:SS'));
Insert into KANBAN_CARD (KB_CARD_NO,KB_CARD_PRIV_NO,MEM_NO,KB_COL_NO,ISSUE_SID,KB_CARD_CONT,KB_CARD_WRITE_DATE) values (73,null,3,1,146,null,to_date('2021-06-23 00:00:00','YYYY-MM-DD HH24:MI:SS'));
Insert into KANBAN_CARD (KB_CARD_NO,KB_CARD_PRIV_NO,MEM_NO,KB_COL_NO,ISSUE_SID,KB_CARD_CONT,KB_CARD_WRITE_DATE) values (142,null,3,150,207,null,to_date('2021-06-26 16:26:23','YYYY-MM-DD HH24:MI:SS'));
Insert into KANBAN_CARD (KB_CARD_NO,KB_CARD_PRIV_NO,MEM_NO,KB_COL_NO,ISSUE_SID,KB_CARD_CONT,KB_CARD_WRITE_DATE) values (76,99,3,3,149,null,to_date('2021-06-23 00:00:00','YYYY-MM-DD HH24:MI:SS'));
Insert into KANBAN_CARD (KB_CARD_NO,KB_CARD_PRIV_NO,MEM_NO,KB_COL_NO,ISSUE_SID,KB_CARD_CONT,KB_CARD_WRITE_DATE) values (77,118,3,3,150,null,to_date('2021-06-23 00:00:00','YYYY-MM-DD HH24:MI:SS'));
Insert into KANBAN_CARD (KB_CARD_NO,KB_CARD_PRIV_NO,MEM_NO,KB_COL_NO,ISSUE_SID,KB_CARD_CONT,KB_CARD_WRITE_DATE) values (99,107,3,3,172,null,to_date('2021-06-23 00:00:00','YYYY-MM-DD HH24:MI:SS'));
Insert into KANBAN_CARD (KB_CARD_NO,KB_CARD_PRIV_NO,MEM_NO,KB_COL_NO,ISSUE_SID,KB_CARD_CONT,KB_CARD_WRITE_DATE) values (107,null,3,3,180,null,to_date('2021-06-23 00:00:00','YYYY-MM-DD HH24:MI:SS'));
Insert into KANBAN_CARD (KB_CARD_NO,KB_CARD_PRIV_NO,MEM_NO,KB_COL_NO,ISSUE_SID,KB_CARD_CONT,KB_CARD_WRITE_DATE) values (143,142,3,150,null,'칸반 등록이 가능합니다.',to_date('2021-06-26 16:30:02','YYYY-MM-DD HH24:MI:SS'));
Insert into KANBAN_CARD (KB_CARD_NO,KB_CARD_PRIV_NO,MEM_NO,KB_COL_NO,ISSUE_SID,KB_CARD_CONT,KB_CARD_WRITE_DATE) values (110,117,3,3,183,null,to_date('2021-06-23 00:00:00','YYYY-MM-DD HH24:MI:SS'));
Insert into KANBAN_CARD (KB_CARD_NO,KB_CARD_PRIV_NO,MEM_NO,KB_COL_NO,ISSUE_SID,KB_CARD_CONT,KB_CARD_WRITE_DATE) values (144,null,3,149,null,'칸반 은 드래그&드랍 가능합니다.',to_date('2021-06-26 16:30:18','YYYY-MM-DD HH24:MI:SS'));
Insert into KANBAN_CARD (KB_CARD_NO,KB_CARD_PRIV_NO,MEM_NO,KB_COL_NO,ISSUE_SID,KB_CARD_CONT,KB_CARD_WRITE_DATE) values (117,76,3,3,190,null,to_date('2021-06-23 00:00:00','YYYY-MM-DD HH24:MI:SS'));
Insert into KANBAN_CARD (KB_CARD_NO,KB_CARD_PRIV_NO,MEM_NO,KB_COL_NO,ISSUE_SID,KB_CARD_CONT,KB_CARD_WRITE_DATE) values (50,null,4,63,null,'ㄴㅁㄹㅇㄹㄴㅇㅁㄹㅇㅁㄹㄴ',to_date('2021-06-22 00:00:00','YYYY-MM-DD HH24:MI:SS'));
Insert into KANBAN_CARD (KB_CARD_NO,KB_CARD_PRIV_NO,MEM_NO,KB_COL_NO,ISSUE_SID,KB_CARD_CONT,KB_CARD_WRITE_DATE) values (134,null,3,139,null,'새로운 칸반을 추가 가능합니다. 칸반은 프로젝트 진행중 일어나는 일감들에 대해 팀원들과 공유 할 수 있습니다. 
',to_date('2021-06-25 21:57:19','YYYY-MM-DD HH24:MI:SS'));
Insert into KANBAN_CARD (KB_CARD_NO,KB_CARD_PRIV_NO,MEM_NO,KB_COL_NO,ISSUE_SID,KB_CARD_CONT,KB_CARD_WRITE_DATE) values (49,51,4,62,null,'ㅁㄴㄹㅁㄹㄹㄹ',to_date('2021-06-22 00:00:00','YYYY-MM-DD HH24:MI:SS'));
Insert into KANBAN_CARD (KB_CARD_NO,KB_CARD_PRIV_NO,MEM_NO,KB_COL_NO,ISSUE_SID,KB_CARD_CONT,KB_CARD_WRITE_DATE) values (51,null,4,62,null,null,to_date('2021-06-22 00:00:00','YYYY-MM-DD HH24:MI:SS'));
Insert into KANBAN_CARD (KB_CARD_NO,KB_CARD_PRIV_NO,MEM_NO,KB_COL_NO,ISSUE_SID,KB_CARD_CONT,KB_CARD_WRITE_DATE) values (53,49,4,62,null,'ㅋㅋㅋㅋㅋㅋㅋㅋㅋㅋㅋㅋㅋㅋㅋㅋㅋㅋ',to_date('2021-06-22 00:00:00','YYYY-MM-DD HH24:MI:SS'));
Insert into KANBAN_CARD (KB_CARD_NO,KB_CARD_PRIV_NO,MEM_NO,KB_COL_NO,ISSUE_SID,KB_CARD_CONT,KB_CARD_WRITE_DATE) values (135,134,3,139,203,null,to_date('2021-06-25 21:58:38','YYYY-MM-DD HH24:MI:SS'));
Insert into KANBAN_CARD (KB_CARD_NO,KB_CARD_PRIV_NO,MEM_NO,KB_COL_NO,ISSUE_SID,KB_CARD_CONT,KB_CARD_WRITE_DATE) values (129,123,4,2,200,null,to_date('2021-06-25 18:25:35','YYYY-MM-DD HH24:MI:SS'));
Insert into KANBAN_CARD (KB_CARD_NO,KB_CARD_PRIV_NO,MEM_NO,KB_COL_NO,ISSUE_SID,KB_CARD_CONT,KB_CARD_WRITE_DATE) values (56,68,4,61,132,null,to_date('2021-06-22 00:00:00','YYYY-MM-DD HH24:MI:SS'));
Insert into KANBAN_CARD (KB_CARD_NO,KB_CARD_PRIV_NO,MEM_NO,KB_COL_NO,ISSUE_SID,KB_CARD_CONT,KB_CARD_WRITE_DATE) values (59,57,3,58,134,null,to_date('2021-06-22 00:00:00','YYYY-MM-DD HH24:MI:SS'));
Insert into KANBAN_CARD (KB_CARD_NO,KB_CARD_PRIV_NO,MEM_NO,KB_COL_NO,ISSUE_SID,KB_CARD_CONT,KB_CARD_WRITE_DATE) values (71,50,3,63,144,null,to_date('2021-06-23 00:00:00','YYYY-MM-DD HH24:MI:SS'));
Insert into KANBAN_CARD (KB_CARD_NO,KB_CARD_PRIV_NO,MEM_NO,KB_COL_NO,ISSUE_SID,KB_CARD_CONT,KB_CARD_WRITE_DATE) values (118,43,3,3,null,'git 저장소 추가 / 코드 조회 기능 구현
',to_date('2021-06-24 20:22:10','YYYY-MM-DD HH24:MI:SS'));
Insert into KANBAN_CARD (KB_CARD_NO,KB_CARD_PRIV_NO,MEM_NO,KB_COL_NO,ISSUE_SID,KB_CARD_CONT,KB_CARD_WRITE_DATE) values (119,110,3,3,null,'개념 / 논리 / 물리 ERD',to_date('2021-06-24 20:22:43','YYYY-MM-DD HH24:MI:SS'));
Insert into KANBAN_CARD (KB_CARD_NO,KB_CARD_PRIV_NO,MEM_NO,KB_COL_NO,ISSUE_SID,KB_CARD_CONT,KB_CARD_WRITE_DATE) values (132,133,4,62,202,null,to_date('2021-06-25 21:30:09','YYYY-MM-DD HH24:MI:SS'));
Insert into KANBAN_CARD (KB_CARD_NO,KB_CARD_PRIV_NO,MEM_NO,KB_COL_NO,ISSUE_SID,KB_CARD_CONT,KB_CARD_WRITE_DATE) values (121,73,3,1,null,'발표준비 - 시나리오 작성
',to_date('2021-06-24 20:24:05','YYYY-MM-DD HH24:MI:SS'));
Insert into KANBAN_CARD (KB_CARD_NO,KB_CARD_PRIV_NO,MEM_NO,KB_COL_NO,ISSUE_SID,KB_CARD_CONT,KB_CARD_WRITE_DATE) values (122,129,3,2,null,'발표준비 - 화면 연결 해보기',to_date('2021-06-24 20:24:23','YYYY-MM-DD HH24:MI:SS'));
Insert into KANBAN_CARD (KB_CARD_NO,KB_CARD_PRIV_NO,MEM_NO,KB_COL_NO,ISSUE_SID,KB_CARD_CONT,KB_CARD_WRITE_DATE) values (123,null,3,2,197,null,to_date('2021-06-25 09:35:25','YYYY-MM-DD HH24:MI:SS'));
Insert into KANBAN_CARD (KB_CARD_NO,KB_CARD_PRIV_NO,MEM_NO,KB_COL_NO,ISSUE_SID,KB_CARD_CONT,KB_CARD_WRITE_DATE) values (124,121,3,1,198,null,to_date('2021-06-25 09:37:10','YYYY-MM-DD HH24:MI:SS'));
Insert into KANBAN_CARD (KB_CARD_NO,KB_CARD_PRIV_NO,MEM_NO,KB_COL_NO,ISSUE_SID,KB_CARD_CONT,KB_CARD_WRITE_DATE) values (125,56,4,61,199,null,to_date('2021-06-25 13:35:05','YYYY-MM-DD HH24:MI:SS'));
Insert into KANBAN_CARD (KB_CARD_NO,KB_CARD_PRIV_NO,MEM_NO,KB_COL_NO,ISSUE_SID,KB_CARD_CONT,KB_CARD_WRITE_DATE) values (126,70,4,63,null,'카드 추가',to_date('2021-06-25 14:00:39','YYYY-MM-DD HH24:MI:SS'));
Insert into KANBAN_CARD (KB_CARD_NO,KB_CARD_PRIV_NO,MEM_NO,KB_COL_NO,ISSUE_SID,KB_CARD_CONT,KB_CARD_WRITE_DATE) values (127,128,4,63,null,'카드카드',to_date('2021-06-25 14:00:45','YYYY-MM-DD HH24:MI:SS'));
Insert into KANBAN_CARD (KB_CARD_NO,KB_CARD_PRIV_NO,MEM_NO,KB_COL_NO,ISSUE_SID,KB_CARD_CONT,KB_CARD_WRITE_DATE) values (128,126,4,63,null,'카드 등록',to_date('2021-06-25 14:02:03','YYYY-MM-DD HH24:MI:SS'));
Insert into KANBAN_CARD (KB_CARD_NO,KB_CARD_PRIV_NO,MEM_NO,KB_COL_NO,ISSUE_SID,KB_CARD_CONT,KB_CARD_WRITE_DATE) values (133,53,4,62,null,'칸반 수정도 가능합니다.!',to_date('2021-06-25 21:34:08','YYYY-MM-DD HH24:MI:SS'));
Insert into KANBAN_CARD (KB_CARD_NO,KB_CARD_PRIV_NO,MEM_NO,KB_COL_NO,ISSUE_SID,KB_CARD_CONT,KB_CARD_WRITE_DATE) values (136,130,4,61,204,null,to_date('2021-06-26 15:05:58','YYYY-MM-DD HH24:MI:SS'));
Insert into KANBAN_CARD (KB_CARD_NO,KB_CARD_PRIV_NO,MEM_NO,KB_COL_NO,ISSUE_SID,KB_CARD_CONT,KB_CARD_WRITE_DATE) values (145,138,4,61,208,null,to_date('2021-06-26 17:18:49','YYYY-MM-DD HH24:MI:SS'));
REM INSERTING into KANBAN_COL
SET DEFINE OFF;
Insert into KANBAN_COL (KB_COL_NO,KB_COL_PRIV_NO,PROJ_NO,KB_COL_NM) values (19,null,41,'TO DO');
Insert into KANBAN_COL (KB_COL_NO,KB_COL_PRIV_NO,PROJ_NO,KB_COL_NM) values (20,19,41,'IN PROGRESS');
Insert into KANBAN_COL (KB_COL_NO,KB_COL_PRIV_NO,PROJ_NO,KB_COL_NM) values (21,20,41,'DONE');
Insert into KANBAN_COL (KB_COL_NO,KB_COL_PRIV_NO,PROJ_NO,KB_COL_NM) values (25,null,62,'TO DO');
Insert into KANBAN_COL (KB_COL_NO,KB_COL_PRIV_NO,PROJ_NO,KB_COL_NM) values (26,25,62,'IN PROGRESS');
Insert into KANBAN_COL (KB_COL_NO,KB_COL_PRIV_NO,PROJ_NO,KB_COL_NM) values (27,26,62,'DONE');
Insert into KANBAN_COL (KB_COL_NO,KB_COL_PRIV_NO,PROJ_NO,KB_COL_NM) values (34,null,65,'TO DO');
Insert into KANBAN_COL (KB_COL_NO,KB_COL_PRIV_NO,PROJ_NO,KB_COL_NM) values (35,34,65,'IN PROGRESS');
Insert into KANBAN_COL (KB_COL_NO,KB_COL_PRIV_NO,PROJ_NO,KB_COL_NM) values (36,35,65,'DONE');
Insert into KANBAN_COL (KB_COL_NO,KB_COL_PRIV_NO,PROJ_NO,KB_COL_NM) values (40,null,67,'TO DO');
Insert into KANBAN_COL (KB_COL_NO,KB_COL_PRIV_NO,PROJ_NO,KB_COL_NM) values (41,40,67,'IN PROGRESS');
Insert into KANBAN_COL (KB_COL_NO,KB_COL_PRIV_NO,PROJ_NO,KB_COL_NM) values (42,41,67,'DONE');
Insert into KANBAN_COL (KB_COL_NO,KB_COL_PRIV_NO,PROJ_NO,KB_COL_NM) values (43,null,68,'TO DO');
Insert into KANBAN_COL (KB_COL_NO,KB_COL_PRIV_NO,PROJ_NO,KB_COL_NM) values (44,43,68,'IN PROGRESS');
Insert into KANBAN_COL (KB_COL_NO,KB_COL_PRIV_NO,PROJ_NO,KB_COL_NM) values (45,44,68,'DONE');
Insert into KANBAN_COL (KB_COL_NO,KB_COL_PRIV_NO,PROJ_NO,KB_COL_NM) values (64,null,121,'TO DO');
Insert into KANBAN_COL (KB_COL_NO,KB_COL_PRIV_NO,PROJ_NO,KB_COL_NM) values (65,64,121,'IN PROGRESS');
Insert into KANBAN_COL (KB_COL_NO,KB_COL_PRIV_NO,PROJ_NO,KB_COL_NM) values (66,65,121,'DONE');
Insert into KANBAN_COL (KB_COL_NO,KB_COL_PRIV_NO,PROJ_NO,KB_COL_NM) values (103,null,201,'TO DO');
Insert into KANBAN_COL (KB_COL_NO,KB_COL_PRIV_NO,PROJ_NO,KB_COL_NM) values (104,103,201,'IN PROGRESS');
Insert into KANBAN_COL (KB_COL_NO,KB_COL_PRIV_NO,PROJ_NO,KB_COL_NM) values (105,104,201,'DONE');
Insert into KANBAN_COL (KB_COL_NO,KB_COL_PRIV_NO,PROJ_NO,KB_COL_NM) values (115,null,205,'TO DO');
Insert into KANBAN_COL (KB_COL_NO,KB_COL_PRIV_NO,PROJ_NO,KB_COL_NM) values (116,115,205,'IN PROGRESS');
Insert into KANBAN_COL (KB_COL_NO,KB_COL_PRIV_NO,PROJ_NO,KB_COL_NM) values (117,116,205,'DONE');
Insert into KANBAN_COL (KB_COL_NO,KB_COL_PRIV_NO,PROJ_NO,KB_COL_NM) values (7,null,24,'TO DO');
Insert into KANBAN_COL (KB_COL_NO,KB_COL_PRIV_NO,PROJ_NO,KB_COL_NM) values (8,7,24,'IN PROGRESS');
Insert into KANBAN_COL (KB_COL_NO,KB_COL_PRIV_NO,PROJ_NO,KB_COL_NM) values (9,8,24,'DONE');
Insert into KANBAN_COL (KB_COL_NO,KB_COL_PRIV_NO,PROJ_NO,KB_COL_NM) values (10,null,25,'TO DO');
Insert into KANBAN_COL (KB_COL_NO,KB_COL_PRIV_NO,PROJ_NO,KB_COL_NM) values (11,10,25,'IN PROGRESS');
Insert into KANBAN_COL (KB_COL_NO,KB_COL_PRIV_NO,PROJ_NO,KB_COL_NM) values (12,11,25,'DONE');
Insert into KANBAN_COL (KB_COL_NO,KB_COL_PRIV_NO,PROJ_NO,KB_COL_NM) values (13,null,26,'TO DO');
Insert into KANBAN_COL (KB_COL_NO,KB_COL_PRIV_NO,PROJ_NO,KB_COL_NM) values (14,13,26,'IN PROGRESS');
Insert into KANBAN_COL (KB_COL_NO,KB_COL_PRIV_NO,PROJ_NO,KB_COL_NM) values (15,14,26,'DONE');
Insert into KANBAN_COL (KB_COL_NO,KB_COL_PRIV_NO,PROJ_NO,KB_COL_NM) values (49,null,82,'TO DO');
Insert into KANBAN_COL (KB_COL_NO,KB_COL_PRIV_NO,PROJ_NO,KB_COL_NM) values (50,49,82,'IN PROGRESS');
Insert into KANBAN_COL (KB_COL_NO,KB_COL_PRIV_NO,PROJ_NO,KB_COL_NM) values (51,50,82,'DONE');
Insert into KANBAN_COL (KB_COL_NO,KB_COL_PRIV_NO,PROJ_NO,KB_COL_NM) values (58,null,103,'TO DO');
Insert into KANBAN_COL (KB_COL_NO,KB_COL_PRIV_NO,PROJ_NO,KB_COL_NM) values (59,58,103,'IN PROGRESS');
Insert into KANBAN_COL (KB_COL_NO,KB_COL_PRIV_NO,PROJ_NO,KB_COL_NM) values (60,59,103,'DONE');
Insert into KANBAN_COL (KB_COL_NO,KB_COL_PRIV_NO,PROJ_NO,KB_COL_NM) values (76,null,182,'TO DO');
Insert into KANBAN_COL (KB_COL_NO,KB_COL_PRIV_NO,PROJ_NO,KB_COL_NM) values (77,76,182,'IN PROGRESS');
Insert into KANBAN_COL (KB_COL_NO,KB_COL_PRIV_NO,PROJ_NO,KB_COL_NM) values (78,77,182,'DONE');
Insert into KANBAN_COL (KB_COL_NO,KB_COL_PRIV_NO,PROJ_NO,KB_COL_NM) values (79,null,183,'TO DO');
Insert into KANBAN_COL (KB_COL_NO,KB_COL_PRIV_NO,PROJ_NO,KB_COL_NM) values (80,79,183,'IN PROGRESS');
Insert into KANBAN_COL (KB_COL_NO,KB_COL_PRIV_NO,PROJ_NO,KB_COL_NM) values (81,80,183,'DONE');
Insert into KANBAN_COL (KB_COL_NO,KB_COL_PRIV_NO,PROJ_NO,KB_COL_NM) values (82,null,184,'TO DO');
Insert into KANBAN_COL (KB_COL_NO,KB_COL_PRIV_NO,PROJ_NO,KB_COL_NM) values (83,82,184,'IN PROGRESS');
Insert into KANBAN_COL (KB_COL_NO,KB_COL_PRIV_NO,PROJ_NO,KB_COL_NM) values (84,83,184,'DONE');
Insert into KANBAN_COL (KB_COL_NO,KB_COL_PRIV_NO,PROJ_NO,KB_COL_NM) values (88,null,186,'TO DO');
Insert into KANBAN_COL (KB_COL_NO,KB_COL_PRIV_NO,PROJ_NO,KB_COL_NM) values (89,88,186,'IN PROGRESS');
Insert into KANBAN_COL (KB_COL_NO,KB_COL_PRIV_NO,PROJ_NO,KB_COL_NM) values (90,89,186,'DONE');
Insert into KANBAN_COL (KB_COL_NO,KB_COL_PRIV_NO,PROJ_NO,KB_COL_NM) values (94,null,188,'TO DO');
Insert into KANBAN_COL (KB_COL_NO,KB_COL_PRIV_NO,PROJ_NO,KB_COL_NM) values (95,94,188,'IN PROGRESS');
Insert into KANBAN_COL (KB_COL_NO,KB_COL_PRIV_NO,PROJ_NO,KB_COL_NM) values (96,95,188,'DONE');
Insert into KANBAN_COL (KB_COL_NO,KB_COL_PRIV_NO,PROJ_NO,KB_COL_NM) values (97,null,189,'TO DO');
Insert into KANBAN_COL (KB_COL_NO,KB_COL_PRIV_NO,PROJ_NO,KB_COL_NM) values (98,97,189,'IN PROGRESS');
Insert into KANBAN_COL (KB_COL_NO,KB_COL_PRIV_NO,PROJ_NO,KB_COL_NM) values (99,98,189,'DONE');
Insert into KANBAN_COL (KB_COL_NO,KB_COL_PRIV_NO,PROJ_NO,KB_COL_NM) values (106,null,202,'TO DO');
Insert into KANBAN_COL (KB_COL_NO,KB_COL_PRIV_NO,PROJ_NO,KB_COL_NM) values (107,106,202,'IN PROGRESS');
Insert into KANBAN_COL (KB_COL_NO,KB_COL_PRIV_NO,PROJ_NO,KB_COL_NM) values (108,107,202,'DONE');
Insert into KANBAN_COL (KB_COL_NO,KB_COL_PRIV_NO,PROJ_NO,KB_COL_NM) values (109,null,203,'TO DO');
Insert into KANBAN_COL (KB_COL_NO,KB_COL_PRIV_NO,PROJ_NO,KB_COL_NM) values (110,109,203,'IN PROGRESS');
Insert into KANBAN_COL (KB_COL_NO,KB_COL_PRIV_NO,PROJ_NO,KB_COL_NM) values (111,110,203,'DONE');
Insert into KANBAN_COL (KB_COL_NO,KB_COL_PRIV_NO,PROJ_NO,KB_COL_NM) values (112,null,204,'TO DO');
Insert into KANBAN_COL (KB_COL_NO,KB_COL_PRIV_NO,PROJ_NO,KB_COL_NM) values (113,112,204,'IN PROGRESS');
Insert into KANBAN_COL (KB_COL_NO,KB_COL_PRIV_NO,PROJ_NO,KB_COL_NM) values (114,113,204,'DONE');
Insert into KANBAN_COL (KB_COL_NO,KB_COL_PRIV_NO,PROJ_NO,KB_COL_NM) values (16,null,27,'TO DO');
Insert into KANBAN_COL (KB_COL_NO,KB_COL_PRIV_NO,PROJ_NO,KB_COL_NM) values (17,16,27,'IN PROGRESS');
Insert into KANBAN_COL (KB_COL_NO,KB_COL_PRIV_NO,PROJ_NO,KB_COL_NM) values (18,17,27,'DONE');
Insert into KANBAN_COL (KB_COL_NO,KB_COL_PRIV_NO,PROJ_NO,KB_COL_NM) values (70,null,161,'TO DO');
Insert into KANBAN_COL (KB_COL_NO,KB_COL_PRIV_NO,PROJ_NO,KB_COL_NM) values (71,70,161,'IN PROGRESS');
Insert into KANBAN_COL (KB_COL_NO,KB_COL_PRIV_NO,PROJ_NO,KB_COL_NM) values (72,71,161,'DONE');
Insert into KANBAN_COL (KB_COL_NO,KB_COL_PRIV_NO,PROJ_NO,KB_COL_NM) values (100,null,190,'TO DO');
Insert into KANBAN_COL (KB_COL_NO,KB_COL_PRIV_NO,PROJ_NO,KB_COL_NM) values (101,100,190,'IN PROGRESS');
Insert into KANBAN_COL (KB_COL_NO,KB_COL_PRIV_NO,PROJ_NO,KB_COL_NM) values (102,101,190,'DONE');
Insert into KANBAN_COL (KB_COL_NO,KB_COL_PRIV_NO,PROJ_NO,KB_COL_NM) values (2,null,1,'TO DO');
Insert into KANBAN_COL (KB_COL_NO,KB_COL_PRIV_NO,PROJ_NO,KB_COL_NM) values (1,2,1,'IN PROGRESS');
Insert into KANBAN_COL (KB_COL_NO,KB_COL_PRIV_NO,PROJ_NO,KB_COL_NM) values (3,1,1,'DONE');
Insert into KANBAN_COL (KB_COL_NO,KB_COL_PRIV_NO,PROJ_NO,KB_COL_NM) values (46,null,81,'TO DO');
Insert into KANBAN_COL (KB_COL_NO,KB_COL_PRIV_NO,PROJ_NO,KB_COL_NM) values (47,46,81,'IN PROGRESS');
Insert into KANBAN_COL (KB_COL_NO,KB_COL_PRIV_NO,PROJ_NO,KB_COL_NM) values (48,47,81,'DONE');
Insert into KANBAN_COL (KB_COL_NO,KB_COL_PRIV_NO,PROJ_NO,KB_COL_NM) values (61,null,104,'TO DO');
Insert into KANBAN_COL (KB_COL_NO,KB_COL_PRIV_NO,PROJ_NO,KB_COL_NM) values (62,61,104,'IN PROGRESS');
Insert into KANBAN_COL (KB_COL_NO,KB_COL_PRIV_NO,PROJ_NO,KB_COL_NM) values (63,62,104,'DONE');
Insert into KANBAN_COL (KB_COL_NO,KB_COL_PRIV_NO,PROJ_NO,KB_COL_NM) values (73,null,181,'TO DO');
Insert into KANBAN_COL (KB_COL_NO,KB_COL_PRIV_NO,PROJ_NO,KB_COL_NM) values (74,73,181,'IN PROGRESS');
Insert into KANBAN_COL (KB_COL_NO,KB_COL_PRIV_NO,PROJ_NO,KB_COL_NM) values (75,74,181,'DONE');
Insert into KANBAN_COL (KB_COL_NO,KB_COL_PRIV_NO,PROJ_NO,KB_COL_NM) values (85,null,185,'TO DO');
Insert into KANBAN_COL (KB_COL_NO,KB_COL_PRIV_NO,PROJ_NO,KB_COL_NM) values (86,85,185,'IN PROGRESS');
Insert into KANBAN_COL (KB_COL_NO,KB_COL_PRIV_NO,PROJ_NO,KB_COL_NM) values (87,86,185,'DONE');
Insert into KANBAN_COL (KB_COL_NO,KB_COL_PRIV_NO,PROJ_NO,KB_COL_NM) values (91,null,187,'TO DO');
Insert into KANBAN_COL (KB_COL_NO,KB_COL_PRIV_NO,PROJ_NO,KB_COL_NM) values (92,91,187,'IN PROGRESS');
Insert into KANBAN_COL (KB_COL_NO,KB_COL_PRIV_NO,PROJ_NO,KB_COL_NM) values (93,92,187,'DONE');
Insert into KANBAN_COL (KB_COL_NO,KB_COL_PRIV_NO,PROJ_NO,KB_COL_NM) values (4,null,23,'TO DO');
Insert into KANBAN_COL (KB_COL_NO,KB_COL_PRIV_NO,PROJ_NO,KB_COL_NM) values (5,4,23,'IN PROGRESS');
Insert into KANBAN_COL (KB_COL_NO,KB_COL_PRIV_NO,PROJ_NO,KB_COL_NM) values (6,5,23,'DONE');
Insert into KANBAN_COL (KB_COL_NO,KB_COL_PRIV_NO,PROJ_NO,KB_COL_NM) values (22,null,61,'TO DO');
Insert into KANBAN_COL (KB_COL_NO,KB_COL_PRIV_NO,PROJ_NO,KB_COL_NM) values (23,22,61,'IN PROGRESS');
Insert into KANBAN_COL (KB_COL_NO,KB_COL_PRIV_NO,PROJ_NO,KB_COL_NM) values (24,23,61,'DONE');
Insert into KANBAN_COL (KB_COL_NO,KB_COL_PRIV_NO,PROJ_NO,KB_COL_NM) values (28,null,63,'TO DO');
Insert into KANBAN_COL (KB_COL_NO,KB_COL_PRIV_NO,PROJ_NO,KB_COL_NM) values (29,28,63,'IN PROGRESS');
Insert into KANBAN_COL (KB_COL_NO,KB_COL_PRIV_NO,PROJ_NO,KB_COL_NM) values (30,29,63,'DONE');
Insert into KANBAN_COL (KB_COL_NO,KB_COL_PRIV_NO,PROJ_NO,KB_COL_NM) values (31,null,64,'TO DO');
Insert into KANBAN_COL (KB_COL_NO,KB_COL_PRIV_NO,PROJ_NO,KB_COL_NM) values (32,31,64,'IN PROGRESS');
Insert into KANBAN_COL (KB_COL_NO,KB_COL_PRIV_NO,PROJ_NO,KB_COL_NM) values (33,32,64,'DONE');
Insert into KANBAN_COL (KB_COL_NO,KB_COL_PRIV_NO,PROJ_NO,KB_COL_NM) values (37,null,66,'TO DO');
Insert into KANBAN_COL (KB_COL_NO,KB_COL_PRIV_NO,PROJ_NO,KB_COL_NM) values (38,37,66,'IN PROGRESS');
Insert into KANBAN_COL (KB_COL_NO,KB_COL_PRIV_NO,PROJ_NO,KB_COL_NM) values (39,38,66,'DONE');
Insert into KANBAN_COL (KB_COL_NO,KB_COL_PRIV_NO,PROJ_NO,KB_COL_NM) values (52,null,101,'TO DO');
Insert into KANBAN_COL (KB_COL_NO,KB_COL_PRIV_NO,PROJ_NO,KB_COL_NM) values (53,52,101,'IN PROGRESS');
Insert into KANBAN_COL (KB_COL_NO,KB_COL_PRIV_NO,PROJ_NO,KB_COL_NM) values (54,53,101,'DONE');
Insert into KANBAN_COL (KB_COL_NO,KB_COL_PRIV_NO,PROJ_NO,KB_COL_NM) values (55,null,102,'TO DO');
Insert into KANBAN_COL (KB_COL_NO,KB_COL_PRIV_NO,PROJ_NO,KB_COL_NM) values (56,55,102,'IN PROGRESS');
Insert into KANBAN_COL (KB_COL_NO,KB_COL_PRIV_NO,PROJ_NO,KB_COL_NM) values (57,56,102,'DONE');
Insert into KANBAN_COL (KB_COL_NO,KB_COL_PRIV_NO,PROJ_NO,KB_COL_NM) values (67,null,141,'TO DO');
Insert into KANBAN_COL (KB_COL_NO,KB_COL_PRIV_NO,PROJ_NO,KB_COL_NM) values (68,67,141,'IN PROGRESS');
Insert into KANBAN_COL (KB_COL_NO,KB_COL_PRIV_NO,PROJ_NO,KB_COL_NM) values (69,68,141,'DONE');
Insert into KANBAN_COL (KB_COL_NO,KB_COL_PRIV_NO,PROJ_NO,KB_COL_NM) values (118,null,221,'TO DO');
Insert into KANBAN_COL (KB_COL_NO,KB_COL_PRIV_NO,PROJ_NO,KB_COL_NM) values (119,118,221,'IN PROGRESS');
Insert into KANBAN_COL (KB_COL_NO,KB_COL_PRIV_NO,PROJ_NO,KB_COL_NM) values (120,119,221,'DONE');
Insert into KANBAN_COL (KB_COL_NO,KB_COL_PRIV_NO,PROJ_NO,KB_COL_NM) values (121,null,222,'TO DO');
Insert into KANBAN_COL (KB_COL_NO,KB_COL_PRIV_NO,PROJ_NO,KB_COL_NM) values (122,121,222,'IN PROGRESS');
Insert into KANBAN_COL (KB_COL_NO,KB_COL_PRIV_NO,PROJ_NO,KB_COL_NM) values (123,122,222,'DONE');
Insert into KANBAN_COL (KB_COL_NO,KB_COL_PRIV_NO,PROJ_NO,KB_COL_NM) values (124,null,223,'TO DO');
Insert into KANBAN_COL (KB_COL_NO,KB_COL_PRIV_NO,PROJ_NO,KB_COL_NM) values (125,124,223,'IN PROGRESS');
Insert into KANBAN_COL (KB_COL_NO,KB_COL_PRIV_NO,PROJ_NO,KB_COL_NM) values (126,125,223,'DONE');
Insert into KANBAN_COL (KB_COL_NO,KB_COL_PRIV_NO,PROJ_NO,KB_COL_NM) values (127,null,241,'TO DO');
Insert into KANBAN_COL (KB_COL_NO,KB_COL_PRIV_NO,PROJ_NO,KB_COL_NM) values (128,127,241,'IN PROGRESS');
Insert into KANBAN_COL (KB_COL_NO,KB_COL_PRIV_NO,PROJ_NO,KB_COL_NM) values (129,128,241,'DONE');
Insert into KANBAN_COL (KB_COL_NO,KB_COL_PRIV_NO,PROJ_NO,KB_COL_NM) values (130,null,242,'TO DO');
Insert into KANBAN_COL (KB_COL_NO,KB_COL_PRIV_NO,PROJ_NO,KB_COL_NM) values (131,130,242,'IN PROGRESS');
Insert into KANBAN_COL (KB_COL_NO,KB_COL_PRIV_NO,PROJ_NO,KB_COL_NM) values (132,131,242,'DONE');
Insert into KANBAN_COL (KB_COL_NO,KB_COL_PRIV_NO,PROJ_NO,KB_COL_NM) values (133,null,243,'TO DO');
Insert into KANBAN_COL (KB_COL_NO,KB_COL_PRIV_NO,PROJ_NO,KB_COL_NM) values (134,133,243,'IN PROGRESS');
Insert into KANBAN_COL (KB_COL_NO,KB_COL_PRIV_NO,PROJ_NO,KB_COL_NM) values (135,134,243,'DONE');
Insert into KANBAN_COL (KB_COL_NO,KB_COL_PRIV_NO,PROJ_NO,KB_COL_NM) values (136,null,244,'TO DO');
Insert into KANBAN_COL (KB_COL_NO,KB_COL_PRIV_NO,PROJ_NO,KB_COL_NM) values (137,136,244,'IN PROGRESS');
Insert into KANBAN_COL (KB_COL_NO,KB_COL_PRIV_NO,PROJ_NO,KB_COL_NM) values (138,137,244,'DONE');
Insert into KANBAN_COL (KB_COL_NO,KB_COL_PRIV_NO,PROJ_NO,KB_COL_NM) values (139,null,245,'TO DO');
Insert into KANBAN_COL (KB_COL_NO,KB_COL_PRIV_NO,PROJ_NO,KB_COL_NM) values (140,139,245,'IN PROGRESS');
Insert into KANBAN_COL (KB_COL_NO,KB_COL_PRIV_NO,PROJ_NO,KB_COL_NM) values (141,140,245,'DONE');
Insert into KANBAN_COL (KB_COL_NO,KB_COL_PRIV_NO,PROJ_NO,KB_COL_NM) values (142,null,246,'TO DO');
Insert into KANBAN_COL (KB_COL_NO,KB_COL_PRIV_NO,PROJ_NO,KB_COL_NM) values (143,142,246,'IN PROGRESS');
Insert into KANBAN_COL (KB_COL_NO,KB_COL_PRIV_NO,PROJ_NO,KB_COL_NM) values (144,143,246,'DONE');
Insert into KANBAN_COL (KB_COL_NO,KB_COL_PRIV_NO,PROJ_NO,KB_COL_NM) values (145,null,247,'TO DO');
Insert into KANBAN_COL (KB_COL_NO,KB_COL_PRIV_NO,PROJ_NO,KB_COL_NM) values (146,145,247,'IN PROGRESS');
Insert into KANBAN_COL (KB_COL_NO,KB_COL_PRIV_NO,PROJ_NO,KB_COL_NM) values (147,146,247,'DONE');
Insert into KANBAN_COL (KB_COL_NO,KB_COL_PRIV_NO,PROJ_NO,KB_COL_NM) values (148,null,248,'TO DO');
Insert into KANBAN_COL (KB_COL_NO,KB_COL_PRIV_NO,PROJ_NO,KB_COL_NM) values (149,148,248,'IN PROGRESS');
Insert into KANBAN_COL (KB_COL_NO,KB_COL_PRIV_NO,PROJ_NO,KB_COL_NM) values (150,149,248,'DONE');
Insert into KANBAN_COL (KB_COL_NO,KB_COL_PRIV_NO,PROJ_NO,KB_COL_NM) values (151,null,249,'TO DO');
Insert into KANBAN_COL (KB_COL_NO,KB_COL_PRIV_NO,PROJ_NO,KB_COL_NM) values (152,151,249,'IN PROGRESS');
Insert into KANBAN_COL (KB_COL_NO,KB_COL_PRIV_NO,PROJ_NO,KB_COL_NM) values (153,152,249,'DONE');
REM INSERTING into LABEL
SET DEFINE OFF;
Insert into LABEL (LABEL_NO,PROJ_NO,LABEL_NM,LABEL_ICON,LABEL_COLOR) values (23,68,'일감','icon-star','#f8f8f8');
Insert into LABEL (LABEL_NO,PROJ_NO,LABEL_NM,LABEL_ICON,LABEL_COLOR) values (24,68,'버그','icon-close','#f7ca88');
Insert into LABEL (LABEL_NO,PROJ_NO,LABEL_NM,LABEL_ICON,LABEL_COLOR) values (25,68,'도움요청','icon-pin','#d8d8d8');
Insert into LABEL (LABEL_NO,PROJ_NO,LABEL_NM,LABEL_ICON,LABEL_COLOR) values (45,121,'일감','icon-star','#f8f8f8');
Insert into LABEL (LABEL_NO,PROJ_NO,LABEL_NM,LABEL_ICON,LABEL_COLOR) values (46,121,'버그','icon-close','#f7ca88');
Insert into LABEL (LABEL_NO,PROJ_NO,LABEL_NM,LABEL_ICON,LABEL_COLOR) values (47,121,'도움요청','icon-pin','#d8d8d8');
Insert into LABEL (LABEL_NO,PROJ_NO,LABEL_NM,LABEL_ICON,LABEL_COLOR) values (58,1,'일감','icon-plus','#e6f600');
Insert into LABEL (LABEL_NO,PROJ_NO,LABEL_NM,LABEL_ICON,LABEL_COLOR) values (90,201,'일감','icon-star','#f8f8f8');
Insert into LABEL (LABEL_NO,PROJ_NO,LABEL_NM,LABEL_ICON,LABEL_COLOR) values (91,201,'버그','icon-close','#f7ca88');
Insert into LABEL (LABEL_NO,PROJ_NO,LABEL_NM,LABEL_ICON,LABEL_COLOR) values (92,201,'도움요청','icon-pin','#d8d8d8');
Insert into LABEL (LABEL_NO,PROJ_NO,LABEL_NM,LABEL_ICON,LABEL_COLOR) values (102,205,'일감','icon-star','#f8f8f8');
Insert into LABEL (LABEL_NO,PROJ_NO,LABEL_NM,LABEL_ICON,LABEL_COLOR) values (103,205,'버그','icon-close','#f7ca88');
Insert into LABEL (LABEL_NO,PROJ_NO,LABEL_NM,LABEL_ICON,LABEL_COLOR) values (104,205,'도움요청','icon-pin','#d8d8d8');
Insert into LABEL (LABEL_NO,PROJ_NO,LABEL_NM,LABEL_ICON,LABEL_COLOR) values (63,182,'일감','icon-star','#f8f8f8');
Insert into LABEL (LABEL_NO,PROJ_NO,LABEL_NM,LABEL_ICON,LABEL_COLOR) values (67,183,'버그','icon-close','#f7ca88');
Insert into LABEL (LABEL_NO,PROJ_NO,LABEL_NM,LABEL_ICON,LABEL_COLOR) values (29,82,'일감','icon-star','#f8f8f8');
Insert into LABEL (LABEL_NO,PROJ_NO,LABEL_NM,LABEL_ICON,LABEL_COLOR) values (30,82,'버그','icon-close','#f7ca88');
Insert into LABEL (LABEL_NO,PROJ_NO,LABEL_NM,LABEL_ICON,LABEL_COLOR) values (31,82,'도움요청','icon-pin','#d8d8d8');
Insert into LABEL (LABEL_NO,PROJ_NO,LABEL_NM,LABEL_ICON,LABEL_COLOR) values (38,103,'일감','icon-star','#f8f8f8');
Insert into LABEL (LABEL_NO,PROJ_NO,LABEL_NM,LABEL_ICON,LABEL_COLOR) values (39,103,'버그','icon-close','#f7ca88');
Insert into LABEL (LABEL_NO,PROJ_NO,LABEL_NM,LABEL_ICON,LABEL_COLOR) values (40,103,'도움요청','icon-pin','#d8d8d8');
Insert into LABEL (LABEL_NO,PROJ_NO,LABEL_NM,LABEL_ICON,LABEL_COLOR) values (64,182,'버그','icon-close','#f7ca88');
Insert into LABEL (LABEL_NO,PROJ_NO,LABEL_NM,LABEL_ICON,LABEL_COLOR) values (65,182,'도움요청','icon-pin','#d8d8d8');
Insert into LABEL (LABEL_NO,PROJ_NO,LABEL_NM,LABEL_ICON,LABEL_COLOR) values (66,183,'일감','icon-star','#f8f8f8');
Insert into LABEL (LABEL_NO,PROJ_NO,LABEL_NM,LABEL_ICON,LABEL_COLOR) values (68,183,'도움요청','icon-pin','#d8d8d8');
Insert into LABEL (LABEL_NO,PROJ_NO,LABEL_NM,LABEL_ICON,LABEL_COLOR) values (69,184,'일감','icon-star','#f8f8f8');
Insert into LABEL (LABEL_NO,PROJ_NO,LABEL_NM,LABEL_ICON,LABEL_COLOR) values (70,184,'버그','icon-close','#f7ca88');
Insert into LABEL (LABEL_NO,PROJ_NO,LABEL_NM,LABEL_ICON,LABEL_COLOR) values (71,184,'도움요청','icon-pin','#d8d8d8');
Insert into LABEL (LABEL_NO,PROJ_NO,LABEL_NM,LABEL_ICON,LABEL_COLOR) values (75,186,'일감','icon-star','#f8f8f8');
Insert into LABEL (LABEL_NO,PROJ_NO,LABEL_NM,LABEL_ICON,LABEL_COLOR) values (76,186,'버그','icon-close','#f7ca88');
Insert into LABEL (LABEL_NO,PROJ_NO,LABEL_NM,LABEL_ICON,LABEL_COLOR) values (77,186,'도움요청','icon-pin','#d8d8d8');
Insert into LABEL (LABEL_NO,PROJ_NO,LABEL_NM,LABEL_ICON,LABEL_COLOR) values (81,188,'일감','icon-star','#f8f8f8');
Insert into LABEL (LABEL_NO,PROJ_NO,LABEL_NM,LABEL_ICON,LABEL_COLOR) values (82,188,'버그','icon-close','#f7ca88');
Insert into LABEL (LABEL_NO,PROJ_NO,LABEL_NM,LABEL_ICON,LABEL_COLOR) values (83,188,'도움요청','icon-pin','#d8d8d8');
Insert into LABEL (LABEL_NO,PROJ_NO,LABEL_NM,LABEL_ICON,LABEL_COLOR) values (84,189,'일감','icon-star','#f8f8f8');
Insert into LABEL (LABEL_NO,PROJ_NO,LABEL_NM,LABEL_ICON,LABEL_COLOR) values (85,189,'버그','icon-close','#f7ca88');
Insert into LABEL (LABEL_NO,PROJ_NO,LABEL_NM,LABEL_ICON,LABEL_COLOR) values (86,189,'도움요청','icon-pin','#d8d8d8');
Insert into LABEL (LABEL_NO,PROJ_NO,LABEL_NM,LABEL_ICON,LABEL_COLOR) values (93,202,'일감','icon-star','#f8f8f8');
Insert into LABEL (LABEL_NO,PROJ_NO,LABEL_NM,LABEL_ICON,LABEL_COLOR) values (94,202,'버그','icon-close','#f7ca88');
Insert into LABEL (LABEL_NO,PROJ_NO,LABEL_NM,LABEL_ICON,LABEL_COLOR) values (95,202,'도움요청','icon-pin','#d8d8d8');
Insert into LABEL (LABEL_NO,PROJ_NO,LABEL_NM,LABEL_ICON,LABEL_COLOR) values (96,203,'일감','icon-star','#f8f8f8');
Insert into LABEL (LABEL_NO,PROJ_NO,LABEL_NM,LABEL_ICON,LABEL_COLOR) values (97,203,'버그','icon-close','#f7ca88');
Insert into LABEL (LABEL_NO,PROJ_NO,LABEL_NM,LABEL_ICON,LABEL_COLOR) values (98,203,'도움요청','icon-pin','#d8d8d8');
Insert into LABEL (LABEL_NO,PROJ_NO,LABEL_NM,LABEL_ICON,LABEL_COLOR) values (99,204,'일감','icon-star','#f8f8f8');
Insert into LABEL (LABEL_NO,PROJ_NO,LABEL_NM,LABEL_ICON,LABEL_COLOR) values (100,204,'버그','icon-close','#f7ca88');
Insert into LABEL (LABEL_NO,PROJ_NO,LABEL_NM,LABEL_ICON,LABEL_COLOR) values (101,204,'도움요청','icon-pin','#d8d8d8');
Insert into LABEL (LABEL_NO,PROJ_NO,LABEL_NM,LABEL_ICON,LABEL_COLOR) values (55,161,'일감','icon-star','#f8f8f8');
Insert into LABEL (LABEL_NO,PROJ_NO,LABEL_NM,LABEL_ICON,LABEL_COLOR) values (56,161,'버그','icon-close','#f7ca88');
Insert into LABEL (LABEL_NO,PROJ_NO,LABEL_NM,LABEL_ICON,LABEL_COLOR) values (57,161,'도움요청','icon-pin','#d8d8d8');
Insert into LABEL (LABEL_NO,PROJ_NO,LABEL_NM,LABEL_ICON,LABEL_COLOR) values (87,190,'일감','icon-star','#f8f8f8');
Insert into LABEL (LABEL_NO,PROJ_NO,LABEL_NM,LABEL_ICON,LABEL_COLOR) values (88,190,'버그','icon-close','#f7ca88');
Insert into LABEL (LABEL_NO,PROJ_NO,LABEL_NM,LABEL_ICON,LABEL_COLOR) values (89,190,'도움요청','icon-pin','#d8d8d8');
Insert into LABEL (LABEL_NO,PROJ_NO,LABEL_NM,LABEL_ICON,LABEL_COLOR) values (26,81,'일감','icon-star','#f8f8f8');
Insert into LABEL (LABEL_NO,PROJ_NO,LABEL_NM,LABEL_ICON,LABEL_COLOR) values (51,103,'질문','icon-magnifier','#cc2020');
Insert into LABEL (LABEL_NO,PROJ_NO,LABEL_NM,LABEL_ICON,LABEL_COLOR) values (27,81,'버그','icon-close','#f7ca88');
Insert into LABEL (LABEL_NO,PROJ_NO,LABEL_NM,LABEL_ICON,LABEL_COLOR) values (52,103,'결함','icon-close','#000000');
Insert into LABEL (LABEL_NO,PROJ_NO,LABEL_NM,LABEL_ICON,LABEL_COLOR) values (60,181,'일감','icon-star','#f8f8f8');
Insert into LABEL (LABEL_NO,PROJ_NO,LABEL_NM,LABEL_ICON,LABEL_COLOR) values (28,81,'도움요청','icon-pin','#d8d8d8');
Insert into LABEL (LABEL_NO,PROJ_NO,LABEL_NM,LABEL_ICON,LABEL_COLOR) values (7,1,'도움요청','icon-credit-card','#acf413');
Insert into LABEL (LABEL_NO,PROJ_NO,LABEL_NM,LABEL_ICON,LABEL_COLOR) values (53,103,'새로운 등록','icon-bell','#b0ec0c');
Insert into LABEL (LABEL_NO,PROJ_NO,LABEL_NM,LABEL_ICON,LABEL_COLOR) values (41,104,'일감','icon-star','#f8f8f8');
Insert into LABEL (LABEL_NO,PROJ_NO,LABEL_NM,LABEL_ICON,LABEL_COLOR) values (42,104,'버그','icon-close','#f7ca88');
Insert into LABEL (LABEL_NO,PROJ_NO,LABEL_NM,LABEL_ICON,LABEL_COLOR) values (11,1,'질문','icon-emotsmile','#a6dcf0');
Insert into LABEL (LABEL_NO,PROJ_NO,LABEL_NM,LABEL_ICON,LABEL_COLOR) values (43,104,'도움요청','icon-pin','#d8d8d8');
Insert into LABEL (LABEL_NO,PROJ_NO,LABEL_NM,LABEL_ICON,LABEL_COLOR) values (54,103,'새기능','icon-like','#e7d4d4');
Insert into LABEL (LABEL_NO,PROJ_NO,LABEL_NM,LABEL_ICON,LABEL_COLOR) values (59,1,'산출물','icon-paper-clip','#d8d8d8');
Insert into LABEL (LABEL_NO,PROJ_NO,LABEL_NM,LABEL_ICON,LABEL_COLOR) values (16,1,'버그','icon-pin','#f0d9d9');
Insert into LABEL (LABEL_NO,PROJ_NO,LABEL_NM,LABEL_ICON,LABEL_COLOR) values (61,181,'버그','icon-close','#f7ca88');
Insert into LABEL (LABEL_NO,PROJ_NO,LABEL_NM,LABEL_ICON,LABEL_COLOR) values (62,181,'도움요청','icon-pin','#d8d8d8');
Insert into LABEL (LABEL_NO,PROJ_NO,LABEL_NM,LABEL_ICON,LABEL_COLOR) values (72,185,'일감','icon-star','#f8f8f8');
Insert into LABEL (LABEL_NO,PROJ_NO,LABEL_NM,LABEL_ICON,LABEL_COLOR) values (73,185,'버그','icon-close','#f7ca88');
Insert into LABEL (LABEL_NO,PROJ_NO,LABEL_NM,LABEL_ICON,LABEL_COLOR) values (74,185,'도움요청','icon-pin','#d8d8d8');
Insert into LABEL (LABEL_NO,PROJ_NO,LABEL_NM,LABEL_ICON,LABEL_COLOR) values (78,187,'일감','icon-star','#f8f8f8');
Insert into LABEL (LABEL_NO,PROJ_NO,LABEL_NM,LABEL_ICON,LABEL_COLOR) values (79,187,'버그','icon-close','#f7ca88');
Insert into LABEL (LABEL_NO,PROJ_NO,LABEL_NM,LABEL_ICON,LABEL_COLOR) values (80,187,'도움요청','icon-pin','#d8d8d8');
Insert into LABEL (LABEL_NO,PROJ_NO,LABEL_NM,LABEL_ICON,LABEL_COLOR) values (44,1,'일일업무','icon-printer','#f7ca88');
Insert into LABEL (LABEL_NO,PROJ_NO,LABEL_NM,LABEL_ICON,LABEL_COLOR) values (48,141,'일감','icon-star','#f8f8f8');
Insert into LABEL (LABEL_NO,PROJ_NO,LABEL_NM,LABEL_ICON,LABEL_COLOR) values (33,101,'버그','icon-close','#f7ca88');
Insert into LABEL (LABEL_NO,PROJ_NO,LABEL_NM,LABEL_ICON,LABEL_COLOR) values (49,141,'버그','icon-close','#f7ca88');
Insert into LABEL (LABEL_NO,PROJ_NO,LABEL_NM,LABEL_ICON,LABEL_COLOR) values (32,101,'일감','icon-star','#f8f8f8');
Insert into LABEL (LABEL_NO,PROJ_NO,LABEL_NM,LABEL_ICON,LABEL_COLOR) values (34,101,'도움요청','icon-pin','#d8d8d8');
Insert into LABEL (LABEL_NO,PROJ_NO,LABEL_NM,LABEL_ICON,LABEL_COLOR) values (35,102,'일감','icon-star','#f8f8f8');
Insert into LABEL (LABEL_NO,PROJ_NO,LABEL_NM,LABEL_ICON,LABEL_COLOR) values (36,102,'버그','icon-close','#f7ca88');
Insert into LABEL (LABEL_NO,PROJ_NO,LABEL_NM,LABEL_ICON,LABEL_COLOR) values (37,102,'도움요청','icon-pin','#d8d8d8');
Insert into LABEL (LABEL_NO,PROJ_NO,LABEL_NM,LABEL_ICON,LABEL_COLOR) values (50,141,'도움요청','icon-pin','#d8d8d8');
Insert into LABEL (LABEL_NO,PROJ_NO,LABEL_NM,LABEL_ICON,LABEL_COLOR) values (105,221,'일감','icon-star','#f8f8f8');
Insert into LABEL (LABEL_NO,PROJ_NO,LABEL_NM,LABEL_ICON,LABEL_COLOR) values (106,221,'버그','icon-close','#f7ca88');
Insert into LABEL (LABEL_NO,PROJ_NO,LABEL_NM,LABEL_ICON,LABEL_COLOR) values (107,221,'도움요청','icon-pin','#d8d8d8');
Insert into LABEL (LABEL_NO,PROJ_NO,LABEL_NM,LABEL_ICON,LABEL_COLOR) values (108,222,'일감','icon-star','#f8f8f8');
Insert into LABEL (LABEL_NO,PROJ_NO,LABEL_NM,LABEL_ICON,LABEL_COLOR) values (109,222,'버그','icon-close','#f7ca88');
Insert into LABEL (LABEL_NO,PROJ_NO,LABEL_NM,LABEL_ICON,LABEL_COLOR) values (110,222,'도움요청','icon-pin','#d8d8d8');
Insert into LABEL (LABEL_NO,PROJ_NO,LABEL_NM,LABEL_ICON,LABEL_COLOR) values (111,223,'일감','icon-star','#f8f8f8');
Insert into LABEL (LABEL_NO,PROJ_NO,LABEL_NM,LABEL_ICON,LABEL_COLOR) values (112,223,'버그','icon-close','#f7ca88');
Insert into LABEL (LABEL_NO,PROJ_NO,LABEL_NM,LABEL_ICON,LABEL_COLOR) values (113,223,'도움요청','icon-pin','#d8d8d8');
Insert into LABEL (LABEL_NO,PROJ_NO,LABEL_NM,LABEL_ICON,LABEL_COLOR) values (114,241,'일감','icon-star','#f8f8f8');
Insert into LABEL (LABEL_NO,PROJ_NO,LABEL_NM,LABEL_ICON,LABEL_COLOR) values (119,242,'버그','icon-close','#f7ca88');
Insert into LABEL (LABEL_NO,PROJ_NO,LABEL_NM,LABEL_ICON,LABEL_COLOR) values (116,241,'도움요청','icon-pin','#d8d8d8');
Insert into LABEL (LABEL_NO,PROJ_NO,LABEL_NM,LABEL_ICON,LABEL_COLOR) values (117,241,'새로운기능','icon-doc','#86c1b9');
Insert into LABEL (LABEL_NO,PROJ_NO,LABEL_NM,LABEL_ICON,LABEL_COLOR) values (118,242,'일감','icon-star','#f8f8f8');
Insert into LABEL (LABEL_NO,PROJ_NO,LABEL_NM,LABEL_ICON,LABEL_COLOR) values (120,242,'도움요청','icon-pin','#d8d8d8');
Insert into LABEL (LABEL_NO,PROJ_NO,LABEL_NM,LABEL_ICON,LABEL_COLOR) values (121,242,'라','icon-check','#986363');
Insert into LABEL (LABEL_NO,PROJ_NO,LABEL_NM,LABEL_ICON,LABEL_COLOR) values (122,243,'일감','icon-star','#f8f8f8');
Insert into LABEL (LABEL_NO,PROJ_NO,LABEL_NM,LABEL_ICON,LABEL_COLOR) values (123,243,'버그','icon-close','#f7ca88');
Insert into LABEL (LABEL_NO,PROJ_NO,LABEL_NM,LABEL_ICON,LABEL_COLOR) values (124,243,'도움요청','icon-pin','#d8d8d8');
Insert into LABEL (LABEL_NO,PROJ_NO,LABEL_NM,LABEL_ICON,LABEL_COLOR) values (125,243,'산출물','icon-emotsmile','#dbea0c');
Insert into LABEL (LABEL_NO,PROJ_NO,LABEL_NM,LABEL_ICON,LABEL_COLOR) values (126,244,'일감','icon-star','#f8f8f8');
Insert into LABEL (LABEL_NO,PROJ_NO,LABEL_NM,LABEL_ICON,LABEL_COLOR) values (127,244,'버그','icon-close','#f7ca88');
Insert into LABEL (LABEL_NO,PROJ_NO,LABEL_NM,LABEL_ICON,LABEL_COLOR) values (131,245,'버그','icon-close','#f7ca88');
Insert into LABEL (LABEL_NO,PROJ_NO,LABEL_NM,LABEL_ICON,LABEL_COLOR) values (129,244,'라벨!','icon-trash','#a9e5b7');
Insert into LABEL (LABEL_NO,PROJ_NO,LABEL_NM,LABEL_ICON,LABEL_COLOR) values (130,245,'일감','icon-star','#f8f8f8');
Insert into LABEL (LABEL_NO,PROJ_NO,LABEL_NM,LABEL_ICON,LABEL_COLOR) values (132,245,'도움요청','icon-pin','#d8d8d8');
Insert into LABEL (LABEL_NO,PROJ_NO,LABEL_NM,LABEL_ICON,LABEL_COLOR) values (133,104,'휴가','icon-present','#f7ca88');
Insert into LABEL (LABEL_NO,PROJ_NO,LABEL_NM,LABEL_ICON,LABEL_COLOR) values (134,245,'산출물','icon-printer','#86c1b9');
Insert into LABEL (LABEL_NO,PROJ_NO,LABEL_NM,LABEL_ICON,LABEL_COLOR) values (135,104,'라벨명1','icon-like','#7cafc2');
Insert into LABEL (LABEL_NO,PROJ_NO,LABEL_NM,LABEL_ICON,LABEL_COLOR) values (136,246,'일감','icon-star','#f8f8f8');
Insert into LABEL (LABEL_NO,PROJ_NO,LABEL_NM,LABEL_ICON,LABEL_COLOR) values (137,246,'버그','icon-close','#f7ca88');
Insert into LABEL (LABEL_NO,PROJ_NO,LABEL_NM,LABEL_ICON,LABEL_COLOR) values (138,246,'도움요청','icon-pin','#d8d8d8');
Insert into LABEL (LABEL_NO,PROJ_NO,LABEL_NM,LABEL_ICON,LABEL_COLOR) values (143,248,'일감','icon-star','#f8f8f8');
Insert into LABEL (LABEL_NO,PROJ_NO,LABEL_NM,LABEL_ICON,LABEL_COLOR) values (139,247,'일감','icon-star','#f8f8f8');
Insert into LABEL (LABEL_NO,PROJ_NO,LABEL_NM,LABEL_ICON,LABEL_COLOR) values (140,247,'버그','icon-close','#f7ca88');
Insert into LABEL (LABEL_NO,PROJ_NO,LABEL_NM,LABEL_ICON,LABEL_COLOR) values (141,247,'도움요청','icon-pin','#d8d8d8');
Insert into LABEL (LABEL_NO,PROJ_NO,LABEL_NM,LABEL_ICON,LABEL_COLOR) values (142,247,'산출물','icon-hourglass','#1100ff');
Insert into LABEL (LABEL_NO,PROJ_NO,LABEL_NM,LABEL_ICON,LABEL_COLOR) values (144,248,'버그','icon-close','#f7ca88');
Insert into LABEL (LABEL_NO,PROJ_NO,LABEL_NM,LABEL_ICON,LABEL_COLOR) values (145,248,'도움요청','icon-pin','#d8d8d8');
Insert into LABEL (LABEL_NO,PROJ_NO,LABEL_NM,LABEL_ICON,LABEL_COLOR) values (146,248,'산출물','icon-hourglass','#e1ff00');
Insert into LABEL (LABEL_NO,PROJ_NO,LABEL_NM,LABEL_ICON,LABEL_COLOR) values (147,249,'일감','icon-star','#f8f8f8');
Insert into LABEL (LABEL_NO,PROJ_NO,LABEL_NM,LABEL_ICON,LABEL_COLOR) values (148,249,'버그','icon-close','#f7ca88');
Insert into LABEL (LABEL_NO,PROJ_NO,LABEL_NM,LABEL_ICON,LABEL_COLOR) values (149,249,'도움요청','icon-pin','#d8d8d8');
REM INSERTING into MEMBER
SET DEFINE OFF;
Insert into MEMBER (MEM_NO,MEM_ID,MEM_PASS,MEM_NICK,MEM_TEL,MEM_PIC_FILE_NAME,MEM_SIGN_DATE,MEM_QUIT_DATE,MEM_NM,MEM_BIO,MEM_WORKING_CITY,MEM_STATUS) values (41,'exam','{bcrypt}$2a$10$A32fPVKOKFyVa4z/.rGMGeaKR0i2aFc.xAN/sELk0x2F.IVOLx0mq','exam',null,'41',to_date('2021-05-25 00:00:00','YYYY-MM-DD HH24:MI:SS'),null,'이동욱','회원 자기소개 입니다. 자기를 소개해봅니다. 저는 누구인가요 누구일까요 아하하하하ㅏㅏㅏ','서울','ON');
Insert into MEMBER (MEM_NO,MEM_ID,MEM_PASS,MEM_NICK,MEM_TEL,MEM_PIC_FILE_NAME,MEM_SIGN_DATE,MEM_QUIT_DATE,MEM_NM,MEM_BIO,MEM_WORKING_CITY,MEM_STATUS) values (42,'tester','{bcrypt}$2a$10$A32fPVKOKFyVa4z/.rGMGeaKR0i2aFc.xAN/sELk0x2F.IVOLx0mq','tester',null,'42',to_date('2021-05-25 00:00:00','YYYY-MM-DD HH24:MI:SS'),null,'김두한','회원 자기소개 입니다. 자기를 소개해봅니다. 저는 누구인가요 누구일까요 아하하하하ㅏㅏㅏ','서울','ON');
Insert into MEMBER (MEM_NO,MEM_ID,MEM_PASS,MEM_NICK,MEM_TEL,MEM_PIC_FILE_NAME,MEM_SIGN_DATE,MEM_QUIT_DATE,MEM_NM,MEM_BIO,MEM_WORKING_CITY,MEM_STATUS) values (123,'alpha3','{bcrypt}$2a$10$A32fPVKOKFyVa4z/.rGMGeaKR0i2aFc.xAN/sELk0x2F.IVOLx0mq','alpha3',null,'123',to_date('2021-05-31 00:00:00','YYYY-MM-DD HH24:MI:SS'),null,'김봉진','회원 자기소개 입니다. 자기를 소개해봅니다. 저는 누구인가요 누구일까요 아하하하하ㅏㅏㅏ','서울','ON');
Insert into MEMBER (MEM_NO,MEM_ID,MEM_PASS,MEM_NICK,MEM_TEL,MEM_PIC_FILE_NAME,MEM_SIGN_DATE,MEM_QUIT_DATE,MEM_NM,MEM_BIO,MEM_WORKING_CITY,MEM_STATUS) values (183,'kkobul','{bcrypt}$2a$10$wL/s53tXgxoCDsluuOqRLO8JgHHQvvJ1X1RIDjwUdG72yS1vGUDRy','꼬불',null,'183',to_date('2021-06-16 00:00:00','YYYY-MM-DD HH24:MI:SS'),null,'정문식','회원 자기소개 입니다. 자기를 소개해봅니다. 저는 누구인가요 누구일까요 아하하하하ㅏㅏㅏ','서울','ON');
Insert into MEMBER (MEM_NO,MEM_ID,MEM_PASS,MEM_NICK,MEM_TEL,MEM_PIC_FILE_NAME,MEM_SIGN_DATE,MEM_QUIT_DATE,MEM_NM,MEM_BIO,MEM_WORKING_CITY,MEM_STATUS) values (261,'indextest','{bcrypt}$2a$10$JPvOvi3C5VU5/QkdZg6X0OQrlNBgJ3NSqv6Hdxq6sjIA5mpbA7HjG','인덱스',null,'261',to_date('2021-06-24 00:00:00','YYYY-MM-DD HH24:MI:SS'),null,'김정순',null,'서울','ON');
Insert into MEMBER (MEM_NO,MEM_ID,MEM_PASS,MEM_NICK,MEM_TEL,MEM_PIC_FILE_NAME,MEM_SIGN_DATE,MEM_QUIT_DATE,MEM_NM,MEM_BIO,MEM_WORKING_CITY,MEM_STATUS) values (161,'testman','{bcrypt}$2a$10$l3kafwUh2zz8Qj8i52KASuFIKE8Y8w4mVkPaKdqNlRs9XprgNm6Wi','kimusan',null,'161',to_date('2021-06-12 00:00:00','YYYY-MM-DD HH24:MI:SS'),null,'박코딩','회원 자기소개 입니다. 자기를 소개해봅니다. 저는 누구인가요 누구일까요 아하하하하ㅏㅏㅏ','판교','ON');
Insert into MEMBER (MEM_NO,MEM_ID,MEM_PASS,MEM_NICK,MEM_TEL,MEM_PIC_FILE_NAME,MEM_SIGN_DATE,MEM_QUIT_DATE,MEM_NM,MEM_BIO,MEM_WORKING_CITY,MEM_STATUS) values (43,'gaia','{bcrypt}$2a$10$A32fPVKOKFyVa4z/.rGMGeaKR0i2aFc.xAN/sELk0x2F.IVOLx0mq','gaia',null,'43',to_date('2021-05-26 00:00:00','YYYY-MM-DD HH24:MI:SS'),null,'김범수','회원 자기소개 입니다. 자기를 소개해봅니다. 저는 누구인가요 누구일까요 아하하하하ㅏㅏㅏ','서울','ON');
Insert into MEMBER (MEM_NO,MEM_ID,MEM_PASS,MEM_NICK,MEM_TEL,MEM_PIC_FILE_NAME,MEM_SIGN_DATE,MEM_QUIT_DATE,MEM_NM,MEM_BIO,MEM_WORKING_CITY,MEM_STATUS) values (201,'admin','{bcrypt}$2a$10$LX9JV1QWP3hSkcf19trFQuGAGrLr7IEZUl9Q.xgBiy96A2dCrCQYC','김관리',null,'201',to_date('2021-06-17 00:00:00','YYYY-MM-DD HH24:MI:SS'),null,'김수연','회원 자기소개 입니다. 자기를 소개해봅니다. 저는 누구인가요 누구일까요 아하하하하ㅏㅏㅏ','서울','ON');
Insert into MEMBER (MEM_NO,MEM_ID,MEM_PASS,MEM_NICK,MEM_TEL,MEM_PIC_FILE_NAME,MEM_SIGN_DATE,MEM_QUIT_DATE,MEM_NM,MEM_BIO,MEM_WORKING_CITY,MEM_STATUS) values (223,'test999','{bcrypt}$2a$10$nhcUpp1PXwXhOE5ORUacqu4DDNpZwfU6Gh140blyMv9dS7aw5xnjG','테스트',null,'223',to_date('2021-06-20 00:00:00','YYYY-MM-DD HH24:MI:SS'),null,'성민석',null,'서울','ON');
Insert into MEMBER (MEM_NO,MEM_ID,MEM_PASS,MEM_NICK,MEM_TEL,MEM_PIC_FILE_NAME,MEM_SIGN_DATE,MEM_QUIT_DATE,MEM_NM,MEM_BIO,MEM_WORKING_CITY,MEM_STATUS) values (127,'alpha7','{bcrypt}$2a$10$A32fPVKOKFyVa4z/.rGMGeaKR0i2aFc.xAN/sELk0x2F.IVOLx0mq','alpha7',null,'127',to_date('2021-05-31 00:00:00','YYYY-MM-DD HH24:MI:SS'),null,'김해커','회원 자기소개 입니다. 자기를 소개해봅니다. 저는 누구인가요 누구일까요 아하하하하ㅏㅏㅏ','판교','ON');
Insert into MEMBER (MEM_NO,MEM_ID,MEM_PASS,MEM_NICK,MEM_TEL,MEM_PIC_FILE_NAME,MEM_SIGN_DATE,MEM_QUIT_DATE,MEM_NM,MEM_BIO,MEM_WORKING_CITY,MEM_STATUS) values (1,'eisen','{bcrypt}$2a$10$dcPTLWbqWpdulkH/NuiiMe0cm0CJAFCSJxUwTbQTYX4Hkko3xKQGi','장병길','01085544580','1',to_date('2021-05-20 00:00:00','YYYY-MM-DD HH24:MI:SS'),null,'장병길','123123','대전','ON');
Insert into MEMBER (MEM_NO,MEM_ID,MEM_PASS,MEM_NICK,MEM_TEL,MEM_PIC_FILE_NAME,MEM_SIGN_DATE,MEM_QUIT_DATE,MEM_NM,MEM_BIO,MEM_WORKING_CITY,MEM_STATUS) values (2,'ex','{bcrypt}$2a$10$A32fPVKOKFyVa4z/.rGMGeaKR0i2aFc.xAN/sELk0x2F.IVOLx0mq','김시연',null,'2',to_date('2021-05-20 00:00:00','YYYY-MM-DD HH24:MI:SS'),to_date('2021-05-20 00:00:00','YYYY-MM-DD HH24:MI:SS'),'김시연','회원 자기소개 입니다. 자기를 소개해봅니다. 저는 누구인가요 누구일까요 아하하하하ㅏㅏㅏ','서울','ON');
Insert into MEMBER (MEM_NO,MEM_ID,MEM_PASS,MEM_NICK,MEM_TEL,MEM_PIC_FILE_NAME,MEM_SIGN_DATE,MEM_QUIT_DATE,MEM_NM,MEM_BIO,MEM_WORKING_CITY,MEM_STATUS) values (3,'josh','{bcrypt}$2a$10$A32fPVKOKFyVa4z/.rGMGeaKR0i2aFc.xAN/sELk0x2F.IVOLx0mq','원정훈','01063600660','3',to_date('2021-05-20 00:00:00','YYYY-MM-DD HH24:MI:SS'),null,'원정훈','안녕하세요 원정훈입니다.
반갑습니다 :)','대전','ON');
Insert into MEMBER (MEM_NO,MEM_ID,MEM_PASS,MEM_NICK,MEM_TEL,MEM_PIC_FILE_NAME,MEM_SIGN_DATE,MEM_QUIT_DATE,MEM_NM,MEM_BIO,MEM_WORKING_CITY,MEM_STATUS) values (4,'kkobuk','{bcrypt}$2a$10$2ZUyLiHUSpUbouxgXcacAeQv52d0VMqerDbClqic6O5V5GO3jbomq','박세현','01028764096','4',to_date('2021-05-20 00:00:00','YYYY-MM-DD HH24:MI:SS'),null,'박세현','대덕인재개발원 수료중','대전','ON');
Insert into MEMBER (MEM_NO,MEM_ID,MEM_PASS,MEM_NICK,MEM_TEL,MEM_PIC_FILE_NAME,MEM_SIGN_DATE,MEM_QUIT_DATE,MEM_NM,MEM_BIO,MEM_WORKING_CITY,MEM_STATUS) values (5,'robin','{bcrypt}$2a$10$A32fPVKOKFyVa4z/.rGMGeaKR0i2aFc.xAN/sELk0x2F.IVOLx0mq','정지수',null,'5',to_date('2021-05-20 00:00:00','YYYY-MM-DD HH24:MI:SS'),null,'정지수','회원 자기소개 입니다. 자기를 소개해봅니다. 저는 누구인가요 누구일까요 아하하하하ㅏㅏㅏ','대전','ON');
Insert into MEMBER (MEM_NO,MEM_ID,MEM_PASS,MEM_NICK,MEM_TEL,MEM_PIC_FILE_NAME,MEM_SIGN_DATE,MEM_QUIT_DATE,MEM_NM,MEM_BIO,MEM_WORKING_CITY,MEM_STATUS) values (6,'shane','{bcrypt}$2a$10$A32fPVKOKFyVa4z/.rGMGeaKR0i2aFc.xAN/sELk0x2F.IVOLx0mq','김시은',null,'6',to_date('2021-05-20 00:00:00','YYYY-MM-DD HH24:MI:SS'),null,'김시은','하하 !!','California','VA');
Insert into MEMBER (MEM_NO,MEM_ID,MEM_PASS,MEM_NICK,MEM_TEL,MEM_PIC_FILE_NAME,MEM_SIGN_DATE,MEM_QUIT_DATE,MEM_NM,MEM_BIO,MEM_WORKING_CITY,MEM_STATUS) values (105,'leehj','{bcrypt}$2a$10$A32fPVKOKFyVa4z/.rGMGeaKR0i2aFc.xAN/sELk0x2F.IVOLx0mq','이준영',null,'105',to_date('2021-05-31 00:00:00','YYYY-MM-DD HH24:MI:SS'),null,'이해진','회원 자기소개 입니다. 자기를 소개해봅니다. 저는 누구인가요 누구일까요 아하하하하ㅏㅏㅏ','서울','ON');
Insert into MEMBER (MEM_NO,MEM_ID,MEM_PASS,MEM_NICK,MEM_TEL,MEM_PIC_FILE_NAME,MEM_SIGN_DATE,MEM_QUIT_DATE,MEM_NM,MEM_BIO,MEM_WORKING_CITY,MEM_STATUS) values (241,'KDY','{bcrypt}$2a$10$A32fPVKOKFyVa4z/.rGMGeaKR0i2aFc.xAN/sELk0x2F.IVOLx0mq','김도윤',null,'241',to_date('2021-06-22 00:00:00','YYYY-MM-DD HH24:MI:SS'),null,'김도윤','전자정부 표준 프레임워크 풀-스택 개발자 대덕인재개발원 302','대전','ON');
Insert into MEMBER (MEM_NO,MEM_ID,MEM_PASS,MEM_NICK,MEM_TEL,MEM_PIC_FILE_NAME,MEM_SIGN_DATE,MEM_QUIT_DATE,MEM_NM,MEM_BIO,MEM_WORKING_CITY,MEM_STATUS) values (125,'alpha5','{bcrypt}$2a$10$A32fPVKOKFyVa4z/.rGMGeaKR0i2aFc.xAN/sELk0x2F.IVOLx0mq','alpha5',null,'125',to_date('2021-05-31 00:00:00','YYYY-MM-DD HH24:MI:SS'),null,'고길동','회원 자기소개 입니다. 자기를 소개해봅니다. 저는 누구인가요 누구일까요 아하하하하ㅏㅏㅏ','서울','ON');
Insert into MEMBER (MEM_NO,MEM_ID,MEM_PASS,MEM_NICK,MEM_TEL,MEM_PIC_FILE_NAME,MEM_SIGN_DATE,MEM_QUIT_DATE,MEM_NM,MEM_BIO,MEM_WORKING_CITY,MEM_STATUS) values (117,'1234','{bcrypt}$2a$10$A32fPVKOKFyVa4z/.rGMGeaKR0i2aFc.xAN/sELk0x2F.IVOLx0mq','1234',null,'117',to_date('2021-05-31 00:00:00','YYYY-MM-DD HH24:MI:SS'),null,'신봉선','회원 자기소개 입니다. 자기를 소개해봅니다. 저는 누구인가요 누구일까요 아하하하하ㅏㅏㅏ','판교','ON');
Insert into MEMBER (MEM_NO,MEM_ID,MEM_PASS,MEM_NICK,MEM_TEL,MEM_PIC_FILE_NAME,MEM_SIGN_DATE,MEM_QUIT_DATE,MEM_NM,MEM_BIO,MEM_WORKING_CITY,MEM_STATUS) values (242,'KDI','{bcrypt}$2a$10$A32fPVKOKFyVa4z/.rGMGeaKR0i2aFc.xAN/sELk0x2F.IVOLx0mq','김동익',null,'242',to_date('2021-06-22 00:00:00','YYYY-MM-DD HH24:MI:SS'),null,'김동익','전자정부 표준 프레임워크 풀-스택 개발자 대덕인재개발원 302','대전','ON');
Insert into MEMBER (MEM_NO,MEM_ID,MEM_PASS,MEM_NICK,MEM_TEL,MEM_PIC_FILE_NAME,MEM_SIGN_DATE,MEM_QUIT_DATE,MEM_NM,MEM_BIO,MEM_WORKING_CITY,MEM_STATUS) values (243,'KBM','{bcrypt}$2a$10$A32fPVKOKFyVa4z/.rGMGeaKR0i2aFc.xAN/sELk0x2F.IVOLx0mq','김보미',null,'243',to_date('2020-11-16 00:00:00','YYYY-MM-DD HH24:MI:SS'),null,'김보미','전자정부 표준 프레임워크 풀-스택 개발자 대덕인재개발원 302','대전','ON');
Insert into MEMBER (MEM_NO,MEM_ID,MEM_PASS,MEM_NICK,MEM_TEL,MEM_PIC_FILE_NAME,MEM_SIGN_DATE,MEM_QUIT_DATE,MEM_NM,MEM_BIO,MEM_WORKING_CITY,MEM_STATUS) values (244,'KBH','{bcrypt}$2a$10$A32fPVKOKFyVa4z/.rGMGeaKR0i2aFc.xAN/sELk0x2F.IVOLx0mq','김보현',null,'244',to_date('2020-11-16 00:00:00','YYYY-MM-DD HH24:MI:SS'),null,'김보현','전자정부 표준 프레임워크 풀-스택 개발자 대덕인재개발원 302','대전','ON');
Insert into MEMBER (MEM_NO,MEM_ID,MEM_PASS,MEM_NICK,MEM_TEL,MEM_PIC_FILE_NAME,MEM_SIGN_DATE,MEM_QUIT_DATE,MEM_NM,MEM_BIO,MEM_WORKING_CITY,MEM_STATUS) values (245,'KJH','{bcrypt}$2a$10$A32fPVKOKFyVa4z/.rGMGeaKR0i2aFc.xAN/sELk0x2F.IVOLx0mq','김지훈',null,'245',to_date('2020-11-16 00:00:00','YYYY-MM-DD HH24:MI:SS'),null,'김지훈','전자정부 표준 프레임워크 풀-스택 개발자 대덕인재개발원 302','대전','ON');
Insert into MEMBER (MEM_NO,MEM_ID,MEM_PASS,MEM_NICK,MEM_TEL,MEM_PIC_FILE_NAME,MEM_SIGN_DATE,MEM_QUIT_DATE,MEM_NM,MEM_BIO,MEM_WORKING_CITY,MEM_STATUS) values (246,'KHJ','{bcrypt}$2a$10$A32fPVKOKFyVa4z/.rGMGeaKR0i2aFc.xAN/sELk0x2F.IVOLx0mq','김혜정',null,'246',to_date('2020-11-16 00:00:00','YYYY-MM-DD HH24:MI:SS'),null,'김혜정','전자정부 표준 프레임워크 풀-스택 개발자 대덕인재개발원 302','대전','ON');
Insert into MEMBER (MEM_NO,MEM_ID,MEM_PASS,MEM_NICK,MEM_TEL,MEM_PIC_FILE_NAME,MEM_SIGN_DATE,MEM_QUIT_DATE,MEM_NM,MEM_BIO,MEM_WORKING_CITY,MEM_STATUS) values (247,'MSJ','{bcrypt}$2a$10$A32fPVKOKFyVa4z/.rGMGeaKR0i2aFc.xAN/sELk0x2F.IVOLx0mq','문선준',null,'247',to_date('2020-11-16 00:00:00','YYYY-MM-DD HH24:MI:SS'),null,'문선준','전자정부 표준 프레임워크 풀-스택 개발자 대덕인재개발원 302','대전','ON');
Insert into MEMBER (MEM_NO,MEM_ID,MEM_PASS,MEM_NICK,MEM_TEL,MEM_PIC_FILE_NAME,MEM_SIGN_DATE,MEM_QUIT_DATE,MEM_NM,MEM_BIO,MEM_WORKING_CITY,MEM_STATUS) values (249,'PCW','{bcrypt}$2a$10$A32fPVKOKFyVa4z/.rGMGeaKR0i2aFc.xAN/sELk0x2F.IVOLx0mq','박초원',null,'249',to_date('2020-11-16 00:00:00','YYYY-MM-DD HH24:MI:SS'),null,'박초원','전자정부 표준 프레임워크 풀-스택 개발자 대덕인재개발원 302','대전','ON');
Insert into MEMBER (MEM_NO,MEM_ID,MEM_PASS,MEM_NICK,MEM_TEL,MEM_PIC_FILE_NAME,MEM_SIGN_DATE,MEM_QUIT_DATE,MEM_NM,MEM_BIO,MEM_WORKING_CITY,MEM_STATUS) values (250,'BSJ','{bcrypt}$2a$10$A32fPVKOKFyVa4z/.rGMGeaKR0i2aFc.xAN/sELk0x2F.IVOLx0mq','배수진',null,'250',to_date('2020-11-16 00:00:00','YYYY-MM-DD HH24:MI:SS'),null,'배수진','전자정부 표준 프레임워크 풀-스택 개발자 대덕인재개발원 302','대전','ON');
Insert into MEMBER (MEM_NO,MEM_ID,MEM_PASS,MEM_NICK,MEM_TEL,MEM_PIC_FILE_NAME,MEM_SIGN_DATE,MEM_QUIT_DATE,MEM_NM,MEM_BIO,MEM_WORKING_CITY,MEM_STATUS) values (251,'SSM','{bcrypt}$2a$10$A32fPVKOKFyVa4z/.rGMGeaKR0i2aFc.xAN/sELk0x2F.IVOLx0mq','송수미',null,'251',to_date('2020-11-16 00:00:00','YYYY-MM-DD HH24:MI:SS'),null,'송수미','전자정부 표준 프레임워크 풀-스택 개발자 대덕인재개발원 302','대전','ON');
Insert into MEMBER (MEM_NO,MEM_ID,MEM_PASS,MEM_NICK,MEM_TEL,MEM_PIC_FILE_NAME,MEM_SIGN_DATE,MEM_QUIT_DATE,MEM_NM,MEM_BIO,MEM_WORKING_CITY,MEM_STATUS) values (252,'YJS','{bcrypt}$2a$10$A32fPVKOKFyVa4z/.rGMGeaKR0i2aFc.xAN/sELk0x2F.IVOLx0mq','양지수',null,'252',to_date('2020-11-16 00:00:00','YYYY-MM-DD HH24:MI:SS'),null,'양지수','전자정부 표준 프레임워크 풀-스택 개발자 대덕인재개발원 302','대전','ON');
Insert into MEMBER (MEM_NO,MEM_ID,MEM_PASS,MEM_NICK,MEM_TEL,MEM_PIC_FILE_NAME,MEM_SIGN_DATE,MEM_QUIT_DATE,MEM_NM,MEM_BIO,MEM_WORKING_CITY,MEM_STATUS) values (253,'OSI','{bcrypt}$2a$10$A32fPVKOKFyVa4z/.rGMGeaKR0i2aFc.xAN/sELk0x2F.IVOLx0mq','오세일',null,'253',to_date('2020-11-16 00:00:00','YYYY-MM-DD HH24:MI:SS'),null,'오세일','전자정부 표준 프레임워크 풀-스택 개발자 대덕인재개발원 302','대전','ON');
Insert into MEMBER (MEM_NO,MEM_ID,MEM_PASS,MEM_NICK,MEM_TEL,MEM_PIC_FILE_NAME,MEM_SIGN_DATE,MEM_QUIT_DATE,MEM_NM,MEM_BIO,MEM_WORKING_CITY,MEM_STATUS) values (254,'YJH','{bcrypt}$2a$10$A32fPVKOKFyVa4z/.rGMGeaKR0i2aFc.xAN/sELk0x2F.IVOLx0mq','윤지혜',null,'254',to_date('2020-11-16 00:00:00','YYYY-MM-DD HH24:MI:SS'),null,'윤지혜','전자정부 표준 프레임워크 풀-스택 개발자 대덕인재개발원 302','대전','ON');
Insert into MEMBER (MEM_NO,MEM_ID,MEM_PASS,MEM_NICK,MEM_TEL,MEM_PIC_FILE_NAME,MEM_SIGN_DATE,MEM_QUIT_DATE,MEM_NM,MEM_BIO,MEM_WORKING_CITY,MEM_STATUS) values (255,'LJS','{bcrypt}$2a$10$A32fPVKOKFyVa4z/.rGMGeaKR0i2aFc.xAN/sELk0x2F.IVOLx0mq','이진수',null,'255',to_date('2020-11-16 00:00:00','YYYY-MM-DD HH24:MI:SS'),null,'이진수','전자정부 표준 프레임워크 풀-스택 개발자 대덕인재개발원 302','대전','ON');
Insert into MEMBER (MEM_NO,MEM_ID,MEM_PASS,MEM_NICK,MEM_TEL,MEM_PIC_FILE_NAME,MEM_SIGN_DATE,MEM_QUIT_DATE,MEM_NM,MEM_BIO,MEM_WORKING_CITY,MEM_STATUS) values (256,'LHG','{bcrypt}$2a$10$A32fPVKOKFyVa4z/.rGMGeaKR0i2aFc.xAN/sELk0x2F.IVOLx0mq','이현기',null,'256',to_date('2020-11-16 00:00:00','YYYY-MM-DD HH24:MI:SS'),null,'이현기','전자정부 표준 프레임워크 풀-스택 개발자 대덕인재개발원 302','대전','ON');
Insert into MEMBER (MEM_NO,MEM_ID,MEM_PASS,MEM_NICK,MEM_TEL,MEM_PIC_FILE_NAME,MEM_SIGN_DATE,MEM_QUIT_DATE,MEM_NM,MEM_BIO,MEM_WORKING_CITY,MEM_STATUS) values (257,'LTJ','{bcrypt}$2a$10$A32fPVKOKFyVa4z/.rGMGeaKR0i2aFc.xAN/sELk0x2F.IVOLx0mq','임태준',null,'257',to_date('2020-11-16 00:00:00','YYYY-MM-DD HH24:MI:SS'),null,'임태준','전자정부 표준 프레임워크 풀-스택 개발자 대덕인재개발원 302','대전','ON');
Insert into MEMBER (MEM_NO,MEM_ID,MEM_PASS,MEM_NICK,MEM_TEL,MEM_PIC_FILE_NAME,MEM_SIGN_DATE,MEM_QUIT_DATE,MEM_NM,MEM_BIO,MEM_WORKING_CITY,MEM_STATUS) values (259,'JHS','{bcrypt}$2a$10$A32fPVKOKFyVa4z/.rGMGeaKR0i2aFc.xAN/sELk0x2F.IVOLx0mq','전형섭',null,'259',to_date('2020-11-16 00:00:00','YYYY-MM-DD HH24:MI:SS'),null,'전형섭','전자정부 표준 프레임워크 풀-스택 개발자 대덕인재개발원 302','대전','ON');
Insert into MEMBER (MEM_NO,MEM_ID,MEM_PASS,MEM_NICK,MEM_TEL,MEM_PIC_FILE_NAME,MEM_SIGN_DATE,MEM_QUIT_DATE,MEM_NM,MEM_BIO,MEM_WORKING_CITY,MEM_STATUS) values (260,'JLS','{bcrypt}$2a$10$A32fPVKOKFyVa4z/.rGMGeaKR0i2aFc.xAN/sELk0x2F.IVOLx0mq','정이삭',null,'260',to_date('2020-11-16 00:00:00','YYYY-MM-DD HH24:MI:SS'),null,'정이삭','전자정부 표준 프레임워크 풀-스택 개발자 대덕인재개발원 302','대전','ON');
Insert into MEMBER (MEM_NO,MEM_ID,MEM_PASS,MEM_NICK,MEM_TEL,MEM_PIC_FILE_NAME,MEM_SIGN_DATE,MEM_QUIT_DATE,MEM_NM,MEM_BIO,MEM_WORKING_CITY,MEM_STATUS) values (262,'JYE','{bcrypt}$2a$10$A32fPVKOKFyVa4z/.rGMGeaKR0i2aFc.xAN/sELk0x2F.IVOLx0mq','진예은',null,'262',to_date('2020-11-16 00:00:00','YYYY-MM-DD HH24:MI:SS'),null,'진예은','전자정부 표준 프레임워크 풀-스택 개발자 대덕인재개발원 302','대전','ON');
Insert into MEMBER (MEM_NO,MEM_ID,MEM_PASS,MEM_NICK,MEM_TEL,MEM_PIC_FILE_NAME,MEM_SIGN_DATE,MEM_QUIT_DATE,MEM_NM,MEM_BIO,MEM_WORKING_CITY,MEM_STATUS) values (263,'JYR','{bcrypt}$2a$10$A32fPVKOKFyVa4z/.rGMGeaKR0i2aFc.xAN/sELk0x2F.IVOLx0mq','진유리',null,'263',to_date('2020-11-16 00:00:00','YYYY-MM-DD HH24:MI:SS'),null,'진유리','전자정부 표준 프레임워크 풀-스택 개발자 대덕인재개발원 302','대전','ON');
Insert into MEMBER (MEM_NO,MEM_ID,MEM_PASS,MEM_NICK,MEM_TEL,MEM_PIC_FILE_NAME,MEM_SIGN_DATE,MEM_QUIT_DATE,MEM_NM,MEM_BIO,MEM_WORKING_CITY,MEM_STATUS) values (264,'CHS','{bcrypt}$2a$10$A32fPVKOKFyVa4z/.rGMGeaKR0i2aFc.xAN/sELk0x2F.IVOLx0mq','최희수',null,'264',to_date('2020-11-16 00:00:00','YYYY-MM-DD HH24:MI:SS'),null,'최희수','전자정부 표준 프레임워크 풀-스택 개발자 대덕인재개발원 302','대전','ON');
Insert into MEMBER (MEM_NO,MEM_ID,MEM_PASS,MEM_NICK,MEM_TEL,MEM_PIC_FILE_NAME,MEM_SIGN_DATE,MEM_QUIT_DATE,MEM_NM,MEM_BIO,MEM_WORKING_CITY,MEM_STATUS) values (81,'test123','{bcrypt}$2a$10$A32fPVKOKFyVa4z/.rGMGeaKR0i2aFc.xAN/sELk0x2F.IVOLx0mq','test123',null,'81',to_date('2021-05-28 00:00:00','YYYY-MM-DD HH24:MI:SS'),null,'이찬진','회원 자기소개 입니다. 자기를 소개해봅니다. 저는 누구인가요 누구일까요 아하하하하ㅏㅏㅏ','서울','ON');
Insert into MEMBER (MEM_NO,MEM_ID,MEM_PASS,MEM_NICK,MEM_TEL,MEM_PIC_FILE_NAME,MEM_SIGN_DATE,MEM_QUIT_DATE,MEM_NM,MEM_BIO,MEM_WORKING_CITY,MEM_STATUS) values (82,'test1234','{bcrypt}$2a$10$A32fPVKOKFyVa4z/.rGMGeaKR0i2aFc.xAN/sELk0x2F.IVOLx0mq','test1234',null,'82',to_date('2021-05-28 00:00:00','YYYY-MM-DD HH24:MI:SS'),null,'김민수','회원 자기소개 입니다. 자기를 소개해봅니다. 저는 누구인가요 누구일까요 아하하하하ㅏㅏㅏ','서울','ON');
Insert into MEMBER (MEM_NO,MEM_ID,MEM_PASS,MEM_NICK,MEM_TEL,MEM_PIC_FILE_NAME,MEM_SIGN_DATE,MEM_QUIT_DATE,MEM_NM,MEM_BIO,MEM_WORKING_CITY,MEM_STATUS) values (281,'Parkseri','{bcrypt}$2a$10$A32fPVKOKFyVa4z/.rGMGeaKR0i2aFc.xAN/sELk0x2F.IVOLx0mq','박세리',null,'281',to_date('2021-06-24 18:05:53','YYYY-MM-DD HH24:MI:SS'),null,'박세리',null,'서울','ON');
Insert into MEMBER (MEM_NO,MEM_ID,MEM_PASS,MEM_NICK,MEM_TEL,MEM_PIC_FILE_NAME,MEM_SIGN_DATE,MEM_QUIT_DATE,MEM_NM,MEM_BIO,MEM_WORKING_CITY,MEM_STATUS) values (301,'jungminseok','{bcrypt}$2a$10$1PZNcBt8imQKgFQHIpIbV.JqVBtRNSnOclpltVtwFDR0BCKO/F7ym','정민석',null,'301',to_date('2021-06-25 10:06:33','YYYY-MM-DD HH24:MI:SS'),null,'정민석',null,'서울','ON');
Insert into MEMBER (MEM_NO,MEM_ID,MEM_PASS,MEM_NICK,MEM_TEL,MEM_PIC_FILE_NAME,MEM_SIGN_DATE,MEM_QUIT_DATE,MEM_NM,MEM_BIO,MEM_WORKING_CITY,MEM_STATUS) values (302,'kimsuin','{bcrypt}$2a$10$WczsUZ5qQBh5.0MJsm7nJep7Dn9YRpYMMI/cHifIhSIrBy44na7zS','김수인',null,'302',to_date('2021-06-25 10:43:12','YYYY-MM-DD HH24:MI:SS'),null,'김수인',null,'서울','ON');
Insert into MEMBER (MEM_NO,MEM_ID,MEM_PASS,MEM_NICK,MEM_TEL,MEM_PIC_FILE_NAME,MEM_SIGN_DATE,MEM_QUIT_DATE,MEM_NM,MEM_BIO,MEM_WORKING_CITY,MEM_STATUS) values (303,'jungmin','{bcrypt}$2a$10$733/Q52WaXlN1hkx4NMFteNyDF10AC6JXWq5sYUdPbm65ucDaHMYC','김수현','010-4242-1212','303',to_date('2021-06-25 10:50:59','YYYY-MM-DD HH24:MI:SS'),null,'김정순','저는 김수현 입니다.','서울','ON');
Insert into MEMBER (MEM_NO,MEM_ID,MEM_PASS,MEM_NICK,MEM_TEL,MEM_PIC_FILE_NAME,MEM_SIGN_DATE,MEM_QUIT_DATE,MEM_NM,MEM_BIO,MEM_WORKING_CITY,MEM_STATUS) values (304,'jeonghoon','{bcrypt}$2a$10$SssldvaXC78Bde5L0M/8EetuUQUQVOCglc7G5G5NKgrDWsDS8UbfC','원정훈','01011112222','304',to_date('2021-06-25 18:16:11','YYYY-MM-DD HH24:MI:SS'),null,'조씨','자기소개입니다.','서울','ON');
Insert into MEMBER (MEM_NO,MEM_ID,MEM_PASS,MEM_NICK,MEM_TEL,MEM_PIC_FILE_NAME,MEM_SIGN_DATE,MEM_QUIT_DATE,MEM_NM,MEM_BIO,MEM_WORKING_CITY,MEM_STATUS) values (305,'won','{bcrypt}$2a$10$X8yjsSO2nOxTWPDWuh0l6.Cbda/5F6q1nHlB7KKmViwLQfdJ1Wb86','원정훈',null,'305',to_date('2021-06-25 21:12:33','YYYY-MM-DD HH24:MI:SS'),null,null,null,'서울','ON');
Insert into MEMBER (MEM_NO,MEM_ID,MEM_PASS,MEM_NICK,MEM_TEL,MEM_PIC_FILE_NAME,MEM_SIGN_DATE,MEM_QUIT_DATE,MEM_NM,MEM_BIO,MEM_WORKING_CITY,MEM_STATUS) values (306,'minji','{bcrypt}$2a$10$ldRLIRr5ObgiGAFn4AqQje53ho29ClOK/tMy1oJIz69I0v6K3QRl2','김민지',null,'306',to_date('2021-06-25 21:13:01','YYYY-MM-DD HH24:MI:SS'),null,null,null,'서울','ON');
Insert into MEMBER (MEM_NO,MEM_ID,MEM_PASS,MEM_NICK,MEM_TEL,MEM_PIC_FILE_NAME,MEM_SIGN_DATE,MEM_QUIT_DATE,MEM_NM,MEM_BIO,MEM_WORKING_CITY,MEM_STATUS) values (307,'kimkim','{bcrypt}$2a$10$mZQ050dmn9Y3RQBAUZLhw.Ogh8nmOr4nKMDXdXalhR.0ipELaVuKO','김민정',null,'307',to_date('2021-06-26 10:49:42','YYYY-MM-DD HH24:MI:SS'),null,null,null,null,'ON');
Insert into MEMBER (MEM_NO,MEM_ID,MEM_PASS,MEM_NICK,MEM_TEL,MEM_PIC_FILE_NAME,MEM_SIGN_DATE,MEM_QUIT_DATE,MEM_NM,MEM_BIO,MEM_WORKING_CITY,MEM_STATUS) values (321,'james','{bcrypt}$2a$10$7AHslhACP.we61GqsR3F5uIsuvF8.LKJjssnvASDMtEAj.qzC8kLi','제임스','01012341234','321',to_date('2021-06-26 15:05:27','YYYY-MM-DD HH24:MI:SS'),null,'제임스장','안녕하세요 제임스 입니다,','대전','ON');
Insert into MEMBER (MEM_NO,MEM_ID,MEM_PASS,MEM_NICK,MEM_TEL,MEM_PIC_FILE_NAME,MEM_SIGN_DATE,MEM_QUIT_DATE,MEM_NM,MEM_BIO,MEM_WORKING_CITY,MEM_STATUS) values (322,'sharon','{bcrypt}$2a$10$eLZyG1jEO1FClhN7W.BWK.BrbyonfCmntL74uaiV6QjwXn.d8Fxmu','샤론장','01044443333','322',to_date('2021-06-26 15:13:06','YYYY-MM-DD HH24:MI:SS'),null,null,'대덕인재개발원 풀스텍양성과정 ','대전','ON');
Insert into MEMBER (MEM_NO,MEM_ID,MEM_PASS,MEM_NICK,MEM_TEL,MEM_PIC_FILE_NAME,MEM_SIGN_DATE,MEM_QUIT_DATE,MEM_NM,MEM_BIO,MEM_WORKING_CITY,MEM_STATUS) values (323,'joy','{bcrypt}$2a$10$jnMPBPAAMb19BSJ8Gz8zXOu8GKaenumNMNfhQP8Z2EDDF4S6UJQbK','조이박','01011112222','323',to_date('2021-06-26 16:17:44','YYYY-MM-DD HH24:MI:SS'),null,null,'안녕하세요. 대덕인재개발원 여러분 :)','대전','ON');
Insert into MEMBER (MEM_NO,MEM_ID,MEM_PASS,MEM_NICK,MEM_TEL,MEM_PIC_FILE_NAME,MEM_SIGN_DATE,MEM_QUIT_DATE,MEM_NM,MEM_BIO,MEM_WORKING_CITY,MEM_STATUS) values (324,'mega','{bcrypt}$2a$10$iBtXUI99jyTeBS3Hfwsteegy0nOnqwwNnqQnwC7yC73oNfONMAZK6','박병철',null,'324',to_date('2021-06-26 16:54:39','YYYY-MM-DD HH24:MI:SS'),null,null,null,null,'ON');
REM INSERTING into MEM_CHAT
SET DEFINE OFF;
Insert into MEM_CHAT (MEM_NO,CHATROOM_NO) values (1,1);
Insert into MEM_CHAT (MEM_NO,CHATROOM_NO) values (1,2);
Insert into MEM_CHAT (MEM_NO,CHATROOM_NO) values (1,3);
Insert into MEM_CHAT (MEM_NO,CHATROOM_NO) values (1,25);
Insert into MEM_CHAT (MEM_NO,CHATROOM_NO) values (1,27);
Insert into MEM_CHAT (MEM_NO,CHATROOM_NO) values (1,28);
Insert into MEM_CHAT (MEM_NO,CHATROOM_NO) values (1,30);
Insert into MEM_CHAT (MEM_NO,CHATROOM_NO) values (1,31);
Insert into MEM_CHAT (MEM_NO,CHATROOM_NO) values (1,32);
Insert into MEM_CHAT (MEM_NO,CHATROOM_NO) values (1,33);
Insert into MEM_CHAT (MEM_NO,CHATROOM_NO) values (1,34);
Insert into MEM_CHAT (MEM_NO,CHATROOM_NO) values (2,1);
Insert into MEM_CHAT (MEM_NO,CHATROOM_NO) values (2,2);
Insert into MEM_CHAT (MEM_NO,CHATROOM_NO) values (2,3);
Insert into MEM_CHAT (MEM_NO,CHATROOM_NO) values (3,1);
Insert into MEM_CHAT (MEM_NO,CHATROOM_NO) values (3,2);
Insert into MEM_CHAT (MEM_NO,CHATROOM_NO) values (3,25);
Insert into MEM_CHAT (MEM_NO,CHATROOM_NO) values (4,1);
Insert into MEM_CHAT (MEM_NO,CHATROOM_NO) values (4,27);
Insert into MEM_CHAT (MEM_NO,CHATROOM_NO) values (4,41);
Insert into MEM_CHAT (MEM_NO,CHATROOM_NO) values (4,42);
Insert into MEM_CHAT (MEM_NO,CHATROOM_NO) values (4,43);
Insert into MEM_CHAT (MEM_NO,CHATROOM_NO) values (4,44);
Insert into MEM_CHAT (MEM_NO,CHATROOM_NO) values (4,61);
Insert into MEM_CHAT (MEM_NO,CHATROOM_NO) values (4,81);
Insert into MEM_CHAT (MEM_NO,CHATROOM_NO) values (4,101);
Insert into MEM_CHAT (MEM_NO,CHATROOM_NO) values (4,102);
Insert into MEM_CHAT (MEM_NO,CHATROOM_NO) values (4,103);
Insert into MEM_CHAT (MEM_NO,CHATROOM_NO) values (4,104);
Insert into MEM_CHAT (MEM_NO,CHATROOM_NO) values (5,34);
Insert into MEM_CHAT (MEM_NO,CHATROOM_NO) values (5,104);
Insert into MEM_CHAT (MEM_NO,CHATROOM_NO) values (41,32);
Insert into MEM_CHAT (MEM_NO,CHATROOM_NO) values (41,41);
Insert into MEM_CHAT (MEM_NO,CHATROOM_NO) values (42,30);
Insert into MEM_CHAT (MEM_NO,CHATROOM_NO) values (42,101);
Insert into MEM_CHAT (MEM_NO,CHATROOM_NO) values (123,33);
Insert into MEM_CHAT (MEM_NO,CHATROOM_NO) values (123,43);
Insert into MEM_CHAT (MEM_NO,CHATROOM_NO) values (161,28);
Insert into MEM_CHAT (MEM_NO,CHATROOM_NO) values (161,44);
Insert into MEM_CHAT (MEM_NO,CHATROOM_NO) values (183,31);
Insert into MEM_CHAT (MEM_NO,CHATROOM_NO) values (183,42);
Insert into MEM_CHAT (MEM_NO,CHATROOM_NO) values (252,103);
Insert into MEM_CHAT (MEM_NO,CHATROOM_NO) values (261,102);
Insert into MEM_CHAT (MEM_NO,CHATROOM_NO) values (306,81);
REM INSERTING into MEM_ROLE
SET DEFINE OFF;
Insert into MEM_ROLE (MEM_ROLE_NO,PROJ_NO,MEM_ROLE_NM,AUTHORITY) values (23,41,'admin',4095);
Insert into MEM_ROLE (MEM_ROLE_NO,PROJ_NO,MEM_ROLE_NM,AUTHORITY) values (24,41,'member',4095);
Insert into MEM_ROLE (MEM_ROLE_NO,PROJ_NO,MEM_ROLE_NM,AUTHORITY) values (29,62,'admin',4095);
Insert into MEM_ROLE (MEM_ROLE_NO,PROJ_NO,MEM_ROLE_NM,AUTHORITY) values (30,62,'member',4095);
Insert into MEM_ROLE (MEM_ROLE_NO,PROJ_NO,MEM_ROLE_NM,AUTHORITY) values (35,65,'admin',4095);
Insert into MEM_ROLE (MEM_ROLE_NO,PROJ_NO,MEM_ROLE_NM,AUTHORITY) values (36,65,'member',4095);
Insert into MEM_ROLE (MEM_ROLE_NO,PROJ_NO,MEM_ROLE_NM,AUTHORITY) values (39,67,'admin',4095);
Insert into MEM_ROLE (MEM_ROLE_NO,PROJ_NO,MEM_ROLE_NM,AUTHORITY) values (40,67,'member',2998);
Insert into MEM_ROLE (MEM_ROLE_NO,PROJ_NO,MEM_ROLE_NM,AUTHORITY) values (41,68,'관리자',4095);
Insert into MEM_ROLE (MEM_ROLE_NO,PROJ_NO,MEM_ROLE_NM,AUTHORITY) values (42,68,'회원',2998);
Insert into MEM_ROLE (MEM_ROLE_NO,PROJ_NO,MEM_ROLE_NM,AUTHORITY) values (61,121,'관리자',4095);
Insert into MEM_ROLE (MEM_ROLE_NO,PROJ_NO,MEM_ROLE_NM,AUTHORITY) values (62,121,'회원',2998);
Insert into MEM_ROLE (MEM_ROLE_NO,PROJ_NO,MEM_ROLE_NM,AUTHORITY) values (89,201,'PL',4095);
Insert into MEM_ROLE (MEM_ROLE_NO,PROJ_NO,MEM_ROLE_NM,AUTHORITY) values (90,201,'AA',2998);
Insert into MEM_ROLE (MEM_ROLE_NO,PROJ_NO,MEM_ROLE_NM,AUTHORITY) values (91,201,'DA',4095);
Insert into MEM_ROLE (MEM_ROLE_NO,PROJ_NO,MEM_ROLE_NM,AUTHORITY) values (92,201,'TA',4095);
Insert into MEM_ROLE (MEM_ROLE_NO,PROJ_NO,MEM_ROLE_NM,AUTHORITY) values (93,201,'UA',4095);
Insert into MEM_ROLE (MEM_ROLE_NO,PROJ_NO,MEM_ROLE_NM,AUTHORITY) values (107,205,'PL',4095);
Insert into MEM_ROLE (MEM_ROLE_NO,PROJ_NO,MEM_ROLE_NM,AUTHORITY) values (108,205,'AA',2998);
Insert into MEM_ROLE (MEM_ROLE_NO,PROJ_NO,MEM_ROLE_NM,AUTHORITY) values (109,205,'DA',4095);
Insert into MEM_ROLE (MEM_ROLE_NO,PROJ_NO,MEM_ROLE_NM,AUTHORITY) values (110,205,'TA',4095);
Insert into MEM_ROLE (MEM_ROLE_NO,PROJ_NO,MEM_ROLE_NM,AUTHORITY) values (111,205,'UA',4095);
Insert into MEM_ROLE (MEM_ROLE_NO,PROJ_NO,MEM_ROLE_NM,AUTHORITY) values (7,24,'admin',4095);
Insert into MEM_ROLE (MEM_ROLE_NO,PROJ_NO,MEM_ROLE_NM,AUTHORITY) values (8,24,'member',4095);
Insert into MEM_ROLE (MEM_ROLE_NO,PROJ_NO,MEM_ROLE_NM,AUTHORITY) values (9,25,'admin',4095);
Insert into MEM_ROLE (MEM_ROLE_NO,PROJ_NO,MEM_ROLE_NM,AUTHORITY) values (10,25,'member',4095);
Insert into MEM_ROLE (MEM_ROLE_NO,PROJ_NO,MEM_ROLE_NM,AUTHORITY) values (11,26,'admin',4095);
Insert into MEM_ROLE (MEM_ROLE_NO,PROJ_NO,MEM_ROLE_NM,AUTHORITY) values (12,26,'member',4095);
Insert into MEM_ROLE (MEM_ROLE_NO,PROJ_NO,MEM_ROLE_NM,AUTHORITY) values (45,82,'관리자',4095);
Insert into MEM_ROLE (MEM_ROLE_NO,PROJ_NO,MEM_ROLE_NM,AUTHORITY) values (26,1,'UA',2559);
Insert into MEM_ROLE (MEM_ROLE_NO,PROJ_NO,MEM_ROLE_NM,AUTHORITY) values (46,82,'회원',2998);
Insert into MEM_ROLE (MEM_ROLE_NO,PROJ_NO,MEM_ROLE_NM,AUTHORITY) values (57,103,'반장',4095);
Insert into MEM_ROLE (MEM_ROLE_NO,PROJ_NO,MEM_ROLE_NM,AUTHORITY) values (51,4,'UA',4095);
Insert into MEM_ROLE (MEM_ROLE_NO,PROJ_NO,MEM_ROLE_NM,AUTHORITY) values (52,4,'AA',4095);
Insert into MEM_ROLE (MEM_ROLE_NO,PROJ_NO,MEM_ROLE_NM,AUTHORITY) values (50,4,'DA',4095);
Insert into MEM_ROLE (MEM_ROLE_NO,PROJ_NO,MEM_ROLE_NM,AUTHORITY) values (58,103,'학생',4095);
Insert into MEM_ROLE (MEM_ROLE_NO,PROJ_NO,MEM_ROLE_NM,AUTHORITY) values (71,182,'관리자',4095);
Insert into MEM_ROLE (MEM_ROLE_NO,PROJ_NO,MEM_ROLE_NM,AUTHORITY) values (72,182,'회원',2998);
Insert into MEM_ROLE (MEM_ROLE_NO,PROJ_NO,MEM_ROLE_NM,AUTHORITY) values (73,183,'팀장',4095);
Insert into MEM_ROLE (MEM_ROLE_NO,PROJ_NO,MEM_ROLE_NM,AUTHORITY) values (74,183,'팀원',2998);
Insert into MEM_ROLE (MEM_ROLE_NO,PROJ_NO,MEM_ROLE_NM,AUTHORITY) values (75,184,'팀장',4095);
Insert into MEM_ROLE (MEM_ROLE_NO,PROJ_NO,MEM_ROLE_NM,AUTHORITY) values (76,184,'팀원',2998);
Insert into MEM_ROLE (MEM_ROLE_NO,PROJ_NO,MEM_ROLE_NM,AUTHORITY) values (79,186,'팀장',4095);
Insert into MEM_ROLE (MEM_ROLE_NO,PROJ_NO,MEM_ROLE_NM,AUTHORITY) values (80,186,'팀원',2998);
Insert into MEM_ROLE (MEM_ROLE_NO,PROJ_NO,MEM_ROLE_NM,AUTHORITY) values (83,188,'팀장',4095);
Insert into MEM_ROLE (MEM_ROLE_NO,PROJ_NO,MEM_ROLE_NM,AUTHORITY) values (84,188,'팀원',2998);
Insert into MEM_ROLE (MEM_ROLE_NO,PROJ_NO,MEM_ROLE_NM,AUTHORITY) values (85,189,'팀장',4095);
Insert into MEM_ROLE (MEM_ROLE_NO,PROJ_NO,MEM_ROLE_NM,AUTHORITY) values (86,189,'팀원',2998);
Insert into MEM_ROLE (MEM_ROLE_NO,PROJ_NO,MEM_ROLE_NM,AUTHORITY) values (94,202,'PL',4095);
Insert into MEM_ROLE (MEM_ROLE_NO,PROJ_NO,MEM_ROLE_NM,AUTHORITY) values (95,202,'AA',2998);
Insert into MEM_ROLE (MEM_ROLE_NO,PROJ_NO,MEM_ROLE_NM,AUTHORITY) values (96,202,'DA',4095);
Insert into MEM_ROLE (MEM_ROLE_NO,PROJ_NO,MEM_ROLE_NM,AUTHORITY) values (97,202,'UA',4095);
Insert into MEM_ROLE (MEM_ROLE_NO,PROJ_NO,MEM_ROLE_NM,AUTHORITY) values (98,203,'PL',4095);
Insert into MEM_ROLE (MEM_ROLE_NO,PROJ_NO,MEM_ROLE_NM,AUTHORITY) values (99,203,'AA',2998);
Insert into MEM_ROLE (MEM_ROLE_NO,PROJ_NO,MEM_ROLE_NM,AUTHORITY) values (100,203,'DA',4095);
Insert into MEM_ROLE (MEM_ROLE_NO,PROJ_NO,MEM_ROLE_NM,AUTHORITY) values (101,203,'UA',4095);
Insert into MEM_ROLE (MEM_ROLE_NO,PROJ_NO,MEM_ROLE_NM,AUTHORITY) values (102,204,'PL',4095);
Insert into MEM_ROLE (MEM_ROLE_NO,PROJ_NO,MEM_ROLE_NM,AUTHORITY) values (103,204,'AA',2998);
Insert into MEM_ROLE (MEM_ROLE_NO,PROJ_NO,MEM_ROLE_NM,AUTHORITY) values (104,204,'DA',4095);
Insert into MEM_ROLE (MEM_ROLE_NO,PROJ_NO,MEM_ROLE_NM,AUTHORITY) values (105,204,'TA',4095);
Insert into MEM_ROLE (MEM_ROLE_NO,PROJ_NO,MEM_ROLE_NM,AUTHORITY) values (106,204,'UA',4095);
Insert into MEM_ROLE (MEM_ROLE_NO,PROJ_NO,MEM_ROLE_NM,AUTHORITY) values (13,27,'admin',4095);
Insert into MEM_ROLE (MEM_ROLE_NO,PROJ_NO,MEM_ROLE_NM,AUTHORITY) values (14,27,'member',4095);
Insert into MEM_ROLE (MEM_ROLE_NO,PROJ_NO,MEM_ROLE_NM,AUTHORITY) values (65,161,'PL',4095);
Insert into MEM_ROLE (MEM_ROLE_NO,PROJ_NO,MEM_ROLE_NM,AUTHORITY) values (66,161,'AA',2998);
Insert into MEM_ROLE (MEM_ROLE_NO,PROJ_NO,MEM_ROLE_NM,AUTHORITY) values (67,161,'DA',4095);
Insert into MEM_ROLE (MEM_ROLE_NO,PROJ_NO,MEM_ROLE_NM,AUTHORITY) values (68,161,'UA',4095);
Insert into MEM_ROLE (MEM_ROLE_NO,PROJ_NO,MEM_ROLE_NM,AUTHORITY) values (87,190,'팀장',4095);
Insert into MEM_ROLE (MEM_ROLE_NO,PROJ_NO,MEM_ROLE_NM,AUTHORITY) values (88,190,'팀원',2998);
Insert into MEM_ROLE (MEM_ROLE_NO,PROJ_NO,MEM_ROLE_NM,AUTHORITY) values (1,1,'PL',4095);
Insert into MEM_ROLE (MEM_ROLE_NO,PROJ_NO,MEM_ROLE_NM,AUTHORITY) values (2,1,'AA',3071);
Insert into MEM_ROLE (MEM_ROLE_NO,PROJ_NO,MEM_ROLE_NM,AUTHORITY) values (3,1,'TA',1535);
Insert into MEM_ROLE (MEM_ROLE_NO,PROJ_NO,MEM_ROLE_NM,AUTHORITY) values (4,1,'DA',2815);
Insert into MEM_ROLE (MEM_ROLE_NO,PROJ_NO,MEM_ROLE_NM,AUTHORITY) values (43,81,'관리자',4095);
Insert into MEM_ROLE (MEM_ROLE_NO,PROJ_NO,MEM_ROLE_NM,AUTHORITY) values (44,81,'회원',2998);
Insert into MEM_ROLE (MEM_ROLE_NO,PROJ_NO,MEM_ROLE_NM,AUTHORITY) values (59,104,'관리자',4095);
Insert into MEM_ROLE (MEM_ROLE_NO,PROJ_NO,MEM_ROLE_NM,AUTHORITY) values (60,104,'회원',2998);
Insert into MEM_ROLE (MEM_ROLE_NO,PROJ_NO,MEM_ROLE_NM,AUTHORITY) values (69,181,'관리자',4095);
Insert into MEM_ROLE (MEM_ROLE_NO,PROJ_NO,MEM_ROLE_NM,AUTHORITY) values (70,181,'회원',2998);
Insert into MEM_ROLE (MEM_ROLE_NO,PROJ_NO,MEM_ROLE_NM,AUTHORITY) values (77,185,'팀장',4095);
Insert into MEM_ROLE (MEM_ROLE_NO,PROJ_NO,MEM_ROLE_NM,AUTHORITY) values (78,185,'팀원',2998);
Insert into MEM_ROLE (MEM_ROLE_NO,PROJ_NO,MEM_ROLE_NM,AUTHORITY) values (81,187,'팀장',4095);
Insert into MEM_ROLE (MEM_ROLE_NO,PROJ_NO,MEM_ROLE_NM,AUTHORITY) values (82,187,'팀원',2998);
Insert into MEM_ROLE (MEM_ROLE_NO,PROJ_NO,MEM_ROLE_NM,AUTHORITY) values (5,23,'admin',4095);
Insert into MEM_ROLE (MEM_ROLE_NO,PROJ_NO,MEM_ROLE_NM,AUTHORITY) values (6,23,'member',4095);
Insert into MEM_ROLE (MEM_ROLE_NO,PROJ_NO,MEM_ROLE_NM,AUTHORITY) values (15,2,'admin',4095);
Insert into MEM_ROLE (MEM_ROLE_NO,PROJ_NO,MEM_ROLE_NM,AUTHORITY) values (16,2,'member',4095);
Insert into MEM_ROLE (MEM_ROLE_NO,PROJ_NO,MEM_ROLE_NM,AUTHORITY) values (17,3,'admin',4095);
Insert into MEM_ROLE (MEM_ROLE_NO,PROJ_NO,MEM_ROLE_NM,AUTHORITY) values (18,3,'member',4095);
Insert into MEM_ROLE (MEM_ROLE_NO,PROJ_NO,MEM_ROLE_NM,AUTHORITY) values (54,101,'회원',2998);
Insert into MEM_ROLE (MEM_ROLE_NO,PROJ_NO,MEM_ROLE_NM,AUTHORITY) values (20,4,'PL',4095);
Insert into MEM_ROLE (MEM_ROLE_NO,PROJ_NO,MEM_ROLE_NM,AUTHORITY) values (21,5,'admin',4095);
Insert into MEM_ROLE (MEM_ROLE_NO,PROJ_NO,MEM_ROLE_NM,AUTHORITY) values (22,5,'member',4095);
Insert into MEM_ROLE (MEM_ROLE_NO,PROJ_NO,MEM_ROLE_NM,AUTHORITY) values (27,61,'admin',4095);
Insert into MEM_ROLE (MEM_ROLE_NO,PROJ_NO,MEM_ROLE_NM,AUTHORITY) values (28,61,'member',4095);
Insert into MEM_ROLE (MEM_ROLE_NO,PROJ_NO,MEM_ROLE_NM,AUTHORITY) values (31,63,'admin',4095);
Insert into MEM_ROLE (MEM_ROLE_NO,PROJ_NO,MEM_ROLE_NM,AUTHORITY) values (32,63,'member',4095);
Insert into MEM_ROLE (MEM_ROLE_NO,PROJ_NO,MEM_ROLE_NM,AUTHORITY) values (33,64,'admin',4095);
Insert into MEM_ROLE (MEM_ROLE_NO,PROJ_NO,MEM_ROLE_NM,AUTHORITY) values (34,64,'member',4095);
Insert into MEM_ROLE (MEM_ROLE_NO,PROJ_NO,MEM_ROLE_NM,AUTHORITY) values (37,66,'admin',4095);
Insert into MEM_ROLE (MEM_ROLE_NO,PROJ_NO,MEM_ROLE_NM,AUTHORITY) values (38,66,'member',4095);
Insert into MEM_ROLE (MEM_ROLE_NO,PROJ_NO,MEM_ROLE_NM,AUTHORITY) values (53,101,'관리자',4095);
Insert into MEM_ROLE (MEM_ROLE_NO,PROJ_NO,MEM_ROLE_NM,AUTHORITY) values (55,102,'관리자',4095);
Insert into MEM_ROLE (MEM_ROLE_NO,PROJ_NO,MEM_ROLE_NM,AUTHORITY) values (56,102,'회원',2998);
Insert into MEM_ROLE (MEM_ROLE_NO,PROJ_NO,MEM_ROLE_NM,AUTHORITY) values (63,141,'관리자',4095);
Insert into MEM_ROLE (MEM_ROLE_NO,PROJ_NO,MEM_ROLE_NM,AUTHORITY) values (64,141,'회원',2998);
Insert into MEM_ROLE (MEM_ROLE_NO,PROJ_NO,MEM_ROLE_NM,AUTHORITY) values (112,221,'PL',4095);
Insert into MEM_ROLE (MEM_ROLE_NO,PROJ_NO,MEM_ROLE_NM,AUTHORITY) values (113,221,'DA',2998);
Insert into MEM_ROLE (MEM_ROLE_NO,PROJ_NO,MEM_ROLE_NM,AUTHORITY) values (114,221,'AA',4095);
Insert into MEM_ROLE (MEM_ROLE_NO,PROJ_NO,MEM_ROLE_NM,AUTHORITY) values (115,221,'UA',4095);
Insert into MEM_ROLE (MEM_ROLE_NO,PROJ_NO,MEM_ROLE_NM,AUTHORITY) values (116,222,'PL',4095);
Insert into MEM_ROLE (MEM_ROLE_NO,PROJ_NO,MEM_ROLE_NM,AUTHORITY) values (117,222,'AA',2998);
Insert into MEM_ROLE (MEM_ROLE_NO,PROJ_NO,MEM_ROLE_NM,AUTHORITY) values (118,222,'DA',4095);
Insert into MEM_ROLE (MEM_ROLE_NO,PROJ_NO,MEM_ROLE_NM,AUTHORITY) values (119,222,'UA',4095);
Insert into MEM_ROLE (MEM_ROLE_NO,PROJ_NO,MEM_ROLE_NM,AUTHORITY) values (120,222,'TA',4095);
Insert into MEM_ROLE (MEM_ROLE_NO,PROJ_NO,MEM_ROLE_NM,AUTHORITY) values (121,223,'PL',4095);
Insert into MEM_ROLE (MEM_ROLE_NO,PROJ_NO,MEM_ROLE_NM,AUTHORITY) values (122,223,'AA',2998);
Insert into MEM_ROLE (MEM_ROLE_NO,PROJ_NO,MEM_ROLE_NM,AUTHORITY) values (123,223,'DA',4095);
Insert into MEM_ROLE (MEM_ROLE_NO,PROJ_NO,MEM_ROLE_NM,AUTHORITY) values (124,241,'PL',4095);
Insert into MEM_ROLE (MEM_ROLE_NO,PROJ_NO,MEM_ROLE_NM,AUTHORITY) values (129,242,'회원',2998);
Insert into MEM_ROLE (MEM_ROLE_NO,PROJ_NO,MEM_ROLE_NM,AUTHORITY) values (125,241,'AA',4030);
Insert into MEM_ROLE (MEM_ROLE_NO,PROJ_NO,MEM_ROLE_NM,AUTHORITY) values (126,241,'UA',4030);
Insert into MEM_ROLE (MEM_ROLE_NO,PROJ_NO,MEM_ROLE_NM,AUTHORITY) values (127,241,'DA',4030);
Insert into MEM_ROLE (MEM_ROLE_NO,PROJ_NO,MEM_ROLE_NM,AUTHORITY) values (128,242,'관리자',4095);
Insert into MEM_ROLE (MEM_ROLE_NO,PROJ_NO,MEM_ROLE_NM,AUTHORITY) values (130,242,'PL',1023);
Insert into MEM_ROLE (MEM_ROLE_NO,PROJ_NO,MEM_ROLE_NM,AUTHORITY) values (131,242,'AA',1023);
Insert into MEM_ROLE (MEM_ROLE_NO,PROJ_NO,MEM_ROLE_NM,AUTHORITY) values (132,243,'PL',4095);
Insert into MEM_ROLE (MEM_ROLE_NO,PROJ_NO,MEM_ROLE_NM,AUTHORITY) values (133,243,'DA',2998);
Insert into MEM_ROLE (MEM_ROLE_NO,PROJ_NO,MEM_ROLE_NM,AUTHORITY) values (134,243,'TA',4095);
Insert into MEM_ROLE (MEM_ROLE_NO,PROJ_NO,MEM_ROLE_NM,AUTHORITY) values (135,243,'AA',4095);
Insert into MEM_ROLE (MEM_ROLE_NO,PROJ_NO,MEM_ROLE_NM,AUTHORITY) values (136,244,'관리자',4095);
Insert into MEM_ROLE (MEM_ROLE_NO,PROJ_NO,MEM_ROLE_NM,AUTHORITY) values (141,245,'회원',2998);
Insert into MEM_ROLE (MEM_ROLE_NO,PROJ_NO,MEM_ROLE_NM,AUTHORITY) values (137,244,'PL',3071);
Insert into MEM_ROLE (MEM_ROLE_NO,PROJ_NO,MEM_ROLE_NM,AUTHORITY) values (138,244,'AA',3071);
Insert into MEM_ROLE (MEM_ROLE_NO,PROJ_NO,MEM_ROLE_NM,AUTHORITY) values (139,244,'DA',3071);
Insert into MEM_ROLE (MEM_ROLE_NO,PROJ_NO,MEM_ROLE_NM,AUTHORITY) values (140,245,'관리자',4095);
Insert into MEM_ROLE (MEM_ROLE_NO,PROJ_NO,MEM_ROLE_NM,AUTHORITY) values (142,246,'관리자',4095);
Insert into MEM_ROLE (MEM_ROLE_NO,PROJ_NO,MEM_ROLE_NM,AUTHORITY) values (143,246,'회원',2998);
Insert into MEM_ROLE (MEM_ROLE_NO,PROJ_NO,MEM_ROLE_NM,AUTHORITY) values (144,247,'PL',4095);
Insert into MEM_ROLE (MEM_ROLE_NO,PROJ_NO,MEM_ROLE_NM,AUTHORITY) values (145,247,'AA',2998);
Insert into MEM_ROLE (MEM_ROLE_NO,PROJ_NO,MEM_ROLE_NM,AUTHORITY) values (146,247,'DA',4095);
Insert into MEM_ROLE (MEM_ROLE_NO,PROJ_NO,MEM_ROLE_NM,AUTHORITY) values (147,247,'TA',4095);
Insert into MEM_ROLE (MEM_ROLE_NO,PROJ_NO,MEM_ROLE_NM,AUTHORITY) values (148,248,'PL',4095);
Insert into MEM_ROLE (MEM_ROLE_NO,PROJ_NO,MEM_ROLE_NM,AUTHORITY) values (149,248,'TA',2998);
Insert into MEM_ROLE (MEM_ROLE_NO,PROJ_NO,MEM_ROLE_NM,AUTHORITY) values (150,248,'DA',4095);
Insert into MEM_ROLE (MEM_ROLE_NO,PROJ_NO,MEM_ROLE_NM,AUTHORITY) values (151,248,'AA',4095);
Insert into MEM_ROLE (MEM_ROLE_NO,PROJ_NO,MEM_ROLE_NM,AUTHORITY) values (152,249,'관리자',4095);
Insert into MEM_ROLE (MEM_ROLE_NO,PROJ_NO,MEM_ROLE_NM,AUTHORITY) values (154,249,'PL',4095);
Insert into MEM_ROLE (MEM_ROLE_NO,PROJ_NO,MEM_ROLE_NM,AUTHORITY) values (155,249,'AA',4088);
REM INSERTING into MENU
SET DEFINE OFF;
Insert into MENU (MENU_NO,MENU_ICON,MENU_DATA,MENU_SET_INDEX,MENU_NM_ENG,MENU_NM_KOR,MENU_PARENT,MENU_CODE,MENU_NM_GER,MENU_NM_JAP,MENU_NM_CHI) values (1,'icon-screen-desktop','code',null,'Code','코드',null,'code','Code','コード','码');
Insert into MENU (MENU_NO,MENU_ICON,MENU_DATA,MENU_SET_INDEX,MENU_NM_ENG,MENU_NM_KOR,MENU_PARENT,MENU_CODE,MENU_NM_GER,MENU_NM_JAP,MENU_NM_CHI) values (2,'icon-directions','milestone',0,'Milestone','마일스톤',null,'milestone','Milenstein','マイルストーン','里程碑');
Insert into MENU (MENU_NO,MENU_ICON,MENU_DATA,MENU_SET_INDEX,MENU_NM_ENG,MENU_NM_KOR,MENU_PARENT,MENU_CODE,MENU_NM_GER,MENU_NM_JAP,MENU_NM_CHI) values (3,'icon-fire','issue',1,'Issue','이슈',null,'issue','Problem','仕事','问题');
Insert into MENU (MENU_NO,MENU_ICON,MENU_DATA,MENU_SET_INDEX,MENU_NM_ENG,MENU_NM_KOR,MENU_PARENT,MENU_CODE,MENU_NM_GER,MENU_NM_JAP,MENU_NM_CHI) values (4,'icon-equalizer','ganttchart',2,'Gantt','간트차트',null,'ganttchart','Zeitablaufplan','ガントチャート','甘特图');
Insert into MENU (MENU_NO,MENU_ICON,MENU_DATA,MENU_SET_INDEX,MENU_NM_ENG,MENU_NM_KOR,MENU_PARENT,MENU_CODE,MENU_NM_GER,MENU_NM_JAP,MENU_NM_CHI) values (5,'icon-calender','calendar',3,'Calendar','캘린더',null,'calendar','Kalender','カレンダー','日历');
Insert into MENU (MENU_NO,MENU_ICON,MENU_DATA,MENU_SET_INDEX,MENU_NM_ENG,MENU_NM_KOR,MENU_PARENT,MENU_CODE,MENU_NM_GER,MENU_NM_JAP,MENU_NM_CHI) values (6,'icon-cursor-move','kanbanboard',4,'Kanban','칸반',null,'kanbanboard','Kanban','かんばん','看板');
Insert into MENU (MENU_NO,MENU_ICON,MENU_DATA,MENU_SET_INDEX,MENU_NM_ENG,MENU_NM_KOR,MENU_PARENT,MENU_CODE,MENU_NM_GER,MENU_NM_JAP,MENU_NM_CHI) values (9,'icon-chart','analytics',7,'Analytics','통계',null,'analytics','Statik','統計','靜力學');
Insert into MENU (MENU_NO,MENU_ICON,MENU_DATA,MENU_SET_INDEX,MENU_NM_ENG,MENU_NM_KOR,MENU_PARENT,MENU_CODE,MENU_NM_GER,MENU_NM_JAP,MENU_NM_CHI) values (7,'icon-book-open','news',5,'News','뉴스',null,'news','Nachricht','新報','消息');
Insert into MENU (MENU_NO,MENU_ICON,MENU_DATA,MENU_SET_INDEX,MENU_NM_ENG,MENU_NM_KOR,MENU_PARENT,MENU_CODE,MENU_NM_GER,MENU_NM_JAP,MENU_NM_CHI) values (8,'icon-graduation','wiki',6,'Wiki','위키',null,'wiki','Wiki','ウィッキー','维基');
Insert into MENU (MENU_NO,MENU_ICON,MENU_DATA,MENU_SET_INDEX,MENU_NM_ENG,MENU_NM_KOR,MENU_PARENT,MENU_CODE,MENU_NM_GER,MENU_NM_JAP,MENU_NM_CHI) values (10,'icon-menu',null,null,'Setting','설정',null,'setting','Einstellung','設定','环境');
Insert into MENU (MENU_NO,MENU_ICON,MENU_DATA,MENU_SET_INDEX,MENU_NM_ENG,MENU_NM_KOR,MENU_PARENT,MENU_CODE,MENU_NM_GER,MENU_NM_JAP,MENU_NM_CHI) values (11,'icon-user','member',null,'Member','멤버관리',10,'member','Mitglieder','会員管理','成员');
Insert into MENU (MENU_NO,MENU_ICON,MENU_DATA,MENU_SET_INDEX,MENU_NM_ENG,MENU_NM_KOR,MENU_PARENT,MENU_CODE,MENU_NM_GER,MENU_NM_JAP,MENU_NM_CHI) values (12,'icon-settings','management',null,'Management','프로젝트관리',10,'management','Verwaltung','プロジェクト','管理');
REM INSERTING into MILESTONE
SET DEFINE OFF;
Insert into MILESTONE (MILEST_SID,MEM_NO,PROJ_NO,MILEST_NO,MILEST_TITLE,MILEST_CONT,MILEST_DATE,MILEST_START_DATE,MILEST_END_DATE,MILEST_STATUS) values (16,4,1,11,'개발 UI 구현','기능 추가해야 할 내용들',to_date('2021-06-25 20:34:29','YYYY-MM-DD HH24:MI:SS'),to_date('2021-05-20 00:00:00','YYYY-MM-DD HH24:MI:SS'),to_date('2021-06-12 00:00:00','YYYY-MM-DD HH24:MI:SS'),null);
Insert into MILESTONE (MILEST_SID,MEM_NO,PROJ_NO,MILEST_NO,MILEST_TITLE,MILEST_CONT,MILEST_DATE,MILEST_START_DATE,MILEST_END_DATE,MILEST_STATUS) values (14,4,1,9,'개발 로직 구현','기능 개선해야 할 내용들',to_date('2021-06-25 21:54:09','YYYY-MM-DD HH24:MI:SS'),to_date('2021-06-21 00:00:00','YYYY-MM-DD HH24:MI:SS'),to_date('2021-06-28 00:00:00','YYYY-MM-DD HH24:MI:SS'),'1');
Insert into MILESTONE (MILEST_SID,MEM_NO,PROJ_NO,MILEST_NO,MILEST_TITLE,MILEST_CONT,MILEST_DATE,MILEST_START_DATE,MILEST_END_DATE,MILEST_STATUS) values (15,4,1,10,'발표 준비','발표 준비 할 내용들',to_date('2021-06-25 09:40:02','YYYY-MM-DD HH24:MI:SS'),to_date('2021-06-21 00:00:00','YYYY-MM-DD HH24:MI:SS'),to_date('2021-06-28 00:00:00','YYYY-MM-DD HH24:MI:SS'),'1');
Insert into MILESTONE (MILEST_SID,MEM_NO,PROJ_NO,MILEST_NO,MILEST_TITLE,MILEST_CONT,MILEST_DATE,MILEST_START_DATE,MILEST_END_DATE,MILEST_STATUS) values (9,4,23,1,'마일스톤 테스트','ㅎㅎ',to_date('2021-06-14 00:00:00','YYYY-MM-DD HH24:MI:SS'),null,null,'0');
Insert into MILESTONE (MILEST_SID,MEM_NO,PROJ_NO,MILEST_NO,MILEST_TITLE,MILEST_CONT,MILEST_DATE,MILEST_START_DATE,MILEST_END_DATE,MILEST_STATUS) values (20,3,104,1,'날짜 테스트','날짜 테스트',to_date('2021-06-25 08:35:11','YYYY-MM-DD HH24:MI:SS'),to_date('2021-06-20 00:00:00','YYYY-MM-DD HH24:MI:SS'),to_date('2021-07-07 00:00:00','YYYY-MM-DD HH24:MI:SS'),'1');
Insert into MILESTONE (MILEST_SID,MEM_NO,PROJ_NO,MILEST_NO,MILEST_TITLE,MILEST_CONT,MILEST_DATE,MILEST_START_DATE,MILEST_END_DATE,MILEST_STATUS) values (10,3,27,1,'new milestone','asfasf',to_date('2021-06-14 00:00:00','YYYY-MM-DD HH24:MI:SS'),to_date('2021-06-24 00:00:00','YYYY-MM-DD HH24:MI:SS'),null,'0');
Insert into MILESTONE (MILEST_SID,MEM_NO,PROJ_NO,MILEST_NO,MILEST_TITLE,MILEST_CONT,MILEST_DATE,MILEST_START_DATE,MILEST_END_DATE,MILEST_STATUS) values (17,3,103,1,'Java-RDBMS 연계 프로젝트','초급 프로젝트 진행',to_date('2021-06-23 00:00:00','YYYY-MM-DD HH24:MI:SS'),to_date('2020-12-24 00:00:00','YYYY-MM-DD HH24:MI:SS'),to_date('2020-12-31 00:00:00','YYYY-MM-DD HH24:MI:SS'),'1');
Insert into MILESTONE (MILEST_SID,MEM_NO,PROJ_NO,MILEST_NO,MILEST_TITLE,MILEST_CONT,MILEST_DATE,MILEST_START_DATE,MILEST_END_DATE,MILEST_STATUS) values (18,3,103,2,'Java-WEB 연계프로젝트','중급 프로젝트',to_date('2021-06-22 00:00:00','YYYY-MM-DD HH24:MI:SS'),to_date('2021-02-25 00:00:00','YYYY-MM-DD HH24:MI:SS'),to_date('2021-03-08 00:00:00','YYYY-MM-DD HH24:MI:SS'),'0');
Insert into MILESTONE (MILEST_SID,MEM_NO,PROJ_NO,MILEST_NO,MILEST_TITLE,MILEST_CONT,MILEST_DATE,MILEST_START_DATE,MILEST_END_DATE,MILEST_STATUS) values (3,7,2,1,'2번 프로젝트의 첫번째 마일스톤 제목','2번 프로젝트의 첫번째 마일스톤 내용',to_date('2021-05-27 00:00:00','YYYY-MM-DD HH24:MI:SS'),to_date('2021-06-07 00:00:00','YYYY-MM-DD HH24:MI:SS'),to_date('2021-06-11 00:00:00','YYYY-MM-DD HH24:MI:SS'),'1');
Insert into MILESTONE (MILEST_SID,MEM_NO,PROJ_NO,MILEST_NO,MILEST_TITLE,MILEST_CONT,MILEST_DATE,MILEST_START_DATE,MILEST_END_DATE,MILEST_STATUS) values (11,3,27,2,'두번째 마일스톤','두번째',to_date('2021-06-15 00:00:00','YYYY-MM-DD HH24:MI:SS'),to_date('2021-06-02 00:00:00','YYYY-MM-DD HH24:MI:SS'),to_date('2021-06-21 00:00:00','YYYY-MM-DD HH24:MI:SS'),'1');
Insert into MILESTONE (MILEST_SID,MEM_NO,PROJ_NO,MILEST_NO,MILEST_TITLE,MILEST_CONT,MILEST_DATE,MILEST_START_DATE,MILEST_END_DATE,MILEST_STATUS) values (19,3,103,3,'현업실무프로젝트','최종프로젝트',to_date('2021-06-22 00:00:00','YYYY-MM-DD HH24:MI:SS'),to_date('2021-05-04 00:00:00','YYYY-MM-DD HH24:MI:SS'),to_date('2021-06-29 00:00:00','YYYY-MM-DD HH24:MI:SS'),'0');
Insert into MILESTONE (MILEST_SID,MEM_NO,PROJ_NO,MILEST_NO,MILEST_TITLE,MILEST_CONT,MILEST_DATE,MILEST_START_DATE,MILEST_END_DATE,MILEST_STATUS) values (12,3,27,3,'세번째 마일스톤','세번째
',to_date('2021-06-19 00:00:00','YYYY-MM-DD HH24:MI:SS'),null,null,'1');
Insert into MILESTONE (MILEST_SID,MEM_NO,PROJ_NO,MILEST_NO,MILEST_TITLE,MILEST_CONT,MILEST_DATE,MILEST_START_DATE,MILEST_END_DATE,MILEST_STATUS) values (21,3,104,2,'시작일 없이 테스트','시작일 없이 테스트
',to_date('2021-06-23 00:00:00','YYYY-MM-DD HH24:MI:SS'),null,to_date('2021-07-03 00:00:00','YYYY-MM-DD HH24:MI:SS'),'1');
Insert into MILESTONE (MILEST_SID,MEM_NO,PROJ_NO,MILEST_NO,MILEST_TITLE,MILEST_CONT,MILEST_DATE,MILEST_START_DATE,MILEST_END_DATE,MILEST_STATUS) values (22,3,1,12,'설계 산출물 작성','산출물 작업 진행 상황 이슈 등록 후 관리',to_date('2021-06-26 11:03:44','YYYY-MM-DD HH24:MI:SS'),to_date('2021-05-03 00:00:00','YYYY-MM-DD HH24:MI:SS'),to_date('2021-05-12 00:00:00','YYYY-MM-DD HH24:MI:SS'),'1');
Insert into MILESTONE (MILEST_SID,MEM_NO,PROJ_NO,MILEST_NO,MILEST_TITLE,MILEST_CONT,MILEST_DATE,MILEST_START_DATE,MILEST_END_DATE,MILEST_STATUS) values (24,3,104,3,'마일스톤 테스트  123 3','마일스톤 테스트 123 3',to_date('2021-06-25 08:55:15','YYYY-MM-DD HH24:MI:SS'),null,null,'1');
Insert into MILESTONE (MILEST_SID,MEM_NO,PROJ_NO,MILEST_NO,MILEST_TITLE,MILEST_CONT,MILEST_DATE,MILEST_START_DATE,MILEST_END_DATE,MILEST_STATUS) values (23,3,1,13,'테스트 및 배포','테스트 및 배포 기간',to_date('2021-06-26 14:07:55','YYYY-MM-DD HH24:MI:SS'),to_date('2021-06-23 00:00:00','YYYY-MM-DD HH24:MI:SS'),to_date('2021-06-28 00:00:00','YYYY-MM-DD HH24:MI:SS'),'1');
Insert into MILESTONE (MILEST_SID,MEM_NO,PROJ_NO,MILEST_NO,MILEST_TITLE,MILEST_CONT,MILEST_DATE,MILEST_START_DATE,MILEST_END_DATE,MILEST_STATUS) values (26,4,1,14,'최종 발표 준비','최종발표',to_date('2021-06-26 15:18:58','YYYY-MM-DD HH24:MI:SS'),to_date('2021-06-25 00:00:00','YYYY-MM-DD HH24:MI:SS'),to_date('2021-06-26 00:00:00','YYYY-MM-DD HH24:MI:SS'),'1');
Insert into MILESTONE (MILEST_SID,MEM_NO,PROJ_NO,MILEST_NO,MILEST_TITLE,MILEST_CONT,MILEST_DATE,MILEST_START_DATE,MILEST_END_DATE,MILEST_STATUS) values (29,3,247,1,'새로운 마일스톤','설명을 적을 수 있으며, 시작일과 종료일을 옵션으로 선택 할 수 있습니다.
종료일을 설정하지 않은 경우, 종료일 없음 으로 표시 됩니다.',to_date('2021-06-26 15:22:36','YYYY-MM-DD HH24:MI:SS'),to_date('2021-06-27 00:00:00','YYYY-MM-DD HH24:MI:SS'),null,'0');
Insert into MILESTONE (MILEST_SID,MEM_NO,PROJ_NO,MILEST_NO,MILEST_TITLE,MILEST_CONT,MILEST_DATE,MILEST_START_DATE,MILEST_END_DATE,MILEST_STATUS) values (27,4,104,5,'테스트 기간','구현 모듈 테스트 기간',to_date('2021-06-25 21:46:48','YYYY-MM-DD HH24:MI:SS'),to_date('2021-06-30 00:00:00','YYYY-MM-DD HH24:MI:SS'),to_date('2021-07-01 00:00:00','YYYY-MM-DD HH24:MI:SS'),'0');
Insert into MILESTONE (MILEST_SID,MEM_NO,PROJ_NO,MILEST_NO,MILEST_TITLE,MILEST_CONT,MILEST_DATE,MILEST_START_DATE,MILEST_END_DATE,MILEST_STATUS) values (28,3,245,1,'이슈 등록을 위한 마일스톤 생성','이슈 등록을 위한 마일스톤 생성',to_date('2021-06-25 21:57:54','YYYY-MM-DD HH24:MI:SS'),null,null,'0');
Insert into MILESTONE (MILEST_SID,MEM_NO,PROJ_NO,MILEST_NO,MILEST_TITLE,MILEST_CONT,MILEST_DATE,MILEST_START_DATE,MILEST_END_DATE,MILEST_STATUS) values (30,4,104,6,'test 수정','test',to_date('2021-06-26 17:16:33','YYYY-MM-DD HH24:MI:SS'),to_date('2021-06-26 00:00:00','YYYY-MM-DD HH24:MI:SS'),to_date('2021-06-29 00:00:00','YYYY-MM-DD HH24:MI:SS'),null);
REM INSERTING into NEWS
SET DEFINE OFF;
Insert into NEWS (NEWS_SID,PROJ_NO,MEM_NO,NEWS_NO,NEWS_TITLE,NEWS_CONT,NEWS_WRITE_DATE,ATCH_FILE_SID) values (59,103,3,2,'중간 프로젝트를 진행하기 위한 조 선정','# 중간 프로젝트는 각 조당 4명으로 진행됩니다.

## 시간 여유 있으니깐 천천히 잘들 준비해보세요~',to_date('2021-02-04 10:21:38','YYYY-MM-DD HH24:MI:SS'),'103/IMG_2112.JPG');
Insert into NEWS (NEWS_SID,PROJ_NO,MEM_NO,NEWS_NO,NEWS_TITLE,NEWS_CONT,NEWS_WRITE_DATE,ATCH_FILE_SID) values (52,104,4,9,'사진 테스트','ㅁㄴㅇㄹ',to_date('2021-06-23 00:00:00','YYYY-MM-DD HH24:MI:SS'),'104/bd9fce45-7568-40d0-972e-62b876e9bc92_12CDB794-2958-42C6-909E-7E9CF021D53B.jpeg');
Insert into NEWS (NEWS_SID,PROJ_NO,MEM_NO,NEWS_NO,NEWS_TITLE,NEWS_CONT,NEWS_WRITE_DATE,ATCH_FILE_SID) values (44,104,4,3,'사진 없는 테스트','# 오케이',to_date('2021-06-21 00:00:00','YYYY-MM-DD HH24:MI:SS'),null);
Insert into NEWS (NEWS_SID,PROJ_NO,MEM_NO,NEWS_NO,NEWS_TITLE,NEWS_CONT,NEWS_WRITE_DATE,ATCH_FILE_SID) values (45,104,4,4,'사진 있는 테스트','휴휴',to_date('2021-06-21 00:00:00','YYYY-MM-DD HH24:MI:SS'),'104/a569af42-6d98-4fc2-8afd-183493051c9f_Screenshot 2021-06-21 at 10.40.12 AM.png');
Insert into NEWS (NEWS_SID,PROJ_NO,MEM_NO,NEWS_NO,NEWS_TITLE,NEWS_CONT,NEWS_WRITE_DATE,ATCH_FILE_SID) values (46,104,4,5,'뉴스 작성 테스트','# 사진은 없다.',to_date('2021-06-20 00:00:00','YYYY-MM-DD HH24:MI:SS'),null);
Insert into NEWS (NEWS_SID,PROJ_NO,MEM_NO,NEWS_NO,NEWS_TITLE,NEWS_CONT,NEWS_WRITE_DATE,ATCH_FILE_SID) values (47,103,3,1,'초급 프로젝트 종료 후 자리 바꿈','초급 프로젝트 종료 후 자리를 바꾸려고합니다.
렌덤으로 돌려서 
자리 선정하려고해요.
이번주 금요일에 자리선정 후 진행하겠습니다 !',to_date('2020-12-19 17:52:12','YYYY-MM-DD HH24:MI:SS'),null);
Insert into NEWS (NEWS_SID,PROJ_NO,MEM_NO,NEWS_NO,NEWS_TITLE,NEWS_CONT,NEWS_WRITE_DATE,ATCH_FILE_SID) values (42,104,4,1,'제목','내용',to_date('2021-06-21 00:00:00','YYYY-MM-DD HH24:MI:SS'),'104/a37acb70-9d28-4d1d-87c1-7dad89e8dad9_Screenshot 2021-06-21 at 10.40.12 AM.png');
Insert into NEWS (NEWS_SID,PROJ_NO,MEM_NO,NEWS_NO,NEWS_TITLE,NEWS_CONT,NEWS_WRITE_DATE,ATCH_FILE_SID) values (43,104,4,2,'뉴스 추가 또 테스트','# 이번엔 사진 없고',to_date('2021-06-21 00:00:00','YYYY-MM-DD HH24:MI:SS'),'104/2034329b-d51f-461b-86cd-6ab967b800ee_');
Insert into NEWS (NEWS_SID,PROJ_NO,MEM_NO,NEWS_NO,NEWS_TITLE,NEWS_CONT,NEWS_WRITE_DATE,ATCH_FILE_SID) values (53,104,4,10,'gg','sadfsffdsdf',to_date('2021-06-23 00:00:00','YYYY-MM-DD HH24:MI:SS'),null);
Insert into NEWS (NEWS_SID,PROJ_NO,MEM_NO,NEWS_NO,NEWS_TITLE,NEWS_CONT,NEWS_WRITE_DATE,ATCH_FILE_SID) values (49,104,3,6,'tt','tt',to_date('2021-06-23 00:00:00','YYYY-MM-DD HH24:MI:SS'),'104/2e709339-91e9-4818-aaab-1457b052c2a5_246.jpg');
Insert into NEWS (NEWS_SID,PROJ_NO,MEM_NO,NEWS_NO,NEWS_TITLE,NEWS_CONT,NEWS_WRITE_DATE,ATCH_FILE_SID) values (50,104,3,7,'사진 테스트','사진 테스트
',to_date('2021-06-23 00:00:00','YYYY-MM-DD HH24:MI:SS'),'104/718f40ce-a1a4-494b-acea-98c7d74b43ce_pexels-cate-972325.jpg');
Insert into NEWS (NEWS_SID,PROJ_NO,MEM_NO,NEWS_NO,NEWS_TITLE,NEWS_CONT,NEWS_WRITE_DATE,ATCH_FILE_SID) values (51,104,3,8,'ㄴㄴ','뉴스테스트',to_date('2021-06-23 00:00:00','YYYY-MM-DD HH24:MI:SS'),null);
Insert into NEWS (NEWS_SID,PROJ_NO,MEM_NO,NEWS_NO,NEWS_TITLE,NEWS_CONT,NEWS_WRITE_DATE,ATCH_FILE_SID) values (54,103,3,3,'지각비 찬반 결과를 알려드립니다.','# 지각비 찬반 결과입니다.
박빙이였지만 지각비는 찬성하는 사람이 더 많아서 유지하기로 했습니다!',to_date('2020-12-17 20:29:08','YYYY-MM-DD HH24:MI:SS'),'103/7bfac094-e5d8-4e5a-92e3-e53d7fa303df_IMG_1991.png');
Insert into NEWS (NEWS_SID,PROJ_NO,MEM_NO,NEWS_NO,NEWS_TITLE,NEWS_CONT,NEWS_WRITE_DATE,ATCH_FILE_SID) values (55,103,3,4,'지금은 오후 10시 01분','하루 마무리
차단기 내리고 집으로 갑니다',to_date('2020-12-23 22:28:11','YYYY-MM-DD HH24:MI:SS'),'103/0bb8364e-e9c6-47f3-ab02-c99a24924e2a_IMG_2020.png');
Insert into NEWS (NEWS_SID,PROJ_NO,MEM_NO,NEWS_NO,NEWS_TITLE,NEWS_CONT,NEWS_WRITE_DATE,ATCH_FILE_SID) values (56,103,3,5,'1월 대전도시락 메뉴입니다 ','### 1월 도시락 메뉴 입니다 
 - 참고해서 도시락 시켜주세요!!',to_date('2021-01-03 11:21:58','YYYY-MM-DD HH24:MI:SS'),'103/c9e6b524-192c-4f6b-b69b-38559f279f45_IMG_3570.png');
Insert into NEWS (NEWS_SID,PROJ_NO,MEM_NO,NEWS_NO,NEWS_TITLE,NEWS_CONT,NEWS_WRITE_DATE,ATCH_FILE_SID) values (48,103,3,6,'집으로 떠나기 1분전','내자리 
앞자리
공부하기 좋은자리
오늘 하루도 불태웠다
',to_date('2021-01-15 23:36:36','YYYY-MM-DD HH24:MI:SS'),'103/5b8e7bd1-7888-4e71-bbe4-07191c893845_IMG_2021.png');
Insert into NEWS (NEWS_SID,PROJ_NO,MEM_NO,NEWS_NO,NEWS_TITLE,NEWS_CONT,NEWS_WRITE_DATE,ATCH_FILE_SID) values (60,103,3,7,'토마토 도시락 주문 받습니다!!','### 토마토 도시락 주문 받습니다!!

주문하시는 분들은 참고해주세요!',to_date('2021-02-24 15:37:53','YYYY-MM-DD HH24:MI:SS'),'103/68701af3-05be-4310-9490-8fc4d5cbb818_IMG_3625.png');
Insert into NEWS (NEWS_SID,PROJ_NO,MEM_NO,NEWS_NO,NEWS_TITLE,NEWS_CONT,NEWS_WRITE_DATE,ATCH_FILE_SID) values (58,103,3,8,'오늘 눈이 엄청 많이 왔어요','오늘 눈이 엄청 많이 왔어요
대덕인재개발원 오는길 조심조심 오세요 :)',to_date('2021-01-18 09:32:59','YYYY-MM-DD HH24:MI:SS'),'103/3edc7ca5-d652-4808-9fde-fc730dade8c4_IMG_5779.png');
Insert into NEWS (NEWS_SID,PROJ_NO,MEM_NO,NEWS_NO,NEWS_TITLE,NEWS_CONT,NEWS_WRITE_DATE,ATCH_FILE_SID) values (25,103,3,5,'단톡방이 생겼어요','단톡방입니다',to_date('2020-11-17 21:04:11','YYYY-MM-DD HH24:MI:SS'),'103/111.png');
Insert into NEWS (NEWS_SID,PROJ_NO,MEM_NO,NEWS_NO,NEWS_TITLE,NEWS_CONT,NEWS_WRITE_DATE,ATCH_FILE_SID) values (61,103,3,10,'증간 프로젝트 발표 시작!!','중간 프로젝트 발표 시작!
떨린다 ㅠㅠㅠㅠㅠㅠㅠㅠㅠㅠㅠㅠ',to_date('2021-03-08 13:19:32','YYYY-MM-DD HH24:MI:SS'),'103/f7aadea4-9ea8-429d-8266-d14b5dd0d480_IMG_3771.png');
Insert into NEWS (NEWS_SID,PROJ_NO,MEM_NO,NEWS_NO,NEWS_TITLE,NEWS_CONT,NEWS_WRITE_DATE,ATCH_FILE_SID) values (62,103,3,11,'중간 프로젝트 발표중인 혜정씨','발표 너무 잘하네....
',to_date('2021-03-08 15:25:23','YYYY-MM-DD HH24:MI:SS'),'103/5d901026-abc3-4929-8b74-5ccaba4ab776_IMG_3775.png');
Insert into NEWS (NEWS_SID,PROJ_NO,MEM_NO,NEWS_NO,NEWS_TITLE,NEWS_CONT,NEWS_WRITE_DATE,ATCH_FILE_SID) values (63,103,3,12,'희연쌤의 명강의를 듣는중','## 희연선생님의 명 강의를 듣고있는 우리

 - 모두 끝까지 좋은 결과 있길 바래요 
 - 선생님의 열정을 따라가봅시당',to_date('2020-03-31 19:22:00','YYYY-MM-DD HH24:MI:SS'),'103/94f9292c-a217-4ceb-85a5-a3136aa44add_IMG_3824.png');
Insert into NEWS (NEWS_SID,PROJ_NO,MEM_NO,NEWS_NO,NEWS_TITLE,NEWS_CONT,NEWS_WRITE_DATE,ATCH_FILE_SID) values (64,103,3,13,'초원이가 새로 산 키보드 체험해보기','### 초원이가 산 키보드 어떤지 확인

역시 좋다....
',to_date('2021-03-24 17:29:12','YYYY-MM-DD HH24:MI:SS'),'103/dcbbf4f5-0487-4e52-ab03-e95854f37dfb_IMG_3799.png');
Insert into NEWS (NEWS_SID,PROJ_NO,MEM_NO,NEWS_NO,NEWS_TITLE,NEWS_CONT,NEWS_WRITE_DATE,ATCH_FILE_SID) values (66,103,3,14,'최종 프로젝트 준비 중 (주제선정)','최종 프로젝트 준비
어떤 주제를 정할것인가..
',to_date('2021-04-29 20:34:17','YYYY-MM-DD HH24:MI:SS'),'103/044cc8c9-7047-40d7-8cf0-592652eafb41_IMG_3799.png');
Insert into NEWS (NEWS_SID,PROJ_NO,MEM_NO,NEWS_NO,NEWS_TITLE,NEWS_CONT,NEWS_WRITE_DATE,ATCH_FILE_SID) values (65,103,3,15,'최종 프로젝트 조 편성 입니다.','최종 프로젝트 조 편성 입니다.
집중해서  좋은 마무리 지어요 모두!!
',to_date('2021-04-26 20:41:53','YYYY-MM-DD HH24:MI:SS'),'103/02232a55-876f-44a8-970c-ed838ff4c740_IMG_3880.png');
Insert into NEWS (NEWS_SID,PROJ_NO,MEM_NO,NEWS_NO,NEWS_TITLE,NEWS_CONT,NEWS_WRITE_DATE,ATCH_FILE_SID) values (67,1,3,102,'오프라인 칸반 시작!!!','매일매일 우리가 하는 일감을 작성해봐요!!!
벽 다 채워봅시다!!!!!
',to_date('2021-05-03 20:48:57','YYYY-MM-DD HH24:MI:SS'),'103/2e3899f2-3c21-489c-81b8-3dadd3d03d5e_IMG_3897.png');
Insert into NEWS (NEWS_SID,PROJ_NO,MEM_NO,NEWS_NO,NEWS_TITLE,NEWS_CONT,NEWS_WRITE_DATE,ATCH_FILE_SID) values (68,1,3,101,'최종 발표 5일전....','오프라인 칸반을 이렇게나 많이 하다니 ㅠㅠㅠㅠ
그동안의 고생이 다 보여 ㅠㅠㅠㅠㅠㅠ',to_date('2021-06-24 20:49:58','YYYY-MM-DD HH24:MI:SS'),'103/cdc345ce-d6ec-47b9-b21f-22d7962c7521_IMG_242234.png');
Insert into NEWS (NEWS_SID,PROJ_NO,MEM_NO,NEWS_NO,NEWS_TITLE,NEWS_CONT,NEWS_WRITE_DATE,ATCH_FILE_SID) values (69,1,3,100,'물마시러 갈 시간도 없다 ','물 구매 
',to_date('2021-05-10 11:50:38','YYYY-MM-DD HH24:MI:SS'),'103/dc9ae95a-ae09-4c0b-9b13-6a4974930158_IMG_236423.png');
Insert into NEWS (NEWS_SID,PROJ_NO,MEM_NO,NEWS_NO,NEWS_TITLE,NEWS_CONT,NEWS_WRITE_DATE,ATCH_FILE_SID) values (70,104,4,11,'뉴스 등록 테스트','ㅎㅎ',to_date('2021-06-24 21:01:55','YYYY-MM-DD HH24:MI:SS'),'104/b5ba741c-f07d-4d4e-8ca2-c2b2cc089f4c_1AF364B4-2B8F-473D-88EA-C3E4F18B8C50.jpeg');
Insert into NEWS (NEWS_SID,PROJ_NO,MEM_NO,NEWS_NO,NEWS_TITLE,NEWS_CONT,NEWS_WRITE_DATE,ATCH_FILE_SID) values (71,4,4,1,'플레이 디디아티','하이',to_date('2021-06-24 21:04:51','YYYY-MM-DD HH24:MI:SS'),'4/d322b6fe-92ab-48b4-99ad-261efb4848f4_1A5C96E3-195E-45CF-A260-C64B8AFD5465.jpeg');
Insert into NEWS (NEWS_SID,PROJ_NO,MEM_NO,NEWS_NO,NEWS_TITLE,NEWS_CONT,NEWS_WRITE_DATE,ATCH_FILE_SID) values (72,1,4,41,'심상원 선생님과의 주말 회의','좋은 말씀 많이 해주셔서 감사합니다.',to_date('2021-05-15 14:06:33','YYYY-MM-DD HH24:MI:SS'),'1/fbdec606-07fc-4892-b205-0606877e7533_IMG_4033.JPG');
Insert into NEWS (NEWS_SID,PROJ_NO,MEM_NO,NEWS_NO,NEWS_TITLE,NEWS_CONT,NEWS_WRITE_DATE,ATCH_FILE_SID) values (73,104,4,12,'뉴스 달기','# 테스트',to_date('2021-06-24 23:19:57','YYYY-MM-DD HH24:MI:SS'),null);
Insert into NEWS (NEWS_SID,PROJ_NO,MEM_NO,NEWS_NO,NEWS_TITLE,NEWS_CONT,NEWS_WRITE_DATE,ATCH_FILE_SID) values (74,104,4,13,'뉴스 달기','무한 스크롤 될떄까지',to_date('2021-06-24 23:20:11','YYYY-MM-DD HH24:MI:SS'),null);
Insert into NEWS (NEWS_SID,PROJ_NO,MEM_NO,NEWS_NO,NEWS_TITLE,NEWS_CONT,NEWS_WRITE_DATE,ATCH_FILE_SID) values (75,104,4,14,'뉴스 또 추가','# 마크다운
- 해보기
> ㅎㅎ',to_date('2021-06-24 23:20:23','YYYY-MM-DD HH24:MI:SS'),null);
Insert into NEWS (NEWS_SID,PROJ_NO,MEM_NO,NEWS_NO,NEWS_TITLE,NEWS_CONT,NEWS_WRITE_DATE,ATCH_FILE_SID) values (76,104,4,15,'사진 등록 해볼게요','# 여기에서도
> 마크다운을지원합니다.

|테이블|작성|해볼게요|
|--|--|--|
|이현기|김지훈|바보|',to_date('2021-06-25 14:59:54','YYYY-MM-DD HH24:MI:SS'),'104/04db55cf-9f70-49f1-b2dd-f5a1d3e480b5_depositphotos_39258143-stock-illustration-businessman-avatar-profile-picture.jpg');
Insert into NEWS (NEWS_SID,PROJ_NO,MEM_NO,NEWS_NO,NEWS_TITLE,NEWS_CONT,NEWS_WRITE_DATE,ATCH_FILE_SID) values (77,104,4,16,'뉴스 재 등록','테이블 안한다.',to_date('2021-06-25 15:01:00','YYYY-MM-DD HH24:MI:SS'),'104/e4c511a0-0fca-405c-a1ab-62405c67bfdb_depositphotos_39258143-stock-illustration-businessman-avatar-profile-picture.jpg');
Insert into NEWS (NEWS_SID,PROJ_NO,MEM_NO,NEWS_NO,NEWS_TITLE,NEWS_CONT,NEWS_WRITE_DATE,ATCH_FILE_SID) values (20,103,3,16,'전자정부 표준 풀-스택 개발자 양성과정 6기 합격을 축하합니다.','# 전자정부 표준 프레임워크 기반 풀-스택 개발자 양성과정 11월반을 환영합니다

다음주 월요일부터 앞으로 8개월간 수업이 진행되며 내년 2021-06-29일에 수료하게 됩니다. 
긴 시간인 만큼 잘 준비해서 좋은 결과 얻길 바랍니다',to_date('2020-11-16 19:06:52','YYYY-MM-DD HH24:MI:SS'),'103/2011.jpg');
Insert into NEWS (NEWS_SID,PROJ_NO,MEM_NO,NEWS_NO,NEWS_TITLE,NEWS_CONT,NEWS_WRITE_DATE,ATCH_FILE_SID) values (79,103,3,17,'조 회의 진행중','열심히 하는 모습 보기 좋당',to_date('2021-05-15 19:22:11','YYYY-MM-DD HH24:MI:SS'),'103/ed21c2fd-05db-4a27-9766-1904914d92a5_IMG_4034.JPG');
Insert into NEWS (NEWS_SID,PROJ_NO,MEM_NO,NEWS_NO,NEWS_TITLE,NEWS_CONT,NEWS_WRITE_DATE,ATCH_FILE_SID) values (80,103,3,18,'히수조 학사관리 시스템 팀 회의 중!!','열정 넘쳐 
멋졍',to_date('2021-05-15 19:22:44','YYYY-MM-DD HH24:MI:SS'),'103/cecbb1d5-6525-4460-bfa7-3eb5127d4845_IMG_4035.JPG');
Insert into NEWS (NEWS_SID,PROJ_NO,MEM_NO,NEWS_NO,NEWS_TITLE,NEWS_CONT,NEWS_WRITE_DATE,ATCH_FILE_SID) values (81,103,3,19,'아늬! 커플룩????','### 커플룩 이라니!!!
',to_date('2021-06-03 19:32:28','YYYY-MM-DD HH24:MI:SS'),'103/490cff8a-86f1-4cc7-9a14-88d64cb439fe_IMG_3977.png');
Insert into NEWS (NEWS_SID,PROJ_NO,MEM_NO,NEWS_NO,NEWS_TITLE,NEWS_CONT,NEWS_WRITE_DATE,ATCH_FILE_SID) values (82,103,3,20,'최종발표 리허설 중','떨지마 선쥰!!!!
잘 하구 있다!!!!
',to_date('2021-06-25 19:33:23','YYYY-MM-DD HH24:MI:SS'),'103/9772771a-6537-4800-9761-252de323afab_IMG_4039.png');
Insert into NEWS (NEWS_SID,PROJ_NO,MEM_NO,NEWS_NO,NEWS_TITLE,NEWS_CONT,NEWS_WRITE_DATE,ATCH_FILE_SID) values (83,104,4,17,'뉴스 등록 해보기','# 뉴스에서 마크다운 가능합니다.',to_date('2021-06-25 21:42:18','YYYY-MM-DD HH24:MI:SS'),'104/b265845e-2a4b-4698-871d-8e0f6cf5e0f7_1153e3f509804ef88e1bcb02a6adabe2.jpg');
Insert into NEWS (NEWS_SID,PROJ_NO,MEM_NO,NEWS_NO,NEWS_TITLE,NEWS_CONT,NEWS_WRITE_DATE,ATCH_FILE_SID) values (84,245,3,1,'새로운 뉴스를 추가합니다.','# 프로젝트에서 일어나는 새로운 뉴스를 추가합니다.
',to_date('2021-06-25 21:52:39','YYYY-MM-DD HH24:MI:SS'),'245/e53549b9-fc64-4739-9e07-0130651f4560_test_pic_2.jpg');
Insert into NEWS (NEWS_SID,PROJ_NO,MEM_NO,NEWS_NO,NEWS_TITLE,NEWS_CONT,NEWS_WRITE_DATE,ATCH_FILE_SID) values (95,248,3,1,'새로운 뉴스를 추가 합니다.','# 뉴스 추가 마크다운 ',to_date('2021-06-26 16:36:04','YYYY-MM-DD HH24:MI:SS'),'248/080f002b-14bc-4e8f-92ba-a8a9704ffaa3_test_pic_5.jpg');
Insert into NEWS (NEWS_SID,PROJ_NO,MEM_NO,NEWS_NO,NEWS_TITLE,NEWS_CONT,NEWS_WRITE_DATE,ATCH_FILE_SID) values (86,1,3,104,'아이젠 열일중','## 아이젠 마지막까지 열일중
',to_date('2021-06-26 15:53:26','YYYY-MM-DD HH24:MI:SS'),'1/223ca2b2-9675-4675-bdb5-c7c121617f90_IMG_4052.png');
Insert into NEWS (NEWS_SID,PROJ_NO,MEM_NO,NEWS_NO,NEWS_TITLE,NEWS_CONT,NEWS_WRITE_DATE,ATCH_FILE_SID) values (87,1,3,105,'쉐인도 열일 열일','### 쉐인도 열일중',to_date('2021-06-26 15:53:49','YYYY-MM-DD HH24:MI:SS'),'1/479e8933-3a30-4f8f-abc1-55fd9565e85a_IMG_4053.png');
Insert into NEWS (NEWS_SID,PROJ_NO,MEM_NO,NEWS_NO,NEWS_TITLE,NEWS_CONT,NEWS_WRITE_DATE,ATCH_FILE_SID) values (88,1,3,106,'오류잡기','## 오류잡기중',to_date('2021-06-26 15:58:12','YYYY-MM-DD HH24:MI:SS'),'1/3ea821db-26b7-413a-8bf0-e14640354abc_IMG_4055.png');
Insert into NEWS (NEWS_SID,PROJ_NO,MEM_NO,NEWS_NO,NEWS_TITLE,NEWS_CONT,NEWS_WRITE_DATE,ATCH_FILE_SID) values (89,1,3,107,'completed!!','### completed!!',to_date('2021-06-26 15:58:54','YYYY-MM-DD HH24:MI:SS'),'1/56bb9198-36d4-4a39-80ff-95103c7972ce_IMG_4058.png');
Insert into NEWS (NEWS_SID,PROJ_NO,MEM_NO,NEWS_NO,NEWS_TITLE,NEWS_CONT,NEWS_WRITE_DATE,ATCH_FILE_SID) values (90,104,4,18,'새소식','# 새소식 입니다
## 대덕 인재 개발원 풀 스택 6기 인원들이 최종 발표를 한다고 합니다.
> 다들 잘 했으면 좋겠어요 ! 화이팅 !',to_date('2021-06-26 15:59:18','YYYY-MM-DD HH24:MI:SS'),null);
Insert into NEWS (NEWS_SID,PROJ_NO,MEM_NO,NEWS_NO,NEWS_TITLE,NEWS_CONT,NEWS_WRITE_DATE,ATCH_FILE_SID) values (91,1,3,108,'화면 테스트 중','## 화면 테스트 중 입니다',to_date('2021-06-26 15:59:18','YYYY-MM-DD HH24:MI:SS'),'1/4d3479d5-a3fb-4311-a6fd-5dbba35e9df9_IMG_4059.png');
Insert into NEWS (NEWS_SID,PROJ_NO,MEM_NO,NEWS_NO,NEWS_TITLE,NEWS_CONT,NEWS_WRITE_DATE,ATCH_FILE_SID) values (92,1,3,109,'벌써 한달이 끝났어','## 시간 너무 빠름',to_date('2021-06-26 16:02:26','YYYY-MM-DD HH24:MI:SS'),'1/6f224061-c07e-4566-a715-8198da7bf748_IMG_4060.png');
Insert into NEWS (NEWS_SID,PROJ_NO,MEM_NO,NEWS_NO,NEWS_TITLE,NEWS_CONT,NEWS_WRITE_DATE,ATCH_FILE_SID) values (93,1,3,110,'누구세요!누가이런 좋은 글을!','고맙고맙',to_date('2021-06-26 16:03:11','YYYY-MM-DD HH24:MI:SS'),'1/1236b8f8-63d1-42b9-8cde-21071975fdb3_IMG_4062.png');
Insert into NEWS (NEWS_SID,PROJ_NO,MEM_NO,NEWS_NO,NEWS_TITLE,NEWS_CONT,NEWS_WRITE_DATE,ATCH_FILE_SID) values (94,1,3,111,'마지막에 나가서 맨 처음 들어오기','성공함',to_date('2021-06-26 16:03:34','YYYY-MM-DD HH24:MI:SS'),'1/e5e1a43c-1ff2-49c2-9982-2ae8d7169229_IMG_2418.png');
Insert into NEWS (NEWS_SID,PROJ_NO,MEM_NO,NEWS_NO,NEWS_TITLE,NEWS_CONT,NEWS_WRITE_DATE,ATCH_FILE_SID) values (57,103,3,21,'너무 추워요 ㅠㅠㅠ 문좀 문좀!! 닫아주세요ㅠㅠ','## 너무 춥당',to_date('2021-01-08 16:12:34','YYYY-MM-DD HH24:MI:SS'),'103/aafce10c-dc10-4d4e-abb6-1aab97221cb8_IMG_4054.png');
Insert into NEWS (NEWS_SID,PROJ_NO,MEM_NO,NEWS_NO,NEWS_TITLE,NEWS_CONT,NEWS_WRITE_DATE,ATCH_FILE_SID) values (96,104,4,19,'뉴스','# 새소식 입니다
## 대덕 인재 개발원 풀 스택 6기 인원들이 최종 발표를 한다고 합니다.
> 다들 잘 했으면 좋겠어요 ! 화이팅 !"',to_date('2021-06-26 17:28:20','YYYY-MM-DD HH24:MI:SS'),null);
REM INSERTING into NEWS_COMMENT
SET DEFINE OFF;
Insert into NEWS_COMMENT (NEWS_COM_NO,NEWS_SID,MEM_NO,NEWS_COM_CONT,NEWS_COM_DATE) values (80,70,4,'댓',to_date('2021-06-24 23:17:42','YYYY-MM-DD HH24:MI:SS'));
Insert into NEWS_COMMENT (NEWS_COM_NO,NEWS_SID,MEM_NO,NEWS_COM_CONT,NEWS_COM_DATE) values (81,70,4,'newsBox',to_date('2021-06-24 23:17:42','YYYY-MM-DD HH24:MI:SS'));
Insert into NEWS_COMMENT (NEWS_COM_NO,NEWS_SID,MEM_NO,NEWS_COM_CONT,NEWS_COM_DATE) values (82,70,4,'12',to_date('2021-06-24 23:17:46','YYYY-MM-DD HH24:MI:SS'));
Insert into NEWS_COMMENT (NEWS_COM_NO,NEWS_SID,MEM_NO,NEWS_COM_CONT,NEWS_COM_DATE) values (83,70,4,'123',to_date('2021-06-24 23:17:47','YYYY-MM-DD HH24:MI:SS'));
Insert into NEWS_COMMENT (NEWS_COM_NO,NEWS_SID,MEM_NO,NEWS_COM_CONT,NEWS_COM_DATE) values (84,70,4,'123',to_date('2021-06-24 23:17:49','YYYY-MM-DD HH24:MI:SS'));
Insert into NEWS_COMMENT (NEWS_COM_NO,NEWS_SID,MEM_NO,NEWS_COM_CONT,NEWS_COM_DATE) values (92,83,4,'댓글 달기',to_date('2021-06-26 15:52:07','YYYY-MM-DD HH24:MI:SS'));
Insert into NEWS_COMMENT (NEWS_COM_NO,NEWS_SID,MEM_NO,NEWS_COM_CONT,NEWS_COM_DATE) values (85,77,4,'^^',to_date('2021-06-25 15:01:17','YYYY-MM-DD HH24:MI:SS'));
Insert into NEWS_COMMENT (NEWS_COM_NO,NEWS_SID,MEM_NO,NEWS_COM_CONT,NEWS_COM_DATE) values (86,72,4,'미팅 참여중',to_date('2021-06-25 18:28:12','YYYY-MM-DD HH24:MI:SS'));
Insert into NEWS_COMMENT (NEWS_COM_NO,NEWS_SID,MEM_NO,NEWS_COM_CONT,NEWS_COM_DATE) values (87,70,4,'댓글도 가능합니다.',to_date('2021-06-25 21:42:39','YYYY-MM-DD HH24:MI:SS'));
Insert into NEWS_COMMENT (NEWS_COM_NO,NEWS_SID,MEM_NO,NEWS_COM_CONT,NEWS_COM_DATE) values (88,84,3,'뉴스에는 댓글을 작성할 수 있습니다.',to_date('2021-06-25 21:52:56','YYYY-MM-DD HH24:MI:SS'));
Insert into NEWS_COMMENT (NEWS_COM_NO,NEWS_SID,MEM_NO,NEWS_COM_CONT,NEWS_COM_DATE) values (57,46,4,'댓글 테스트',to_date('2021-06-22 00:00:00','YYYY-MM-DD HH24:MI:SS'));
Insert into NEWS_COMMENT (NEWS_COM_NO,NEWS_SID,MEM_NO,NEWS_COM_CONT,NEWS_COM_DATE) values (89,60,4,'주문 어떻게 하나요?',to_date('2021-06-25 23:55:46','YYYY-MM-DD HH24:MI:SS'));
Insert into NEWS_COMMENT (NEWS_COM_NO,NEWS_SID,MEM_NO,NEWS_COM_CONT,NEWS_COM_DATE) values (90,60,4,'카톡으로 하면 돼요! 공지에 올릴게요',to_date('2021-06-25 23:56:00','YYYY-MM-DD HH24:MI:SS'));
Insert into NEWS_COMMENT (NEWS_COM_NO,NEWS_SID,MEM_NO,NEWS_COM_CONT,NEWS_COM_DATE) values (91,83,4,'ㅎㅎ',to_date('2021-06-26 11:10:19','YYYY-MM-DD HH24:MI:SS'));
Insert into NEWS_COMMENT (NEWS_COM_NO,NEWS_SID,MEM_NO,NEWS_COM_CONT,NEWS_COM_DATE) values (93,95,3,'댓글 입력이 가능합니다.',to_date('2021-06-26 16:36:11','YYYY-MM-DD HH24:MI:SS'));
Insert into NEWS_COMMENT (NEWS_COM_NO,NEWS_SID,MEM_NO,NEWS_COM_CONT,NEWS_COM_DATE) values (94,90,4,'댓글입니다.',to_date('2021-06-26 17:27:31','YYYY-MM-DD HH24:MI:SS'));
Insert into NEWS_COMMENT (NEWS_COM_NO,NEWS_SID,MEM_NO,NEWS_COM_CONT,NEWS_COM_DATE) values (60,52,4,'ㅇㅋ',to_date('2021-06-23 00:00:00','YYYY-MM-DD HH24:MI:SS'));
Insert into NEWS_COMMENT (NEWS_COM_NO,NEWS_SID,MEM_NO,NEWS_COM_CONT,NEWS_COM_DATE) values (61,63,3,'우린 진짜 복받은거',to_date('2021-06-24 19:44:33','YYYY-MM-DD HH24:MI:SS'));
Insert into NEWS_COMMENT (NEWS_COM_NO,NEWS_SID,MEM_NO,NEWS_COM_CONT,NEWS_COM_DATE) values (62,63,3,'졸지마요 카톡 꺼요',to_date('2021-06-24 19:44:43','YYYY-MM-DD HH24:MI:SS'));
Insert into NEWS_COMMENT (NEWS_COM_NO,NEWS_SID,MEM_NO,NEWS_COM_CONT,NEWS_COM_DATE) values (63,62,3,'실제 사용가능한 페이지라 너무 좋았어요!!',to_date('2021-06-24 19:45:05','YYYY-MM-DD HH24:MI:SS'));
Insert into NEWS_COMMENT (NEWS_COM_NO,NEWS_SID,MEM_NO,NEWS_COM_CONT,NEWS_COM_DATE) values (64,61,3,'떨지마 선준!!!!!',to_date('2021-06-24 19:45:14','YYYY-MM-DD HH24:MI:SS'));
Insert into NEWS_COMMENT (NEWS_COM_NO,NEWS_SID,MEM_NO,NEWS_COM_CONT,NEWS_COM_DATE) values (65,61,3,'발표 너무 잘하다 스터디 카페',to_date('2021-06-24 19:45:25','YYYY-MM-DD HH24:MI:SS'));
Insert into NEWS_COMMENT (NEWS_COM_NO,NEWS_SID,MEM_NO,NEWS_COM_CONT,NEWS_COM_DATE) values (74,56,3,'벌써 1월 이라니...',to_date('2021-06-24 19:47:01','YYYY-MM-DD HH24:MI:SS'));
Insert into NEWS_COMMENT (NEWS_COM_NO,NEWS_SID,MEM_NO,NEWS_COM_CONT,NEWS_COM_DATE) values (75,56,3,'시간 너무 빠르다 ㅠㅠㅠㅠㅠㅠ',to_date('2021-06-24 19:47:07','YYYY-MM-DD HH24:MI:SS'));
Insert into NEWS_COMMENT (NEWS_COM_NO,NEWS_SID,MEM_NO,NEWS_COM_CONT,NEWS_COM_DATE) values (76,56,3,'좀있으면 이제 마지막 날 이다 벌써!!!! 그러겠다 ㅠㅠㅠㅠㅠ',to_date('2021-06-24 19:47:21','YYYY-MM-DD HH24:MI:SS'));
Insert into NEWS_COMMENT (NEWS_COM_NO,NEWS_SID,MEM_NO,NEWS_COM_CONT,NEWS_COM_DATE) values (77,56,3,'집중합시다 빡시게 해봅시다!!',to_date('2021-06-24 19:47:34','YYYY-MM-DD HH24:MI:SS'));
Insert into NEWS_COMMENT (NEWS_COM_NO,NEWS_SID,MEM_NO,NEWS_COM_CONT,NEWS_COM_DATE) values (78,64,3,'둘이 모야모야 ㅋㅋㅋㅋㅋㅋㅋㅋㅋㅋㅋ',to_date('2021-06-24 20:29:27','YYYY-MM-DD HH24:MI:SS'));
REM INSERTING into PAYMENT
SET DEFINE OFF;
REM INSERTING into PAY_PLAN
SET DEFINE OFF;
REM INSERTING into PROJECT
SET DEFINE OFF;
Insert into PROJECT (PROJ_NO,MEM_NO,PROJ_TITLE,PROJ_CONT,PROJ_START_DATE,PROJ_EST_END_DATE,ISSUE_PRIORITY_SET,PROJ_MODULE_SET,PROJ_STATUS) values (41,1,'GilsTestProject','test',to_date('2021-06-16 00:00:00','YYYY-MM-DD HH24:MI:SS'),null,63,255,'0');
Insert into PROJECT (PROJ_NO,MEM_NO,PROJ_TITLE,PROJ_CONT,PROJ_START_DATE,PROJ_EST_END_DATE,ISSUE_PRIORITY_SET,PROJ_MODULE_SET,PROJ_STATUS) values (62,125,'test','테스트용',to_date('2021-06-17 00:00:00','YYYY-MM-DD HH24:MI:SS'),null,63,255,'0');
Insert into PROJECT (PROJ_NO,MEM_NO,PROJ_TITLE,PROJ_CONT,PROJ_START_DATE,PROJ_EST_END_DATE,ISSUE_PRIORITY_SET,PROJ_MODULE_SET,PROJ_STATUS) values (65,125,'test4','test4',to_date('2021-06-17 00:00:00','YYYY-MM-DD HH24:MI:SS'),null,63,255,'0');
Insert into PROJECT (PROJ_NO,MEM_NO,PROJ_TITLE,PROJ_CONT,PROJ_START_DATE,PROJ_EST_END_DATE,ISSUE_PRIORITY_SET,PROJ_MODULE_SET,PROJ_STATUS) values (67,125,'test6','gg',to_date('2021-06-17 00:00:00','YYYY-MM-DD HH24:MI:SS'),to_date('2021-06-18 00:00:00','YYYY-MM-DD HH24:MI:SS'),63,255,'0');
Insert into PROJECT (PROJ_NO,MEM_NO,PROJ_TITLE,PROJ_CONT,PROJ_START_DATE,PROJ_EST_END_DATE,ISSUE_PRIORITY_SET,PROJ_MODULE_SET,PROJ_STATUS) values (68,125,'test7','test7',to_date('2021-06-17 00:00:00','YYYY-MM-DD HH24:MI:SS'),null,63,255,'0');
Insert into PROJECT (PROJ_NO,MEM_NO,PROJ_TITLE,PROJ_CONT,PROJ_START_DATE,PROJ_EST_END_DATE,ISSUE_PRIORITY_SET,PROJ_MODULE_SET,PROJ_STATUS) values (121,4,'kanbantest','123',to_date('2021-06-21 00:00:00','YYYY-MM-DD HH24:MI:SS'),null,63,255,'1');
Insert into PROJECT (PROJ_NO,MEM_NO,PROJ_TITLE,PROJ_CONT,PROJ_START_DATE,PROJ_EST_END_DATE,ISSUE_PRIORITY_SET,PROJ_MODULE_SET,PROJ_STATUS) values (201,264,'hankkeut','한글 끝말잇기 게임을 만들어보는 프로젝트
',to_date('2021-06-24 00:00:00','YYYY-MM-DD HH24:MI:SS'),null,63,255,'0');
Insert into PROJECT (PROJ_NO,MEM_NO,PROJ_TITLE,PROJ_CONT,PROJ_START_DATE,PROJ_EST_END_DATE,ISSUE_PRIORITY_SET,PROJ_MODULE_SET,PROJ_STATUS) values (205,241,'Recibee','원하는 레시피를 제공하는 웹 페이지 구현',to_date('2021-06-24 00:00:00','YYYY-MM-DD HH24:MI:SS'),null,63,255,'0');
Insert into PROJECT (PROJ_NO,MEM_NO,PROJ_TITLE,PROJ_CONT,PROJ_START_DATE,PROJ_EST_END_DATE,ISSUE_PRIORITY_SET,PROJ_MODULE_SET,PROJ_STATUS) values (2,3,'testproject22','더미 테스트 입니다',to_date('2021-05-03 00:00:00','YYYY-MM-DD HH24:MI:SS'),to_date('2021-06-28 00:00:00','YYYY-MM-DD HH24:MI:SS'),63,255,'0');
Insert into PROJECT (PROJ_NO,MEM_NO,PROJ_TITLE,PROJ_CONT,PROJ_START_DATE,PROJ_EST_END_DATE,ISSUE_PRIORITY_SET,PROJ_MODULE_SET,PROJ_STATUS) values (24,4,'btest','프로젝트 생성 테스트',to_date('2021-06-14 00:00:00','YYYY-MM-DD HH24:MI:SS'),null,63,170,'1');
Insert into PROJECT (PROJ_NO,MEM_NO,PROJ_TITLE,PROJ_CONT,PROJ_START_DATE,PROJ_EST_END_DATE,ISSUE_PRIORITY_SET,PROJ_MODULE_SET,PROJ_STATUS) values (25,4,'ctest',null,to_date('2021-06-14 00:00:00','YYYY-MM-DD HH24:MI:SS'),to_date('2021-06-20 00:00:00','YYYY-MM-DD HH24:MI:SS'),63,0,'1');
Insert into PROJECT (PROJ_NO,MEM_NO,PROJ_TITLE,PROJ_CONT,PROJ_START_DATE,PROJ_EST_END_DATE,ISSUE_PRIORITY_SET,PROJ_MODULE_SET,PROJ_STATUS) values (26,4,'dtest','zz',to_date('2021-06-14 00:00:00','YYYY-MM-DD HH24:MI:SS'),null,63,255,'0');
Insert into PROJECT (PROJ_NO,MEM_NO,PROJ_TITLE,PROJ_CONT,PROJ_START_DATE,PROJ_EST_END_DATE,ISSUE_PRIORITY_SET,PROJ_MODULE_SET,PROJ_STATUS) values (82,4,'ttest',null,to_date('2021-06-19 00:00:00','YYYY-MM-DD HH24:MI:SS'),null,63,255,'1');
Insert into PROJECT (PROJ_NO,MEM_NO,PROJ_TITLE,PROJ_CONT,PROJ_START_DATE,PROJ_EST_END_DATE,ISSUE_PRIORITY_SET,PROJ_MODULE_SET,PROJ_STATUS) values (103,4,'ddit302','대덕인재 개발원 302호',to_date('2020-11-16 00:00:00','YYYY-MM-DD HH24:MI:SS'),to_date('2021-06-29 00:00:00','YYYY-MM-DD HH24:MI:SS'),63,255,'0');
Insert into PROJECT (PROJ_NO,MEM_NO,PROJ_TITLE,PROJ_CONT,PROJ_START_DATE,PROJ_EST_END_DATE,ISSUE_PRIORITY_SET,PROJ_MODULE_SET,PROJ_STATUS) values (182,5,'ddit302','ddit 302 test',to_date('2021-06-23 00:00:00','YYYY-MM-DD HH24:MI:SS'),null,63,255,'1');
Insert into PROJECT (PROJ_NO,MEM_NO,PROJ_TITLE,PROJ_CONT,PROJ_START_DATE,PROJ_EST_END_DATE,ISSUE_PRIORITY_SET,PROJ_MODULE_SET,PROJ_STATUS) values (183,5,'JJLMOVIE','영화 정보와 편리한 예매 기능을 제공함으로써 회원들의 문화수준을 향상 할 수 있다.',to_date('2020-12-24 00:00:00','YYYY-MM-DD HH24:MI:SS'),to_date('2020-12-31 00:00:00','YYYY-MM-DD HH24:MI:SS'),63,255,'0');
Insert into PROJECT (PROJ_NO,MEM_NO,PROJ_TITLE,PROJ_CONT,PROJ_START_DATE,PROJ_EST_END_DATE,ISSUE_PRIORITY_SET,PROJ_MODULE_SET,PROJ_STATUS) values (184,245,'Melon','사용자가 원하는 음악을 간편하고 편리하게 들을 수 있다.',to_date('2020-12-24 00:00:00','YYYY-MM-DD HH24:MI:SS'),to_date('2020-12-31 00:00:00','YYYY-MM-DD HH24:MI:SS'),63,255,'0');
Insert into PROJECT (PROJ_NO,MEM_NO,PROJ_TITLE,PROJ_CONT,PROJ_START_DATE,PROJ_EST_END_DATE,ISSUE_PRIORITY_SET,PROJ_MODULE_SET,PROJ_STATUS) values (186,255,'BIBIDIBABIDIBOOK','도서 판매를 지원하고 관리자로서 관리프로그램을 지원',to_date('2020-12-24 00:00:00','YYYY-MM-DD HH24:MI:SS'),to_date('2020-12-31 00:00:00','YYYY-MM-DD HH24:MI:SS'),63,255,'0');
Insert into PROJECT (PROJ_NO,MEM_NO,PROJ_TITLE,PROJ_CONT,PROJ_START_DATE,PROJ_EST_END_DATE,ISSUE_PRIORITY_SET,PROJ_MODULE_SET,PROJ_STATUS) values (188,1,'javaflex','넷플릭스의 알고리즘과 구조를이해하고 실질적으로 콘솔창에서 구현',to_date('2020-12-24 00:00:00','YYYY-MM-DD HH24:MI:SS'),to_date('2020-12-31 00:00:00','YYYY-MM-DD HH24:MI:SS'),63,255,'0');
Insert into PROJECT (PROJ_NO,MEM_NO,PROJ_TITLE,PROJ_CONT,PROJ_START_DATE,PROJ_EST_END_DATE,ISSUE_PRIORITY_SET,PROJ_MODULE_SET,PROJ_STATUS) values (189,247,'applestore','애플 스토어 구현',to_date('2020-12-24 00:00:00','YYYY-MM-DD HH24:MI:SS'),to_date('2020-12-31 00:00:00','YYYY-MM-DD HH24:MI:SS'),63,255,'0');
Insert into PROJECT (PROJ_NO,MEM_NO,PROJ_TITLE,PROJ_CONT,PROJ_START_DATE,PROJ_EST_END_DATE,ISSUE_PRIORITY_SET,PROJ_MODULE_SET,PROJ_STATUS) values (202,256,'MobileDeviceRentalService','모바일 기기를 대여하는 서비스 웹 페이지 구현',to_date('2021-06-24 00:00:00','YYYY-MM-DD HH24:MI:SS'),null,63,255,'0');
Insert into PROJECT (PROJ_NO,MEM_NO,PROJ_TITLE,PROJ_CONT,PROJ_START_DATE,PROJ_EST_END_DATE,ISSUE_PRIORITY_SET,PROJ_MODULE_SET,PROJ_STATUS) values (203,1,'OffLoneTravel','집에서 떠나는 국내 여행 페이지 구현',to_date('2021-06-24 00:00:00','YYYY-MM-DD HH24:MI:SS'),null,63,255,'0');
Insert into PROJECT (PROJ_NO,MEM_NO,PROJ_TITLE,PROJ_CONT,PROJ_START_DATE,PROJ_EST_END_DATE,ISSUE_PRIORITY_SET,PROJ_MODULE_SET,PROJ_STATUS) values (204,247,'StudyCafe','스터디카페 예약 페이지 구현',to_date('2021-06-24 00:00:00','YYYY-MM-DD HH24:MI:SS'),null,63,255,'0');
Insert into PROJECT (PROJ_NO,MEM_NO,PROJ_TITLE,PROJ_CONT,PROJ_START_DATE,PROJ_EST_END_DATE,ISSUE_PRIORITY_SET,PROJ_MODULE_SET,PROJ_STATUS) values (27,3,'testa','testa',to_date('2021-06-14 00:00:00','YYYY-MM-DD HH24:MI:SS'),null,63,254,'1');
Insert into PROJECT (PROJ_NO,MEM_NO,PROJ_TITLE,PROJ_CONT,PROJ_START_DATE,PROJ_EST_END_DATE,ISSUE_PRIORITY_SET,PROJ_MODULE_SET,PROJ_STATUS) values (161,264,'shms','shms는 학사 관리 시스템 입니다.
학사관리자 : 그룹웨어 기능을 바탕으로 학교의 전반적인 사항 관리, 교수 및 학생 관리를 더 효율적이고 편리하게 온라인 웹 서비스를 제공합니다.
교수 및 학생 : 그룹웨어 기능을 바탕으로 편리하게 학교 시설을 이용하고 본인의 정보를 관리합니다.',to_date('2021-05-12 00:00:00','YYYY-MM-DD HH24:MI:SS'),to_date('2021-06-28 00:00:00','YYYY-MM-DD HH24:MI:SS'),63,255,'0');
Insert into PROJECT (PROJ_NO,MEM_NO,PROJ_TITLE,PROJ_CONT,PROJ_START_DATE,PROJ_EST_END_DATE,ISSUE_PRIORITY_SET,PROJ_MODULE_SET,PROJ_STATUS) values (190,243,'biglibrary','독서 문화를 장려하고, 바쁜 현대인들과 문화소외계층에게 보다 간편하고 쉽게 접근 할 수 있는 플랫폼을 만드는 것이 최종목표이다.',to_date('2020-12-24 00:00:00','YYYY-MM-DD HH24:MI:SS'),to_date('2020-12-31 00:00:00','YYYY-MM-DD HH24:MI:SS'),63,255,'0');
Insert into PROJECT (PROJ_NO,MEM_NO,PROJ_TITLE,PROJ_CONT,PROJ_START_DATE,PROJ_EST_END_DATE,ISSUE_PRIORITY_SET,PROJ_MODULE_SET,PROJ_STATUS) values (1,4,'gaia','Project Management System 을 만드는 프로젝트입니다.
프로젝트를 관리하는 프로젝트를 관리하는 프로젝트를  최종 프로젝트로 진행중 입니다.',to_date('2021-05-12 00:00:00','YYYY-MM-DD HH24:MI:SS'),to_date('2021-06-28 00:00:00','YYYY-MM-DD HH24:MI:SS'),60,255,'0');
Insert into PROJECT (PROJ_NO,MEM_NO,PROJ_TITLE,PROJ_CONT,PROJ_START_DATE,PROJ_EST_END_DATE,ISSUE_PRIORITY_SET,PROJ_MODULE_SET,PROJ_STATUS) values (4,4,'playddit','대덕인재개발원 학생들을 위한 소셜 네트워크 구현',to_date('2021-02-01 00:00:00','YYYY-MM-DD HH24:MI:SS'),to_date('2021-03-08 00:00:00','YYYY-MM-DD HH24:MI:SS'),63,255,'0');
Insert into PROJECT (PROJ_NO,MEM_NO,PROJ_TITLE,PROJ_CONT,PROJ_START_DATE,PROJ_EST_END_DATE,ISSUE_PRIORITY_SET,PROJ_MODULE_SET,PROJ_STATUS) values (5,3,'helloworld','어떤 프로젝트',to_date('2021-02-01 00:00:00','YYYY-MM-DD HH24:MI:SS'),to_date('2021-03-08 00:00:00','YYYY-MM-DD HH24:MI:SS'),63,255,'0');
Insert into PROJECT (PROJ_NO,MEM_NO,PROJ_TITLE,PROJ_CONT,PROJ_START_DATE,PROJ_EST_END_DATE,ISSUE_PRIORITY_SET,PROJ_MODULE_SET,PROJ_STATUS) values (6,1,'omm','오늘 뭐먹지?',to_date('2021-02-01 00:00:00','YYYY-MM-DD HH24:MI:SS'),to_date('2021-03-08 00:00:00','YYYY-MM-DD HH24:MI:SS'),63,255,'0');
Insert into PROJECT (PROJ_NO,MEM_NO,PROJ_TITLE,PROJ_CONT,PROJ_START_DATE,PROJ_EST_END_DATE,ISSUE_PRIORITY_SET,PROJ_MODULE_SET,PROJ_STATUS) values (81,4,'tttest',null,to_date('2021-06-19 00:00:00','YYYY-MM-DD HH24:MI:SS'),null,63,255,'0');
Insert into PROJECT (PROJ_NO,MEM_NO,PROJ_TITLE,PROJ_CONT,PROJ_START_DATE,PROJ_EST_END_DATE,ISSUE_PRIORITY_SET,PROJ_MODULE_SET,PROJ_STATUS) values (104,4,'testproject','테스트는 여기에서 해주세요',to_date('2021-06-21 00:00:00','YYYY-MM-DD HH24:MI:SS'),to_date('2021-06-30 00:00:00','YYYY-MM-DD HH24:MI:SS'),62,255,'0');
Insert into PROJECT (PROJ_NO,MEM_NO,PROJ_TITLE,PROJ_CONT,PROJ_START_DATE,PROJ_EST_END_DATE,ISSUE_PRIORITY_SET,PROJ_MODULE_SET,PROJ_STATUS) values (181,5,'testpp','asdf',to_date('2021-06-23 00:00:00','YYYY-MM-DD HH24:MI:SS'),null,63,255,'1');
Insert into PROJECT (PROJ_NO,MEM_NO,PROJ_TITLE,PROJ_CONT,PROJ_START_DATE,PROJ_EST_END_DATE,ISSUE_PRIORITY_SET,PROJ_MODULE_SET,PROJ_STATUS) values (185,246,'FACESTAR','소셜 네트워크 서비스(SNS)를 통한 소통 및 관계 활성화',to_date('2020-12-24 00:00:00','YYYY-MM-DD HH24:MI:SS'),to_date('2020-12-31 00:00:00','YYYY-MM-DD HH24:MI:SS'),63,255,'0');
Insert into PROJECT (PROJ_NO,MEM_NO,PROJ_TITLE,PROJ_CONT,PROJ_START_DATE,PROJ_EST_END_DATE,ISSUE_PRIORITY_SET,PROJ_MODULE_SET,PROJ_STATUS) values (187,4,'WhatShallWeEatToday','원하는 조건에 맞는 음식점을 추천해주고, 리뷰와 별점을 매길 수 있는 사이트
대상 : 대덕인재 개발원 학생들',to_date('2020-12-24 00:00:00','YYYY-MM-DD HH24:MI:SS'),to_date('2020-12-31 00:00:00','YYYY-MM-DD HH24:MI:SS'),63,255,'0');
Insert into PROJECT (PROJ_NO,MEM_NO,PROJ_TITLE,PROJ_CONT,PROJ_START_DATE,PROJ_EST_END_DATE,ISSUE_PRIORITY_SET,PROJ_MODULE_SET,PROJ_STATUS) values (3,41,'pro','project initialized',to_date('2021-06-03 00:00:00','YYYY-MM-DD HH24:MI:SS'),to_date('2021-08-03 00:00:00','YYYY-MM-DD HH24:MI:SS'),63,255,'0');
Insert into PROJECT (PROJ_NO,MEM_NO,PROJ_TITLE,PROJ_CONT,PROJ_START_DATE,PROJ_EST_END_DATE,ISSUE_PRIORITY_SET,PROJ_MODULE_SET,PROJ_STATUS) values (23,4,'A','점점 성공에 가까워진다.',to_date('2021-06-14 00:00:00','YYYY-MM-DD HH24:MI:SS'),null,63,255,'1');
Insert into PROJECT (PROJ_NO,MEM_NO,PROJ_TITLE,PROJ_CONT,PROJ_START_DATE,PROJ_EST_END_DATE,ISSUE_PRIORITY_SET,PROJ_MODULE_SET,PROJ_STATUS) values (61,4,'Etest','또 테스트 해본다.',to_date('2021-06-17 00:00:00','YYYY-MM-DD HH24:MI:SS'),null,63,255,'0');
Insert into PROJECT (PROJ_NO,MEM_NO,PROJ_TITLE,PROJ_CONT,PROJ_START_DATE,PROJ_EST_END_DATE,ISSUE_PRIORITY_SET,PROJ_MODULE_SET,PROJ_STATUS) values (63,125,'test2','또 테스트',to_date('2021-06-17 00:00:00','YYYY-MM-DD HH24:MI:SS'),null,63,255,'0');
Insert into PROJECT (PROJ_NO,MEM_NO,PROJ_TITLE,PROJ_CONT,PROJ_START_DATE,PROJ_EST_END_DATE,ISSUE_PRIORITY_SET,PROJ_MODULE_SET,PROJ_STATUS) values (64,125,'test3','test3',to_date('2021-06-17 00:00:00','YYYY-MM-DD HH24:MI:SS'),null,63,255,'0');
Insert into PROJECT (PROJ_NO,MEM_NO,PROJ_TITLE,PROJ_CONT,PROJ_START_DATE,PROJ_EST_END_DATE,ISSUE_PRIORITY_SET,PROJ_MODULE_SET,PROJ_STATUS) values (66,125,'test5','5번 테스트',to_date('2021-06-17 00:00:00','YYYY-MM-DD HH24:MI:SS'),null,63,255,'0');
Insert into PROJECT (PROJ_NO,MEM_NO,PROJ_TITLE,PROJ_CONT,PROJ_START_DATE,PROJ_EST_END_DATE,ISSUE_PRIORITY_SET,PROJ_MODULE_SET,PROJ_STATUS) values (101,4,'test1','test1',to_date('2021-06-21 00:00:00','YYYY-MM-DD HH24:MI:SS'),null,63,255,'1');
Insert into PROJECT (PROJ_NO,MEM_NO,PROJ_TITLE,PROJ_CONT,PROJ_START_DATE,PROJ_EST_END_DATE,ISSUE_PRIORITY_SET,PROJ_MODULE_SET,PROJ_STATUS) values (102,4,'test2','test2',to_date('2021-06-21 00:00:00','YYYY-MM-DD HH24:MI:SS'),null,63,255,'1');
Insert into PROJECT (PROJ_NO,MEM_NO,PROJ_TITLE,PROJ_CONT,PROJ_START_DATE,PROJ_EST_END_DATE,ISSUE_PRIORITY_SET,PROJ_MODULE_SET,PROJ_STATUS) values (141,5,'ProjectAvenue','456',to_date('2021-06-22 00:00:00','YYYY-MM-DD HH24:MI:SS'),null,63,255,'0');
Insert into PROJECT (PROJ_NO,MEM_NO,PROJ_TITLE,PROJ_CONT,PROJ_START_DATE,PROJ_EST_END_DATE,ISSUE_PRIORITY_SET,PROJ_MODULE_SET,PROJ_STATUS) values (221,256,'GroupWare','손쉬운 사원관리와 구성원 간의 업무공유 및 의사결정을 효율적으로 처리할 수 있는 그룹웨어 시스템을 구축함. 기안서 작성부터 결재까지 전과정 웹상에서 진행가능한 전자결재 시스템과 사내 메신저, 파일보관함을 구현하여 협업과 업무소통의 편리성을 도모함',to_date('2021-06-24 17:39:16','YYYY-MM-DD HH24:MI:SS'),to_date('2021-06-28 00:00:00','YYYY-MM-DD HH24:MI:SS'),63,255,'0');
Insert into PROJECT (PROJ_NO,MEM_NO,PROJ_TITLE,PROJ_CONT,PROJ_START_DATE,PROJ_EST_END_DATE,ISSUE_PRIORITY_SET,PROJ_MODULE_SET,PROJ_STATUS) values (222,255,'FranchiseCafeOperationManagementSyste','가맹본부와 가맹점 사이의 원활한 교류와, 프렌차이즈 시스템의 운영에 막힘이 없도록 업무를 보조하고 더 나아가 운영하면서 수집된 프렌차이즈 데이터를 통해 빅데이터 분석을 하여 가맹본부와 가맹점의 발전을 할 수 있는 방향을 제시해주는 가맹점 통합 관리 시스템이다',to_date('2021-06-24 17:46:33','YYYY-MM-DD HH24:MI:SS'),to_date('2021-06-28 00:00:00','YYYY-MM-DD HH24:MI:SS'),63,255,'0');
Insert into PROJECT (PROJ_NO,MEM_NO,PROJ_TITLE,PROJ_CONT,PROJ_START_DATE,PROJ_EST_END_DATE,ISSUE_PRIORITY_SET,PROJ_MODULE_SET,PROJ_STATUS) values (223,247,'WaterParkManagementSystem','워터파크를 이용하는 이용 고객과 관리하는 사업자가 사용할 수 있는 사이트 구현. 사용자는 편리하게 이용권 예매가 가능하다. 워터파크 측은 매표소, 스낵바, 이용권 관리, 직원 관리 등을 통해 회사 전반적인 업무를 지원',to_date('2021-06-24 17:49:26','YYYY-MM-DD HH24:MI:SS'),to_date('2021-06-28 00:00:00','YYYY-MM-DD HH24:MI:SS'),63,255,'0');
Insert into PROJECT (PROJ_NO,MEM_NO,PROJ_TITLE,PROJ_CONT,PROJ_START_DATE,PROJ_EST_END_DATE,ISSUE_PRIORITY_SET,PROJ_MODULE_SET,PROJ_STATUS) values (241,303,'getjob','직업을 찾는 프로젝트 입니다.',to_date('2021-06-25 11:41:53','YYYY-MM-DD HH24:MI:SS'),to_date('2021-06-30 00:00:00','YYYY-MM-DD HH24:MI:SS'),10,218,'1');
Insert into PROJECT (PROJ_NO,MEM_NO,PROJ_TITLE,PROJ_CONT,PROJ_START_DATE,PROJ_EST_END_DATE,ISSUE_PRIORITY_SET,PROJ_MODULE_SET,PROJ_STATUS) values (242,304,'PMS','프로젝트 매니지먼트 시스템',to_date('2021-06-25 18:18:37','YYYY-MM-DD HH24:MI:SS'),to_date('2021-06-28 00:00:00','YYYY-MM-DD HH24:MI:SS'),37,254,'0');
Insert into PROJECT (PROJ_NO,MEM_NO,PROJ_TITLE,PROJ_CONT,PROJ_START_DATE,PROJ_EST_END_DATE,ISSUE_PRIORITY_SET,PROJ_MODULE_SET,PROJ_STATUS) values (243,305,'createproject','pms 를 위한 프로젝트 생성
프로젝트는 대덕인재개발원 학생들을 위해 진행됩니다.',to_date('2021-06-25 21:13:17','YYYY-MM-DD HH24:MI:SS'),to_date('2021-06-30 00:00:00','YYYY-MM-DD HH24:MI:SS'),45,255,'0');
Insert into PROJECT (PROJ_NO,MEM_NO,PROJ_TITLE,PROJ_CONT,PROJ_START_DATE,PROJ_EST_END_DATE,ISSUE_PRIORITY_SET,PROJ_MODULE_SET,PROJ_STATUS) values (244,4,'recording','테스트 시나리오에 맞춘 녹화 프로젝트 입니다.',to_date('2021-06-25 21:17:37','YYYY-MM-DD HH24:MI:SS'),to_date('2021-06-29 00:00:00','YYYY-MM-DD HH24:MI:SS'),63,255,'1');
Insert into PROJECT (PROJ_NO,MEM_NO,PROJ_TITLE,PROJ_CONT,PROJ_START_DATE,PROJ_EST_END_DATE,ISSUE_PRIORITY_SET,PROJ_MODULE_SET,PROJ_STATUS) values (245,3,'newproject','새로운 프로젝트 생성',to_date('2021-06-25 21:24:49','YYYY-MM-DD HH24:MI:SS'),to_date('2021-06-28 00:00:00','YYYY-MM-DD HH24:MI:SS'),63,255,'0');
Insert into PROJECT (PROJ_NO,MEM_NO,PROJ_TITLE,PROJ_CONT,PROJ_START_DATE,PROJ_EST_END_DATE,ISSUE_PRIORITY_SET,PROJ_MODULE_SET,PROJ_STATUS) values (246,4,'superproject','superman',to_date('2021-06-26 12:42:16','YYYY-MM-DD HH24:MI:SS'),null,63,255,'1');
Insert into PROJECT (PROJ_NO,MEM_NO,PROJ_TITLE,PROJ_CONT,PROJ_START_DATE,PROJ_EST_END_DATE,ISSUE_PRIORITY_SET,PROJ_MODULE_SET,PROJ_STATUS) values (247,3,'createProject','생성할 프로젝트의 상세 설명을 적을 수 있습니다.',to_date('2021-06-26 15:14:56','YYYY-MM-DD HH24:MI:SS'),to_date('2021-06-29 00:00:00','YYYY-MM-DD HH24:MI:SS'),53,255,'1');
Insert into PROJECT (PROJ_NO,MEM_NO,PROJ_TITLE,PROJ_CONT,PROJ_START_DATE,PROJ_EST_END_DATE,ISSUE_PRIORITY_SET,PROJ_MODULE_SET,PROJ_STATUS) values (248,3,'CreateProject','프로젝트를 생성 할 수 있으며 생성 프로젝트의 상세 설명을 작성 할 수 있습니다.',to_date('2021-06-26 16:20:00','YYYY-MM-DD HH24:MI:SS'),to_date('2021-06-29 00:00:00','YYYY-MM-DD HH24:MI:SS'),61,255,'1');
Insert into PROJECT (PROJ_NO,MEM_NO,PROJ_TITLE,PROJ_CONT,PROJ_START_DATE,PROJ_EST_END_DATE,ISSUE_PRIORITY_SET,PROJ_MODULE_SET,PROJ_STATUS) values (249,4,'gaiaEx','설명 수정 가능합니다.',to_date('2021-06-26 16:59:31','YYYY-MM-DD HH24:MI:SS'),to_date('2021-06-29 00:00:00','YYYY-MM-DD HH24:MI:SS'),53,255,'0');
REM INSERTING into PROJ_MEM
SET DEFINE OFF;
Insert into PROJ_MEM (MEM_NO,PROJ_NO,MEM_ROLE_NO,PROJ_JOIN_DATE,PROJ_DROP_DATE,PROJ_USER_NICK) values (1,41,23,to_date('2021-06-16 00:00:00','YYYY-MM-DD HH24:MI:SS'),null,'관리자');
Insert into PROJ_MEM (MEM_NO,PROJ_NO,MEM_ROLE_NO,PROJ_JOIN_DATE,PROJ_DROP_DATE,PROJ_USER_NICK) values (125,62,29,to_date('2021-06-17 00:00:00','YYYY-MM-DD HH24:MI:SS'),null,'관리자');
Insert into PROJ_MEM (MEM_NO,PROJ_NO,MEM_ROLE_NO,PROJ_JOIN_DATE,PROJ_DROP_DATE,PROJ_USER_NICK) values (125,65,35,to_date('2021-06-17 00:00:00','YYYY-MM-DD HH24:MI:SS'),null,'관리자');
Insert into PROJ_MEM (MEM_NO,PROJ_NO,MEM_ROLE_NO,PROJ_JOIN_DATE,PROJ_DROP_DATE,PROJ_USER_NICK) values (125,67,39,to_date('2021-06-17 00:00:00','YYYY-MM-DD HH24:MI:SS'),null,'관리자');
Insert into PROJ_MEM (MEM_NO,PROJ_NO,MEM_ROLE_NO,PROJ_JOIN_DATE,PROJ_DROP_DATE,PROJ_USER_NICK) values (125,68,41,to_date('2021-06-17 00:00:00','YYYY-MM-DD HH24:MI:SS'),null,'관리자');
Insert into PROJ_MEM (MEM_NO,PROJ_NO,MEM_ROLE_NO,PROJ_JOIN_DATE,PROJ_DROP_DATE,PROJ_USER_NICK) values (4,121,61,to_date('2021-06-21 00:00:00','YYYY-MM-DD HH24:MI:SS'),to_date('2021-06-23 00:00:00','YYYY-MM-DD HH24:MI:SS'),'꼬부기');
Insert into PROJ_MEM (MEM_NO,PROJ_NO,MEM_ROLE_NO,PROJ_JOIN_DATE,PROJ_DROP_DATE,PROJ_USER_NICK) values (259,201,92,to_date('2021-06-24 00:00:00','YYYY-MM-DD HH24:MI:SS'),null,'전형섭');
Insert into PROJ_MEM (MEM_NO,PROJ_NO,MEM_ROLE_NO,PROJ_JOIN_DATE,PROJ_DROP_DATE,PROJ_USER_NICK) values (264,201,89,to_date('2021-06-24 00:00:00','YYYY-MM-DD HH24:MI:SS'),null,'최희수');
Insert into PROJ_MEM (MEM_NO,PROJ_NO,MEM_ROLE_NO,PROJ_JOIN_DATE,PROJ_DROP_DATE,PROJ_USER_NICK) values (246,202,95,to_date('2021-06-24 00:00:00','YYYY-MM-DD HH24:MI:SS'),null,'김혜정');
Insert into PROJ_MEM (MEM_NO,PROJ_NO,MEM_ROLE_NO,PROJ_JOIN_DATE,PROJ_DROP_DATE,PROJ_USER_NICK) values (257,202,96,to_date('2021-06-24 00:00:00','YYYY-MM-DD HH24:MI:SS'),null,'임태준');
Insert into PROJ_MEM (MEM_NO,PROJ_NO,MEM_ROLE_NO,PROJ_JOIN_DATE,PROJ_DROP_DATE,PROJ_USER_NICK) values (244,203,100,to_date('2021-06-24 00:00:00','YYYY-MM-DD HH24:MI:SS'),null,'김보현');
Insert into PROJ_MEM (MEM_NO,PROJ_NO,MEM_ROLE_NO,PROJ_JOIN_DATE,PROJ_DROP_DATE,PROJ_USER_NICK) values (251,203,100,to_date('2021-06-24 00:00:00','YYYY-MM-DD HH24:MI:SS'),null,'송수미');
Insert into PROJ_MEM (MEM_NO,PROJ_NO,MEM_ROLE_NO,PROJ_JOIN_DATE,PROJ_DROP_DATE,PROJ_USER_NICK) values (242,203,101,to_date('2021-06-24 00:00:00','YYYY-MM-DD HH24:MI:SS'),null,'김동익');
Insert into PROJ_MEM (MEM_NO,PROJ_NO,MEM_ROLE_NO,PROJ_JOIN_DATE,PROJ_DROP_DATE,PROJ_USER_NICK) values (245,204,103,to_date('2021-06-24 00:00:00','YYYY-MM-DD HH24:MI:SS'),null,'김지훈');
Insert into PROJ_MEM (MEM_NO,PROJ_NO,MEM_ROLE_NO,PROJ_JOIN_DATE,PROJ_DROP_DATE,PROJ_USER_NICK) values (262,204,104,to_date('2021-06-24 00:00:00','YYYY-MM-DD HH24:MI:SS'),null,'진예은');
Insert into PROJ_MEM (MEM_NO,PROJ_NO,MEM_ROLE_NO,PROJ_JOIN_DATE,PROJ_DROP_DATE,PROJ_USER_NICK) values (254,204,106,to_date('2021-06-24 00:00:00','YYYY-MM-DD HH24:MI:SS'),null,'윤지혜');
Insert into PROJ_MEM (MEM_NO,PROJ_NO,MEM_ROLE_NO,PROJ_JOIN_DATE,PROJ_DROP_DATE,PROJ_USER_NICK) values (241,205,107,to_date('2021-06-24 00:00:00','YYYY-MM-DD HH24:MI:SS'),null,'김도윤');
Insert into PROJ_MEM (MEM_NO,PROJ_NO,MEM_ROLE_NO,PROJ_JOIN_DATE,PROJ_DROP_DATE,PROJ_USER_NICK) values (2,1,3,to_date('2021-05-03 00:00:00','YYYY-MM-DD HH24:MI:SS'),to_date('2021-06-21 00:00:00','YYYY-MM-DD HH24:MI:SS'),'아조씨');
Insert into PROJ_MEM (MEM_NO,PROJ_NO,MEM_ROLE_NO,PROJ_JOIN_DATE,PROJ_DROP_DATE,PROJ_USER_NICK) values (3,1,4,to_date('2021-05-03 00:00:00','YYYY-MM-DD HH24:MI:SS'),null,'사장 조시');
Insert into PROJ_MEM (MEM_NO,PROJ_NO,MEM_ROLE_NO,PROJ_JOIN_DATE,PROJ_DROP_DATE,PROJ_USER_NICK) values (4,24,7,to_date('2021-06-14 00:00:00','YYYY-MM-DD HH24:MI:SS'),to_date('2021-06-23 00:00:00','YYYY-MM-DD HH24:MI:SS'),'관리자');
Insert into PROJ_MEM (MEM_NO,PROJ_NO,MEM_ROLE_NO,PROJ_JOIN_DATE,PROJ_DROP_DATE,PROJ_USER_NICK) values (4,25,9,to_date('2021-06-14 00:00:00','YYYY-MM-DD HH24:MI:SS'),to_date('2021-06-23 00:00:00','YYYY-MM-DD HH24:MI:SS'),'관리자');
Insert into PROJ_MEM (MEM_NO,PROJ_NO,MEM_ROLE_NO,PROJ_JOIN_DATE,PROJ_DROP_DATE,PROJ_USER_NICK) values (4,26,11,to_date('2021-06-14 00:00:00','YYYY-MM-DD HH24:MI:SS'),to_date('2021-06-18 00:00:00','YYYY-MM-DD HH24:MI:SS'),'관리자');
Insert into PROJ_MEM (MEM_NO,PROJ_NO,MEM_ROLE_NO,PROJ_JOIN_DATE,PROJ_DROP_DATE,PROJ_USER_NICK) values (3,247,144,to_date('2021-06-26 15:14:56','YYYY-MM-DD HH24:MI:SS'),null,'원정훈');
Insert into PROJ_MEM (MEM_NO,PROJ_NO,MEM_ROLE_NO,PROJ_JOIN_DATE,PROJ_DROP_DATE,PROJ_USER_NICK) values (2,41,24,to_date('2021-06-17 00:00:00','YYYY-MM-DD HH24:MI:SS'),null,'조쉬');
Insert into PROJ_MEM (MEM_NO,PROJ_NO,MEM_ROLE_NO,PROJ_JOIN_DATE,PROJ_DROP_DATE,PROJ_USER_NICK) values (4,82,45,to_date('2021-06-19 00:00:00','YYYY-MM-DD HH24:MI:SS'),to_date('2021-06-19 00:00:00','YYYY-MM-DD HH24:MI:SS'),'관리자');
Insert into PROJ_MEM (MEM_NO,PROJ_NO,MEM_ROLE_NO,PROJ_JOIN_DATE,PROJ_DROP_DATE,PROJ_USER_NICK) values (42,104,59,to_date('2021-06-26 14:33:41','YYYY-MM-DD HH24:MI:SS'),null,'tester');
Insert into PROJ_MEM (MEM_NO,PROJ_NO,MEM_ROLE_NO,PROJ_JOIN_DATE,PROJ_DROP_DATE,PROJ_USER_NICK) values (4,103,58,to_date('2021-06-21 00:00:00','YYYY-MM-DD HH24:MI:SS'),null,'박세현');
Insert into PROJ_MEM (MEM_NO,PROJ_NO,MEM_ROLE_NO,PROJ_JOIN_DATE,PROJ_DROP_DATE,PROJ_USER_NICK) values (247,104,60,to_date('2021-06-22 00:00:00','YYYY-MM-DD HH24:MI:SS'),to_date('2021-06-26 16:18:31','YYYY-MM-DD HH24:MI:SS'),'문선준');
Insert into PROJ_MEM (MEM_NO,PROJ_NO,MEM_ROLE_NO,PROJ_JOIN_DATE,PROJ_DROP_DATE,PROJ_USER_NICK) values (1,103,58,to_date('2021-06-23 00:00:00','YYYY-MM-DD HH24:MI:SS'),null,'장병길');
Insert into PROJ_MEM (MEM_NO,PROJ_NO,MEM_ROLE_NO,PROJ_JOIN_DATE,PROJ_DROP_DATE,PROJ_USER_NICK) values (1,181,70,to_date('2021-06-23 00:00:00','YYYY-MM-DD HH24:MI:SS'),null,'eisen');
Insert into PROJ_MEM (MEM_NO,PROJ_NO,MEM_ROLE_NO,PROJ_JOIN_DATE,PROJ_DROP_DATE,PROJ_USER_NICK) values (4,181,70,to_date('2021-06-23 00:00:00','YYYY-MM-DD HH24:MI:SS'),to_date('2021-06-23 00:00:00','YYYY-MM-DD HH24:MI:SS'),'꼬부기');
Insert into PROJ_MEM (MEM_NO,PROJ_NO,MEM_ROLE_NO,PROJ_JOIN_DATE,PROJ_DROP_DATE,PROJ_USER_NICK) values (5,182,71,to_date('2021-06-23 00:00:00','YYYY-MM-DD HH24:MI:SS'),to_date('2021-06-24 23:49:26','YYYY-MM-DD HH24:MI:SS'),'robin');
Insert into PROJ_MEM (MEM_NO,PROJ_NO,MEM_ROLE_NO,PROJ_JOIN_DATE,PROJ_DROP_DATE,PROJ_USER_NICK) values (1,182,72,to_date('2021-06-23 00:00:00','YYYY-MM-DD HH24:MI:SS'),to_date('2021-06-24 23:49:33','YYYY-MM-DD HH24:MI:SS'),'eisen');
Insert into PROJ_MEM (MEM_NO,PROJ_NO,MEM_ROLE_NO,PROJ_JOIN_DATE,PROJ_DROP_DATE,PROJ_USER_NICK) values (6,182,72,to_date('2021-06-23 00:00:00','YYYY-MM-DD HH24:MI:SS'),to_date('2021-06-23 00:00:00','YYYY-MM-DD HH24:MI:SS'),'shane');
Insert into PROJ_MEM (MEM_NO,PROJ_NO,MEM_ROLE_NO,PROJ_JOIN_DATE,PROJ_DROP_DATE,PROJ_USER_NICK) values (4,182,72,to_date('2021-06-23 00:00:00','YYYY-MM-DD HH24:MI:SS'),to_date('2021-06-24 00:00:00','YYYY-MM-DD HH24:MI:SS'),'꼬부기');
Insert into PROJ_MEM (MEM_NO,PROJ_NO,MEM_ROLE_NO,PROJ_JOIN_DATE,PROJ_DROP_DATE,PROJ_USER_NICK) values (5,183,73,to_date('2021-06-23 00:00:00','YYYY-MM-DD HH24:MI:SS'),null,'robin');
Insert into PROJ_MEM (MEM_NO,PROJ_NO,MEM_ROLE_NO,PROJ_JOIN_DATE,PROJ_DROP_DATE,PROJ_USER_NICK) values (245,184,75,to_date('2021-06-23 00:00:00','YYYY-MM-DD HH24:MI:SS'),null,'김지훈');
Insert into PROJ_MEM (MEM_NO,PROJ_NO,MEM_ROLE_NO,PROJ_JOIN_DATE,PROJ_DROP_DATE,PROJ_USER_NICK) values (251,185,78,to_date('2021-06-23 00:00:00','YYYY-MM-DD HH24:MI:SS'),null,'송수미');
Insert into PROJ_MEM (MEM_NO,PROJ_NO,MEM_ROLE_NO,PROJ_JOIN_DATE,PROJ_DROP_DATE,PROJ_USER_NICK) values (255,186,79,to_date('2021-06-23 00:00:00','YYYY-MM-DD HH24:MI:SS'),null,'이진수');
Insert into PROJ_MEM (MEM_NO,PROJ_NO,MEM_ROLE_NO,PROJ_JOIN_DATE,PROJ_DROP_DATE,PROJ_USER_NICK) values (260,187,82,to_date('2021-06-23 00:00:00','YYYY-MM-DD HH24:MI:SS'),null,'정이삭');
Insert into PROJ_MEM (MEM_NO,PROJ_NO,MEM_ROLE_NO,PROJ_JOIN_DATE,PROJ_DROP_DATE,PROJ_USER_NICK) values (1,188,83,to_date('2021-06-23 00:00:00','YYYY-MM-DD HH24:MI:SS'),null,'eisen');
Insert into PROJ_MEM (MEM_NO,PROJ_NO,MEM_ROLE_NO,PROJ_JOIN_DATE,PROJ_DROP_DATE,PROJ_USER_NICK) values (247,189,85,to_date('2021-06-23 00:00:00','YYYY-MM-DD HH24:MI:SS'),null,'문선준');
Insert into PROJ_MEM (MEM_NO,PROJ_NO,MEM_ROLE_NO,PROJ_JOIN_DATE,PROJ_DROP_DATE,PROJ_USER_NICK) values (3,189,86,to_date('2021-06-23 00:00:00','YYYY-MM-DD HH24:MI:SS'),null,'josh');
Insert into PROJ_MEM (MEM_NO,PROJ_NO,MEM_ROLE_NO,PROJ_JOIN_DATE,PROJ_DROP_DATE,PROJ_USER_NICK) values (241,190,88,to_date('2021-06-23 00:00:00','YYYY-MM-DD HH24:MI:SS'),null,'김도윤');
Insert into PROJ_MEM (MEM_NO,PROJ_NO,MEM_ROLE_NO,PROJ_JOIN_DATE,PROJ_DROP_DATE,PROJ_USER_NICK) values (249,190,88,to_date('2021-06-23 00:00:00','YYYY-MM-DD HH24:MI:SS'),null,'박초원');
Insert into PROJ_MEM (MEM_NO,PROJ_NO,MEM_ROLE_NO,PROJ_JOIN_DATE,PROJ_DROP_DATE,PROJ_USER_NICK) values (260,201,91,to_date('2021-06-24 00:00:00','YYYY-MM-DD HH24:MI:SS'),null,'정이삭');
Insert into PROJ_MEM (MEM_NO,PROJ_NO,MEM_ROLE_NO,PROJ_JOIN_DATE,PROJ_DROP_DATE,PROJ_USER_NICK) values (252,201,93,to_date('2021-06-24 00:00:00','YYYY-MM-DD HH24:MI:SS'),null,'양지수');
Insert into PROJ_MEM (MEM_NO,PROJ_NO,MEM_ROLE_NO,PROJ_JOIN_DATE,PROJ_DROP_DATE,PROJ_USER_NICK) values (256,202,94,to_date('2021-06-24 00:00:00','YYYY-MM-DD HH24:MI:SS'),null,'이현기');
Insert into PROJ_MEM (MEM_NO,PROJ_NO,MEM_ROLE_NO,PROJ_JOIN_DATE,PROJ_DROP_DATE,PROJ_USER_NICK) values (250,202,97,to_date('2021-06-24 00:00:00','YYYY-MM-DD HH24:MI:SS'),null,'배수진');
Insert into PROJ_MEM (MEM_NO,PROJ_NO,MEM_ROLE_NO,PROJ_JOIN_DATE,PROJ_DROP_DATE,PROJ_USER_NICK) values (1,203,98,to_date('2021-06-24 00:00:00','YYYY-MM-DD HH24:MI:SS'),null,'eisen');
Insert into PROJ_MEM (MEM_NO,PROJ_NO,MEM_ROLE_NO,PROJ_JOIN_DATE,PROJ_DROP_DATE,PROJ_USER_NICK) values (247,204,102,to_date('2021-06-24 00:00:00','YYYY-MM-DD HH24:MI:SS'),null,'문선준');
Insert into PROJ_MEM (MEM_NO,PROJ_NO,MEM_ROLE_NO,PROJ_JOIN_DATE,PROJ_DROP_DATE,PROJ_USER_NICK) values (5,205,108,to_date('2021-06-24 00:00:00','YYYY-MM-DD HH24:MI:SS'),null,'robin');
Insert into PROJ_MEM (MEM_NO,PROJ_NO,MEM_ROLE_NO,PROJ_JOIN_DATE,PROJ_DROP_DATE,PROJ_USER_NICK) values (255,205,109,to_date('2021-06-24 00:00:00','YYYY-MM-DD HH24:MI:SS'),null,'이진수');
Insert into PROJ_MEM (MEM_NO,PROJ_NO,MEM_ROLE_NO,PROJ_JOIN_DATE,PROJ_DROP_DATE,PROJ_USER_NICK) values (253,205,110,to_date('2021-06-24 00:00:00','YYYY-MM-DD HH24:MI:SS'),null,'오세일');
Insert into PROJ_MEM (MEM_NO,PROJ_NO,MEM_ROLE_NO,PROJ_JOIN_DATE,PROJ_DROP_DATE,PROJ_USER_NICK) values (263,205,111,to_date('2021-06-24 00:00:00','YYYY-MM-DD HH24:MI:SS'),null,'진유리');
Insert into PROJ_MEM (MEM_NO,PROJ_NO,MEM_ROLE_NO,PROJ_JOIN_DATE,PROJ_DROP_DATE,PROJ_USER_NICK) values (3,27,13,to_date('2021-06-14 00:00:00','YYYY-MM-DD HH24:MI:SS'),null,'관리자');
Insert into PROJ_MEM (MEM_NO,PROJ_NO,MEM_ROLE_NO,PROJ_JOIN_DATE,PROJ_DROP_DATE,PROJ_USER_NICK) values (4,41,24,to_date('2021-06-17 00:00:00','YYYY-MM-DD HH24:MI:SS'),to_date('2021-06-18 00:00:00','YYYY-MM-DD HH24:MI:SS'),'박세현');
Insert into PROJ_MEM (MEM_NO,PROJ_NO,MEM_ROLE_NO,PROJ_JOIN_DATE,PROJ_DROP_DATE,PROJ_USER_NICK) values (264,161,65,to_date('2021-06-22 00:00:00','YYYY-MM-DD HH24:MI:SS'),null,'최희수');
Insert into PROJ_MEM (MEM_NO,PROJ_NO,MEM_ROLE_NO,PROJ_JOIN_DATE,PROJ_DROP_DATE,PROJ_USER_NICK) values (4,161,68,to_date('2021-06-22 00:00:00','YYYY-MM-DD HH24:MI:SS'),to_date('2021-06-26 17:34:54','YYYY-MM-DD HH24:MI:SS'),'꼬부기');
Insert into PROJ_MEM (MEM_NO,PROJ_NO,MEM_ROLE_NO,PROJ_JOIN_DATE,PROJ_DROP_DATE,PROJ_USER_NICK) values (249,161,68,to_date('2021-06-22 00:00:00','YYYY-MM-DD HH24:MI:SS'),null,'박초원');
Insert into PROJ_MEM (MEM_NO,PROJ_NO,MEM_ROLE_NO,PROJ_JOIN_DATE,PROJ_DROP_DATE,PROJ_USER_NICK) values (243,161,68,to_date('2021-06-22 00:00:00','YYYY-MM-DD HH24:MI:SS'),null,'김보미');
Insert into PROJ_MEM (MEM_NO,PROJ_NO,MEM_ROLE_NO,PROJ_JOIN_DATE,PROJ_DROP_DATE,PROJ_USER_NICK) values (243,190,87,to_date('2021-06-23 00:00:00','YYYY-MM-DD HH24:MI:SS'),null,'김보미');
Insert into PROJ_MEM (MEM_NO,PROJ_NO,MEM_ROLE_NO,PROJ_JOIN_DATE,PROJ_DROP_DATE,PROJ_USER_NICK) values (5,103,58,to_date('2021-06-23 00:00:00','YYYY-MM-DD HH24:MI:SS'),null,'정지수');
Insert into PROJ_MEM (MEM_NO,PROJ_NO,MEM_ROLE_NO,PROJ_JOIN_DATE,PROJ_DROP_DATE,PROJ_USER_NICK) values (4,1,1,to_date('2021-05-03 00:00:00','YYYY-MM-DD HH24:MI:SS'),null,'쉐인');
Insert into PROJ_MEM (MEM_NO,PROJ_NO,MEM_ROLE_NO,PROJ_JOIN_DATE,PROJ_DROP_DATE,PROJ_USER_NICK) values (6,1,2,to_date('2021-05-03 00:00:00','YYYY-MM-DD HH24:MI:SS'),to_date('2021-06-21 00:00:00','YYYY-MM-DD HH24:MI:SS'),'대리 쉐인');
Insert into PROJ_MEM (MEM_NO,PROJ_NO,MEM_ROLE_NO,PROJ_JOIN_DATE,PROJ_DROP_DATE,PROJ_USER_NICK) values (5,1,2,to_date('2021-05-03 00:00:00','YYYY-MM-DD HH24:MI:SS'),null,'사원 로빈');
Insert into PROJ_MEM (MEM_NO,PROJ_NO,MEM_ROLE_NO,PROJ_JOIN_DATE,PROJ_DROP_DATE,PROJ_USER_NICK) values (1,1,3,to_date('2021-05-03 00:00:00','YYYY-MM-DD HH24:MI:SS'),null,'Eisen');
Insert into PROJ_MEM (MEM_NO,PROJ_NO,MEM_ROLE_NO,PROJ_JOIN_DATE,PROJ_DROP_DATE,PROJ_USER_NICK) values (4,2,1,to_date('2021-05-27 00:00:00','YYYY-MM-DD HH24:MI:SS'),to_date('2021-06-26 12:40:18','YYYY-MM-DD HH24:MI:SS'),'프로젝트2 팀장 꼬북');
Insert into PROJ_MEM (MEM_NO,PROJ_NO,MEM_ROLE_NO,PROJ_JOIN_DATE,PROJ_DROP_DATE,PROJ_USER_NICK) values (1,2,1,to_date('2021-05-28 00:00:00','YYYY-MM-DD HH24:MI:SS'),null,'해적왕');
Insert into PROJ_MEM (MEM_NO,PROJ_NO,MEM_ROLE_NO,PROJ_JOIN_DATE,PROJ_DROP_DATE,PROJ_USER_NICK) values (4,4,20,to_date('2021-05-28 00:00:00','YYYY-MM-DD HH24:MI:SS'),null,'SHANE');
Insert into PROJ_MEM (MEM_NO,PROJ_NO,MEM_ROLE_NO,PROJ_JOIN_DATE,PROJ_DROP_DATE,PROJ_USER_NICK) values (321,247,145,to_date('2021-06-26 15:16:32','YYYY-MM-DD HH24:MI:SS'),null,'제임스');
Insert into PROJ_MEM (MEM_NO,PROJ_NO,MEM_ROLE_NO,PROJ_JOIN_DATE,PROJ_DROP_DATE,PROJ_USER_NICK) values (1,4,52,to_date('2021-06-15 00:00:00','YYYY-MM-DD HH24:MI:SS'),to_date('2021-06-22 00:00:00','YYYY-MM-DD HH24:MI:SS'),'장병길');
Insert into PROJ_MEM (MEM_NO,PROJ_NO,MEM_ROLE_NO,PROJ_JOIN_DATE,PROJ_DROP_DATE,PROJ_USER_NICK) values (3,4,50,to_date('2021-06-15 00:00:00','YYYY-MM-DD HH24:MI:SS'),null,'원정훈');
Insert into PROJ_MEM (MEM_NO,PROJ_NO,MEM_ROLE_NO,PROJ_JOIN_DATE,PROJ_DROP_DATE,PROJ_USER_NICK) values (5,4,51,to_date('2021-06-15 00:00:00','YYYY-MM-DD HH24:MI:SS'),to_date('2021-06-20 00:00:00','YYYY-MM-DD HH24:MI:SS'),'정지수');
Insert into PROJ_MEM (MEM_NO,PROJ_NO,MEM_ROLE_NO,PROJ_JOIN_DATE,PROJ_DROP_DATE,PROJ_USER_NICK) values (1,26,12,to_date('2021-06-15 00:00:00','YYYY-MM-DD HH24:MI:SS'),null,'장병길');
Insert into PROJ_MEM (MEM_NO,PROJ_NO,MEM_ROLE_NO,PROJ_JOIN_DATE,PROJ_DROP_DATE,PROJ_USER_NICK) values (5,26,12,to_date('2021-06-15 00:00:00','YYYY-MM-DD HH24:MI:SS'),null,'정지수');
Insert into PROJ_MEM (MEM_NO,PROJ_NO,MEM_ROLE_NO,PROJ_JOIN_DATE,PROJ_DROP_DATE,PROJ_USER_NICK) values (42,247,146,to_date('2021-06-26 15:16:42','YYYY-MM-DD HH24:MI:SS'),null,'tester');
Insert into PROJ_MEM (MEM_NO,PROJ_NO,MEM_ROLE_NO,PROJ_JOIN_DATE,PROJ_DROP_DATE,PROJ_USER_NICK) values (4,81,43,to_date('2021-06-19 00:00:00','YYYY-MM-DD HH24:MI:SS'),to_date('2021-06-19 00:00:00','YYYY-MM-DD HH24:MI:SS'),'관리자');
Insert into PROJ_MEM (MEM_NO,PROJ_NO,MEM_ROLE_NO,PROJ_JOIN_DATE,PROJ_DROP_DATE,PROJ_USER_NICK) values (4,104,59,to_date('2021-06-21 00:00:00','YYYY-MM-DD HH24:MI:SS'),null,'박세현');
Insert into PROJ_MEM (MEM_NO,PROJ_NO,MEM_ROLE_NO,PROJ_JOIN_DATE,PROJ_DROP_DATE,PROJ_USER_NICK) values (2,104,59,to_date('2021-06-21 00:00:00','YYYY-MM-DD HH24:MI:SS'),null,'ex');
Insert into PROJ_MEM (MEM_NO,PROJ_NO,MEM_ROLE_NO,PROJ_JOIN_DATE,PROJ_DROP_DATE,PROJ_USER_NICK) values (3,104,60,to_date('2021-06-21 00:00:00','YYYY-MM-DD HH24:MI:SS'),null,'josh');
Insert into PROJ_MEM (MEM_NO,PROJ_NO,MEM_ROLE_NO,PROJ_JOIN_DATE,PROJ_DROP_DATE,PROJ_USER_NICK) values (1,104,60,to_date('2021-06-21 00:00:00','YYYY-MM-DD HH24:MI:SS'),null,'eisen');
Insert into PROJ_MEM (MEM_NO,PROJ_NO,MEM_ROLE_NO,PROJ_JOIN_DATE,PROJ_DROP_DATE,PROJ_USER_NICK) values (5,104,60,to_date('2021-06-21 00:00:00','YYYY-MM-DD HH24:MI:SS'),null,'robin');
Insert into PROJ_MEM (MEM_NO,PROJ_NO,MEM_ROLE_NO,PROJ_JOIN_DATE,PROJ_DROP_DATE,PROJ_USER_NICK) values (264,103,58,to_date('2021-06-22 00:00:00','YYYY-MM-DD HH24:MI:SS'),null,'최희수');
Insert into PROJ_MEM (MEM_NO,PROJ_NO,MEM_ROLE_NO,PROJ_JOIN_DATE,PROJ_DROP_DATE,PROJ_USER_NICK) values (241,103,58,to_date('2021-06-22 00:00:00','YYYY-MM-DD HH24:MI:SS'),null,'김도윤');
Insert into PROJ_MEM (MEM_NO,PROJ_NO,MEM_ROLE_NO,PROJ_JOIN_DATE,PROJ_DROP_DATE,PROJ_USER_NICK) values (242,103,58,to_date('2021-06-22 00:00:00','YYYY-MM-DD HH24:MI:SS'),null,'김동익');
Insert into PROJ_MEM (MEM_NO,PROJ_NO,MEM_ROLE_NO,PROJ_JOIN_DATE,PROJ_DROP_DATE,PROJ_USER_NICK) values (243,103,58,to_date('2021-06-22 00:00:00','YYYY-MM-DD HH24:MI:SS'),null,'김보미');
Insert into PROJ_MEM (MEM_NO,PROJ_NO,MEM_ROLE_NO,PROJ_JOIN_DATE,PROJ_DROP_DATE,PROJ_USER_NICK) values (244,103,58,to_date('2021-06-22 00:00:00','YYYY-MM-DD HH24:MI:SS'),null,'김보현');
Insert into PROJ_MEM (MEM_NO,PROJ_NO,MEM_ROLE_NO,PROJ_JOIN_DATE,PROJ_DROP_DATE,PROJ_USER_NICK) values (245,103,58,to_date('2021-06-22 00:00:00','YYYY-MM-DD HH24:MI:SS'),null,'김지훈');
Insert into PROJ_MEM (MEM_NO,PROJ_NO,MEM_ROLE_NO,PROJ_JOIN_DATE,PROJ_DROP_DATE,PROJ_USER_NICK) values (246,103,57,to_date('2021-06-22 00:00:00','YYYY-MM-DD HH24:MI:SS'),null,'김혜정');
Insert into PROJ_MEM (MEM_NO,PROJ_NO,MEM_ROLE_NO,PROJ_JOIN_DATE,PROJ_DROP_DATE,PROJ_USER_NICK) values (247,103,58,to_date('2021-06-22 00:00:00','YYYY-MM-DD HH24:MI:SS'),null,'문선준');
Insert into PROJ_MEM (MEM_NO,PROJ_NO,MEM_ROLE_NO,PROJ_JOIN_DATE,PROJ_DROP_DATE,PROJ_USER_NICK) values (249,103,58,to_date('2021-06-22 00:00:00','YYYY-MM-DD HH24:MI:SS'),null,'박초원');
Insert into PROJ_MEM (MEM_NO,PROJ_NO,MEM_ROLE_NO,PROJ_JOIN_DATE,PROJ_DROP_DATE,PROJ_USER_NICK) values (250,103,58,to_date('2021-06-22 00:00:00','YYYY-MM-DD HH24:MI:SS'),null,'배수진');
Insert into PROJ_MEM (MEM_NO,PROJ_NO,MEM_ROLE_NO,PROJ_JOIN_DATE,PROJ_DROP_DATE,PROJ_USER_NICK) values (251,103,58,to_date('2021-06-22 00:00:00','YYYY-MM-DD HH24:MI:SS'),null,'송수미');
Insert into PROJ_MEM (MEM_NO,PROJ_NO,MEM_ROLE_NO,PROJ_JOIN_DATE,PROJ_DROP_DATE,PROJ_USER_NICK) values (252,103,58,to_date('2021-06-22 00:00:00','YYYY-MM-DD HH24:MI:SS'),null,'양지수');
Insert into PROJ_MEM (MEM_NO,PROJ_NO,MEM_ROLE_NO,PROJ_JOIN_DATE,PROJ_DROP_DATE,PROJ_USER_NICK) values (253,103,58,to_date('2021-06-22 00:00:00','YYYY-MM-DD HH24:MI:SS'),null,'오세일');
Insert into PROJ_MEM (MEM_NO,PROJ_NO,MEM_ROLE_NO,PROJ_JOIN_DATE,PROJ_DROP_DATE,PROJ_USER_NICK) values (254,103,58,to_date('2021-06-22 00:00:00','YYYY-MM-DD HH24:MI:SS'),null,'윤지혜');
Insert into PROJ_MEM (MEM_NO,PROJ_NO,MEM_ROLE_NO,PROJ_JOIN_DATE,PROJ_DROP_DATE,PROJ_USER_NICK) values (255,103,58,to_date('2021-06-22 00:00:00','YYYY-MM-DD HH24:MI:SS'),null,'이진수');
Insert into PROJ_MEM (MEM_NO,PROJ_NO,MEM_ROLE_NO,PROJ_JOIN_DATE,PROJ_DROP_DATE,PROJ_USER_NICK) values (256,103,58,to_date('2021-06-22 00:00:00','YYYY-MM-DD HH24:MI:SS'),null,'이현기');
Insert into PROJ_MEM (MEM_NO,PROJ_NO,MEM_ROLE_NO,PROJ_JOIN_DATE,PROJ_DROP_DATE,PROJ_USER_NICK) values (257,103,58,to_date('2021-06-22 00:00:00','YYYY-MM-DD HH24:MI:SS'),null,'임태준');
Insert into PROJ_MEM (MEM_NO,PROJ_NO,MEM_ROLE_NO,PROJ_JOIN_DATE,PROJ_DROP_DATE,PROJ_USER_NICK) values (259,103,58,to_date('2021-06-22 00:00:00','YYYY-MM-DD HH24:MI:SS'),null,'전형섭');
Insert into PROJ_MEM (MEM_NO,PROJ_NO,MEM_ROLE_NO,PROJ_JOIN_DATE,PROJ_DROP_DATE,PROJ_USER_NICK) values (260,103,58,to_date('2021-06-22 00:00:00','YYYY-MM-DD HH24:MI:SS'),null,'정이삭');
Insert into PROJ_MEM (MEM_NO,PROJ_NO,MEM_ROLE_NO,PROJ_JOIN_DATE,PROJ_DROP_DATE,PROJ_USER_NICK) values (262,103,58,to_date('2021-06-22 00:00:00','YYYY-MM-DD HH24:MI:SS'),null,'진예은');
Insert into PROJ_MEM (MEM_NO,PROJ_NO,MEM_ROLE_NO,PROJ_JOIN_DATE,PROJ_DROP_DATE,PROJ_USER_NICK) values (263,103,58,to_date('2021-06-22 00:00:00','YYYY-MM-DD HH24:MI:SS'),null,'진유리');
Insert into PROJ_MEM (MEM_NO,PROJ_NO,MEM_ROLE_NO,PROJ_JOIN_DATE,PROJ_DROP_DATE,PROJ_USER_NICK) values (5,181,69,to_date('2021-06-23 00:00:00','YYYY-MM-DD HH24:MI:SS'),null,'robin');
Insert into PROJ_MEM (MEM_NO,PROJ_NO,MEM_ROLE_NO,PROJ_JOIN_DATE,PROJ_DROP_DATE,PROJ_USER_NICK) values (259,183,74,to_date('2021-06-23 00:00:00','YYYY-MM-DD HH24:MI:SS'),null,'전형섭');
Insert into PROJ_MEM (MEM_NO,PROJ_NO,MEM_ROLE_NO,PROJ_JOIN_DATE,PROJ_DROP_DATE,PROJ_USER_NICK) values (3,182,72,to_date('2021-06-23 00:00:00','YYYY-MM-DD HH24:MI:SS'),to_date('2021-06-24 23:49:30','YYYY-MM-DD HH24:MI:SS'),'josh');
Insert into PROJ_MEM (MEM_NO,PROJ_NO,MEM_ROLE_NO,PROJ_JOIN_DATE,PROJ_DROP_DATE,PROJ_USER_NICK) values (256,183,74,to_date('2021-06-23 00:00:00','YYYY-MM-DD HH24:MI:SS'),null,'이현기');
Insert into PROJ_MEM (MEM_NO,PROJ_NO,MEM_ROLE_NO,PROJ_JOIN_DATE,PROJ_DROP_DATE,PROJ_USER_NICK) values (257,184,76,to_date('2021-06-23 00:00:00','YYYY-MM-DD HH24:MI:SS'),null,'임태준');
Insert into PROJ_MEM (MEM_NO,PROJ_NO,MEM_ROLE_NO,PROJ_JOIN_DATE,PROJ_DROP_DATE,PROJ_USER_NICK) values (264,184,76,to_date('2021-06-23 00:00:00','YYYY-MM-DD HH24:MI:SS'),null,'최희수');
Insert into PROJ_MEM (MEM_NO,PROJ_NO,MEM_ROLE_NO,PROJ_JOIN_DATE,PROJ_DROP_DATE,PROJ_USER_NICK) values (246,185,77,to_date('2021-06-23 00:00:00','YYYY-MM-DD HH24:MI:SS'),null,'김혜정');
Insert into PROJ_MEM (MEM_NO,PROJ_NO,MEM_ROLE_NO,PROJ_JOIN_DATE,PROJ_DROP_DATE,PROJ_USER_NICK) values (252,185,78,to_date('2021-06-23 00:00:00','YYYY-MM-DD HH24:MI:SS'),null,'양지수');
Insert into PROJ_MEM (MEM_NO,PROJ_NO,MEM_ROLE_NO,PROJ_JOIN_DATE,PROJ_DROP_DATE,PROJ_USER_NICK) values (262,185,78,to_date('2021-06-23 00:00:00','YYYY-MM-DD HH24:MI:SS'),null,'진예은');
Insert into PROJ_MEM (MEM_NO,PROJ_NO,MEM_ROLE_NO,PROJ_JOIN_DATE,PROJ_DROP_DATE,PROJ_USER_NICK) values (263,186,80,to_date('2021-06-23 00:00:00','YYYY-MM-DD HH24:MI:SS'),null,'진유리');
Insert into PROJ_MEM (MEM_NO,PROJ_NO,MEM_ROLE_NO,PROJ_JOIN_DATE,PROJ_DROP_DATE,PROJ_USER_NICK) values (242,186,80,to_date('2021-06-23 00:00:00','YYYY-MM-DD HH24:MI:SS'),null,'김동익');
Insert into PROJ_MEM (MEM_NO,PROJ_NO,MEM_ROLE_NO,PROJ_JOIN_DATE,PROJ_DROP_DATE,PROJ_USER_NICK) values (4,187,81,to_date('2021-06-23 00:00:00','YYYY-MM-DD HH24:MI:SS'),null,'박세현');
Insert into PROJ_MEM (MEM_NO,PROJ_NO,MEM_ROLE_NO,PROJ_JOIN_DATE,PROJ_DROP_DATE,PROJ_USER_NICK) values (254,187,82,to_date('2021-06-23 00:00:00','YYYY-MM-DD HH24:MI:SS'),null,'윤지혜');
Insert into PROJ_MEM (MEM_NO,PROJ_NO,MEM_ROLE_NO,PROJ_JOIN_DATE,PROJ_DROP_DATE,PROJ_USER_NICK) values (253,188,84,to_date('2021-06-23 00:00:00','YYYY-MM-DD HH24:MI:SS'),null,'오세일');
Insert into PROJ_MEM (MEM_NO,PROJ_NO,MEM_ROLE_NO,PROJ_JOIN_DATE,PROJ_DROP_DATE,PROJ_USER_NICK) values (250,188,84,to_date('2021-06-23 00:00:00','YYYY-MM-DD HH24:MI:SS'),null,'배수진');
Insert into PROJ_MEM (MEM_NO,PROJ_NO,MEM_ROLE_NO,PROJ_JOIN_DATE,PROJ_DROP_DATE,PROJ_USER_NICK) values (244,189,86,to_date('2021-06-23 00:00:00','YYYY-MM-DD HH24:MI:SS'),null,'김보현');
Insert into PROJ_MEM (MEM_NO,PROJ_NO,MEM_ROLE_NO,PROJ_JOIN_DATE,PROJ_DROP_DATE,PROJ_USER_NICK) values (4,23,5,to_date('2021-06-14 00:00:00','YYYY-MM-DD HH24:MI:SS'),to_date('2021-06-23 00:00:00','YYYY-MM-DD HH24:MI:SS'),'관리자');
Insert into PROJ_MEM (MEM_NO,PROJ_NO,MEM_ROLE_NO,PROJ_JOIN_DATE,PROJ_DROP_DATE,PROJ_USER_NICK) values (4,61,27,to_date('2021-06-17 00:00:00','YYYY-MM-DD HH24:MI:SS'),to_date('2021-06-18 00:00:00','YYYY-MM-DD HH24:MI:SS'),'관리자');
Insert into PROJ_MEM (MEM_NO,PROJ_NO,MEM_ROLE_NO,PROJ_JOIN_DATE,PROJ_DROP_DATE,PROJ_USER_NICK) values (125,63,31,to_date('2021-06-17 00:00:00','YYYY-MM-DD HH24:MI:SS'),null,'관리자');
Insert into PROJ_MEM (MEM_NO,PROJ_NO,MEM_ROLE_NO,PROJ_JOIN_DATE,PROJ_DROP_DATE,PROJ_USER_NICK) values (125,64,33,to_date('2021-06-17 00:00:00','YYYY-MM-DD HH24:MI:SS'),null,'관리자');
Insert into PROJ_MEM (MEM_NO,PROJ_NO,MEM_ROLE_NO,PROJ_JOIN_DATE,PROJ_DROP_DATE,PROJ_USER_NICK) values (125,66,37,to_date('2021-06-17 00:00:00','YYYY-MM-DD HH24:MI:SS'),null,'관리자');
Insert into PROJ_MEM (MEM_NO,PROJ_NO,MEM_ROLE_NO,PROJ_JOIN_DATE,PROJ_DROP_DATE,PROJ_USER_NICK) values (4,101,53,to_date('2021-06-21 00:00:00','YYYY-MM-DD HH24:MI:SS'),to_date('2021-06-23 00:00:00','YYYY-MM-DD HH24:MI:SS'),'관리자');
Insert into PROJ_MEM (MEM_NO,PROJ_NO,MEM_ROLE_NO,PROJ_JOIN_DATE,PROJ_DROP_DATE,PROJ_USER_NICK) values (4,102,55,to_date('2021-06-21 00:00:00','YYYY-MM-DD HH24:MI:SS'),to_date('2021-06-23 00:00:00','YYYY-MM-DD HH24:MI:SS'),'꼬부기');
Insert into PROJ_MEM (MEM_NO,PROJ_NO,MEM_ROLE_NO,PROJ_JOIN_DATE,PROJ_DROP_DATE,PROJ_USER_NICK) values (3,103,57,to_date('2021-06-21 00:00:00','YYYY-MM-DD HH24:MI:SS'),null,'원정훈');
Insert into PROJ_MEM (MEM_NO,PROJ_NO,MEM_ROLE_NO,PROJ_JOIN_DATE,PROJ_DROP_DATE,PROJ_USER_NICK) values (243,4,52,to_date('2021-06-22 00:00:00','YYYY-MM-DD HH24:MI:SS'),null,'김보미');
Insert into PROJ_MEM (MEM_NO,PROJ_NO,MEM_ROLE_NO,PROJ_JOIN_DATE,PROJ_DROP_DATE,PROJ_USER_NICK) values (249,4,51,to_date('2021-06-22 00:00:00','YYYY-MM-DD HH24:MI:SS'),null,'박초원');
Insert into PROJ_MEM (MEM_NO,PROJ_NO,MEM_ROLE_NO,PROJ_JOIN_DATE,PROJ_DROP_DATE,PROJ_USER_NICK) values (5,141,63,to_date('2021-06-22 00:00:00','YYYY-MM-DD HH24:MI:SS'),null,'robin');
Insert into PROJ_MEM (MEM_NO,PROJ_NO,MEM_ROLE_NO,PROJ_JOIN_DATE,PROJ_DROP_DATE,PROJ_USER_NICK) values (251,161,68,to_date('2021-06-22 00:00:00','YYYY-MM-DD HH24:MI:SS'),null,'송수미');
Insert into PROJ_MEM (MEM_NO,PROJ_NO,MEM_ROLE_NO,PROJ_JOIN_DATE,PROJ_DROP_DATE,PROJ_USER_NICK) values (256,221,112,to_date('2021-06-24 17:39:16','YYYY-MM-DD HH24:MI:SS'),null,'이현기');
Insert into PROJ_MEM (MEM_NO,PROJ_NO,MEM_ROLE_NO,PROJ_JOIN_DATE,PROJ_DROP_DATE,PROJ_USER_NICK) values (244,221,115,to_date('2021-06-24 17:40:20','YYYY-MM-DD HH24:MI:SS'),null,'김보현');
Insert into PROJ_MEM (MEM_NO,PROJ_NO,MEM_ROLE_NO,PROJ_JOIN_DATE,PROJ_DROP_DATE,PROJ_USER_NICK) values (246,221,115,to_date('2021-06-24 17:40:29','YYYY-MM-DD HH24:MI:SS'),null,'김혜정');
Insert into PROJ_MEM (MEM_NO,PROJ_NO,MEM_ROLE_NO,PROJ_JOIN_DATE,PROJ_DROP_DATE,PROJ_USER_NICK) values (245,221,113,to_date('2021-06-24 17:40:44','YYYY-MM-DD HH24:MI:SS'),null,'김지훈');
Insert into PROJ_MEM (MEM_NO,PROJ_NO,MEM_ROLE_NO,PROJ_JOIN_DATE,PROJ_DROP_DATE,PROJ_USER_NICK) values (252,221,114,to_date('2021-06-24 17:40:56','YYYY-MM-DD HH24:MI:SS'),to_date('2021-06-24 17:44:38','YYYY-MM-DD HH24:MI:SS'),'양지수');
Insert into PROJ_MEM (MEM_NO,PROJ_NO,MEM_ROLE_NO,PROJ_JOIN_DATE,PROJ_DROP_DATE,PROJ_USER_NICK) values (255,222,116,to_date('2021-06-24 17:46:33','YYYY-MM-DD HH24:MI:SS'),null,'이진수');
Insert into PROJ_MEM (MEM_NO,PROJ_NO,MEM_ROLE_NO,PROJ_JOIN_DATE,PROJ_DROP_DATE,PROJ_USER_NICK) values (250,222,120,to_date('2021-06-24 17:47:28','YYYY-MM-DD HH24:MI:SS'),null,'배수진');
Insert into PROJ_MEM (MEM_NO,PROJ_NO,MEM_ROLE_NO,PROJ_JOIN_DATE,PROJ_DROP_DATE,PROJ_USER_NICK) values (262,222,120,to_date('2021-06-24 17:47:36','YYYY-MM-DD HH24:MI:SS'),null,'진예은');
Insert into PROJ_MEM (MEM_NO,PROJ_NO,MEM_ROLE_NO,PROJ_JOIN_DATE,PROJ_DROP_DATE,PROJ_USER_NICK) values (259,222,120,to_date('2021-06-24 17:47:46','YYYY-MM-DD HH24:MI:SS'),null,'전형섭');
Insert into PROJ_MEM (MEM_NO,PROJ_NO,MEM_ROLE_NO,PROJ_JOIN_DATE,PROJ_DROP_DATE,PROJ_USER_NICK) values (263,222,120,to_date('2021-06-24 17:47:55','YYYY-MM-DD HH24:MI:SS'),null,'진유리');
Insert into PROJ_MEM (MEM_NO,PROJ_NO,MEM_ROLE_NO,PROJ_JOIN_DATE,PROJ_DROP_DATE,PROJ_USER_NICK) values (247,223,121,to_date('2021-06-24 17:49:27','YYYY-MM-DD HH24:MI:SS'),null,'문선준');
Insert into PROJ_MEM (MEM_NO,PROJ_NO,MEM_ROLE_NO,PROJ_JOIN_DATE,PROJ_DROP_DATE,PROJ_USER_NICK) values (260,223,122,to_date('2021-06-24 17:50:12','YYYY-MM-DD HH24:MI:SS'),null,'정이삭');
Insert into PROJ_MEM (MEM_NO,PROJ_NO,MEM_ROLE_NO,PROJ_JOIN_DATE,PROJ_DROP_DATE,PROJ_USER_NICK) values (241,223,123,to_date('2021-06-24 17:50:20','YYYY-MM-DD HH24:MI:SS'),null,'김도윤');
Insert into PROJ_MEM (MEM_NO,PROJ_NO,MEM_ROLE_NO,PROJ_JOIN_DATE,PROJ_DROP_DATE,PROJ_USER_NICK) values (303,241,124,to_date('2021-06-25 11:41:53','YYYY-MM-DD HH24:MI:SS'),null,'총대장');
Insert into PROJ_MEM (MEM_NO,PROJ_NO,MEM_ROLE_NO,PROJ_JOIN_DATE,PROJ_DROP_DATE,PROJ_USER_NICK) values (42,241,126,to_date('2021-06-25 12:21:50','YYYY-MM-DD HH24:MI:SS'),null,'tester');
Insert into PROJ_MEM (MEM_NO,PROJ_NO,MEM_ROLE_NO,PROJ_JOIN_DATE,PROJ_DROP_DATE,PROJ_USER_NICK) values (127,241,125,to_date('2021-06-25 12:22:44','YYYY-MM-DD HH24:MI:SS'),null,'alpha7');
Insert into PROJ_MEM (MEM_NO,PROJ_NO,MEM_ROLE_NO,PROJ_JOIN_DATE,PROJ_DROP_DATE,PROJ_USER_NICK) values (41,241,127,to_date('2021-06-25 12:23:10','YYYY-MM-DD HH24:MI:SS'),to_date('2021-06-25 12:26:04','YYYY-MM-DD HH24:MI:SS'),'exam');
Insert into PROJ_MEM (MEM_NO,PROJ_NO,MEM_ROLE_NO,PROJ_JOIN_DATE,PROJ_DROP_DATE,PROJ_USER_NICK) values (4,241,127,to_date('2021-06-25 12:34:53','YYYY-MM-DD HH24:MI:SS'),to_date('2021-06-25 12:35:49','YYYY-MM-DD HH24:MI:SS'),'꼬부기');
Insert into PROJ_MEM (MEM_NO,PROJ_NO,MEM_ROLE_NO,PROJ_JOIN_DATE,PROJ_DROP_DATE,PROJ_USER_NICK) values (304,242,128,to_date('2021-06-25 18:18:38','YYYY-MM-DD HH24:MI:SS'),null,'조씨');
Insert into PROJ_MEM (MEM_NO,PROJ_NO,MEM_ROLE_NO,PROJ_JOIN_DATE,PROJ_DROP_DATE,PROJ_USER_NICK) values (1,242,131,to_date('2021-06-25 18:21:06','YYYY-MM-DD HH24:MI:SS'),null,'eisen');
Insert into PROJ_MEM (MEM_NO,PROJ_NO,MEM_ROLE_NO,PROJ_JOIN_DATE,PROJ_DROP_DATE,PROJ_USER_NICK) values (305,243,132,to_date('2021-06-25 21:13:17','YYYY-MM-DD HH24:MI:SS'),null,'원정훈');
Insert into PROJ_MEM (MEM_NO,PROJ_NO,MEM_ROLE_NO,PROJ_JOIN_DATE,PROJ_DROP_DATE,PROJ_USER_NICK) values (241,243,134,to_date('2021-06-25 21:15:13','YYYY-MM-DD HH24:MI:SS'),to_date('2021-06-25 21:15:36','YYYY-MM-DD HH24:MI:SS'),'김도윤');
Insert into PROJ_MEM (MEM_NO,PROJ_NO,MEM_ROLE_NO,PROJ_JOIN_DATE,PROJ_DROP_DATE,PROJ_USER_NICK) values (242,243,135,to_date('2021-06-25 21:15:17','YYYY-MM-DD HH24:MI:SS'),to_date('2021-06-25 21:15:31','YYYY-MM-DD HH24:MI:SS'),'김동익');
Insert into PROJ_MEM (MEM_NO,PROJ_NO,MEM_ROLE_NO,PROJ_JOIN_DATE,PROJ_DROP_DATE,PROJ_USER_NICK) values (4,244,136,to_date('2021-06-25 21:17:37','YYYY-MM-DD HH24:MI:SS'),null,'꼬부긔');
Insert into PROJ_MEM (MEM_NO,PROJ_NO,MEM_ROLE_NO,PROJ_JOIN_DATE,PROJ_DROP_DATE,PROJ_USER_NICK) values (117,244,138,to_date('2021-06-25 21:20:30','YYYY-MM-DD HH24:MI:SS'),null,'1234');
Insert into PROJ_MEM (MEM_NO,PROJ_NO,MEM_ROLE_NO,PROJ_JOIN_DATE,PROJ_DROP_DATE,PROJ_USER_NICK) values (161,244,139,to_date('2021-06-25 21:20:32','YYYY-MM-DD HH24:MI:SS'),null,'kimusan');
Insert into PROJ_MEM (MEM_NO,PROJ_NO,MEM_ROLE_NO,PROJ_JOIN_DATE,PROJ_DROP_DATE,PROJ_USER_NICK) values (3,245,140,to_date('2021-06-25 21:24:49','YYYY-MM-DD HH24:MI:SS'),to_date('2021-06-26 14:51:30','YYYY-MM-DD HH24:MI:SS'),'josh');
Insert into PROJ_MEM (MEM_NO,PROJ_NO,MEM_ROLE_NO,PROJ_JOIN_DATE,PROJ_DROP_DATE,PROJ_USER_NICK) values (41,245,141,to_date('2021-06-25 21:25:06','YYYY-MM-DD HH24:MI:SS'),to_date('2021-06-25 21:25:26','YYYY-MM-DD HH24:MI:SS'),'exam');
Insert into PROJ_MEM (MEM_NO,PROJ_NO,MEM_ROLE_NO,PROJ_JOIN_DATE,PROJ_DROP_DATE,PROJ_USER_NICK) values (250,245,141,to_date('2021-06-25 21:25:15','YYYY-MM-DD HH24:MI:SS'),to_date('2021-06-25 21:25:30','YYYY-MM-DD HH24:MI:SS'),'배수진');
Insert into PROJ_MEM (MEM_NO,PROJ_NO,MEM_ROLE_NO,PROJ_JOIN_DATE,PROJ_DROP_DATE,PROJ_USER_NICK) values (43,104,60,to_date('2021-06-26 11:13:29','YYYY-MM-DD HH24:MI:SS'),null,'gaia');
Insert into PROJ_MEM (MEM_NO,PROJ_NO,MEM_ROLE_NO,PROJ_JOIN_DATE,PROJ_DROP_DATE,PROJ_USER_NICK) values (3,2,16,to_date('2021-06-26 12:04:31','YYYY-MM-DD HH24:MI:SS'),null,'원정훈');
Insert into PROJ_MEM (MEM_NO,PROJ_NO,MEM_ROLE_NO,PROJ_JOIN_DATE,PROJ_DROP_DATE,PROJ_USER_NICK) values (4,246,142,to_date('2021-06-26 12:42:16','YYYY-MM-DD HH24:MI:SS'),null,'박세현');
Insert into PROJ_MEM (MEM_NO,PROJ_NO,MEM_ROLE_NO,PROJ_JOIN_DATE,PROJ_DROP_DATE,PROJ_USER_NICK) values (161,247,147,to_date('2021-06-26 15:17:08','YYYY-MM-DD HH24:MI:SS'),null,'kimusan');
Insert into PROJ_MEM (MEM_NO,PROJ_NO,MEM_ROLE_NO,PROJ_JOIN_DATE,PROJ_DROP_DATE,PROJ_USER_NICK) values (3,248,148,to_date('2021-06-26 16:20:01','YYYY-MM-DD HH24:MI:SS'),null,'원정훈');
Insert into PROJ_MEM (MEM_NO,PROJ_NO,MEM_ROLE_NO,PROJ_JOIN_DATE,PROJ_DROP_DATE,PROJ_USER_NICK) values (323,248,150,to_date('2021-06-26 16:21:16','YYYY-MM-DD HH24:MI:SS'),null,'조이박');
Insert into PROJ_MEM (MEM_NO,PROJ_NO,MEM_ROLE_NO,PROJ_JOIN_DATE,PROJ_DROP_DATE,PROJ_USER_NICK) values (4,249,152,to_date('2021-06-26 16:59:31','YYYY-MM-DD HH24:MI:SS'),null,'박세현');
REM INSERTING into PROPTIS
SET DEFINE OFF;
REM INSERTING into PROPTIS_ROLE
SET DEFINE OFF;
REM INSERTING into PROVIDER
SET DEFINE OFF;
Insert into PROVIDER (PROV_ID,PROV_PASS,PROV_NM) values ('admin1','{bcrypt}$2a$10$A32fPVKOKFyVa4z/.rGMGeaKR0i2aFc.xAN/sELk0x2F.IVOLx0mq','운영자1');
Insert into PROVIDER (PROV_ID,PROV_PASS,PROV_NM) values ('admin2','{bcrypt}$2a$10$A32fPVKOKFyVa4z/.rGMGeaKR0i2aFc.xAN/sELk0x2F.IVOLx0mq','운영자2');
Insert into PROVIDER (PROV_ID,PROV_PASS,PROV_NM) values ('admin3','{bcrypt}$2a$10$A32fPVKOKFyVa4z/.rGMGeaKR0i2aFc.xAN/sELk0x2F.IVOLx0mq','운영자3');
Insert into PROVIDER (PROV_ID,PROV_PASS,PROV_NM) values ('admin4','{bcrypt}$2a$10$A32fPVKOKFyVa4z/.rGMGeaKR0i2aFc.xAN/sELk0x2F.IVOLx0mq','운영자4');
REM INSERTING into REFUND
SET DEFINE OFF;
REM INSERTING into REPOSITORY
SET DEFINE OFF;
Insert into REPOSITORY (PROJ_NO,REPO_URL,REPO_TOKEN,REPO_TYPE) values (187,'Shane-Park/DDIT_Project1',null,'git');
Insert into REPOSITORY (PROJ_NO,REPO_URL,REPO_TOKEN,REPO_TYPE) values (1,'ddit301/gaia',null,'git');
Insert into REPOSITORY (PROJ_NO,REPO_URL,REPO_TOKEN,REPO_TYPE) values (4,'Shane-Park/playddit',null,'git');
Insert into REPOSITORY (PROJ_NO,REPO_URL,REPO_TOKEN,REPO_TYPE) values (161,'pamlpri/shms',null,'git');
REM INSERTING into USER_AUTH
SET DEFINE OFF;
REM INSERTING into WIKI
SET DEFINE OFF;
Insert into WIKI (WIKI_SID,PARENT_WIKI,MEM_NO,PROJ_NO,WIKI_NO,WIKI_CONT,WIKI_WRITE_DATE,WIKI_TITLE) values (44,null,3,104,4,'ㄸㄸ',to_date('2021-06-23 00:00:00','YYYY-MM-DD HH24:MI:SS'),'ㅅㄷㄴㅅ');
Insert into WIKI (WIKI_SID,PARENT_WIKI,MEM_NO,PROJ_NO,WIKI_NO,WIKI_CONT,WIKI_WRITE_DATE,WIKI_TITLE) values (45,null,3,104,5,'aa',to_date('2021-06-23 00:00:00','YYYY-MM-DD HH24:MI:SS'),'aa');
Insert into WIKI (WIKI_SID,PARENT_WIKI,MEM_NO,PROJ_NO,WIKI_NO,WIKI_CONT,WIKI_WRITE_DATE,WIKI_TITLE) values (47,null,3,104,7,'aa',to_date('2021-06-23 00:00:00','YYYY-MM-DD HH24:MI:SS'),'aa');
Insert into WIKI (WIKI_SID,PARENT_WIKI,MEM_NO,PROJ_NO,WIKI_NO,WIKI_CONT,WIKI_WRITE_DATE,WIKI_TITLE) values (60,null,3,104,17,'asfd',to_date('2021-06-23 00:00:00','YYYY-MM-DD HH24:MI:SS'),'sfda');
Insert into WIKI (WIKI_SID,PARENT_WIKI,MEM_NO,PROJ_NO,WIKI_NO,WIKI_CONT,WIKI_WRITE_DATE,WIKI_TITLE) values (62,44,3,104,19,'ㄸㄸsss',to_date('2021-06-23 00:00:00','YYYY-MM-DD HH24:MI:SS'),'ㅅㄷㄴㅅ');
Insert into WIKI (WIKI_SID,PARENT_WIKI,MEM_NO,PROJ_NO,WIKI_NO,WIKI_CONT,WIKI_WRITE_DATE,WIKI_TITLE) values (63,null,3,104,20,'asdfasdf',to_date('2021-06-23 00:00:00','YYYY-MM-DD HH24:MI:SS'),'asdf');
Insert into WIKI (WIKI_SID,PARENT_WIKI,MEM_NO,PROJ_NO,WIKI_NO,WIKI_CONT,WIKI_WRITE_DATE,WIKI_TITLE) values (65,null,3,104,22,'asdfsadf',to_date('2021-06-23 00:00:00','YYYY-MM-DD HH24:MI:SS'),'asdf');
Insert into WIKI (WIKI_SID,PARENT_WIKI,MEM_NO,PROJ_NO,WIKI_NO,WIKI_CONT,WIKI_WRITE_DATE,WIKI_TITLE) values (66,null,3,104,23,'asdf',to_date('2021-06-23 00:00:00','YYYY-MM-DD HH24:MI:SS'),'asdf');
Insert into WIKI (WIKI_SID,PARENT_WIKI,MEM_NO,PROJ_NO,WIKI_NO,WIKI_CONT,WIKI_WRITE_DATE,WIKI_TITLE) values (67,null,3,104,24,'ffv',to_date('2021-06-23 00:00:00','YYYY-MM-DD HH24:MI:SS'),'ff');
Insert into WIKI (WIKI_SID,PARENT_WIKI,MEM_NO,PROJ_NO,WIKI_NO,WIKI_CONT,WIKI_WRITE_DATE,WIKI_TITLE) values (69,null,4,104,26,'safddsf',to_date('2021-06-23 00:00:00','YYYY-MM-DD HH24:MI:SS'),'sadf');
Insert into WIKI (WIKI_SID,PARENT_WIKI,MEM_NO,PROJ_NO,WIKI_NO,WIKI_CONT,WIKI_WRITE_DATE,WIKI_TITLE) values (46,null,3,104,6,'aa',to_date('2021-06-23 00:00:00','YYYY-MM-DD HH24:MI:SS'),'aa');
Insert into WIKI (WIKI_SID,PARENT_WIKI,MEM_NO,PROJ_NO,WIKI_NO,WIKI_CONT,WIKI_WRITE_DATE,WIKI_TITLE) values (48,null,3,104,8,'aa',to_date('2021-06-23 00:00:00','YYYY-MM-DD HH24:MI:SS'),'aa');
Insert into WIKI (WIKI_SID,PARENT_WIKI,MEM_NO,PROJ_NO,WIKI_NO,WIKI_CONT,WIKI_WRITE_DATE,WIKI_TITLE) values (34,26,3,1,33,'신규 위키 등록 내용1 수정',to_date('2021-06-19 00:00:00','YYYY-MM-DD HH24:MI:SS'),'신규 위키 등록1');
Insert into WIKI (WIKI_SID,PARENT_WIKI,MEM_NO,PROJ_NO,WIKI_NO,WIKI_CONT,WIKI_WRITE_DATE,WIKI_TITLE) values (35,34,3,1,34,'신규 위키 등록 내용1 수정ㄴㄴ',to_date('2021-06-19 00:00:00','YYYY-MM-DD HH24:MI:SS'),'신규 위키 등록1');
Insert into WIKI (WIKI_SID,PARENT_WIKI,MEM_NO,PROJ_NO,WIKI_NO,WIKI_CONT,WIKI_WRITE_DATE,WIKI_TITLE) values (37,null,246,103,2,'자바(영어: Java, 문화어: 쟈바)는 썬 마이크로시스템즈의 제임스 고슬링(James Gosling)과 다른 연구원들이 개발한 객체 지향적 프로그래밍 언어이다. 1991년 그린 프로젝트(Green Project)라는 이름으로 시작해 1995년에 발표했다. 처음에는 가전제품 내에 탑재해 동작하는 프로그램을 위해 개발했지만 현재 웹 애플리케이션 개발에 가장 많이 사용하는 언어 가운데 하나이고, 모바일 기기용 소프트웨어 개발에도 널리 사용하고 있다. 현재 버전 16까지 출시했다.

자바의 개발자들은 유닉스 기반의 배경을 가지고 있었기 때문에 문법적인 특성은 파스칼이 아닌 C++의 조상인 C 언어와 비슷하다.[1] 자바를 다른 컴파일언어와 구분 짓는 가장 큰 특징은 컴파일된 코드가 플랫폼 독립적이라는 점이다. 자바 컴파일러는 자바 언어로 작성된 프로그램을 바이트코드라는 특수한 바이너리 형태로 변환한다. 바이트코드를 실행하기 위해서는 JVM(자바 가상 머신, Java Virtual Machine)이라는 특수한 가상 머신이 필요한데, 이 가상 머신은 자바 바이트코드를 어느 플랫폼에서나 동일한 형태로 실행시킨다. 때문에 자바로 개발된 프로그램은 CPU나 운영 체제의 종류에 관계없이 JVM을 설치할 수 있는 시스템에서는 어디서나 실행할 수 있으며, 이 점이 웹 애플리케이션의 특성과 맞아떨어져 폭발적인 인기를 끌게 되었다.',to_date('2021-06-22 00:00:00','YYYY-MM-DD HH24:MI:SS'),'자바 (프로그래밍 언어)');
Insert into WIKI (WIKI_SID,PARENT_WIKI,MEM_NO,PROJ_NO,WIKI_NO,WIKI_CONT,WIKI_WRITE_DATE,WIKI_TITLE) values (38,null,3,103,3,'### js 파일 활용하기

학원에서 프로젝트를 진행하고 있는데 기존의 jsp 페이지에서 작성하던 ajax 와 함수들을 js 페이지를 만들어 함수를 호출 받아서 사용하기로했다.

jsp 페이지에서 작성해도 되지만 함수를 js 파일로 정리를 해두면 더욱 깔끔한 코딩을 짜고 나중에 유지보수에도 유용하다.  
또한 기존 jsp 페이지에선 함수안에서 다른 함수를 호출하면 너무 긴 코드가 되는데 js 에선 함수만 불러오면 된다.

### wiki-btn on click 처리

가장먼저 버튼을 누를 경우에 진행되는 이벤트를 처리했다.

예시로, 불러온 위키 제목을 누르면 해당 위키의 내용이 화면에 출력되는 기능을 만들었다.

```
$(function(){

    // 특정 위키 클릭시 불러오는 메서드
    $(''.content-body'').on(''click'',''.wiki-btn'',function(){

        //특정 위키의 wiki_no 불러옴. 
        let wiki_no = $(this).siblings(''input'').val();
        wikiView(wiki_no);

    })

})

```

on click 이벤트는 $(function() 내부에서 진행시켜야 한다.

위의 내용은

class 가 content-body 인 div 안에 있는 class 가 wiki-btn 인 버튼을 누르면 let wiki\_no 라고 선언한 변수에 input 에 들어가있는 value 값을 찾아 넣어주고 wikiView 함수에 value 를 넣어 준다는 의미이다.

또한 동적 자원 처리를 위해 delegate 형식으로 처리했다.  
그냥 on click 이라면 $(''.wiki-btn'').on(''click'',function(){  
으로 작성 할 수 있다.

### wikiView(wiki\_no) 함수

다음은 wikiView 함수 생성을 해야한다.

클릭을 하면 이 함수가 실행된다.

const 로 함수를 지정해준다.

```
// 특정 위키 불러오는 함수
const wikiView = function(wiki_no){
        window.scrollTo({top:0, left:0, behavior:''auto''});

        data = ''wikiView''+wiki_no;
        title = '''';
        url = getContextPath()+''/''+manager_id+''/''+project_title+''/wiki/''+wiki_no;
        history.pushState(data,title,url);

        $.ajax({
            url : getContextPath() + ''/restapi/project/wikis/''+ wiki_no
            , type : ''get''
            , data : {

            },
            success : function(res) {

                $(''.title-wiki'').children(''span'').text(res.wiki_title);
                $(''.wiki-writer'').children(''span:first'').text(res.proj_user_nick);
                $(''.wiki-writer'').children(''span:last'').text(moment(res.wiki_write_date).fromNow());
                $(''.wiki-content'').children(''span'').text(res.wiki_cont);

                $.each(res, function(i, v) {
                })
            },
            error : function(xhr, error, msg) {
                // 조회중인 프로젝트 번호를 세션에서 못 받아 올 경우, 메인 홈페이지로 보낸다.
                if(xhr.status == 400){
                    window.location.href = getContextPath();
                }
                console.log(xhr);
                console.log(error);
                console.log(msg);
            },
            dataType : ''json''
        })

```

on click 이벤트를 처리할 때 넣어준 wiki\_no 를 사용한다. 특정 위키를 불러오기 떄문에 ajax 의 타입은 get 으로 적어준다.  
성공시 각 class 에 있는 span 에 값들을 넣어주게 된다.',to_date('2021-06-22 00:00:00','YYYY-MM-DD HH24:MI:SS'),'JS 파일로 함수 호출');
Insert into WIKI (WIKI_SID,PARENT_WIKI,MEM_NO,PROJ_NO,WIKI_NO,WIKI_CONT,WIKI_WRITE_DATE,WIKI_TITLE) values (36,null,3,103,1,'### 환영합니다 ddit302  여러분!! 친구들과 공유할수 있는 정보를 올려주세요!!

        - ddit302 학생 모두가 볼 수 있으며 수정 가능합니다 :)
        - 함께 성장해나가요!',to_date('2021-06-22 00:00:00','YYYY-MM-DD HH24:MI:SS'),'Home');
Insert into WIKI (WIKI_SID,PARENT_WIKI,MEM_NO,PROJ_NO,WIKI_NO,WIKI_CONT,WIKI_WRITE_DATE,WIKI_TITLE) values (40,36,3,103,5,'### 환영합니다 ddit302  여러분!! 친구들과 공유할수 있는 정보를 올려주세요!!

        - ddit302 학생 모두가 볼 수 있으며 수정 가능합니다 :)
        - 함께 성장해나가요!


        - 너무 좋아요!!!!!',to_date('2021-06-23 00:00:00','YYYY-MM-DD HH24:MI:SS'),'Home');
Insert into WIKI (WIKI_SID,PARENT_WIKI,MEM_NO,PROJ_NO,WIKI_NO,WIKI_CONT,WIKI_WRITE_DATE,WIKI_TITLE) values (53,null,4,104,13,'ㅇㅇ',to_date('2021-06-23 00:00:00','YYYY-MM-DD HH24:MI:SS'),'추가');
Insert into WIKI (WIKI_SID,PARENT_WIKI,MEM_NO,PROJ_NO,WIKI_NO,WIKI_CONT,WIKI_WRITE_DATE,WIKI_TITLE) values (54,53,4,104,14,'ㅇㅇ',to_date('2021-06-23 00:00:00','YYYY-MM-DD HH24:MI:SS'),'추가1');
Insert into WIKI (WIKI_SID,PARENT_WIKI,MEM_NO,PROJ_NO,WIKI_NO,WIKI_CONT,WIKI_WRITE_DATE,WIKI_TITLE) values (26,1,4,1,26,'신규 위키 등록 내용1',to_date('2021-06-18 00:00:00','YYYY-MM-DD HH24:MI:SS'),'신규 위키 등록1');
Insert into WIKI (WIKI_SID,PARENT_WIKI,MEM_NO,PROJ_NO,WIKI_NO,WIKI_CONT,WIKI_WRITE_DATE,WIKI_TITLE) values (56,null,3,104,16,'testtest',to_date('2021-06-23 00:00:00','YYYY-MM-DD HH24:MI:SS'),'testtset');
Insert into WIKI (WIKI_SID,PARENT_WIKI,MEM_NO,PROJ_NO,WIKI_NO,WIKI_CONT,WIKI_WRITE_DATE,WIKI_TITLE) values (39,null,3,103,4,'### java 에서 date와 timestamp 차이

java.util.date

-   일반적으로 날짜와 시간을 저장할 때 사용함.

java.sql.Timestamp

-   date 보다 정밀한 시간을 요구 할 때 사용.
-   시스템간의 프로세스 시간, 우선순위 정하거나 밀리세컨드 이하까지 사용하기 위해 씀.

### database 에서의 date 와 timestamp 차이

### DATE

yyyy-mm-dd

### DATETIME

yyyy-mm-dd hh:mm:ss

-   ''1000-01-01 00:00:00'' to ''9999-12-31 23:59:59''

-   문자형으로 저장

-   8byte

-   수정 시 날짜 시간 직접 입력

-   글 등록 예약 날짜


### TIMESTAMP

yyyy-mm-dd hh:mm:ss

-   ''1970-01-01 00:00:01'' to ''2038-01-19 03:14:07'' (UTC : 국제 표준 시)

-   숫자형으로 저장

-   4byte

-   current\_timestamp 사용시 자동으로 입력

-   자동으로 수정날짜를 저장할 수 있다.',to_date('2021-06-22 00:00:00','YYYY-MM-DD HH24:MI:SS'),'DATE 와 TIMESTAMP 차이');
Insert into WIKI (WIKI_SID,PARENT_WIKI,MEM_NO,PROJ_NO,WIKI_NO,WIKI_CONT,WIKI_WRITE_DATE,WIKI_TITLE) values (68,null,3,104,25,'ttt',to_date('2021-06-23 00:00:00','YYYY-MM-DD HH24:MI:SS'),'tt');
Insert into WIKI (WIKI_SID,PARENT_WIKI,MEM_NO,PROJ_NO,WIKI_NO,WIKI_CONT,WIKI_WRITE_DATE,WIKI_TITLE) values (71,62,3,104,28,'ㄸㄸsssasdasdf',to_date('2021-06-23 00:00:00','YYYY-MM-DD HH24:MI:SS'),'ㅅㄷㄴㅅ');
Insert into WIKI (WIKI_SID,PARENT_WIKI,MEM_NO,PROJ_NO,WIKI_NO,WIKI_CONT,WIKI_WRITE_DATE,WIKI_TITLE) values (72,null,3,1,35,'### AJAX는 Asynchronous JavaScript and XML의 약자로, 말 그대로 JavaScript와 XML을 이용한 비동기적 정보 교환 기법이다.

개념적으로 1999년 3월에 이미 정립되어 있었지만, 용어 자체는 2005년 2월 18일 Jesse James Garrett에 의해 처음 사용되었다. 이름에 XML이라고 명시되어있긴 하지만 JSON이나 일반 텍스트 파일과 같은 다른 데이터 오브젝트들도 사용 가능해서 요즘엔 XML을 잘 안 쓰고 십중팔구 JSON을 다룬다. 용어와 실제 기술간의 차이가 커져서 요즘에는 약어가 아닌 고유명사 취급하고 있다.
',to_date('2021-06-25 11:06:27','YYYY-MM-DD HH24:MI:SS'),'AJAX');
Insert into WIKI (WIKI_SID,PARENT_WIKI,MEM_NO,PROJ_NO,WIKI_NO,WIKI_CONT,WIKI_WRITE_DATE,WIKI_TITLE) values (73,72,3,1,36,'### AJAX는 Asynchronous JavaScript and XML의 약자로, 말 그대로 JavaScript와 XML을 이용한 비동기적 정보 교환 기법이다.

개념적으로 1999년 3월에 이미 정립되어 있었지만, 용어 자체는 2005년 2월 18일 Jesse James Garrett에 의해 처음 사용되었다. 이름에 XML이라고 명시되어있긴 하지만 JSON이나 일반 텍스트 파일과 같은 다른 데이터 오브젝트들도 사용 가능해서 요즘엔 XML을 잘 안 쓰고 십중팔구 JSON을 다룬다. 용어와 실제 기술간의 차이가 커져서 요즘에는 약어가 아닌 고유명사 취급하고 있다.
### 원리

브라우저가 사이트에 접속하면 서버는 사이트의 기본 얼개를 담은 ''템플릿''을 전달한다.
브라우저는 수신받은 템플릿 HTML과 CSS를 해석해 화면의 기본 모양을 그린다.
계속해서 서버는 데이터의 요청 방식과 수신받은 데이터를 어떻게 가공해야 하는지를 기술한 자바스크립트 파일을 전달한다.[4]
브라우저는 자바스크립트 파일을 해석해서 파일에 기술된 방식대로 서버에 추가 데이터를 요청한다.
서버는 순수 데이터를 응답으로 되돌려준다.
브라우저는 수신한 데이터를 해석하여 템플릿의 적절한 위치에 삽입한다. 데이터의 가공 방식에 따라 삽입 외의 작업(변경, 삭제)을 할 수도 있다.',to_date('2021-06-25 11:06:55','YYYY-MM-DD HH24:MI:SS'),'AJAX');
Insert into WIKI (WIKI_SID,PARENT_WIKI,MEM_NO,PROJ_NO,WIKI_NO,WIKI_CONT,WIKI_WRITE_DATE,WIKI_TITLE) values (74,null,3,1,37,'### JavaScript Object Notation

## 개요

일반적으로 서버에서 클라이언트로 데이터를 보낼 때 사용하는 양식. 클라이언트가 사용하는 언어에 관계 없이 통일된 데이터를 주고받을 수 있도록, 일정한 패턴을 지닌 문자열을 생성해 내보내면 클라이언트는 그를 해석해 데이터를 자기만의 방식으로 온전히 저장, 표시할 수 있게 된다.

과거 웹 초기 시절부터 사용되어 온 XML은 헤더와 태그 등의 여러 요소로 가독성이 떨어지고, 쓸데없이 용량을 잡아먹는다는 단점이 항상 지적되어 왔다. 이에 대응해 간결하고 통일된 양식으로 각광을 받고 있는 것이 JSON이다.

## 구조

```
{
    "회사": [
        {
           "이름": "Apple",
           "운영체제": [
               "macOS",
               "iOS"
                       ]
        },
        {
           "이름": "Microsoft",
           "운영체제": [
               "MS-DOS",
               "Windows"
                       ]
        }
    ]
}
```

',to_date('2021-06-25 11:08:29','YYYY-MM-DD HH24:MI:SS'),'JSON');
Insert into WIKI (WIKI_SID,PARENT_WIKI,MEM_NO,PROJ_NO,WIKI_NO,WIKI_CONT,WIKI_WRITE_DATE,WIKI_TITLE) values (75,null,3,1,38,'트위터에서 시작된 오픈 소스 프론트엔드 프레임워크.[1] 시작은 디자이너 한명과 트위터의 한 개발자였지만 지금은 트위터에서 주도적으로 개발하고 있지는 않다. 트위터에서 사용하는 각종 레이아웃, 버튼, 입력창 등의 디자인과 기능을 CSS와 JavaScript로 만들어 놓은 것이며, 웹 디자이너나 개발자 사이에서는 웹 디자인의 혁명이라고 불릴 정도로 폭발적인 반응을 얻는 프레임워크이다. 현재 버전은 v5.0.1.

부트스트랩 프레임워크는 글자, 인용문, 목록, 표, 입력폼, 버튼, 이미지, 아이콘 등의 자잘한 것뿐만 아니라, 드롭다운 메뉴, 네비게이션 바, 버튼, 탭, 리스트, 페이지 이동 바, 알림 메시지, 썸네일, 진행 바 등의 웹 페이지에서 많이 쓰이는 요소를 거의 전부 내장하고 있다. 이 때문에 웬만한 웹 페이지는 부트스트랩의 CSS와 JavaScript 관련 사항만 설치하고 미리 지정된 CSS 클래스나 JavaScript 함수만 불러오면 트위터에서 쓰는 것과 비슷한 디자인을 순식간에 만들 수 있다.

PC용 디자인뿐 아니라 태블릿이나 스마트폰 같은 모바일용 디자인을 반응형으로 한번에 지원한다. 이 때문에 디자인 소요 시간이 크게 줄어들었고, 여러 웹 브라우저를 지원하기 위한 크로스 브라우징에 골머리를 썩일 필요가 없어졌다. 크로스 브라우징을 위한 각종 핵도 들어 있기 때문이다.[2] 거기다 화면 해상도 크기에 따라 자동으로 정렬되는 "그리드 시스템"[3]을 채용하고 있기 때문에 하나의 웹 페이지로 데스크탑, 태블릿, 스마트폰 모든 기기에서 무리없이 보게 만들 수 있다. 즉 반응형 웹을 지원한다는 의미이다.

심지어 이게 오픈 소스다. 라이선스는 MIT 허가서를 사용하는데, 소스 코드 공개의 의무가 없어 재배포 면에서는 GPL보다 휠씬 자유로운 라이선스이다. 단, 같이 들어 있는 Glyphicon 아이콘은 CCL BY 3.0을 사용하므로 출처를 밝혀야 한다.[4] 소스까지 오픈되어 있다 보니 여기서 파생된 프로젝트만 해도 수천 개가 넘어간다.',to_date('2021-06-25 11:10:37','YYYY-MM-DD HH24:MI:SS'),'Bootstrap(프레임워크)');
Insert into WIKI (WIKI_SID,PARENT_WIKI,MEM_NO,PROJ_NO,WIKI_NO,WIKI_CONT,WIKI_WRITE_DATE,WIKI_TITLE) values (76,null,3,1,39,'### mybatis

객체 지향 언어인 자바의 관계형 데이터베이스 프로그래밍을 좀 더 쉽게 할 수 있게 도와 주는 개발 프레임 워크로서 JDBC를 통해 데이터베이스에 엑세스하는 작업을 캡슐화하고 일반 SQL 쿼리, 저장 프로 시저 및 고급 매핑을 지원하며 모든 JDBC 코드 및 매개 변수의 중복작업을 제거 합니다. Mybatis에서는 프로그램에 있는 SQL쿼리들을 한 구성파일에 구성하여 프로그램 코드와 SQL을 분리할 수 있는 장점을 가지고 있습니다.


### 특징

복잡한 쿼리나 다이나믹한 쿼리에 강하다 - 반대로 비슷한 쿼리는 남발하게 되는 단점이 있다.

프로그램 코드와 SQL 쿼리의 분리로 코드의 간결성 및 유지보수성 향상

resultType, resultClass등 Vo를 사용하지 않고 조회결과를 사용자 정의 DTO, MAP 등으로 맵핑하여 사용 할 수 있다.

빠른 개발이 가능하여 생산성이 향상된다.',to_date('2021-06-25 11:12:16','YYYY-MM-DD HH24:MI:SS'),'MyBatis');
Insert into WIKI (WIKI_SID,PARENT_WIKI,MEM_NO,PROJ_NO,WIKI_NO,WIKI_CONT,WIKI_WRITE_DATE,WIKI_TITLE) values (77,null,3,1,40,'Batis는 데이터베이스에 있는 자원들을 보다 편리하게 가져오기 위한 프레임워크이다.

XML서술자를 사용해서 간단하게 자바빈즈를 PreparedStatement의 바인드 변수인 파라미터와

ResultSet으로 맵핑시켜주는 기능으로  SQL Maps 또한 ORM이라고도 한다.

iBATIS 데이터 매퍼 프레임워크는 관계형 데이터베이스에  접근할 때 가독성, 유지보수성, 생산성 등을 향상시켜준다.



출처: https://jonghoit.tistory.com/73 [당구치는 개발자]',to_date('2021-06-25 11:12:58','YYYY-MM-DD HH24:MI:SS'),'iBatis');
Insert into WIKI (WIKI_SID,PARENT_WIKI,MEM_NO,PROJ_NO,WIKI_NO,WIKI_CONT,WIKI_WRITE_DATE,WIKI_TITLE) values (78,77,3,1,41,'Batis는 데이터베이스에 있는 자원들을 보다 편리하게 가져오기 위한 프레임워크이다.

XML서술자를 사용해서 간단하게 자바빈즈를 PreparedStatement의 바인드 변수인 파라미터와

ResultSet으로 맵핑시켜주는 기능으로  SQL Maps 또한 ORM이라고도 한다.

iBATIS 데이터 매퍼 프레임워크는 관계형 데이터베이스에  접근할 때 가독성, 유지보수성, 생산성 등을 향상시켜준다.



출처: https://jonghoit.tistory.com/73 [당구치는 개발자]

특징

간결함과 쉬운 접근성

다른 프레임워크와 객체관계맵핑툴에 비해 가장 간단한 퍼시스턴스 프레임워크

iBATIS 데이터 매퍼를 사용하기 위해서 자바빈즈와 XML 그리고 SQL만 알면 추가적으로 배워야 할것이 거의 없고

테이블을 조인하거나 복잡한 쿼리문을 수행하기 위해 필요한 복잡한 스키마도 없다.

데이터 매퍼를 사용하면 실제 SQL문의 모든 기능을 그대로 사용할수 있으며,

XML 형태로 서술된 JDBC 코드라고 생각해도 될 만큼 JDBC에 적용되는 거의 모든 기능은 iBATIS에서도 잘 적용된다

데이터베이스 관리자와 SQL 프로그래머 양 쪽 모두 이해하기 용이하다

 

 

생산성의 향상

JDBC와 SQL을 유지하면서도 훨씬 더 적은 코드로도 JDBC처럼 작동

자바코드의 20%를 사용하여 JDBC기능의 80%를 제공하는 간단한 프레임워크

작성할 필요가 없는 JDBC 코드로 인한 분량 문제는 현저하게 줄어듬 (JDBC에 비해 62%정도)

일반적으로 프레임워크는 장황한 코드를 제거하고 복잡한 구조적인 문제를 해결하면서 공통적인 작업을 수행하기 위해 존재  

 

 

성능

구조적 강점 - 데이터 접근 속도 높여주는 JOIN매핑

여러가지 방식의 데이터 가져오기 전략

      불필요한 수천 개의 행을 한꺼번에 데이터베이스로부터 가져오는 것 X

      가져오기 미루기, SQL 줄이기 기법

=> 애플리케이션의 성능을 명백히 향상  

 

 

 

 

SQL 문장과 프로그래밍 코드의 분리

작업의 분배 - 팀을 세분화하는 것을 도움

SQL문과 Java코드와의 분리만으로도 Java개발자는 Query문을 신경쓰지 않아도 된다.

SQL문이 변경되더라도 파라미터 값만 변경되지 않는다면 Java소스에서 수정할 부분이 없기 때문이다.


이식성

어떤 프로그래밍 언어로도 구현가능하다

 예) 자바, C#(iBATIS.NET), Ruby(RBATIS)

 

데이터베이스 접근 클래스와 비즈니스 로직을 담은 클래스의 분리

이른바 DAO(Data Access Object) 패턴이 이러한 일을 담당한다.

 ibatis는 DAO 계층 구현을 위한 유틸리티 성격이면서 동시에 best practice 역할도 수행한다.

 

출처: https://jonghoit.tistory.com/73 [당구치는 개발자]',to_date('2021-06-25 11:13:49','YYYY-MM-DD HH24:MI:SS'),'iBatis');
Insert into WIKI (WIKI_SID,PARENT_WIKI,MEM_NO,PROJ_NO,WIKI_NO,WIKI_CONT,WIKI_WRITE_DATE,WIKI_TITLE) values (79,null,3,1,42,'각 소스코드 저장소마다 Gollum이란 마크다운 기반 위키를 만들 수 있다. 위키를 클론하고 싶을 경우 https://github.com/(사용자 이름)/(저장소).wiki.git을 클론하면 된다.
GitHub는 SSH 와 https 프로토콜을 지원하며, 각각 다른 방식의 Remote git의 URL로 저장된다.
Public/Private repository를 지원하며, 접근 권한이 필요한 private repository인 경우 기본적으로 GitHub 계정과 Password 를 입력을 해야 git pull/push가 가능하지만, 한번만 설정도 가능하다.',to_date('2021-06-25 11:27:22','YYYY-MM-DD HH24:MI:SS'),'Github');
Insert into WIKI (WIKI_SID,PARENT_WIKI,MEM_NO,PROJ_NO,WIKI_NO,WIKI_CONT,WIKI_WRITE_DATE,WIKI_TITLE) values (80,null,3,1,43,'썬 마이크로시스템즈에서 개발한 Java 환경에서 돌아가는 프로그램을 개발하는 데 필요한 툴들을 모아놓은 소프트웨어 패키지이다. JRE(Java Runtime Environment)와 Java 바이트코드 컴파일러, Java 디버거 등을 포함하는 개발 도구들로 이루어져 있다. IBM에서 자체적으로 변형한 IBM JDK와 오픈 소스 버전인 OpenJDK도 있다.

JDK는 어디까지나 소프트웨어 개발을 위한 패키지이기 때문에 일반 사용자는 Java Virtual Machine만 설치해도 웹상에서 Java Applet을 이용하거나 기타 프로그램들을 구동시키는 데는 별 지장이 없다. 하지만 JSP 컨테이너 등 일부 프로그램은 실행에 JDK를 요구하기도 한다. JSP로 예를 들자면 실행 중에 코드가 컴파일될 필요가 있기 때문. 이클립스, IntelliJ IDEA 등 Java를 이용한 IDE는 JDK에 포함된 JRE가 필수이지만, 일반적으로 해당 프로그램 내부에 JRE를 포함하여 함께 배포하는 경우가 많다.
',to_date('2021-06-25 11:28:56','YYYY-MM-DD HH24:MI:SS'),'Java Development Kit');
Insert into WIKI (WIKI_SID,PARENT_WIKI,MEM_NO,PROJ_NO,WIKI_NO,WIKI_CONT,WIKI_WRITE_DATE,WIKI_TITLE) values (81,null,3,1,44,'Java/Kotlin 기반의 웹 프레임워크.[1] 로드 존슨(Rod Johnson)이 2002년에 출판한 저서 Expert One-on-One J2EE Design and Development에서 선보인 소스 코드를 시작으로 점점 발전하게 되었다. 2003년 6월에 최초로 공개되었다. 2020년 12월 기준 최신 버전은 5.3.2. 스프링 프레임워크 프로젝트를 간편하게 설정할 수 있도록 도와주는 서브 프로젝트 스프링 부트가 있으며, 현재는 스프링 부트 위주로 기능이 추가되고 있다.

''스프링''이라는 이름의 유래는 이전에 Java EE(엔터프라이즈 에디션)의 스펙을 구현한 EJB가 기술의 복잡도가 증가해서 성능이 느렸던 것을 탈피하여, EJB 시절을 “겨울”에 빗대어 겨울 후의 “봄”으로 새로운 시작한다는 것을 의미하는 스프링(봄)이 되었다. 그러나 아직 춥다 Java Virtual Machine에서 작동하며, 아파치 라이선스 2.0을 따르는 오픈 소스 프레임워크이다.

한국 전자정부표준프레임워크의 기반 기술이며 한국정보화진흥원에서는 공공기관의 웹 서비스 제공 시 스프링을 권장하고 있다.

이게 무슨 소린가 싶은 사람들을 위한 사람들을 위해 간단하게 설명하자면 군대로 비유할때 위에서 명령을 내리는 지휘관보다 인사장교/행정보급관 처럼 사이드에서 기준을 마련하고 필요한 컴포넌트를 상하관계 없이도 중재해서 가져다주는 프레임워크라고 간주하면 된다. 그래서 용어도 어드바이스(조언)라는 용어를 사용한다.

여러가지 문제점을 해결하기 위한 디자인 패턴, 아키택처가 적용되어 있어서 어려운 용어가 많이 사용되는 프레임워크인데, 책을 보고 이론을 공부하기보다는 "스프링으로 게시판 만들기" 따위의 예제를 병행하면서 공부하는게 더 이해가 잘 된다.

JetBrains의 IntelliJ IDEA는 Spring 프레임워크를 가장 잘 지원하는 IDE 중 하나다.',to_date('2021-06-25 11:29:27','YYYY-MM-DD HH24:MI:SS'),'Spring FrameWork');
Insert into WIKI (WIKI_SID,PARENT_WIKI,MEM_NO,PROJ_NO,WIKI_NO,WIKI_CONT,WIKI_WRITE_DATE,WIKI_TITLE) values (82,81,3,1,45,'Java/Kotlin 기반의 웹 프레임워크.[1] 로드 존슨(Rod Johnson)이 2002년에 출판한 저서 Expert One-on-One J2EE Design and Development에서 선보인 소스 코드를 시작으로 점점 발전하게 되었다. 2003년 6월에 최초로 공개되었다. 2020년 12월 기준 최신 버전은 5.3.2. 스프링 프레임워크 프로젝트를 간편하게 설정할 수 있도록 도와주는 서브 프로젝트 스프링 부트가 있으며, 현재는 스프링 부트 위주로 기능이 추가되고 있다.

''스프링''이라는 이름의 유래는 이전에 Java EE(엔터프라이즈 에디션)의 스펙을 구현한 EJB가 기술의 복잡도가 증가해서 성능이 느렸던 것을 탈피하여, EJB 시절을 “겨울”에 빗대어 겨울 후의 “봄”으로 새로운 시작한다는 것을 의미하는 스프링(봄)이 되었다. 그러나 아직 춥다 Java Virtual Machine에서 작동하며, 아파치 라이선스 2.0을 따르는 오픈 소스 프레임워크이다.

한국 전자정부표준프레임워크의 기반 기술이며 한국정보화진흥원에서는 공공기관의 웹 서비스 제공 시 스프링을 권장하고 있다.

이게 무슨 소린가 싶은 사람들을 위한 사람들을 위해 간단하게 설명하자면 군대로 비유할때 위에서 명령을 내리는 지휘관보다 인사장교/행정보급관 처럼 사이드에서 기준을 마련하고 필요한 컴포넌트를 상하관계 없이도 중재해서 가져다주는 프레임워크라고 간주하면 된다. 그래서 용어도 어드바이스(조언)라는 용어를 사용한다.

여러가지 문제점을 해결하기 위한 디자인 패턴, 아키택처가 적용되어 있어서 어려운 용어가 많이 사용되는 프레임워크인데, 책을 보고 이론을 공부하기보다는 "스프링으로 게시판 만들기" 따위의 예제를 병행하면서 공부하는게 더 이해가 잘 된다.

JetBrains의 IntelliJ IDEA는 Spring 프레임워크를 가장 잘 지원하는 IDE 중 하나다.

# 특징',to_date('2021-06-25 11:30:22','YYYY-MM-DD HH24:MI:SS'),'Spring FrameWork');
Insert into WIKI (WIKI_SID,PARENT_WIKI,MEM_NO,PROJ_NO,WIKI_NO,WIKI_CONT,WIKI_WRITE_DATE,WIKI_TITLE) values (83,82,3,1,46,'Java/Kotlin 기반의 웹 프레임워크.[1] 로드 존슨(Rod Johnson)이 2002년에 출판한 저서 Expert One-on-One J2EE Design and Development에서 선보인 소스 코드를 시작으로 점점 발전하게 되었다. 2003년 6월에 최초로 공개되었다. 2020년 12월 기준 최신 버전은 5.3.2. 스프링 프레임워크 프로젝트를 간편하게 설정할 수 있도록 도와주는 서브 프로젝트 스프링 부트가 있으며, 현재는 스프링 부트 위주로 기능이 추가되고 있다.

''스프링''이라는 이름의 유래는 이전에 Java EE(엔터프라이즈 에디션)의 스펙을 구현한 EJB가 기술의 복잡도가 증가해서 성능이 느렸던 것을 탈피하여, EJB 시절을 “겨울”에 빗대어 겨울 후의 “봄”으로 새로운 시작한다는 것을 의미하는 스프링(봄)이 되었다. 그러나 아직 춥다 Java Virtual Machine에서 작동하며, 아파치 라이선스 2.0을 따르는 오픈 소스 프레임워크이다.

한국 전자정부표준프레임워크의 기반 기술이며 한국정보화진흥원에서는 공공기관의 웹 서비스 제공 시 스프링을 권장하고 있다.

이게 무슨 소린가 싶은 사람들을 위한 사람들을 위해 간단하게 설명하자면 군대로 비유할때 위에서 명령을 내리는 지휘관보다 인사장교/행정보급관 처럼 사이드에서 기준을 마련하고 필요한 컴포넌트를 상하관계 없이도 중재해서 가져다주는 프레임워크라고 간주하면 된다. 그래서 용어도 어드바이스(조언)라는 용어를 사용한다.

여러가지 문제점을 해결하기 위한 디자인 패턴, 아키택처가 적용되어 있어서 어려운 용어가 많이 사용되는 프레임워크인데, 책을 보고 이론을 공부하기보다는 "스프링으로 게시판 만들기" 따위의 예제를 병행하면서 공부하는게 더 이해가 잘 된다.

JetBrains의 IntelliJ IDEA는 Spring 프레임워크를 가장 잘 지원하는 IDE 중 하나다.

# 특징

특징이다',to_date('2021-06-25 11:33:11','YYYY-MM-DD HH24:MI:SS'),'Spring FrameWork');
Insert into WIKI (WIKI_SID,PARENT_WIKI,MEM_NO,PROJ_NO,WIKI_NO,WIKI_CONT,WIKI_WRITE_DATE,WIKI_TITLE) values (84,83,3,1,47,'Java/Kotlin 기반의 웹 프레임워크.[1] 로드 존슨(Rod Johnson)이 2002년에 출판한 저서 Expert One-on-One J2EE Design and Development에서 선보인 소스 코드를 시작으로 점점 발전하게 되었다. 2003년 6월에 최초로 공개되었다. 2020년 12월 기준 최신 버전은 5.3.2. 스프링 프레임워크 프로젝트를 간편하게 설정할 수 있도록 도와주는 서브 프로젝트 스프링 부트가 있으며, 현재는 스프링 부트 위주로 기능이 추가되고 있다.

''스프링''이라는 이름의 유래는 이전에 Java EE(엔터프라이즈 에디션)의 스펙을 구현한 EJB가 기술의 복잡도가 증가해서 성능이 느렸던 것을 탈피하여, EJB 시절을 “겨울”에 빗대어 겨울 후의 “봄”으로 새로운 시작한다는 것을 의미하는 스프링(봄)이 되었다. 그러나 아직 춥다 Java Virtual Machine에서 작동하며, 아파치 라이선스 2.0을 따르는 오픈 소스 프레임워크이다.

한국 전자정부표준프레임워크의 기반 기술이며 한국정보화진흥원에서는 공공기관의 웹 서비스 제공 시 스프링을 권장하고 있다.

이게 무슨 소린가 싶은 사람들을 위한 사람들을 위해 간단하게 설명하자면 군대로 비유할때 위에서 명령을 내리는 지휘관보다 인사장교/행정보급관 처럼 사이드에서 기준을 마련하고 필요한 컴포넌트를 상하관계 없이도 중재해서 가져다주는 프레임워크라고 간주하면 된다. 그래서 용어도 어드바이스(조언)라는 용어를 사용한다.

여러가지 문제점을 해결하기 위한 디자인 패턴, 아키택처가 적용되어 있어서 어려운 용어가 많이 사용되는 프레임워크인데, 책을 보고 이론을 공부하기보다는 "스프링으로 게시판 만들기" 따위의 예제를 병행하면서 공부하는게 더 이해가 잘 된다.

JetBrains의 IntelliJ IDEA는 Spring 프레임워크를 가장 잘 지원하는 IDE 중 하나다.

# 특징
POJO(Plain Old Java Object) 방식 : POJO는 Java EE의 EJB 를 사용하면서 해당 플랫폼에 종속되어 있는 무거운 객체들을 만드는 것에 반발하며 나타난 용어다. 별도의 프레임워크 없이 Java EE를 사용할 때에 비해 특정 인터페이스를 직접 구현하거나 상속받을 필요가 없어 기존 라이브러리를 지원하기가 용이하고, 객체가 가볍다.
관점 지향 프로그래밍(Aspect Oriented Programming, AOP) : 로깅, 트랜잭션, 보안 등 여러 모듈에서 공통적으로 사용하는 기능을 분리하여 관리할 수 있다. AspectJ를 포함하여 사용할 수 있고, 스프링에서 지원하는 실행에 조합하는 방식도 지원한다. 이 분리관리한다는게 개념이 처음에 이해해기가 어려운데, 추상/부모/클래스나 인터페이스로 관리된다는게 아니라 모듈을 관리해주는 모듈을 상하/인터페이스 관계없이 따로 마련한다는 개념에 가깝다. 더 쉽게 이야기하자면 군대에서 보급품을 받는다고 가정하자. 상급부대(연대, 사단)에서 보급품을 내려받는게 아니라. 국군복지단이나/군수사령부 아저씨가 직접 가져오는것을 생각해보면 쉽다. 당연히 군수사령부 여하부대 아저씨도 대대소속이므로 상하관계가 없지만 보급품에 한해서만 배부해주는 것이다. 전공자들을 위해서 더 쉽게 설명하자면 C언어에서는 중복할당을 줄이기 위해서 간접적으로 값을 가리키는 포인터로 가리키는데, Spring에서는 반복할당을 줄이기 위해 포인터를 대신하여 스프링 어노테이션을 사용하는 것이라고 보면 된다.',to_date('2021-06-25 11:35:22','YYYY-MM-DD HH24:MI:SS'),'Spring FrameWork');
Insert into WIKI (WIKI_SID,PARENT_WIKI,MEM_NO,PROJ_NO,WIKI_NO,WIKI_CONT,WIKI_WRITE_DATE,WIKI_TITLE) values (85,null,3,104,29,'## 마크다운 을 지원 합니다.
',to_date('2021-06-25 21:23:20','YYYY-MM-DD HH24:MI:SS'),'새로운 위키를 등록 합니다.');
Insert into WIKI (WIKI_SID,PARENT_WIKI,MEM_NO,PROJ_NO,WIKI_NO,WIKI_CONT,WIKI_WRITE_DATE,WIKI_TITLE) values (86,null,4,104,30,'# 마크다운은 쉽게 스타일을 줄 수 있는
> 마크업 언어 입니다.

|쉽게|테이블|작성|
|--|--|--|
|버그가|많아요|토스트|',to_date('2021-06-25 21:44:02','YYYY-MM-DD HH24:MI:SS'),'마크다운이란 ?');
Insert into WIKI (WIKI_SID,PARENT_WIKI,MEM_NO,PROJ_NO,WIKI_NO,WIKI_CONT,WIKI_WRITE_DATE,WIKI_TITLE) values (87,86,4,104,31,'# 마크다운은 쉽게 스타일을 줄 수 있는
> 마크업 언어 입니다.

|쉽게|테이블|작성|
|--|--|--|
|버그가|많아요|토스트|

수정도 가능합니다.',to_date('2021-06-25 21:44:27','YYYY-MM-DD HH24:MI:SS'),'마크다운이란 ?');
Insert into WIKI (WIKI_SID,PARENT_WIKI,MEM_NO,PROJ_NO,WIKI_NO,WIKI_CONT,WIKI_WRITE_DATE,WIKI_TITLE) values (88,87,4,104,32,'# 마크다운은 쉽게 스타일을 줄 수 있는
> 마크업 언어 입니다.

|쉽게|테이블|작성|
|--|--|--|
|버그가|많아요|토스트|

수정도 가능합니다.
한번 더 수정하기.',to_date('2021-06-25 21:44:50','YYYY-MM-DD HH24:MI:SS'),'마크다운이란 ?');
Insert into WIKI (WIKI_SID,PARENT_WIKI,MEM_NO,PROJ_NO,WIKI_NO,WIKI_CONT,WIKI_WRITE_DATE,WIKI_TITLE) values (89,null,4,104,33,'|ㅎㅎ|ㅎㅎ|ㅎㅎ|
|--|--|--|
|ㅎㅎ|버그|버그발견|',to_date('2021-06-25 21:45:24','YYYY-MM-DD HH24:MI:SS'),'테이블 쓸때 버그');
Insert into WIKI (WIKI_SID,PARENT_WIKI,MEM_NO,PROJ_NO,WIKI_NO,WIKI_CONT,WIKI_WRITE_DATE,WIKI_TITLE) values (90,88,4,104,34,'# 마크다운은 쉽게 스타일을 줄 수 있는!!!
> 마크업 언어 입니다.

|쉽게|테이블|작성|
|--|--|--|
|버그가|많아요|토스트|

수정도 가능합니다.
한번 더 수정하기.',to_date('2021-06-26 11:11:26','YYYY-MM-DD HH24:MI:SS'),'마크다운이란 ?');
Insert into WIKI (WIKI_SID,PARENT_WIKI,MEM_NO,PROJ_NO,WIKI_NO,WIKI_CONT,WIKI_WRITE_DATE,WIKI_TITLE) values (91,null,4,104,35,'위키',to_date('2021-06-26 17:29:25','YYYY-MM-DD HH24:MI:SS'),'새로운 위키');
Insert into WIKI (WIKI_SID,PARENT_WIKI,MEM_NO,PROJ_NO,WIKI_NO,WIKI_CONT,WIKI_WRITE_DATE,WIKI_TITLE) values (92,71,4,104,36,'ㄸㄸsssasdasdf

수정',to_date('2021-06-26 17:29:39','YYYY-MM-DD HH24:MI:SS'),'ㅅㄷㄴㅅ');
--------------------------------------------------------
--  DDL for Index BIN$gZzepBsTSDCiVwE9e1pZeQ==$0
--------------------------------------------------------

  CREATE UNIQUE INDEX "BIN$gZzepBsTSDCiVwE9e1pZeQ==$0" ON "NEWS_COMMENT" ("NEWS_COM_NO") 
  PCTFREE 10 INITRANS 2 MAXTRANS 255 COMPUTE STATISTICS 
  STORAGE(INITIAL 65536 NEXT 1048576 MINEXTENTS 1 MAXEXTENTS 2147483645
  PCTINCREASE 0 FREELISTS 1 FREELIST GROUPS 1 BUFFER_POOL DEFAULT FLASH_CACHE DEFAULT CELL_FLASH_CACHE DEFAULT);
--------------------------------------------------------
--  DDL for Index FORBIDDEN_PROJ_TITLE_PK
--------------------------------------------------------

  CREATE UNIQUE INDEX "FORBIDDEN_PROJ_TITLE_PK" ON "FORBIDDEN_PROJ_TITLE" ("FORBIDDEN_PROJ_TITLE") 
  PCTFREE 10 INITRANS 2 MAXTRANS 255 COMPUTE STATISTICS 
  STORAGE(INITIAL 65536 NEXT 1048576 MINEXTENTS 1 MAXEXTENTS 2147483645
  PCTINCREASE 0 FREELISTS 1 FREELIST GROUPS 1 BUFFER_POOL DEFAULT FLASH_CACHE DEFAULT CELL_FLASH_CACHE DEFAULT);
--------------------------------------------------------
--  DDL for Index PK_MEMBER
--------------------------------------------------------

  CREATE UNIQUE INDEX "PK_MEMBER" ON "MEMBER" ("MEM_NO") 
  PCTFREE 10 INITRANS 2 MAXTRANS 255 COMPUTE STATISTICS 
  STORAGE(INITIAL 65536 NEXT 1048576 MINEXTENTS 1 MAXEXTENTS 2147483645
  PCTINCREASE 0 FREELISTS 1 FREELIST GROUPS 1 BUFFER_POOL DEFAULT FLASH_CACHE DEFAULT CELL_FLASH_CACHE DEFAULT);
--------------------------------------------------------
--  DDL for Index PK_KANBAN_COL
--------------------------------------------------------

  CREATE UNIQUE INDEX "PK_KANBAN_COL" ON "KANBAN_COL" ("KB_COL_NO") 
  PCTFREE 10 INITRANS 2 MAXTRANS 255 COMPUTE STATISTICS 
  STORAGE(INITIAL 65536 NEXT 1048576 MINEXTENTS 1 MAXEXTENTS 2147483645
  PCTINCREASE 0 FREELISTS 1 FREELIST GROUPS 1 BUFFER_POOL DEFAULT FLASH_CACHE DEFAULT CELL_FLASH_CACHE DEFAULT);
--------------------------------------------------------
--  DDL for Index PK_MEM_ROLE
--------------------------------------------------------

  CREATE UNIQUE INDEX "PK_MEM_ROLE" ON "MEM_ROLE" ("MEM_ROLE_NO") 
  PCTFREE 10 INITRANS 2 MAXTRANS 255 COMPUTE STATISTICS 
  STORAGE(INITIAL 65536 NEXT 1048576 MINEXTENTS 1 MAXEXTENTS 2147483645
  PCTINCREASE 0 FREELISTS 1 FREELIST GROUPS 1 BUFFER_POOL DEFAULT FLASH_CACHE DEFAULT CELL_FLASH_CACHE DEFAULT);
--------------------------------------------------------
--  DDL for Index BIN$7XhzfYl7S7qlm7CKdQY2wg==$0
--------------------------------------------------------

  CREATE UNIQUE INDEX "BIN$7XhzfYl7S7qlm7CKdQY2wg==$0" ON "CHAT_ROOM" ("CHATROOM_NO") 
  PCTFREE 10 INITRANS 2 MAXTRANS 255 COMPUTE STATISTICS 
  STORAGE(INITIAL 65536 NEXT 1048576 MINEXTENTS 1 MAXEXTENTS 2147483645
  PCTINCREASE 0 FREELISTS 1 FREELIST GROUPS 1 BUFFER_POOL DEFAULT FLASH_CACHE DEFAULT CELL_FLASH_CACHE DEFAULT);
--------------------------------------------------------
--  DDL for Index BIN$6fehSytFTY6igCwH6ULRyg==$0
--------------------------------------------------------

  CREATE UNIQUE INDEX "BIN$6fehSytFTY6igCwH6ULRyg==$0" ON "WIKI" ("WIKI_SID") 
  PCTFREE 10 INITRANS 2 MAXTRANS 255 COMPUTE STATISTICS 
  STORAGE(INITIAL 65536 NEXT 1048576 MINEXTENTS 1 MAXEXTENTS 2147483645
  PCTINCREASE 0 FREELISTS 1 FREELIST GROUPS 1 BUFFER_POOL DEFAULT FLASH_CACHE DEFAULT CELL_FLASH_CACHE DEFAULT);
--------------------------------------------------------
--  DDL for Index BIN$fO7fdCJ0RVKZrRTA9krUvA==$0
--------------------------------------------------------

  CREATE UNIQUE INDEX "BIN$fO7fdCJ0RVKZrRTA9krUvA==$0" ON "INQUIRY" ("INQ_NO") 
  PCTFREE 10 INITRANS 2 MAXTRANS 255 COMPUTE STATISTICS 
  STORAGE(INITIAL 65536 NEXT 1048576 MINEXTENTS 1 MAXEXTENTS 2147483645
  PCTINCREASE 0 FREELISTS 1 FREELIST GROUPS 1 BUFFER_POOL DEFAULT FLASH_CACHE DEFAULT CELL_FLASH_CACHE DEFAULT);
--------------------------------------------------------
--  DDL for Index MENU_PK
--------------------------------------------------------

  CREATE UNIQUE INDEX "MENU_PK" ON "MENU" ("MENU_NO") 
  PCTFREE 10 INITRANS 2 MAXTRANS 255 COMPUTE STATISTICS 
  STORAGE(INITIAL 65536 NEXT 1048576 MINEXTENTS 1 MAXEXTENTS 2147483645
  PCTINCREASE 0 FREELISTS 1 FREELIST GROUPS 1 BUFFER_POOL DEFAULT FLASH_CACHE DEFAULT CELL_FLASH_CACHE DEFAULT);
--------------------------------------------------------
--  DDL for Index PK_PROJ_MEM
--------------------------------------------------------

  CREATE UNIQUE INDEX "PK_PROJ_MEM" ON "PROJ_MEM" ("MEM_NO", "PROJ_NO") 
  PCTFREE 10 INITRANS 2 MAXTRANS 255 COMPUTE STATISTICS 
  STORAGE(INITIAL 65536 NEXT 1048576 MINEXTENTS 1 MAXEXTENTS 2147483645
  PCTINCREASE 0 FREELISTS 1 FREELIST GROUPS 1 BUFFER_POOL DEFAULT FLASH_CACHE DEFAULT CELL_FLASH_CACHE DEFAULT);
--------------------------------------------------------
--  DDL for Index BIN$dfU3iJCuRcC0FVxUanam6A==$0
--------------------------------------------------------

  CREATE UNIQUE INDEX "BIN$dfU3iJCuRcC0FVxUanam6A==$0" ON "ALARM" ("ALARM_NO") 
  PCTFREE 10 INITRANS 2 MAXTRANS 255 COMPUTE STATISTICS 
  STORAGE(INITIAL 65536 NEXT 1048576 MINEXTENTS 1 MAXEXTENTS 2147483645
  PCTINCREASE 0 FREELISTS 1 FREELIST GROUPS 1 BUFFER_POOL DEFAULT FLASH_CACHE DEFAULT CELL_FLASH_CACHE DEFAULT);
--------------------------------------------------------
--  DDL for Index BIN$DPCTveKyQiKML1CykMZ2pg==$0
--------------------------------------------------------

  CREATE UNIQUE INDEX "BIN$DPCTveKyQiKML1CykMZ2pg==$0" ON "ISSUE_ASSIGNEE" ("MEM_NO", "ISSUE_SID") 
  PCTFREE 10 INITRANS 2 MAXTRANS 255 COMPUTE STATISTICS 
  STORAGE(INITIAL 65536 NEXT 1048576 MINEXTENTS 1 MAXEXTENTS 2147483645
  PCTINCREASE 0 FREELISTS 1 FREELIST GROUPS 1 BUFFER_POOL DEFAULT FLASH_CACHE DEFAULT CELL_FLASH_CACHE DEFAULT);
--------------------------------------------------------
--  DDL for Index BIN$U3JkzcexSdOCNK0XB0s/aA==$0
--------------------------------------------------------

  CREATE UNIQUE INDEX "BIN$U3JkzcexSdOCNK0XB0s/aA==$0" ON "PROPTIS" ("PROPTIS_NO") 
  PCTFREE 10 INITRANS 2 MAXTRANS 255 COMPUTE STATISTICS 
  STORAGE(INITIAL 65536 NEXT 1048576 MINEXTENTS 1 MAXEXTENTS 2147483645
  PCTINCREASE 0 FREELISTS 1 FREELIST GROUPS 1 BUFFER_POOL DEFAULT FLASH_CACHE DEFAULT CELL_FLASH_CACHE DEFAULT);
--------------------------------------------------------
--  DDL for Index BIN$eFu8SNlgR/6A8KhgqvV28w==$0
--------------------------------------------------------

  CREATE UNIQUE INDEX "BIN$eFu8SNlgR/6A8KhgqvV28w==$0" ON "AUTH_CODE" ("AUTH_GRP_CODE") 
  PCTFREE 10 INITRANS 2 MAXTRANS 255 COMPUTE STATISTICS 
  STORAGE(INITIAL 65536 NEXT 1048576 MINEXTENTS 1 MAXEXTENTS 2147483645
  PCTINCREASE 0 FREELISTS 1 FREELIST GROUPS 1 BUFFER_POOL DEFAULT FLASH_CACHE DEFAULT CELL_FLASH_CACHE DEFAULT);
--------------------------------------------------------
--  DDL for Index BIN$081ZOStBSz2eYp9X8Q0snw==$0
--------------------------------------------------------

  CREATE UNIQUE INDEX "BIN$081ZOStBSz2eYp9X8Q0snw==$0" ON "PAYMENT" ("PAYMENT_NO") 
  PCTFREE 10 INITRANS 2 MAXTRANS 255 COMPUTE STATISTICS 
  STORAGE(INITIAL 65536 NEXT 1048576 MINEXTENTS 1 MAXEXTENTS 2147483645
  PCTINCREASE 0 FREELISTS 1 FREELIST GROUPS 1 BUFFER_POOL DEFAULT FLASH_CACHE DEFAULT CELL_FLASH_CACHE DEFAULT);
--------------------------------------------------------
--  DDL for Index BIN$aicNvteaSKGObOaEZOBYgA==$0
--------------------------------------------------------

  CREATE UNIQUE INDEX "BIN$aicNvteaSKGObOaEZOBYgA==$0" ON "ISSUE" ("ISSUE_SID") 
  PCTFREE 10 INITRANS 2 MAXTRANS 255 COMPUTE STATISTICS 
  STORAGE(INITIAL 65536 NEXT 1048576 MINEXTENTS 1 MAXEXTENTS 2147483645
  PCTINCREASE 0 FREELISTS 1 FREELIST GROUPS 1 BUFFER_POOL DEFAULT FLASH_CACHE DEFAULT CELL_FLASH_CACHE DEFAULT);
--------------------------------------------------------
--  DDL for Index BIN$sI4+q3yTTPCmsq4DfzbMKw==$0
--------------------------------------------------------

  CREATE UNIQUE INDEX "BIN$sI4+q3yTTPCmsq4DfzbMKw==$0" ON "MEM_CHAT" ("MEM_NO", "CHATROOM_NO") 
  PCTFREE 10 INITRANS 2 MAXTRANS 255 COMPUTE STATISTICS 
  STORAGE(INITIAL 65536 NEXT 1048576 MINEXTENTS 1 MAXEXTENTS 2147483645
  PCTINCREASE 0 FREELISTS 1 FREELIST GROUPS 1 BUFFER_POOL DEFAULT FLASH_CACHE DEFAULT CELL_FLASH_CACHE DEFAULT);
--------------------------------------------------------
--  DDL for Index BIN$YB47NLq/QqiS+EFdQV3teA==$0
--------------------------------------------------------

  CREATE UNIQUE INDEX "BIN$YB47NLq/QqiS+EFdQV3teA==$0" ON "KANBAN_CARD" ("KB_CARD_NO") 
  PCTFREE 10 INITRANS 2 MAXTRANS 255 COMPUTE STATISTICS 
  STORAGE(INITIAL 65536 NEXT 1048576 MINEXTENTS 1 MAXEXTENTS 2147483645
  PCTINCREASE 0 FREELISTS 1 FREELIST GROUPS 1 BUFFER_POOL DEFAULT FLASH_CACHE DEFAULT CELL_FLASH_CACHE DEFAULT);
--------------------------------------------------------
--  DDL for Index PK_USER_AUTH
--------------------------------------------------------

  CREATE UNIQUE INDEX "PK_USER_AUTH" ON "USER_AUTH" ("AUTH_GRP_CODE", "MEM_NO") 
  PCTFREE 10 INITRANS 2 MAXTRANS 255 COMPUTE STATISTICS 
  STORAGE(INITIAL 65536 NEXT 1048576 MINEXTENTS 1 MAXEXTENTS 2147483645
  PCTINCREASE 0 FREELISTS 1 FREELIST GROUPS 1 BUFFER_POOL DEFAULT FLASH_CACHE DEFAULT CELL_FLASH_CACHE DEFAULT);
--------------------------------------------------------
--  DDL for Index BIN$ycTyBm/qTcuvH4P6dVwpNQ==$0
--------------------------------------------------------

  CREATE UNIQUE INDEX "BIN$ycTyBm/qTcuvH4P6dVwpNQ==$0" ON "FAQ" ("FAQ_NO") 
  PCTFREE 10 INITRANS 2 MAXTRANS 255 COMPUTE STATISTICS 
  STORAGE(INITIAL 65536 NEXT 1048576 MINEXTENTS 1 MAXEXTENTS 2147483645
  PCTINCREASE 0 FREELISTS 1 FREELIST GROUPS 1 BUFFER_POOL DEFAULT FLASH_CACHE DEFAULT CELL_FLASH_CACHE DEFAULT);
--------------------------------------------------------
--  DDL for Index BIN$u2RkGkcZS0e5Mn4CK0oK+A==$0
--------------------------------------------------------

  CREATE UNIQUE INDEX "BIN$u2RkGkcZS0e5Mn4CK0oK+A==$0" ON "ISSUE_HISTORY" ("ISSUE_HIS_NO") 
  PCTFREE 10 INITRANS 2 MAXTRANS 255 COMPUTE STATISTICS 
  STORAGE(INITIAL 65536 NEXT 1048576 MINEXTENTS 1 MAXEXTENTS 2147483645
  PCTINCREASE 0 FREELISTS 1 FREELIST GROUPS 1 BUFFER_POOL DEFAULT FLASH_CACHE DEFAULT CELL_FLASH_CACHE DEFAULT);
--------------------------------------------------------
--  DDL for Index REPOSITORY_PK
--------------------------------------------------------

  CREATE UNIQUE INDEX "REPOSITORY_PK" ON "REPOSITORY" ("PROJ_NO", "REPO_TYPE") 
  PCTFREE 10 INITRANS 2 MAXTRANS 255 COMPUTE STATISTICS 
  STORAGE(INITIAL 65536 NEXT 1048576 MINEXTENTS 1 MAXEXTENTS 2147483645
  PCTINCREASE 0 FREELISTS 1 FREELIST GROUPS 1 BUFFER_POOL DEFAULT FLASH_CACHE DEFAULT CELL_FLASH_CACHE DEFAULT);
--------------------------------------------------------
--  DDL for Index BIN$UWFop/uXSXifWJnoxjX1rQ==$0
--------------------------------------------------------

  CREATE UNIQUE INDEX "BIN$UWFop/uXSXifWJnoxjX1rQ==$0" ON "PAY_PLAN" ("PAY_PLAN_NO") 
  PCTFREE 10 INITRANS 2 MAXTRANS 255 COMPUTE STATISTICS 
  STORAGE(INITIAL 65536 NEXT 1048576 MINEXTENTS 1 MAXEXTENTS 2147483645
  PCTINCREASE 0 FREELISTS 1 FREELIST GROUPS 1 BUFFER_POOL DEFAULT FLASH_CACHE DEFAULT CELL_FLASH_CACHE DEFAULT);
--------------------------------------------------------
--  DDL for Index BIN$kQ/UTdJIR1Od86NINkyPfA==$0
--------------------------------------------------------

  CREATE UNIQUE INDEX "BIN$kQ/UTdJIR1Od86NINkyPfA==$0" ON "COM_CODE" ("COM_CODE_GRP", "COM_CODE") 
  PCTFREE 10 INITRANS 2 MAXTRANS 255 COMPUTE STATISTICS 
  STORAGE(INITIAL 65536 NEXT 1048576 MINEXTENTS 1 MAXEXTENTS 2147483645
  PCTINCREASE 0 FREELISTS 1 FREELIST GROUPS 1 BUFFER_POOL DEFAULT FLASH_CACHE DEFAULT CELL_FLASH_CACHE DEFAULT);
--------------------------------------------------------
--  DDL for Index BIN$9WJ7y5MsTD2tcAYMcIpaTg==$0
--------------------------------------------------------

  CREATE UNIQUE INDEX "BIN$9WJ7y5MsTD2tcAYMcIpaTg==$0" ON "LABEL" ("LABEL_NO") 
  PCTFREE 10 INITRANS 2 MAXTRANS 255 COMPUTE STATISTICS 
  STORAGE(INITIAL 65536 NEXT 1048576 MINEXTENTS 1 MAXEXTENTS 2147483645
  PCTINCREASE 0 FREELISTS 1 FREELIST GROUPS 1 BUFFER_POOL DEFAULT FLASH_CACHE DEFAULT CELL_FLASH_CACHE DEFAULT);
--------------------------------------------------------
--  DDL for Index BIN$bJ9ziVQhTgKQn4eChmigBg==$0
--------------------------------------------------------

  CREATE UNIQUE INDEX "BIN$bJ9ziVQhTgKQn4eChmigBg==$0" ON "MILESTONE" ("MILEST_SID") 
  PCTFREE 10 INITRANS 2 MAXTRANS 255 COMPUTE STATISTICS 
  STORAGE(INITIAL 65536 NEXT 1048576 MINEXTENTS 1 MAXEXTENTS 2147483645
  PCTINCREASE 0 FREELISTS 1 FREELIST GROUPS 1 BUFFER_POOL DEFAULT FLASH_CACHE DEFAULT CELL_FLASH_CACHE DEFAULT);
--------------------------------------------------------
--  DDL for Index BIN$pzvWFQuXQ3mWT9i5irmakg==$0
--------------------------------------------------------

  CREATE UNIQUE INDEX "BIN$pzvWFQuXQ3mWT9i5irmakg==$0" ON "NEWS" ("NEWS_SID") 
  PCTFREE 10 INITRANS 2 MAXTRANS 255 COMPUTE STATISTICS 
  STORAGE(INITIAL 65536 NEXT 1048576 MINEXTENTS 1 MAXEXTENTS 2147483645
  PCTINCREASE 0 FREELISTS 1 FREELIST GROUPS 1 BUFFER_POOL DEFAULT FLASH_CACHE DEFAULT CELL_FLASH_CACHE DEFAULT);
--------------------------------------------------------
--  DDL for Index BIN$VQoa+iZtS+uOK7UPQvCBMg==$0
--------------------------------------------------------

  CREATE UNIQUE INDEX "BIN$VQoa+iZtS+uOK7UPQvCBMg==$0" ON "INQUIRY_COMMENT" ("INQ_COM_NO") 
  PCTFREE 10 INITRANS 2 MAXTRANS 255 COMPUTE STATISTICS 
  STORAGE(INITIAL 65536 NEXT 1048576 MINEXTENTS 1 MAXEXTENTS 2147483645
  PCTINCREASE 0 FREELISTS 1 FREELIST GROUPS 1 BUFFER_POOL DEFAULT FLASH_CACHE DEFAULT CELL_FLASH_CACHE DEFAULT);
--------------------------------------------------------
--  DDL for Index BIN$s8CWX3cfQvyaApJikNz1iQ==$0
--------------------------------------------------------

  CREATE UNIQUE INDEX "BIN$s8CWX3cfQvyaApJikNz1iQ==$0" ON "COM_CODE_GRP" ("COM_CODE_GRP") 
  PCTFREE 10 INITRANS 2 MAXTRANS 255 COMPUTE STATISTICS 
  STORAGE(INITIAL 65536 NEXT 1048576 MINEXTENTS 1 MAXEXTENTS 2147483645
  PCTINCREASE 0 FREELISTS 1 FREELIST GROUPS 1 BUFFER_POOL DEFAULT FLASH_CACHE DEFAULT CELL_FLASH_CACHE DEFAULT);
--------------------------------------------------------
--  DDL for Index BIN$QJl2DCSvS86hrkPSWyxQLw==$0
--------------------------------------------------------

  CREATE UNIQUE INDEX "BIN$QJl2DCSvS86hrkPSWyxQLw==$0" ON "PROVIDER" ("PROV_ID") 
  PCTFREE 10 INITRANS 2 MAXTRANS 255 COMPUTE STATISTICS 
  STORAGE(INITIAL 65536 NEXT 1048576 MINEXTENTS 1 MAXEXTENTS 2147483645
  PCTINCREASE 0 FREELISTS 1 FREELIST GROUPS 1 BUFFER_POOL DEFAULT FLASH_CACHE DEFAULT CELL_FLASH_CACHE DEFAULT);
--------------------------------------------------------
--  DDL for Index BIN$VWMVKdHJTRuqfY5t3CYsog==$0
--------------------------------------------------------

  CREATE UNIQUE INDEX "BIN$VWMVKdHJTRuqfY5t3CYsog==$0" ON "REFUND" ("REFUND_NO") 
  PCTFREE 10 INITRANS 2 MAXTRANS 255 COMPUTE STATISTICS 
  STORAGE(INITIAL 65536 NEXT 1048576 MINEXTENTS 1 MAXEXTENTS 2147483645
  PCTINCREASE 0 FREELISTS 1 FREELIST GROUPS 1 BUFFER_POOL DEFAULT FLASH_CACHE DEFAULT CELL_FLASH_CACHE DEFAULT);
--------------------------------------------------------
--  DDL for Index PK_PROJECT
--------------------------------------------------------

  CREATE UNIQUE INDEX "PK_PROJECT" ON "PROJECT" ("PROJ_NO") 
  PCTFREE 10 INITRANS 2 MAXTRANS 255 COMPUTE STATISTICS 
  STORAGE(INITIAL 65536 NEXT 1048576 MINEXTENTS 1 MAXEXTENTS 2147483645
  PCTINCREASE 0 FREELISTS 1 FREELIST GROUPS 1 BUFFER_POOL DEFAULT FLASH_CACHE DEFAULT CELL_FLASH_CACHE DEFAULT);
--------------------------------------------------------
--  DDL for Index BIN$BdRd+A+BSeS1Roakg74Uzw==$0
--------------------------------------------------------

  CREATE UNIQUE INDEX "BIN$BdRd+A+BSeS1Roakg74Uzw==$0" ON "ATTACH_FILE" ("ATCH_FILE_SID", "ATCH_FILE_NO") 
  PCTFREE 10 INITRANS 2 MAXTRANS 255 COMPUTE STATISTICS 
  STORAGE(INITIAL 65536 NEXT 1048576 MINEXTENTS 1 MAXEXTENTS 2147483645
  PCTINCREASE 0 FREELISTS 1 FREELIST GROUPS 1 BUFFER_POOL DEFAULT FLASH_CACHE DEFAULT CELL_FLASH_CACHE DEFAULT);
--------------------------------------------------------
--  DDL for Function CHAT_VALIDATION
--------------------------------------------------------

  CREATE OR REPLACE FUNCTION "CHAT_VALIDATION" (
    MYNO NUMBER,
    TARNO NUMBER    
)
RETURN NUMBER
IS
V_NO NUMBER;
BEGIN
WITH TMPROOM AS (
    SELECT DISTINCT A.*
    FROM CHAT_ROOM A INNER JOIN MEM_CHAT B 
    ON (A.CHATROOM_NO = B.CHATROOM_NO)
    WHERE MEM_NO = MYNO
),
LASTROOM AS (
SELECT R.CHATROOM_NO, MEM_NO
FROM TMPROOM R LEFT OUTER JOIN MEM_CHAT M
    ON(R.CHATROOM_NO = M.CHATROOM_NO)
WHERE R.CHATROOM_NO IN (
    SELECT CHATROOM_NO
    FROM (
        SELECT  CHATROOM_NO, COUNT(MEM_NO)CNT
        FROM MEM_CHAT
        GROUP BY CHATROOM_NO
    ) 
    WHERE CNT = 2
)
)
SELECT DISTINCT CHATROOM_NO INTO V_NO
FROM LASTROOM
WHERE MEM_NO = TARNO;
RETURN V_NO;
END;


/
--------------------------------------------------------
--  DDL for Function GET_KORNM
--------------------------------------------------------

  CREATE OR REPLACE FUNCTION "GET_KORNM" 
( V_FROM IN VARCHAR2, V_TO IN VARCHAR2 ) 
RETURN VARCHAR2 IS OUT_REAL_NM VARCHAR2(100); 
TYPE V_ARR IS TABLE OF VARCHAR2(10); V_FIRST V_ARR; V_LAST V_ARR; V_MID V_ARR; 
BEGIN V_LAST := V_ARR('김' , '이' , '박' , '최' , '정' , '강' , '조' , '윤' , '장' , '임' , '오' , '한' , '신' , '서' , '권' , '황' , '안' , '송' , '유' , '홍' , '전' , '고' , '문' , '손' , '양' , '배' , '조' , '백' , '허' , '남'); V_MID := V_ARR('민' , '현' , '동' , '인' , '지' , '현' , '재' , '우' , '건' , '준' , '승' , '영' , '성' , '진' , '준' , '정' , '수' , '광' , '영' , '호' , '중' , '훈' , '후' , '우' , '상' , '연' , '철' , '아' , '윤' , '은'); V_FIRST := V_ARR('유' , '자' , '도' , '성' , '상' , '남' , '식' , '일' , '철' , '병' , '혜' , '영' , '미' , '환' , '식' , '숙' , '자' , '희' , '순' , '진' , '서' , '빈' , '정' , '지' , '하' , '연' , '성' , '공' , '안' , '원'); SELECT SUBSTR(V_LAST(ROUND(DBMS_RANDOM.VALUE(1 , 30), 0)) || V_MID(ROUND(DBMS_RANDOM.VALUE(1 , 30), 0)) || V_FIRST(ROUND(DBMS_RANDOM.VALUE(1 , 30), 0)) || V_MID(ROUND(DBMS_RANDOM.VALUE(1 , 30), 0)) || V_FIRST(ROUND(DBMS_RANDOM.VALUE(1 , 30), 0)) ,V_FROM,V_TO) 
INTO OUT_REAL_NM FROM DUAL; 
RETURN OUT_REAL_NM; END


SELECT GET_KORNM('1' , '3') FROM DUAL;


-- 7자리 소문자 랜덤 문자 생성하기
SELECT DBMS_RANDOM.STRING('l', 7) rand FROM DUAL;

-- 100 ~ 999 사이 랜덤 
SELECT ROUND(DBMS_RANDOM.VALUE(100, 999),0) FROM DUAL;수

--select member
SELECT *
FROM MEMBER;

-- insert member
INSERT INTO MEMBER(MEM_NO,MEM_ID,MEM_PASS,MEM_NICK)
VALUES(MEM_SEQ.nextval,'ex@gmail.com','1234','ex'); 

-- update member
UPDATE MEMBER
SET MEM_ID = 'ddit301@gmail.com'
WHERE MEM_NO = 6;

-- delete member ( MEM_QUIT_DATE UPDATE)
UPDATE MEMBER
SET MEM_QUIT_DATE = SYSDATE
WHERE MEM_ID = 'ex@gmail.com';

-- search mem_quit_date member
SELECT MEM_ID AS "탈퇴한 회원 아이디"
FROM MEMBER
WHERE MEM_QUIT_DATE IS NOT NULL;

-- count member
SELECT COUNT(*) AS "회원수"
FROM MEMBER
WHERE MEM_QUIT_DATE IS NULL;


-- 21/05/17
-- drop table 테이블

SELECT 'DROP TABLE "' || TABLE_NAME || '" CASCADE CONSTRAINTS;' FROM user_tables;




----------------------------------------------------------------------------
-- 컬럼명 변경
alter table issue rename column ISSUE_NO to ISSUE_SID;

-- 이슈 번호 컬럼 추가
alter table issue add (ISSUE_NO number); 








/* 회원 */
CREATE TABLE MEMBER (
	MEM_NO NUMBER NOT NULL, /* 회원 번호 */
	MEM_ID VARCHAR2(200) NOT NULL, /* 회원 아이디(이메일) */
	MEM_PASS VARCHAR2(1000) NOT NULL, /* 회원 비밀번호 */
	MEM_NICK VARCHAR2(200) NOT NULL, /* 회원 닉네임 */
	MEM_TEL VARCHAR2(100), /* 회원 전화번호 */
	MEM_PIC_FILE_NAME VARCHAR2(200), /* 회원 프로필 파일 이름 */
	MEM_SIGN_DATE DATE, /* 회원 가입 일자 */
	MEM_QUIT_DATE DATE, /* 회원 탈퇴 일자 */
	MEM_NAME VARCHAR2(200), /* 회원 이름 */
	MEM_BIO VARCHAR2(500), /* 회원 자기소개 내용 */
	MEM_WORKING_CITY VARCHAR2(200), /* 회원 근무 도시 */
	MEM_STATUS VARCHAR2(50) /* 회원 상태 */
);

COMMENT ON TABLE MEMBER IS '회원';

COMMENT ON COLUMN MEMBER.MEM_NO IS '회원 번호';

COMMENT ON COLUMN MEMBER.MEM_ID IS '회원 아이디(이메일)';

COMMENT ON COLUMN MEMBER.MEM_PASS IS '회원 비밀번호';

COMMENT ON COLUMN MEMBER.MEM_NICK IS '회원 닉네임';

COMMENT ON COLUMN MEMBER.MEM_TEL IS '회원 전화번호';

COMMENT ON COLUMN MEMBER.MEM_PIC_FILE_NAME IS '회원 프로필 파일 이름';

COMMENT ON COLUMN MEMBER.MEM_SIGN_DATE IS '회원 가입 일자';

COMMENT ON COLUMN MEMBER.MEM_QUIT_DATE IS '회원 탈퇴 일자';

COMMENT ON COLUMN MEMBER.MEM_NAME IS '회원 이름';

COMMENT ON COLUMN MEMBER.MEM_BIO IS '회원 자기소개 내용';

COMMENT ON COLUMN MEMBER.MEM_WORKING_CITY IS '회원 근무 도시';

COMMENT ON COLUMN MEMBER.MEM_STATUS IS '회원 상태';

CREATE UNIQUE INDEX PK_MEMBER
	ON MEMBER (
		MEM_NO ASC
	);

ALTER TABLE MEMBER
	ADD
		CONSTRAINT PK_MEMBER
		PRIMARY KEY (
			MEM_NO
		);

/* 결제 */
CREATE TABLE PAYMENT (
	PAYMENT_NO NUMBER NOT NULL, /* 결제 부여 번호 */
	PROJ_NO NUMBER NOT NULL, /* 프로젝트 번호 */
	PAY_PLAN_NO NUMBER NOT NULL, /* 요금제 번호 */
	PAY_DATE DATE, /* 결제 일자 */
	PAY_CONT VARCHAR2(3000), /* 결제 내역 */
	EXPIRY_DAY NUMBER /* 결제 유효 기간 */
);

COMMENT ON TABLE PAYMENT IS '결제';

COMMENT ON COLUMN PAYMENT.PAYMENT_NO IS '결제 부여 번호';

COMMENT ON COLUMN PAYMENT.PROJ_NO IS '프로젝트 번호';

COMMENT ON COLUMN PAYMENT.PAY_PLAN_NO IS '요금제 번호';

COMMENT ON COLUMN PAYMENT.PAY_DATE IS '결제 일자';

COMMENT ON COLUMN PAYMENT.PAY_CONT IS '결제 내역';

COMMENT ON COLUMN PAYMENT.EXPIRY_DAY IS '결제 유효 기간';

CREATE UNIQUE INDEX PK_PAYMENT
	ON PAYMENT (
		PAYMENT_NO ASC
	);

ALTER TABLE PAYMENT
	ADD
		CONSTRAINT PK_PAYMENT
		PRIMARY KEY (
			PAYMENT_NO
		);

/* 프로젝트 */
CREATE TABLE PROJECT (
	PROJ_NO NUMBER NOT NULL, /* 프로젝트 번호 */
	MEM_NO NUMBER NOT NULL, /* 회원 번호 */
	PROJ_TITLE VARCHAR2(200) NOT NULL, /* 프로젝트 제목 */
	PROJ_CONT VARCHAR2(3000) NOT NULL, /* 프로젝트 내용 */
	PROJ_START_DATE DATE NOT NULL, /* 프로젝트 생성 일자 */
	PROJ_EST_END_DATE DATE, /* 프로젝트 예상 종료 일자 */
	ISSUE_PRIORITY_SET NUMBER NOT NULL, /* 이슈 중요도 설정 */
	PROJ_MODULE_SET NUMBER NOT NULL /* 프로젝트 모듈 설정 */
);

COMMENT ON TABLE PROJECT IS '프로젝트';

COMMENT ON COLUMN PROJECT.PROJ_NO IS '프로젝트 번호';

COMMENT ON COLUMN PROJECT.MEM_NO IS '회원 번호';

COMMENT ON COLUMN PROJECT.PROJ_TITLE IS '프로젝트 제목';

COMMENT ON COLUMN PROJECT.PROJ_CONT IS '프로젝트 내용';

COMMENT ON COLUMN PROJECT.PROJ_START_DATE IS '프로젝트 생성 일자';

COMMENT ON COLUMN PROJECT.PROJ_EST_END_DATE IS '프로젝트 예상 종료 일자';

COMMENT ON COLUMN PROJECT.ISSUE_PRIORITY_SET IS '이슈 중요도 설정';

COMMENT ON COLUMN PROJECT.PROJ_MODULE_SET IS '프로젝트 모듈 설정';

CREATE UNIQUE INDEX PK_PROJECT
	ON PROJECT (
		PROJ_NO ASC
	);

ALTER TABLE PROJECT
	ADD
		CONSTRAINT PK_PROJECT
		PRIMARY KEY (
			PROJ_NO
		);

/* FAQ */
CREATE TABLE FAQ (
	FAQ_NO NUMBER NOT NULL, /* 문의 번호 */
	QESTN VARCHAR2(3000) NOT NULL, /* 질문 */
	ANSWER VARCHAR2(3000) NOT NULL, /* 답변 */
	FAQ_DATE DATE NOT NULL, /* 작성일 */
	FAQ_PUBLIC_YN CHAR NOT NULL, /* 공개 여부 */
	FAQ_COUNT NUMBER, /* 조회수 */
	FAQ_TYPE VARCHAR2(50) NOT NULL /* 문의 유형 */
);

COMMENT ON TABLE FAQ IS 'FAQ';

COMMENT ON COLUMN FAQ.FAQ_NO IS '문의 번호';

COMMENT ON COLUMN FAQ.QESTN IS '질문';

COMMENT ON COLUMN FAQ.ANSWER IS '답변';

COMMENT ON COLUMN FAQ.FAQ_DATE IS '작성일';

COMMENT ON COLUMN FAQ.FAQ_PUBLIC_YN IS '공개 여부';

COMMENT ON COLUMN FAQ.FAQ_COUNT IS '조회수';

COMMENT ON COLUMN FAQ.FAQ_TYPE IS '문의 유형';

CREATE UNIQUE INDEX PK_FAQ
	ON FAQ (
		FAQ_NO ASC
	);

ALTER TABLE FAQ
	ADD
		CONSTRAINT PK_FAQ
		PRIMARY KEY (
			FAQ_NO
		);

/* 로그인 이력 */
CREATE TABLE LOGGED (
	LOGGED_NO NUMBER NOT NULL, /* 로그인 이력 번호 */
	MEM_NO NUMBER NOT NULL, /* 회원 번호 */
	IP_ADDR VARCHAR2(255) NOT NULL, /* 아이피 주소 */
	LOG_TIME DATE NOT NULL /* 접속 일자 */
);

COMMENT ON TABLE LOGGED IS '로그인 이력';

COMMENT ON COLUMN LOGGED.LOGGED_NO IS '로그인 이력 번호';

COMMENT ON COLUMN LOGGED.MEM_NO IS '회원 번호';

COMMENT ON COLUMN LOGGED.IP_ADDR IS '아이피 주소';

COMMENT ON COLUMN LOGGED.LOG_TIME IS '접속 일자';

CREATE UNIQUE INDEX PK_LOGGED
	ON LOGGED (
		LOGGED_NO ASC
	);

ALTER TABLE LOGGED
	ADD
		CONSTRAINT PK_LOGGED
		PRIMARY KEY (
			LOGGED_NO
		);

/* 프로젝트 멤버 */
CREATE TABLE PROJ_MEM (
	PROJ_MEM_NO NUMBER NOT NULL, /* 프로젝트 멤버 번호 */
	MEM_ROLE_NO NUMBER NOT NULL, /* 멤버 역할 번호 */
	PROJ_NO NUMBER, /* 프로젝트 번호 */
	PROJ_JOIN_DATE DATE NOT NULL, /* 프로젝트 참가 일자 */
	PROJ_DROP_DATE DATE, /* 프로젝트 탈퇴 일자 */
	PROJ_USER_NICK VARCHAR2(200) /* 프로젝트 유저 닉네임 */
);

COMMENT ON TABLE PROJ_MEM IS '프로젝트 멤버';

COMMENT ON COLUMN PROJ_MEM.PROJ_MEM_NO IS '프로젝트 멤버 번호';

COMMENT ON COLUMN PROJ_MEM.MEM_ROLE_NO IS '멤버 역할 번호';

COMMENT ON COLUMN PROJ_MEM.PROJ_NO IS '프로젝트 번호';

COMMENT ON COLUMN PROJ_MEM.PROJ_JOIN_DATE IS '프로젝트 참가 일자';

COMMENT ON COLUMN PROJ_MEM.PROJ_DROP_DATE IS '프로젝트 탈퇴 일자';

COMMENT ON COLUMN PROJ_MEM.PROJ_USER_NICK IS '프로젝트 유저 닉네임';

CREATE UNIQUE INDEX PK_PROJ_MEM
	ON PROJ_MEM (
		PROJ_MEM_NO ASC
	);

ALTER TABLE PROJ_MEM
	ADD
		CONSTRAINT PK_PROJ_MEM
		PRIMARY KEY (
			PROJ_MEM_NO
		);

/* 이슈 */
CREATE TABLE ISSUE (
	ISSUE_SID NUMBER NOT NULL, /* 이슈 고유 번호 */
	ISSUE_NO NUMBER NOT NULL, /* 이슈 번호 */
	MEM_NO NUMBER NOT NULL, /* 회원 번호 */
	PARENT_ISSUE NUMBER, /* 상위 이슈 */
	LABEL_NO NUMBER, /* 라벨 번호 */
	MILEST_SID NUMBER, /* 마일스톤 고유 번호 */
	PROJ_NO NUMBER NOT NULL, /* 프로젝트 번호 */
	ISSUE_TITLE VARCHAR2(200) NOT NULL, /* 이슈 제목 */
	ISSUE_CREATE_DATE DATE NOT NULL, /* 이슈 작성 일자 */
	ISSUE_START_DATE DATE, /* 이슈 시작 일자 */
	ISSUE_END_DATE DATE, /* 이슈 종료 일자 */
	ISSUE_STATUS CHAR NOT NULL, /* 이슈 상태 */
	PRIORITY NUMBER NOT NULL, /* 중요도 */
	PROGRESS NUMBER /* 진척도 */
);

COMMENT ON TABLE ISSUE IS '이슈';

COMMENT ON COLUMN ISSUE.ISSUE_SID IS '이슈 고유 번호';

COMMENT ON COLUMN ISSUE.ISSUE_NO IS '이슈 번호';

COMMENT ON COLUMN ISSUE.MEM_NO IS '회원 번호';

COMMENT ON COLUMN ISSUE.PARENT_ISSUE IS '상위 이슈';

COMMENT ON COLUMN ISSUE.LABEL_NO IS '라벨 번호';

COMMENT ON COLUMN ISSUE.MILEST_SID IS '마일스톤 고유 번호';

COMMENT ON COLUMN ISSUE.PROJ_NO IS '프로젝트 번호';

COMMENT ON COLUMN ISSUE.ISSUE_TITLE IS '이슈 제목';

COMMENT ON COLUMN ISSUE.ISSUE_CREATE_DATE IS '이슈 작성 일자';

COMMENT ON COLUMN ISSUE.ISSUE_START_DATE IS '이슈 시작 일자';

COMMENT ON COLUMN ISSUE.ISSUE_END_DATE IS '이슈 종료 일자';

COMMENT ON COLUMN ISSUE.ISSUE_STATUS IS '이슈 상태';

COMMENT ON COLUMN ISSUE.PRIORITY IS '중요도';

COMMENT ON COLUMN ISSUE.PROGRESS IS '진척도';

CREATE UNIQUE INDEX PK_ISSUE
	ON ISSUE (
		ISSUE_SID ASC
	);

ALTER TABLE ISSUE
	ADD
		CONSTRAINT PK_ISSUE
		PRIMARY KEY (
			ISSUE_SID
		);

/* 마일스톤 */
CREATE TABLE MILESTONE (
	MILEST_SID NUMBER NOT NULL, /* 마일스톤 고유 번호 */
	MEM_NO NUMBER NOT NULL, /* 회원 번호 */
	PROJ_NO NUMBER NOT NULL, /* 프로젝트 번호 */
	MILEST_NO NUMBER NOT NULL, /* 마일스톤 번호 */
	MILEST_TITLE VARCHAR2(200) NOT NULL, /* 마일스톤 제목 */
	MILEST_CONT VARCHAR2(3000) NOT NULL, /* 마일스톤 내용 */
	MILEST_DATE DATE NOT NULL, /* 마일스톤 작성 일자 */
	MILEST_START_DATE DATE, /* 마일스톤 시작 일자 */
	MILEST_END_DATE DATE /* 마일스톤 종료 일자 */
);

COMMENT ON TABLE MILESTONE IS '마일스톤';

COMMENT ON COLUMN MILESTONE.MILEST_SID IS '마일스톤 고유 번호';

COMMENT ON COLUMN MILESTONE.MEM_NO IS '회원 번호';

COMMENT ON COLUMN MILESTONE.PROJ_NO IS '프로젝트 번호';

COMMENT ON COLUMN MILESTONE.MILEST_NO IS '마일스톤 번호';

COMMENT ON COLUMN MILESTONE.MILEST_TITLE IS '마일스톤 제목';

COMMENT ON COLUMN MILESTONE.MILEST_CONT IS '마일스톤 내용';

COMMENT ON COLUMN MILESTONE.MILEST_DATE IS '마일스톤 작성 일자';

COMMENT ON COLUMN MILESTONE.MILEST_START_DATE IS '마일스톤 시작 일자';

COMMENT ON COLUMN MILESTONE.MILEST_END_DATE IS '마일스톤 종료 일자';

CREATE UNIQUE INDEX PK_MILESTONE
	ON MILESTONE (
		MILEST_SID ASC
	);

ALTER TABLE MILESTONE
	ADD
		CONSTRAINT PK_MILESTONE
		PRIMARY KEY (
			MILEST_SID
		);

/* 멤버 역할 */
CREATE TABLE MEM_ROLE (
	MEM_ROLE_NO NUMBER NOT NULL, /* 멤버 역할 번호 */
	PROJ_NO NUMBER NOT NULL, /* 프로젝트 번호 */
	BASIC_ROLE_TYPE VARCHAR2(50) NOT NULL /* 기본 역할 유형 */
);

COMMENT ON TABLE MEM_ROLE IS '멤버 역할';

COMMENT ON COLUMN MEM_ROLE.MEM_ROLE_NO IS '멤버 역할 번호';

COMMENT ON COLUMN MEM_ROLE.PROJ_NO IS '프로젝트 번호';

COMMENT ON COLUMN MEM_ROLE.BASIC_ROLE_TYPE IS '기본 역할 유형';

CREATE UNIQUE INDEX PK_MEM_ROLE
	ON MEM_ROLE (
		MEM_ROLE_NO ASC
	);

ALTER TABLE MEM_ROLE
	ADD
		CONSTRAINT PK_MEM_ROLE
		PRIMARY KEY (
			MEM_ROLE_NO
		);

/* 뉴스 */
CREATE TABLE NEWS (
	NEWS_SID NUMBER NOT NULL, /* 뉴스 고유 번호 */
	PROJ_NO NUMBER NOT NULL, /* 프로젝트 번호 */
	MEM_NO NUMBER NOT NULL, /* 회원 번호 */
	NEWS_NO NUMBER NOT NULL, /* 뉴스 번호 */
	NEWS_TITLE VARCHAR2(200) NOT NULL, /* 뉴스제목 */
	NEWS_CONT VARCHAR2(3000) NOT NULL, /* 뉴스내용 */
	NEWS_WRITE_DATE DATE NOT NULL /* 뉴스 작성 일자 */
);

COMMENT ON TABLE NEWS IS '뉴스';

COMMENT ON COLUMN NEWS.NEWS_SID IS '뉴스 고유 번호';

COMMENT ON COLUMN NEWS.PROJ_NO IS '프로젝트 번호';

COMMENT ON COLUMN NEWS.MEM_NO IS '회원 번호';

COMMENT ON COLUMN NEWS.NEWS_NO IS '뉴스 번호';

COMMENT ON COLUMN NEWS.NEWS_TITLE IS '뉴스제목';

COMMENT ON COLUMN NEWS.NEWS_CONT IS '뉴스내용';

COMMENT ON COLUMN NEWS.NEWS_WRITE_DATE IS '뉴스 작성 일자';

CREATE UNIQUE INDEX PK_NEWS
	ON NEWS (
		NEWS_SID ASC
	);

ALTER TABLE NEWS
	ADD
		CONSTRAINT PK_NEWS
		PRIMARY KEY (
			NEWS_SID
		);

/* 요금제 */
CREATE TABLE PAY_PLAN (
	PAY_PLAN_NO NUMBER NOT NULL, /* 요금제 번호 */
	PAY_PLAN_NAME VARCHAR2(200) NOT NULL, /* 요금제 이름 */
	PAY_PLAN_CONT CLOB NOT NULL, /* 요금제 내용 */
	PAY_PLAN_PRICE NUMBER NOT NULL /* 요금제 금액 */
);

COMMENT ON TABLE PAY_PLAN IS '요금제';

COMMENT ON COLUMN PAY_PLAN.PAY_PLAN_NO IS '요금제 번호';

COMMENT ON COLUMN PAY_PLAN.PAY_PLAN_NAME IS '요금제 이름';

COMMENT ON COLUMN PAY_PLAN.PAY_PLAN_CONT IS '요금제 내용';

COMMENT ON COLUMN PAY_PLAN.PAY_PLAN_PRICE IS '요금제 금액';

CREATE UNIQUE INDEX PK_PAY_PLAN
	ON PAY_PLAN (
		PAY_PLAN_NO ASC
	);

ALTER TABLE PAY_PLAN
	ADD
		CONSTRAINT PK_PAY_PLAN
		PRIMARY KEY (
			PAY_PLAN_NO
		);

/* 뉴스 댓글 */
CREATE TABLE NEWS_COMMENT (
	NEWS_COM_NO NUMBER NOT NULL, /* 뉴스 댓글 번호 */
	NEWS_SID NUMBER NOT NULL, /* 뉴스 고유 번호 */
	MEM_NO NUMBER NOT NULL, /* 회원 번호 */
	NEWS_COM_CONT VARCHAR2(3000) NOT NULL, /* 뉴스 댓글 내용 */
	NEWS_COM_DATE DATE NOT NULL /* 뉴스 댓글 작성 일자 */
);

COMMENT ON TABLE NEWS_COMMENT IS '뉴스 댓글';

COMMENT ON COLUMN NEWS_COMMENT.NEWS_COM_NO IS '뉴스 댓글 번호';

COMMENT ON COLUMN NEWS_COMMENT.NEWS_SID IS '뉴스 고유 번호';

COMMENT ON COLUMN NEWS_COMMENT.MEM_NO IS '회원 번호';

COMMENT ON COLUMN NEWS_COMMENT.NEWS_COM_CONT IS '뉴스 댓글 내용';

COMMENT ON COLUMN NEWS_COMMENT.NEWS_COM_DATE IS '뉴스 댓글 작성 일자';

CREATE UNIQUE INDEX PK_NEWS_COMMENT
	ON NEWS_COMMENT (
		NEWS_COM_NO ASC
	);

ALTER TABLE NEWS_COMMENT
	ADD
		CONSTRAINT PK_NEWS_COMMENT
		PRIMARY KEY (
			NEWS_COM_NO
		);

/* 채팅방 */
CREATE TABLE CHAT_ROOM (
	CHATROOM_NO NUMBER NOT NULL, /* 채팅방 번호 */
	PROJ_NO NUMBER, /* 프로젝트 번호 */
	CHATROOM_TITLE VARCHAR2(200) NOT NULL, /* 채팅방 제목 */
	CHATROOM_PUBLIC_YN CHAR NOT NULL /* 채팅방 공개 여부 */
);

COMMENT ON TABLE CHAT_ROOM IS '채팅방';

COMMENT ON COLUMN CHAT_ROOM.CHATROOM_NO IS '채팅방 번호';

COMMENT ON COLUMN CHAT_ROOM.PROJ_NO IS '프로젝트 번호';

COMMENT ON COLUMN CHAT_ROOM.CHATROOM_TITLE IS '채팅방 제목';

COMMENT ON COLUMN CHAT_ROOM.CHATROOM_PUBLIC_YN IS '채팅방 공개 여부';

CREATE UNIQUE INDEX PK_CHAT_ROOM
	ON CHAT_ROOM (
		CHATROOM_NO ASC
	);

ALTER TABLE CHAT_ROOM
	ADD
		CONSTRAINT PK_CHAT_ROOM
		PRIMARY KEY (
			CHATROOM_NO
		);

/* 칸반 카드 */
CREATE TABLE KANBAN_CARD (
	KB_CARD_NO NUMBER NOT NULL, /* 칸반 카드 번호 */
	KB_CARD_PRIV_NO NUMBER, /* 이전 칸반 카드 번호 */
	MEM_NO NUMBER, /* 회원 번호 */
	KB_COL_NO NUMBER NOT NULL, /* 칸반 컬럼 번호 */
	ISSUE_SID NUMBER, /* 이슈 고유 번호 */
	KB_CARD_CONT VARCHAR2(3000), /* 칸반 카드 내용 */
	KB_CARD_WRITE_DATE DATE NOT NULL /* 칸반카드 등록 일자 */
);

COMMENT ON TABLE KANBAN_CARD IS '칸반 카드';

COMMENT ON COLUMN KANBAN_CARD.KB_CARD_NO IS '칸반 카드 번호';

COMMENT ON COLUMN KANBAN_CARD.KB_CARD_PRIV_NO IS '이전 칸반 카드 번호';

COMMENT ON COLUMN KANBAN_CARD.MEM_NO IS '회원 번호';

COMMENT ON COLUMN KANBAN_CARD.KB_COL_NO IS '칸반 컬럼 번호';

COMMENT ON COLUMN KANBAN_CARD.ISSUE_SID IS '이슈 고유 번호';

COMMENT ON COLUMN KANBAN_CARD.KB_CARD_CONT IS '칸반 카드 내용';

COMMENT ON COLUMN KANBAN_CARD.KB_CARD_WRITE_DATE IS '칸반카드 등록 일자';

CREATE UNIQUE INDEX PK_KANBAN_CARD
	ON KANBAN_CARD (
		KB_CARD_NO ASC
	);

ALTER TABLE KANBAN_CARD
	ADD
		CONSTRAINT PK_KANBAN_CARD
		PRIMARY KEY (
			KB_CARD_NO
		);

/* 칸반 컬럼 */
CREATE TABLE KANBAN_COL (
	KB_COL_NO NUMBER NOT NULL, /* 칸반 컬럼 번호 */
	KB_COL_PRIV_NO NUMBER, /* 이전 칸반 컬럼 번호 */
	MEM_NO NUMBER, /* 회원 번호 */
	PROJ_NO NUMBER NOT NULL, /* 프로젝트 번호 */
	KB_COL_NAME VARCHAR2(200) NOT NULL /* 칸반 컬럼 이름 */
);

COMMENT ON TABLE KANBAN_COL IS '칸반 컬럼';

COMMENT ON COLUMN KANBAN_COL.KB_COL_NO IS '칸반 컬럼 번호';

COMMENT ON COLUMN KANBAN_COL.KB_COL_PRIV_NO IS '이전 칸반 컬럼 번호';

COMMENT ON COLUMN KANBAN_COL.MEM_NO IS '회원 번호';

COMMENT ON COLUMN KANBAN_COL.PROJ_NO IS '프로젝트 번호';

COMMENT ON COLUMN KANBAN_COL.KB_COL_NAME IS '칸반 컬럼 이름';

CREATE UNIQUE INDEX PK_KANBAN_COL
	ON KANBAN_COL (
		KB_COL_NO ASC
	);

ALTER TABLE KANBAN_COL
	ADD
		CONSTRAINT PK_KANBAN_COL
		PRIMARY KEY (
			KB_COL_NO
		);

/* 채팅 */
CREATE TABLE CHAT (
	CHAT_NO NUMBER NOT NULL, /* 채팅 번호 */
	CHATROOM_NO NUMBER NOT NULL, /* 채팅방 번호 */
	CHAT_WRITER NUMBER NOT NULL, /* 채팅 발신자 */
	CHAT_CONT VARCHAR2(3000) NOT NULL, /* 채팅 내용 */
	CHAT_SEND_DATE DATE NOT NULL /* 채팅 발송 일자 */
);

COMMENT ON TABLE CHAT IS '채팅';

COMMENT ON COLUMN CHAT.CHAT_NO IS '채팅 번호';

COMMENT ON COLUMN CHAT.CHATROOM_NO IS '채팅방 번호';

COMMENT ON COLUMN CHAT.CHAT_WRITER IS '채팅 발신자';

COMMENT ON COLUMN CHAT.CHAT_CONT IS '채팅 내용';

COMMENT ON COLUMN CHAT.CHAT_SEND_DATE IS '채팅 발송 일자';

CREATE UNIQUE INDEX PK_CHAT
	ON CHAT (
		CHAT_NO ASC
	);

ALTER TABLE CHAT
	ADD
		CONSTRAINT PK_CHAT
		PRIMARY KEY (
			CHAT_NO
		);

/* 채팅 참여 멤버 */
CREATE TABLE MEM_CHAT (
	MEM_NO NUMBER NOT NULL, /* 회원 번호 */
	CHATROOM_NO NUMBER NOT NULL, /* 채팅방 번호 */
	CHAT_HEAD_YN CHAR NOT NULL /* 채팅 방장 여부 */
);

COMMENT ON TABLE MEM_CHAT IS '채팅 참여 멤버';

COMMENT ON COLUMN MEM_CHAT.MEM_NO IS '회원 번호';

COMMENT ON COLUMN MEM_CHAT.CHATROOM_NO IS '채팅방 번호';

COMMENT ON COLUMN MEM_CHAT.CHAT_HEAD_YN IS '채팅 방장 여부';

/* 위키 */
CREATE TABLE WIKI (
	WIKI_SID NUMBER NOT NULL, /* 위키 고유 번호 */
	PARENT_WIKI NUMBER, /* 상위 위키 고유 번호 */
	MEM_NO NUMBER NOT NULL, /* 회원 번호 */
	PROJ_NO NUMBER NOT NULL, /* 프로젝트 번호 */
	WIKI_NO NUMBER NOT NULL, /* 위키 번호 */
	WIKI_CONT VARCHAR2(3000) NOT NULL, /* 위키 내용 */
	WIKI_WRITE_DATE DATE NOT NULL /* 위키 작성 일자 */
);

COMMENT ON TABLE WIKI IS '위키';

COMMENT ON COLUMN WIKI.WIKI_SID IS '위키 고유 번호';

COMMENT ON COLUMN WIKI.PARENT_WIKI IS '상위 위키 고유 번호';

COMMENT ON COLUMN WIKI.MEM_NO IS '회원 번호';

COMMENT ON COLUMN WIKI.PROJ_NO IS '프로젝트 번호';

COMMENT ON COLUMN WIKI.WIKI_NO IS '위키 번호';

COMMENT ON COLUMN WIKI.WIKI_CONT IS '위키 내용';

COMMENT ON COLUMN WIKI.WIKI_WRITE_DATE IS '위키 작성 일자';

CREATE UNIQUE INDEX PK_WIKI
	ON WIKI (
		WIKI_SID ASC
	);

ALTER TABLE WIKI
	ADD
		CONSTRAINT PK_WIKI
		PRIMARY KEY (
			WIKI_SID
		);

/* 일대일문의 */
CREATE TABLE INQUIRY (
	INQ_NO NUMBER NOT NULL, /* 일대일 문의 번호 */
	MEM_NO NUMBER NOT NULL, /* 회원 번호 */
	INQ_CONT VARCHAR2(3000) NOT NULL, /* 문의 내용 */
	INQ_DATE DATE NOT NULL, /* 문의 일자 */
	INQ_STATUS_YN CHAR NOT NULL /* 문의 상태 */
);

COMMENT ON TABLE INQUIRY IS '일대일문의';

COMMENT ON COLUMN INQUIRY.INQ_NO IS '일대일 문의 번호';

COMMENT ON COLUMN INQUIRY.MEM_NO IS '회원 번호';

COMMENT ON COLUMN INQUIRY.INQ_CONT IS '문의 내용';

COMMENT ON COLUMN INQUIRY.INQ_DATE IS '문의 일자';

COMMENT ON COLUMN INQUIRY.INQ_STATUS_YN IS '문의 상태';

CREATE UNIQUE INDEX PK_INQUIRY
	ON INQUIRY (
		INQ_NO ASC
	);

ALTER TABLE INQUIRY
	ADD
		CONSTRAINT PK_INQUIRY
		PRIMARY KEY (
			INQ_NO
		);

/* 일대일문의 댓글 */
CREATE TABLE INQUIRY_COMMENT (
	INQ_COM_NO NUMBER NOT NULL, /* 문의 댓글 번호 */
	INQ_NO NUMBER NOT NULL, /* 일대일 문의 번호 */
	PROV_ID VARCHAR2(200) NOT NULL, /* 운영자 아이디 */
	INQ_COM_CONT VARCHAR2(500) NOT NULL, /* 댓글 내용 */
	INQ_COM_DATE DATE NOT NULL /* 댓글 작성 일자 */
);

COMMENT ON TABLE INQUIRY_COMMENT IS '일대일문의 댓글';

COMMENT ON COLUMN INQUIRY_COMMENT.INQ_COM_NO IS '문의 댓글 번호';

COMMENT ON COLUMN INQUIRY_COMMENT.INQ_NO IS '일대일 문의 번호';

COMMENT ON COLUMN INQUIRY_COMMENT.PROV_ID IS '운영자 아이디';

COMMENT ON COLUMN INQUIRY_COMMENT.INQ_COM_CONT IS '댓글 내용';

COMMENT ON COLUMN INQUIRY_COMMENT.INQ_COM_DATE IS '댓글 작성 일자';

CREATE UNIQUE INDEX PK_INQUIRY_COMMENT
	ON INQUIRY_COMMENT (
		INQ_COM_NO ASC
	);

ALTER TABLE INQUIRY_COMMENT
	ADD
		CONSTRAINT PK_INQUIRY_COMMENT
		PRIMARY KEY (
			INQ_COM_NO
		);

/* 이슈 히스토리 */
CREATE TABLE ISSUE_HISTORY (
	ISSUE_HIS_NO NUMBER NOT NULL, /* 이슈 히스토리 번호 */
	ISSUE_SID NUMBER NOT NULL, /* 이슈 고유 번호 */
	MEM_NO NUMBER NOT NULL, /* 회원 번호 */
	ISSUE_HIS_CONT VARCHAR2(3000) NOT NULL, /* 이슈 히스토리 내용 */
	ISSUE_HIS_DATE DATE NOT NULL, /* 이슈 히스토리 작성일자 */
	ISSUE_HIS_TYPE VARCHAR2(50) NOT NULL /* 이슈 히스토리 유형 */
);

COMMENT ON TABLE ISSUE_HISTORY IS '이슈 히스토리';

COMMENT ON COLUMN ISSUE_HISTORY.ISSUE_HIS_NO IS '이슈 히스토리 번호';

COMMENT ON COLUMN ISSUE_HISTORY.ISSUE_SID IS '이슈 고유 번호';

COMMENT ON COLUMN ISSUE_HISTORY.MEM_NO IS '회원 번호';

COMMENT ON COLUMN ISSUE_HISTORY.ISSUE_HIS_CONT IS '이슈 히스토리 내용';

COMMENT ON COLUMN ISSUE_HISTORY.ISSUE_HIS_DATE IS '이슈 히스토리 작성일자';

COMMENT ON COLUMN ISSUE_HISTORY.ISSUE_HIS_TYPE IS '이슈 히스토리 유형';

CREATE UNIQUE INDEX PK_ISSUE_HISTORY
	ON ISSUE_HISTORY (
		ISSUE_HIS_NO ASC
	);

ALTER TABLE ISSUE_HISTORY
	ADD
		CONSTRAINT PK_ISSUE_HISTORY
		PRIMARY KEY (
			ISSUE_HIS_NO
		);

/* 라벨 */
CREATE TABLE LABEL (
	LABEL_NO NUMBER NOT NULL, /* 라벨 번호 */
	PROJ_NO NUMBER, /* 프로젝트 번호 */
	LABEL_NAME VARCHAR2(200) NOT NULL /* 라벨 이름 */
);

COMMENT ON TABLE LABEL IS '라벨';

COMMENT ON COLUMN LABEL.LABEL_NO IS '라벨 번호';

COMMENT ON COLUMN LABEL.PROJ_NO IS '프로젝트 번호';

COMMENT ON COLUMN LABEL.LABEL_NAME IS '라벨 이름';

CREATE UNIQUE INDEX PK_LABEL
	ON LABEL (
		LABEL_NO ASC
	);

ALTER TABLE LABEL
	ADD
		CONSTRAINT PK_LABEL
		PRIMARY KEY (
			LABEL_NO
		);

/* 이슈 담당자 */
CREATE TABLE ISSUE_ASSIGNEE (
	ISSUE_ASIN_NO NUMBER NOT NULL, /* 이슈 담당자 번호 */
	MEM_NO NUMBER NOT NULL, /* 회원 번호 */
	ISSUE_SID NUMBER NOT NULL /* 이슈 고유 번호 */
);

COMMENT ON TABLE ISSUE_ASSIGNEE IS '이슈 담당자';

COMMENT ON COLUMN ISSUE_ASSIGNEE.ISSUE_ASIN_NO IS '이슈 담당자 번호';

COMMENT ON COLUMN ISSUE_ASSIGNEE.MEM_NO IS '회원 번호';

COMMENT ON COLUMN ISSUE_ASSIGNEE.ISSUE_SID IS '이슈 고유 번호';

CREATE UNIQUE INDEX PK_ISSUE_ASSIGNEE
	ON ISSUE_ASSIGNEE (
		ISSUE_ASIN_NO ASC
	);

ALTER TABLE ISSUE_ASSIGNEE
	ADD
		CONSTRAINT PK_ISSUE_ASSIGNEE
		PRIMARY KEY (
			ISSUE_ASIN_NO
		);

/* 알림 */
CREATE TABLE ALARM (
	ALARM_NO NUMBER NOT NULL, /* 알림 번호 */
	MEM_NO NUMBER NOT NULL, /* 회원 번호 */
	ALARM_CONT VARCHAR2(300) NOT NULL, /* 알림 내용 */
	ALARM_CREATE_DATE DATE NOT NULL, /* 알림 생성 시간 */
	ALARM_CHK_DATE DATE, /* 알림 확인 일자 */
	ALARM_TYPE VARCHAR2(50) NOT NULL /* 알림 유형 */
);

COMMENT ON TABLE ALARM IS '알림';

COMMENT ON COLUMN ALARM.ALARM_NO IS '알림 번호';

COMMENT ON COLUMN ALARM.MEM_NO IS '회원 번호';

COMMENT ON COLUMN ALARM.ALARM_CONT IS '알림 내용';

COMMENT ON COLUMN ALARM.ALARM_CREATE_DATE IS '알림 생성 시간';

COMMENT ON COLUMN ALARM.ALARM_CHK_DATE IS '알림 확인 일자';

COMMENT ON COLUMN ALARM.ALARM_TYPE IS '알림 유형';

CREATE UNIQUE INDEX PK_ALARM
	ON ALARM (
		ALARM_NO ASC
	);

ALTER TABLE ALARM
	ADD
		CONSTRAINT PK_ALARM
		PRIMARY KEY (
			ALARM_NO
		);

/* 보호자원 */
CREATE TABLE PROPTIS (
	PROPTIS_NO NUMBER NOT NULL, /* 보호자원 번호 */
	PROPTIS_NAME VARCHAR2(200) NOT NULL, /* 보호자원 이름 */
	PROPTIS_SORT VARCHAR2(200), /* 보호자원 구분 */
	PROPTIS_PRIORITY NUMBER, /* 보호자원 우선순위 */
	PROPTIS_EXPLAIN VARCHAR2(500) /* 보호자원 설명 */
);

COMMENT ON TABLE PROPTIS IS '보호자원';

COMMENT ON COLUMN PROPTIS.PROPTIS_NO IS '보호자원 번호';

COMMENT ON COLUMN PROPTIS.PROPTIS_NAME IS '보호자원 이름';

COMMENT ON COLUMN PROPTIS.PROPTIS_SORT IS '보호자원 구분';

COMMENT ON COLUMN PROPTIS.PROPTIS_PRIORITY IS '보호자원 우선순위';

COMMENT ON COLUMN PROPTIS.PROPTIS_EXPLAIN IS '보호자원 설명';

CREATE UNIQUE INDEX PK_PROPTIS
	ON PROPTIS (
		PROPTIS_NO ASC
	);

ALTER TABLE PROPTIS
	ADD
		CONSTRAINT PK_PROPTIS
		PRIMARY KEY (
			PROPTIS_NO
		);

/* 저장소 */
CREATE TABLE REPOSITORY (
	REPO_NO NUMBER NOT NULL, /* 저장소 번호 */
	PROJ_NO NUMBER NOT NULL, /* 프로젝트 번호 */
	REPO_URL VARCHAR2(500), /* 저장소 경로 */
	REPO_TOKEN VARCHAR2(300), /* 저장소 토큰 */
	REPO_TYPE VARCHAR2(50) NOT NULL /* 저장소 유형 */
);

COMMENT ON TABLE REPOSITORY IS '저장소';

COMMENT ON COLUMN REPOSITORY.REPO_NO IS '저장소 번호';

COMMENT ON COLUMN REPOSITORY.PROJ_NO IS '프로젝트 번호';

COMMENT ON COLUMN REPOSITORY.REPO_URL IS '저장소 경로';

COMMENT ON COLUMN REPOSITORY.REPO_TOKEN IS '저장소 토큰';

COMMENT ON COLUMN REPOSITORY.REPO_TYPE IS '저장소 유형';

CREATE UNIQUE INDEX PK_REPOSITORY
	ON REPOSITORY (
		REPO_NO ASC
	);

ALTER TABLE REPOSITORY
	ADD
		CONSTRAINT PK_REPOSITORY
		PRIMARY KEY (
			REPO_NO
		);

/* 자원 역할 */
CREATE TABLE PROPTIS_ROLE (
	PROPTIS_NO NUMBER, /* 보호자원 번호 */
	MEM_ROLE_NO NUMBER, /* 멤버 역할 번호 */
	AUTHOR NUMBER /* 권한 */
);

COMMENT ON TABLE PROPTIS_ROLE IS '자원 역할';

COMMENT ON COLUMN PROPTIS_ROLE.PROPTIS_NO IS '보호자원 번호';

COMMENT ON COLUMN PROPTIS_ROLE.MEM_ROLE_NO IS '멤버 역할 번호';

COMMENT ON COLUMN PROPTIS_ROLE.AUTHOR IS '권한';

/* 환불 정책 */
CREATE TABLE REFUND_POLICY (
	REFUND_POL_NO NUMBER NOT NULL, /* 환불 정책 번호 */
	REFUND_POL_CONT VARCHAR2(3000) /* 환불 정책 내용 */
);

COMMENT ON TABLE REFUND_POLICY IS '환불 정책';

COMMENT ON COLUMN REFUND_POLICY.REFUND_POL_NO IS '환불 정책 번호';

COMMENT ON COLUMN REFUND_POLICY.REFUND_POL_CONT IS '환불 정책 내용';

CREATE UNIQUE INDEX PK_REFUND_POLICY
	ON REFUND_POLICY (
		REFUND_POL_NO ASC
	);

ALTER TABLE REFUND_POLICY
	ADD
		CONSTRAINT PK_REFUND_POLICY
		PRIMARY KEY (
			REFUND_POL_NO
		);

/* 환불 */
CREATE TABLE REFUND (
	REFUND_NO NUMBER NOT NULL, /* 환불 번호 */
	REFUND_POL_NO NUMBER, /* 환불 정책 번호 */
	PROJ_NO NUMBER, /* 프로젝트 번호 */
	PAYMENT_NO NUMBER, /* 결제 부여 번호 */
	REFUND_DATE DATE, /* 환불 일자 */
	REFUND_CONT VARCHAR2(3000), /* 환불 내역 */
	PAY_CANCLE_DATE DATE /* 결제 취소 일자 */
);

COMMENT ON TABLE REFUND IS '환불';

COMMENT ON COLUMN REFUND.REFUND_NO IS '환불 번호';

COMMENT ON COLUMN REFUND.REFUND_POL_NO IS '환불 정책 번호';

COMMENT ON COLUMN REFUND.PROJ_NO IS '프로젝트 번호';

COMMENT ON COLUMN REFUND.PAYMENT_NO IS '결제 부여 번호';

COMMENT ON COLUMN REFUND.REFUND_DATE IS '환불 일자';

COMMENT ON COLUMN REFUND.REFUND_CONT IS '환불 내역';

COMMENT ON COLUMN REFUND.PAY_CANCLE_DATE IS '결제 취소 일자';

CREATE UNIQUE INDEX PK_REFUND
	ON REFUND (
		REFUND_NO ASC
	);

ALTER TABLE REFUND
	ADD
		CONSTRAINT PK_REFUND
		PRIMARY KEY (
			REFUND_NO
		);

/* 문의 카테고리 */
CREATE TABLE FAQ_CATEGORY (
	FAQ_CTGRY_NO NUMBER NOT NULL, /* 문의 카테고리 번호 */
	FAQ_CTGRY_NAME VARCHAR2(200) /* 문의 카테고리 이름 */
);

COMMENT ON TABLE FAQ_CATEGORY IS '문의 카테고리';

COMMENT ON COLUMN FAQ_CATEGORY.FAQ_CTGRY_NO IS '문의 카테고리 번호';

COMMENT ON COLUMN FAQ_CATEGORY.FAQ_CTGRY_NAME IS '문의 카테고리 이름';

CREATE UNIQUE INDEX PK_FAQ_CATEGORY
	ON FAQ_CATEGORY (
		FAQ_CTGRY_NO ASC
	);

ALTER TABLE FAQ_CATEGORY
	ADD
		CONSTRAINT PK_FAQ_CATEGORY
		PRIMARY KEY (
			FAQ_CTGRY_NO
		);

/* 운영자 */
CREATE TABLE PROVIDER (
	PROV_ID VARCHAR2(200) NOT NULL, /* 운영자 아이디 */
	PROV_PASS VARCHAR2(500) NOT NULL, /* 운영자 비밀번호 */
	PROV_NAME VARCHAR2(200) NOT NULL /* 운영자 이름 */
);

COMMENT ON TABLE PROVIDER IS '운영자';

COMMENT ON COLUMN PROVIDER.PROV_ID IS '운영자 아이디';

COMMENT ON COLUMN PROVIDER.PROV_PASS IS '운영자 비밀번호';

COMMENT ON COLUMN PROVIDER.PROV_NAME IS '운영자 이름';

CREATE UNIQUE INDEX PK_PROVIDER
	ON PROVIDER (
		PROV_ID ASC
	);

ALTER TABLE PROVIDER
	ADD
		CONSTRAINT PK_PROVIDER
		PRIMARY KEY (
			PROV_ID
		);

/* 공통 코드 그룹 */
CREATE TABLE COM_CODE_GRP (
	COM_CODE_GRP VARCHAR2(50) NOT NULL, /* 공통 코드 그룹 */
	COM_CODE_GRP_NM VARCHAR2(200) NOT NULL, /* 코드 그룹 명 */
	CODE_GRP_DESC VARCHAR2(500) NOT NULL, /* 코드 그룹 설명 */
	USE_YN CHAR NOT NULL /* 사용 여부 */
);

COMMENT ON TABLE COM_CODE_GRP IS '공통 코드 그룹';

COMMENT ON COLUMN COM_CODE_GRP.COM_CODE_GRP IS '공통 코드 그룹';

COMMENT ON COLUMN COM_CODE_GRP.COM_CODE_GRP_NM IS '코드 그룹 명';

COMMENT ON COLUMN COM_CODE_GRP.CODE_GRP_DESC IS '코드 그룹 설명';

COMMENT ON COLUMN COM_CODE_GRP.USE_YN IS '사용 여부';

CREATE UNIQUE INDEX PK_COM_CODE_GRP
	ON COM_CODE_GRP (
		COM_CODE_GRP ASC
	);

ALTER TABLE COM_CODE_GRP
	ADD
		CONSTRAINT PK_COM_CODE_GRP
		PRIMARY KEY (
			COM_CODE_GRP
		);

/* 공통 코드 */
CREATE TABLE COM_CODE (
	COM_CODE_GRP VARCHAR2(50) NOT NULL, /* 공통 코드 그룹 */
	COM_CODE VARCHAR2(50) NOT NULL, /* 공통 코드 */
	COM_CODE_NM VARCHAR2(200) NOT NULL, /* 공통 코드 명 */
	COM_CODE_DESC VARCHAR2(500) NOT NULL, /* 공통 코드 설명 */
	USE_YN CHAR NOT NULL /* 사용 여부 */
);

COMMENT ON TABLE COM_CODE IS '공통 코드';

COMMENT ON COLUMN COM_CODE.COM_CODE_GRP IS '공통 코드 그룹';

COMMENT ON COLUMN COM_CODE.COM_CODE IS '공통 코드';

COMMENT ON COLUMN COM_CODE.COM_CODE_NM IS '공통 코드 명';

COMMENT ON COLUMN COM_CODE.COM_CODE_DESC IS '공통 코드 설명';

COMMENT ON COLUMN COM_CODE.USE_YN IS '사용 여부';

CREATE UNIQUE INDEX PK_COM_CODE
	ON COM_CODE (
		COM_CODE_GRP ASC,
		COM_CODE ASC
	);

ALTER TABLE COM_CODE
	ADD
		CONSTRAINT PK_COM_CODE
		PRIMARY KEY (
			COM_CODE_GRP,
			COM_CODE
		);

/* 통합 첨부 파일 */
CREATE TABLE ATTACH_FILE (
	ATCH_FILE_NO NUMBER NOT NULL, /* 통합 첨부파일 번호 */
	ATCH_FILE_SEQ NUMBER NOT NULL, /* 첨부파일 순번 */
	FILE_CONT_TYPE NUMBER, /* 파일 유형 */
	REG_USER_ID VARCHAR2(200) NOT NULL, /* 등록자 ID */
	FILE_NM VARCHAR2(200) NOT NULL, /* 파일 명 */
	FILE_DOWN_CNT NUMBER NOT NULL, /* 다운 횟수 */
	BIZ_TYPE VARCHAR2(200) NOT NULL, /* 업무 구분 */
	FILE_SIZE NUMBER(10) NOT NULL, /* 파일 크기 */
	FILE_PATH VARCHAR2(500) NOT NULL, /* 파일 경로 */
	REG_DATE DATE NOT NULL, /* 등록 일자 */
	SAVE_FILE_NM VARCHAR2(200) NOT NULL, /* 저장 파일 명 */
	UPD_DATE DATE, /* 수정 일자 */
	UPD_USER_ID VARCHAR2(200) /* 수정자 ID */
);

COMMENT ON TABLE ATTACH_FILE IS '통합 첨부 파일';

COMMENT ON COLUMN ATTACH_FILE.ATCH_FILE_NO IS '통합 첨부파일 번호';

COMMENT ON COLUMN ATTACH_FILE.ATCH_FILE_SEQ IS '첨부파일 순번';

COMMENT ON COLUMN ATTACH_FILE.FILE_CONT_TYPE IS '파일 유형';

COMMENT ON COLUMN ATTACH_FILE.REG_USER_ID IS '등록자 ID';

COMMENT ON COLUMN ATTACH_FILE.FILE_NM IS '파일 명';

COMMENT ON COLUMN ATTACH_FILE.FILE_DOWN_CNT IS '다운 횟수';

COMMENT ON COLUMN ATTACH_FILE.BIZ_TYPE IS '업무 구분';

COMMENT ON COLUMN ATTACH_FILE.FILE_SIZE IS '파일 크기';

COMMENT ON COLUMN ATTACH_FILE.FILE_PATH IS '파일 경로';

COMMENT ON COLUMN ATTACH_FILE.REG_DATE IS '등록 일자';

COMMENT ON COLUMN ATTACH_FILE.SAVE_FILE_NM IS '저장 파일 명';

COMMENT ON COLUMN ATTACH_FILE.UPD_DATE IS '수정 일자';

COMMENT ON COLUMN ATTACH_FILE.UPD_USER_ID IS '수정자 ID';

CREATE UNIQUE INDEX PK_ATTACH_FILE
	ON ATTACH_FILE (
		ATCH_FILE_NO ASC,
		ATCH_FILE_SEQ ASC
	);

ALTER TABLE ATTACH_FILE
	ADD
		CONSTRAINT PK_ATTACH_FILE
		PRIMARY KEY (
			ATCH_FILE_NO,
			ATCH_FILE_SEQ
		);

/* 메뉴 */
CREATE TABLE MENU (
	MENU_ID VARCHAR2(200) NOT NULL, /* 메뉴 ID */
	UPPER_MENU_ID VARCHAR2(200), /* 상위 메뉴 ID */
	MENU_SE VARCHAR2(200) NOT NULL, /* 메뉴 구분 */
	MENU_ORD NUMBER NOT NULL, /* 메뉴 순서 */
	MENU_NM VARCHAR2(200) NOT NULL, /* 메뉴 명 */
	MENU_DESC VARCHAR2(500) NOT NULL, /* 메뉴 설명 */
	MENU_URL VARCHAR2(100) NOT NULL, /* 메뉴 URL */
	USE_YN CHAR NOT NULL /* 사용 여부 */
);

COMMENT ON TABLE MENU IS '메뉴';

COMMENT ON COLUMN MENU.MENU_ID IS '메뉴 ID';

COMMENT ON COLUMN MENU.UPPER_MENU_ID IS '상위 메뉴 ID';

COMMENT ON COLUMN MENU.MENU_SE IS '메뉴 구분';

COMMENT ON COLUMN MENU.MENU_ORD IS '메뉴 순서';

COMMENT ON COLUMN MENU.MENU_NM IS '메뉴 명';

COMMENT ON COLUMN MENU.MENU_DESC IS '메뉴 설명';

COMMENT ON COLUMN MENU.MENU_URL IS '메뉴 URL';

COMMENT ON COLUMN MENU.USE_YN IS '사용 여부';

CREATE UNIQUE INDEX PK_MENU
	ON MENU (
		MENU_ID ASC
	);

ALTER TABLE MENU
	ADD
		CONSTRAINT PK_MENU
		PRIMARY KEY (
			MENU_ID
		);

/* 권한별 메뉴 할당 */
CREATE TABLE MENU_ASSIGN (
	AUTH_GRP_CODE VARCHAR2(50) NOT NULL, /* 권한 그룹 코드 */
	MENU_ID VARCHAR2(200) NOT NULL, /* 메뉴 ID */
	READ_YN CHAR NOT NULL, /* 읽기 가능 여부 */
	WRITE_YN CHAR NOT NULL, /* 쓰기 가능 여부 */
	DELETE_YN CHAR NOT NULL /* 삭제 가능 여부 */
);

COMMENT ON TABLE MENU_ASSIGN IS '권한별 메뉴 할당';

COMMENT ON COLUMN MENU_ASSIGN.AUTH_GRP_CODE IS '권한 그룹 코드';

COMMENT ON COLUMN MENU_ASSIGN.MENU_ID IS '메뉴 ID';

COMMENT ON COLUMN MENU_ASSIGN.READ_YN IS '읽기 가능 여부';

COMMENT ON COLUMN MENU_ASSIGN.WRITE_YN IS '쓰기 가능 여부';

COMMENT ON COLUMN MENU_ASSIGN.DELETE_YN IS '삭제 가능 여부';

CREATE UNIQUE INDEX PK_MENU_ASSIGN
	ON MENU_ASSIGN (
		AUTH_GRP_CODE ASC,
		MENU_ID ASC
	);

ALTER TABLE MENU_ASSIGN
	ADD
		CONSTRAINT PK_MENU_ASSIGN
		PRIMARY KEY (
			AUTH_GRP_CODE,
			MENU_ID
		);

/* 권한 그룹 */
CREATE TABLE AUTH_CODE (
	AUTH_GRP_CODE VARCHAR2(50) NOT NULL, /* 권한 그룹 코드 */
	AUTH_GRP_NM VARCHAR2(200) NOT NULL, /* 권한 그룹 이름 */
	AUTH_GRP_DESC VARCHAR2(500) NOT NULL /* 권한 그룹 설명 */
);

COMMENT ON TABLE AUTH_CODE IS '권한 그룹';

COMMENT ON COLUMN AUTH_CODE.AUTH_GRP_CODE IS '권한 그룹 코드';

COMMENT ON COLUMN AUTH_CODE.AUTH_GRP_NM IS '권한 그룹 이름';

COMMENT ON COLUMN AUTH_CODE.AUTH_GRP_DESC IS '권한 그룹 설명';

CREATE UNIQUE INDEX PK_AUTH_CODE
	ON AUTH_CODE (
		AUTH_GRP_CODE ASC
	);

ALTER TABLE AUTH_CODE
	ADD
		CONSTRAINT PK_AUTH_CODE
		PRIMARY KEY (
			AUTH_GRP_CODE
		);

/* 사용자 권한 */
CREATE TABLE USER_AUTH (
	AUTH_GRP_CODE VARCHAR2(50) NOT NULL, /* 권한 그룹 코드 */
	USER_ID VARCHAR2(200) NOT NULL /* 회원 ID */
);

COMMENT ON TABLE USER_AUTH IS '사용자 권한';

COMMENT ON COLUMN USER_AUTH.AUTH_GRP_CODE IS '권한 그룹 코드';

COMMENT ON COLUMN USER_AUTH.USER_ID IS '회원 ID';

CREATE UNIQUE INDEX PK_USER_AUTH
	ON USER_AUTH (
		AUTH_GRP_CODE ASC,
		USER_ID ASC
	);

ALTER TABLE USER_AUTH
	ADD
		CONSTRAINT PK_USER_AUTH
		PRIMARY KEY (
			AUTH_GRP_CODE,
			USER_ID
		);

ALTER TABLE PAYMENT
	ADD
		CONSTRAINT FK_PAY_PLAN_TO_PAYMENT
		FOREIGN KEY (
			PAY_PLAN_NO
		)
		REFERENCES PAY_PLAN (
			PAY_PLAN_NO
		);

ALTER TABLE PAYMENT
	ADD
		CONSTRAINT FK_PROJECT_TO_PAYMENT
		FOREIGN KEY (
			PROJ_NO
		)
		REFERENCES PROJECT (
			PROJ_NO
		);

ALTER TABLE PROJECT
	ADD
		CONSTRAINT FK_MEMBER_TO_PROJECT
		FOREIGN KEY (
			MEM_NO
		)
		REFERENCES MEMBER (
			MEM_NO
		);

ALTER TABLE LOGGED
	ADD
		CONSTRAINT FK_MEMBER_TO_LOGGED
		FOREIGN KEY (
			MEM_NO
		)
		REFERENCES MEMBER (
			MEM_NO
		);

ALTER TABLE PROJ_MEM
	ADD
		CONSTRAINT FK_MEM_ROLE_TO_PROJ_MEM
		FOREIGN KEY (
			MEM_ROLE_NO
		)
		REFERENCES MEM_ROLE (
			MEM_ROLE_NO
		);

ALTER TABLE PROJ_MEM
	ADD
		CONSTRAINT FK_PROJECT_TO_PROJ_MEM
		FOREIGN KEY (
			PROJ_NO
		)
		REFERENCES PROJECT (
			PROJ_NO
		);

ALTER TABLE ISSUE
	ADD
		CONSTRAINT FK_LABEL_TO_ISSUE
		FOREIGN KEY (
			LABEL_NO
		)
		REFERENCES LABEL (
			LABEL_NO
		);

ALTER TABLE ISSUE
	ADD
		CONSTRAINT FK_MILESTONE_TO_ISSUE
		FOREIGN KEY (
			MILEST_SID
		)
		REFERENCES MILESTONE (
			MILEST_SID
		);

ALTER TABLE ISSUE
	ADD
		CONSTRAINT FK_ISSUE_TO_ISSUE
		FOREIGN KEY (
			PARENT_ISSUE
		)
		REFERENCES ISSUE (
			ISSUE_SID
		);

ALTER TABLE ISSUE
	ADD
		CONSTRAINT FK_MEMBER_TO_ISSUE
		FOREIGN KEY (
			MEM_NO
		)
		REFERENCES MEMBER (
			MEM_NO
		);

ALTER TABLE ISSUE
	ADD
		CONSTRAINT FK_PROJECT_TO_ISSUE
		FOREIGN KEY (
			PROJ_NO
		)
		REFERENCES PROJECT (
			PROJ_NO
		);

ALTER TABLE MILESTONE
	ADD
		CONSTRAINT FK_MEMBER_TO_MILESTONE
		FOREIGN KEY (
			MEM_NO
		)
		REFERENCES MEMBER (
			MEM_NO
		);

ALTER TABLE MILESTONE
	ADD
		CONSTRAINT FK_PROJECT_TO_MILESTONE
		FOREIGN KEY (
			PROJ_NO
		)
		REFERENCES PROJECT (
			PROJ_NO
		);

ALTER TABLE MEM_ROLE
	ADD
		CONSTRAINT FK_PROJECT_TO_MEM_ROLE
		FOREIGN KEY (
			PROJ_NO
		)
		REFERENCES PROJECT (
			PROJ_NO
		);

ALTER TABLE NEWS
	ADD
		CONSTRAINT FK_PROJECT_TO_NEWS
		FOREIGN KEY (
			PROJ_NO
		)
		REFERENCES PROJECT (
			PROJ_NO
		);

ALTER TABLE NEWS
	ADD
		CONSTRAINT FK_MEMBER_TO_NEWS
		FOREIGN KEY (
			MEM_NO
		)
		REFERENCES MEMBER (
			MEM_NO
		);

ALTER TABLE NEWS_COMMENT
	ADD
		CONSTRAINT FK_NEWS_TO_NEWS_COMMENT
		FOREIGN KEY (
			NEWS_SID
		)
		REFERENCES NEWS (
			NEWS_SID
		);

ALTER TABLE NEWS_COMMENT
	ADD
		CONSTRAINT FK_MEMBER_TO_NEWS_COMMENT
		FOREIGN KEY (
			MEM_NO
		)
		REFERENCES MEMBER (
			MEM_NO
		);

ALTER TABLE CHAT_ROOM
	ADD
		CONSTRAINT FK_PROJECT_TO_CHAT_ROOM
		FOREIGN KEY (
			PROJ_NO
		)
		REFERENCES PROJECT (
			PROJ_NO
		);

ALTER TABLE KANBAN_CARD
	ADD
		CONSTRAINT FK_KANBAN_COL_TO_KANBAN_CARD
		FOREIGN KEY (
			KB_COL_NO
		)
		REFERENCES KANBAN_COL (
			KB_COL_NO
		);

ALTER TABLE KANBAN_CARD
	ADD
		CONSTRAINT FK_ISSUE_TO_KANBAN_CARD
		FOREIGN KEY (
			ISSUE_SID
		)
		REFERENCES ISSUE (
			ISSUE_SID
		);

ALTER TABLE KANBAN_CARD
	ADD
		CONSTRAINT FK_KANBAN_CARD_TO_KANBAN_CARD
		FOREIGN KEY (
			KB_CARD_PRIV_NO
		)
		REFERENCES KANBAN_CARD (
			KB_CARD_NO
		);

ALTER TABLE KANBAN_CARD
	ADD
		CONSTRAINT FK_MEMBER_TO_KANBAN_CARD
		FOREIGN KEY (
			MEM_NO
		)
		REFERENCES MEMBER (
			MEM_NO
		);

ALTER TABLE KANBAN_COL
	ADD
		CONSTRAINT FK_PROJECT_TO_KANBAN_COL
		FOREIGN KEY (
			PROJ_NO
		)
		REFERENCES PROJECT (
			PROJ_NO
		);

ALTER TABLE KANBAN_COL
	ADD
		CONSTRAINT FK_MEMBER_TO_KANBAN_COL
		FOREIGN KEY (
			MEM_NO
		)
		REFERENCES MEMBER (
			MEM_NO
		);

ALTER TABLE KANBAN_COL
	ADD
		CONSTRAINT FK_KANBAN_COL_TO_KANBAN_COL
		FOREIGN KEY (
			KB_COL_PRIV_NO
		)
		REFERENCES KANBAN_COL (
			KB_COL_NO
		);

ALTER TABLE CHAT
	ADD
		CONSTRAINT FK_CHAT_ROOM_TO_CHAT
		FOREIGN KEY (
			CHATROOM_NO
		)
		REFERENCES CHAT_ROOM (
			CHATROOM_NO
		);

ALTER TABLE CHAT
	ADD
		CONSTRAINT FK_MEMBER_TO_CHAT
		FOREIGN KEY (
			CHAT_WRITER
		)
		REFERENCES MEMBER (
			MEM_NO
		);

ALTER TABLE MEM_CHAT
	ADD
		CONSTRAINT FK_MEMBER_TO_MEM_CHAT
		FOREIGN KEY (
			MEM_NO
		)
		REFERENCES MEMBER (
			MEM_NO
		);

ALTER TABLE MEM_CHAT
	ADD
		CONSTRAINT FK_CHAT_ROOM_TO_MEM_CHAT
		FOREIGN KEY (
			CHATROOM_NO
		)
		REFERENCES CHAT_ROOM (
			CHATROOM_NO
		);

ALTER TABLE WIKI
	ADD
		CONSTRAINT FK_MEMBER_TO_WIKI
		FOREIGN KEY (
			MEM_NO
		)
		REFERENCES MEMBER (
			MEM_NO
		);

ALTER TABLE WIKI
	ADD
		CONSTRAINT FK_PROJECT_TO_WIKI
		FOREIGN KEY (
			PROJ_NO
		)
		REFERENCES PROJECT (
			PROJ_NO
		);

ALTER TABLE WIKI
	ADD
		CONSTRAINT FK_WIKI_TO_WIKI
		FOREIGN KEY (
			PARENT_WIKI
		)
		REFERENCES WIKI (
			WIKI_SID
		);

ALTER TABLE INQUIRY
	ADD
		CONSTRAINT FK_MEMBER_TO_INQUIRY
		FOREIGN KEY (
			MEM_NO
		)
		REFERENCES MEMBER (
			MEM_NO
		);

ALTER TABLE INQUIRY_COMMENT
	ADD
		CONSTRAINT FK_INQUIRY_TO_INQUIRY_COMMENT
		FOREIGN KEY (
			INQ_NO
		)
		REFERENCES INQUIRY (
			INQ_NO
		);

ALTER TABLE INQUIRY_COMMENT
	ADD
		CONSTRAINT FK_PROVIDER_TO_INQUIRY_COMMENT
		FOREIGN KEY (
			PROV_ID
		)
		REFERENCES PROVIDER (
			PROV_ID
		);

ALTER TABLE ISSUE_HISTORY
	ADD
		CONSTRAINT FK_ISSUE_TO_ISSUE_HISTORY
		FOREIGN KEY (
			ISSUE_SID
		)
		REFERENCES ISSUE (
			ISSUE_SID
		);

ALTER TABLE ISSUE_HISTORY
	ADD
		CONSTRAINT FK_MEMBER_TO_ISSUE_HISTORY
		FOREIGN KEY (
			MEM_NO
		)
		REFERENCES MEMBER (
			MEM_NO
		);

ALTER TABLE LABEL
	ADD
		CONSTRAINT FK_PROJECT_TO_LABEL
		FOREIGN KEY (
			PROJ_NO
		)
		REFERENCES PROJECT (
			PROJ_NO
		);

ALTER TABLE ISSUE_ASSIGNEE
	ADD
		CONSTRAINT FK_ISSUE_TO_ISSUE_ASSIGNEE
		FOREIGN KEY (
			ISSUE_SID
		)
		REFERENCES ISSUE (
			ISSUE_SID
		);

ALTER TABLE ISSUE_ASSIGNEE
	ADD
		CONSTRAINT FK_MEMBER_TO_ISSUE_ASSIGNEE
		FOREIGN KEY (
			MEM_NO
		)
		REFERENCES MEMBER (
			MEM_NO
		);

ALTER TABLE ALARM
	ADD
		CONSTRAINT FK_MEMBER_TO_ALARM
		FOREIGN KEY (
			MEM_NO
		)
		REFERENCES MEMBER (
			MEM_NO
		);

ALTER TABLE REPOSITORY
	ADD
		CONSTRAINT FK_PROJECT_TO_REPOSITORY
		FOREIGN KEY (
			PROJ_NO
		)
		REFERENCES PROJECT (
			PROJ_NO
		);

ALTER TABLE PROPTIS_ROLE
	ADD
		CONSTRAINT FK_PROPTIS_TO_PROPTIS_ROLE
		FOREIGN KEY (
			PROPTIS_NO
		)
		REFERENCES PROPTIS (
			PROPTIS_NO
		);

ALTER TABLE PROPTIS_ROLE
	ADD
		CONSTRAINT FK_MEM_ROLE_TO_PROPTIS_ROLE
		FOREIGN KEY (
			MEM_ROLE_NO
		)
		REFERENCES MEM_ROLE (
			MEM_ROLE_NO
		);

ALTER TABLE REFUND
	ADD
		CONSTRAINT FK_REFUND_POLICY_TO_REFUND
		FOREIGN KEY (
			REFUND_POL_NO
		)
		REFERENCES REFUND_POLICY (
			REFUND_POL_NO
		);

ALTER TABLE REFUND
	ADD
		CONSTRAINT FK_PROJECT_TO_REFUND
		FOREIGN KEY (
			PROJ_NO
		)
		REFERENCES PROJECT (
			PROJ_NO
		);

ALTER TABLE REFUND
	ADD
		CONSTRAINT FK_PAYMENT_TO_REFUND
		FOREIGN KEY (
			PAYMENT_NO
		)
		REFERENCES PAYMENT (
			PAYMENT_NO
		);

ALTER TABLE COM_CODE
	ADD
		CONSTRAINT FK_COM_CODE_GRP_TO_COM_CODE
		FOREIGN KEY (
			COM_CODE_GRP
		)
		REFERENCES COM_CODE_GRP (
			COM_CODE_GRP
		);

ALTER TABLE MENU
	ADD
		CONSTRAINT FK_MENU_TO_MENU
		FOREIGN KEY (
			UPPER_MENU_ID
		)
		REFERENCES MENU (
			MENU_ID
		);

ALTER TABLE MENU_ASSIGN
	ADD
		CONSTRAINT FK_AUTH_CODE_TO_MENU_ASSIGN
		FOREIGN KEY (
			AUTH_GRP_CODE
		)
		REFERENCES AUTH_CODE (
			AUTH_GRP_CODE
		);

ALTER TABLE MENU_ASSIGN
	ADD
		CONSTRAINT FK_MENU_TO_MENU_ASSIGN
		FOREIGN KEY (
			MENU_ID
		)
		REFERENCES MENU (
			MENU_ID
		);

ALTER TABLE USER_AUTH
	ADD
		CONSTRAINT FK_AUTH_CODE_TO_USER_AUTH
		FOREIGN KEY (
			AUTH_GRP_CODE
		)
		REFERENCES AUTH_CODE (
			AUTH_GRP_CODE
		);


/
--------------------------------------------------------
--  DDL for Function TEST
--------------------------------------------------------

  CREATE OR REPLACE FUNCTION "TEST" (
    MYNO NUMBER,
    TARNO NUMBER    
)
RETURN NUMBER
IS
V_NO NUMBER;
BEGIN
WITH TMPROOM AS (
    SELECT DISTINCT A.*
    FROM CHAT_ROOM A INNER JOIN MEM_CHAT B 
    ON (A.CHATROOM_NO = B.CHATROOM_NO)
    WHERE MEM_NO = MYNO
),
LASTROOM AS (
SELECT R.CHATROOM_NO, MEM_NO
FROM TMPROOM R LEFT OUTER JOIN MEM_CHAT M
    ON(R.CHATROOM_NO = M.CHATROOM_NO)
WHERE R.CHATROOM_NO IN (
    SELECT CHATROOM_NO
    FROM (
        SELECT  CHATROOM_NO, COUNT(MEM_NO)CNT
        FROM MEM_CHAT
        GROUP BY CHATROOM_NO
    ) 
    WHERE CNT = 2
)
)
SELECT DISTINCT CHATROOM_NO INTO V_NO
FROM LASTROOM
WHERE MEM_NO = TARNO;
RETURN V_NO;
END;


/
--------------------------------------------------------
--  Constraints for Table NEWS_COMMENT
--------------------------------------------------------

  ALTER TABLE "NEWS_COMMENT" MODIFY ("NEWS_COM_NO" NOT NULL ENABLE);
  ALTER TABLE "NEWS_COMMENT" MODIFY ("NEWS_SID" NOT NULL ENABLE);
  ALTER TABLE "NEWS_COMMENT" MODIFY ("MEM_NO" NOT NULL ENABLE);
  ALTER TABLE "NEWS_COMMENT" MODIFY ("NEWS_COM_CONT" NOT NULL ENABLE);
  ALTER TABLE "NEWS_COMMENT" MODIFY ("NEWS_COM_DATE" NOT NULL ENABLE);
  ALTER TABLE "NEWS_COMMENT" ADD CONSTRAINT "BIN$/HrS70kpSJi9pR0wQHM71Q==$0" PRIMARY KEY ("NEWS_COM_NO")
  USING INDEX PCTFREE 10 INITRANS 2 MAXTRANS 255 COMPUTE STATISTICS 
  STORAGE(INITIAL 65536 NEXT 1048576 MINEXTENTS 1 MAXEXTENTS 2147483645
  PCTINCREASE 0 FREELISTS 1 FREELIST GROUPS 1 BUFFER_POOL DEFAULT FLASH_CACHE DEFAULT CELL_FLASH_CACHE DEFAULT) ENABLE;
--------------------------------------------------------
--  Constraints for Table MILESTONE
--------------------------------------------------------

  ALTER TABLE "MILESTONE" MODIFY ("MILEST_SID" NOT NULL ENABLE);
  ALTER TABLE "MILESTONE" MODIFY ("MEM_NO" NOT NULL ENABLE);
  ALTER TABLE "MILESTONE" MODIFY ("PROJ_NO" NOT NULL ENABLE);
  ALTER TABLE "MILESTONE" MODIFY ("MILEST_NO" NOT NULL ENABLE);
  ALTER TABLE "MILESTONE" MODIFY ("MILEST_TITLE" NOT NULL ENABLE);
  ALTER TABLE "MILESTONE" MODIFY ("MILEST_CONT" NOT NULL ENABLE);
  ALTER TABLE "MILESTONE" MODIFY ("MILEST_DATE" NOT NULL ENABLE);
  ALTER TABLE "MILESTONE" ADD CONSTRAINT "BIN$QdzV5tVSRcGu1UCahnwk+w==$0" PRIMARY KEY ("MILEST_SID")
  USING INDEX PCTFREE 10 INITRANS 2 MAXTRANS 255 COMPUTE STATISTICS 
  STORAGE(INITIAL 65536 NEXT 1048576 MINEXTENTS 1 MAXEXTENTS 2147483645
  PCTINCREASE 0 FREELISTS 1 FREELIST GROUPS 1 BUFFER_POOL DEFAULT FLASH_CACHE DEFAULT CELL_FLASH_CACHE DEFAULT) ENABLE;
--------------------------------------------------------
--  Constraints for Table ATTACH_FILE
--------------------------------------------------------

  ALTER TABLE "ATTACH_FILE" MODIFY ("MEM_NO" NOT NULL ENABLE);
  ALTER TABLE "ATTACH_FILE" MODIFY ("FILE_NM" NOT NULL ENABLE);
  ALTER TABLE "ATTACH_FILE" MODIFY ("REG_DATE" NOT NULL ENABLE);
  ALTER TABLE "ATTACH_FILE" MODIFY ("SAVE_FILE_NM" NOT NULL ENABLE);
  ALTER TABLE "ATTACH_FILE" ADD CONSTRAINT "BIN$ECOJsXdVSpekcdmNKGSw8w==$0" PRIMARY KEY ("ATCH_FILE_SID", "ATCH_FILE_NO")
  USING INDEX PCTFREE 10 INITRANS 2 MAXTRANS 255 COMPUTE STATISTICS 
  STORAGE(INITIAL 65536 NEXT 1048576 MINEXTENTS 1 MAXEXTENTS 2147483645
  PCTINCREASE 0 FREELISTS 1 FREELIST GROUPS 1 BUFFER_POOL DEFAULT FLASH_CACHE DEFAULT CELL_FLASH_CACHE DEFAULT) ENABLE;
  ALTER TABLE "ATTACH_FILE" MODIFY ("ATCH_FILE_SID" NOT NULL ENABLE);
  ALTER TABLE "ATTACH_FILE" MODIFY ("ATCH_FILE_NO" NOT NULL ENABLE);
--------------------------------------------------------
--  Constraints for Table LABEL
--------------------------------------------------------

  ALTER TABLE "LABEL" MODIFY ("LABEL_ICON" NOT NULL ENABLE);
  ALTER TABLE "LABEL" MODIFY ("LABEL_COLOR" NOT NULL ENABLE);
  ALTER TABLE "LABEL" MODIFY ("LABEL_NO" NOT NULL ENABLE);
  ALTER TABLE "LABEL" MODIFY ("PROJ_NO" NOT NULL ENABLE);
  ALTER TABLE "LABEL" MODIFY ("LABEL_NM" NOT NULL ENABLE);
  ALTER TABLE "LABEL" ADD CONSTRAINT "BIN$DvLrMaYoRfOgAm4337ZtJg==$0" PRIMARY KEY ("LABEL_NO")
  USING INDEX PCTFREE 10 INITRANS 2 MAXTRANS 255 COMPUTE STATISTICS 
  STORAGE(INITIAL 65536 NEXT 1048576 MINEXTENTS 1 MAXEXTENTS 2147483645
  PCTINCREASE 0 FREELISTS 1 FREELIST GROUPS 1 BUFFER_POOL DEFAULT FLASH_CACHE DEFAULT CELL_FLASH_CACHE DEFAULT) ENABLE;
--------------------------------------------------------
--  Constraints for Table COM_CODE
--------------------------------------------------------

  ALTER TABLE "COM_CODE" MODIFY ("COM_CODE_GRP" NOT NULL ENABLE);
  ALTER TABLE "COM_CODE" MODIFY ("COM_CODE" NOT NULL ENABLE);
  ALTER TABLE "COM_CODE" MODIFY ("COM_CODE_NM" NOT NULL ENABLE);
  ALTER TABLE "COM_CODE" MODIFY ("COM_CODE_DESC" NOT NULL ENABLE);
  ALTER TABLE "COM_CODE" MODIFY ("USE_YN" NOT NULL ENABLE);
  ALTER TABLE "COM_CODE" ADD CONSTRAINT "BIN$Mp7Q9/5lQcelqvLrUTDQSQ==$0" PRIMARY KEY ("COM_CODE_GRP", "COM_CODE")
  USING INDEX PCTFREE 10 INITRANS 2 MAXTRANS 255 COMPUTE STATISTICS 
  STORAGE(INITIAL 65536 NEXT 1048576 MINEXTENTS 1 MAXEXTENTS 2147483645
  PCTINCREASE 0 FREELISTS 1 FREELIST GROUPS 1 BUFFER_POOL DEFAULT FLASH_CACHE DEFAULT CELL_FLASH_CACHE DEFAULT) ENABLE;
--------------------------------------------------------
--  Constraints for Table REFUND
--------------------------------------------------------

  ALTER TABLE "REFUND" MODIFY ("REFUND_NO" NOT NULL ENABLE);
  ALTER TABLE "REFUND" ADD CONSTRAINT "BIN$m9RVUmbrReqJWHtNzfmFXQ==$0" PRIMARY KEY ("REFUND_NO")
  USING INDEX PCTFREE 10 INITRANS 2 MAXTRANS 255 COMPUTE STATISTICS 
  STORAGE(INITIAL 65536 NEXT 1048576 MINEXTENTS 1 MAXEXTENTS 2147483645
  PCTINCREASE 0 FREELISTS 1 FREELIST GROUPS 1 BUFFER_POOL DEFAULT FLASH_CACHE DEFAULT CELL_FLASH_CACHE DEFAULT) ENABLE;
--------------------------------------------------------
--  Constraints for Table ALARM
--------------------------------------------------------

  ALTER TABLE "ALARM" MODIFY ("ALARM_NO" NOT NULL ENABLE);
  ALTER TABLE "ALARM" MODIFY ("MEM_NO" NOT NULL ENABLE);
  ALTER TABLE "ALARM" MODIFY ("ALARM_CONT" NOT NULL ENABLE);
  ALTER TABLE "ALARM" MODIFY ("ALARM_CREATE_DATE" NOT NULL ENABLE);
  ALTER TABLE "ALARM" MODIFY ("ALARM_TYPE" NOT NULL ENABLE);
  ALTER TABLE "ALARM" ADD CONSTRAINT "BIN$FyHJcXimRNWICCPkQo4nWA==$0" PRIMARY KEY ("ALARM_NO")
  USING INDEX PCTFREE 10 INITRANS 2 MAXTRANS 255 COMPUTE STATISTICS 
  STORAGE(INITIAL 65536 NEXT 1048576 MINEXTENTS 1 MAXEXTENTS 2147483645
  PCTINCREASE 0 FREELISTS 1 FREELIST GROUPS 1 BUFFER_POOL DEFAULT FLASH_CACHE DEFAULT CELL_FLASH_CACHE DEFAULT) ENABLE;
--------------------------------------------------------
--  Constraints for Table NEWS
--------------------------------------------------------

  ALTER TABLE "NEWS" MODIFY ("NEWS_SID" NOT NULL ENABLE);
  ALTER TABLE "NEWS" MODIFY ("PROJ_NO" NOT NULL ENABLE);
  ALTER TABLE "NEWS" MODIFY ("MEM_NO" NOT NULL ENABLE);
  ALTER TABLE "NEWS" MODIFY ("NEWS_NO" NOT NULL ENABLE);
  ALTER TABLE "NEWS" MODIFY ("NEWS_TITLE" NOT NULL ENABLE);
  ALTER TABLE "NEWS" MODIFY ("NEWS_CONT" NOT NULL ENABLE);
  ALTER TABLE "NEWS" MODIFY ("NEWS_WRITE_DATE" NOT NULL ENABLE);
  ALTER TABLE "NEWS" ADD CONSTRAINT "BIN$9GRAojsYT6eL5CcRJ2uLfQ==$0" PRIMARY KEY ("NEWS_SID")
  USING INDEX PCTFREE 10 INITRANS 2 MAXTRANS 255 COMPUTE STATISTICS 
  STORAGE(INITIAL 65536 NEXT 1048576 MINEXTENTS 1 MAXEXTENTS 2147483645
  PCTINCREASE 0 FREELISTS 1 FREELIST GROUPS 1 BUFFER_POOL DEFAULT FLASH_CACHE DEFAULT CELL_FLASH_CACHE DEFAULT) ENABLE;
--------------------------------------------------------
--  Constraints for Table PAY_PLAN
--------------------------------------------------------

  ALTER TABLE "PAY_PLAN" MODIFY ("PAY_PLAN_NO" NOT NULL ENABLE);
  ALTER TABLE "PAY_PLAN" MODIFY ("PAY_PLAN_NM" NOT NULL ENABLE);
  ALTER TABLE "PAY_PLAN" MODIFY ("PAY_PLAN_CONT" NOT NULL ENABLE);
  ALTER TABLE "PAY_PLAN" MODIFY ("PAY_PLAN_PRICE" NOT NULL ENABLE);
  ALTER TABLE "PAY_PLAN" ADD CONSTRAINT "BIN$ZN/t4mhuRqStaWGTK/xRmg==$0" PRIMARY KEY ("PAY_PLAN_NO")
  USING INDEX PCTFREE 10 INITRANS 2 MAXTRANS 255 COMPUTE STATISTICS 
  STORAGE(INITIAL 65536 NEXT 1048576 MINEXTENTS 1 MAXEXTENTS 2147483645
  PCTINCREASE 0 FREELISTS 1 FREELIST GROUPS 1 BUFFER_POOL DEFAULT FLASH_CACHE DEFAULT CELL_FLASH_CACHE DEFAULT) ENABLE;
--------------------------------------------------------
--  Constraints for Table MEM_ROLE
--------------------------------------------------------

  ALTER TABLE "MEM_ROLE" MODIFY ("AUTHORITY" NOT NULL ENABLE);
  ALTER TABLE "MEM_ROLE" MODIFY ("MEM_ROLE_NO" NOT NULL ENABLE);
  ALTER TABLE "MEM_ROLE" MODIFY ("PROJ_NO" NOT NULL ENABLE);
  ALTER TABLE "MEM_ROLE" MODIFY ("MEM_ROLE_NM" NOT NULL ENABLE);
  ALTER TABLE "MEM_ROLE" ADD CONSTRAINT "PK_MEM_ROLE" PRIMARY KEY ("MEM_ROLE_NO")
  USING INDEX PCTFREE 10 INITRANS 2 MAXTRANS 255 COMPUTE STATISTICS 
  STORAGE(INITIAL 65536 NEXT 1048576 MINEXTENTS 1 MAXEXTENTS 2147483645
  PCTINCREASE 0 FREELISTS 1 FREELIST GROUPS 1 BUFFER_POOL DEFAULT FLASH_CACHE DEFAULT CELL_FLASH_CACHE DEFAULT) ENABLE;
--------------------------------------------------------
--  Constraints for Table PAYMENT
--------------------------------------------------------

  ALTER TABLE "PAYMENT" MODIFY ("PAYMENT_NO" NOT NULL ENABLE);
  ALTER TABLE "PAYMENT" MODIFY ("PROJ_NO" NOT NULL ENABLE);
  ALTER TABLE "PAYMENT" MODIFY ("PAY_PLAN_NO" NOT NULL ENABLE);
  ALTER TABLE "PAYMENT" ADD CONSTRAINT "BIN$eEfnaUDSSv2/0zjqOIvcdA==$0" PRIMARY KEY ("PAYMENT_NO")
  USING INDEX PCTFREE 10 INITRANS 2 MAXTRANS 255 COMPUTE STATISTICS 
  STORAGE(INITIAL 65536 NEXT 1048576 MINEXTENTS 1 MAXEXTENTS 2147483645
  PCTINCREASE 0 FREELISTS 1 FREELIST GROUPS 1 BUFFER_POOL DEFAULT FLASH_CACHE DEFAULT CELL_FLASH_CACHE DEFAULT) ENABLE;
--------------------------------------------------------
--  Constraints for Table ISSUE_HISTORY
--------------------------------------------------------

  ALTER TABLE "ISSUE_HISTORY" MODIFY ("ISSUE_HIS_NO" NOT NULL ENABLE);
  ALTER TABLE "ISSUE_HISTORY" MODIFY ("ISSUE_SID" NOT NULL ENABLE);
  ALTER TABLE "ISSUE_HISTORY" MODIFY ("MEM_NO" NOT NULL ENABLE);
  ALTER TABLE "ISSUE_HISTORY" MODIFY ("ISSUE_HIS_DATE" NOT NULL ENABLE);
  ALTER TABLE "ISSUE_HISTORY" MODIFY ("ISSUE_HIS_TYPE" NOT NULL ENABLE);
  ALTER TABLE "ISSUE_HISTORY" ADD CONSTRAINT "BIN$NKS0IJMCQ2u+/kJdz07e/w==$0" PRIMARY KEY ("ISSUE_HIS_NO")
  USING INDEX PCTFREE 10 INITRANS 2 MAXTRANS 255 COMPUTE STATISTICS 
  STORAGE(INITIAL 65536 NEXT 1048576 MINEXTENTS 1 MAXEXTENTS 2147483645
  PCTINCREASE 0 FREELISTS 1 FREELIST GROUPS 1 BUFFER_POOL DEFAULT FLASH_CACHE DEFAULT CELL_FLASH_CACHE DEFAULT) ENABLE;
--------------------------------------------------------
--  Constraints for Table KANBAN_CARD
--------------------------------------------------------

  ALTER TABLE "KANBAN_CARD" MODIFY ("KB_CARD_NO" NOT NULL ENABLE);
  ALTER TABLE "KANBAN_CARD" MODIFY ("KB_CARD_WRITE_DATE" NOT NULL ENABLE);
  ALTER TABLE "KANBAN_CARD" ADD CONSTRAINT "BIN$1bngYpGlS9iAbMcvbDdWWA==$0" PRIMARY KEY ("KB_CARD_NO")
  USING INDEX PCTFREE 10 INITRANS 2 MAXTRANS 255 COMPUTE STATISTICS 
  STORAGE(INITIAL 65536 NEXT 1048576 MINEXTENTS 1 MAXEXTENTS 2147483645
  PCTINCREASE 0 FREELISTS 1 FREELIST GROUPS 1 BUFFER_POOL DEFAULT FLASH_CACHE DEFAULT CELL_FLASH_CACHE DEFAULT) ENABLE;
--------------------------------------------------------
--  Constraints for Table COM_CODE_GRP
--------------------------------------------------------

  ALTER TABLE "COM_CODE_GRP" MODIFY ("COM_CODE_GRP" NOT NULL ENABLE);
  ALTER TABLE "COM_CODE_GRP" MODIFY ("COM_CODE_GRP_NM" NOT NULL ENABLE);
  ALTER TABLE "COM_CODE_GRP" MODIFY ("CODE_GRP_DESC" NOT NULL ENABLE);
  ALTER TABLE "COM_CODE_GRP" MODIFY ("USE_YN" NOT NULL ENABLE);
  ALTER TABLE "COM_CODE_GRP" ADD CONSTRAINT "BIN$i+GTSh+ESk+piFLlt1ywFg==$0" PRIMARY KEY ("COM_CODE_GRP")
  USING INDEX PCTFREE 10 INITRANS 2 MAXTRANS 255 COMPUTE STATISTICS 
  STORAGE(INITIAL 65536 NEXT 1048576 MINEXTENTS 1 MAXEXTENTS 2147483645
  PCTINCREASE 0 FREELISTS 1 FREELIST GROUPS 1 BUFFER_POOL DEFAULT FLASH_CACHE DEFAULT CELL_FLASH_CACHE DEFAULT) ENABLE;
--------------------------------------------------------
--  Constraints for Table REPOSITORY
--------------------------------------------------------

  ALTER TABLE "REPOSITORY" ADD CONSTRAINT "REPOSITORY_PK" PRIMARY KEY ("PROJ_NO", "REPO_TYPE")
  USING INDEX PCTFREE 10 INITRANS 2 MAXTRANS 255 COMPUTE STATISTICS 
  STORAGE(INITIAL 65536 NEXT 1048576 MINEXTENTS 1 MAXEXTENTS 2147483645
  PCTINCREASE 0 FREELISTS 1 FREELIST GROUPS 1 BUFFER_POOL DEFAULT FLASH_CACHE DEFAULT CELL_FLASH_CACHE DEFAULT) ENABLE;
  ALTER TABLE "REPOSITORY" MODIFY ("REPO_URL" NOT NULL ENABLE);
  ALTER TABLE "REPOSITORY" MODIFY ("PROJ_NO" NOT NULL ENABLE);
  ALTER TABLE "REPOSITORY" MODIFY ("REPO_TYPE" NOT NULL ENABLE);
--------------------------------------------------------
--  Constraints for Table MENU
--------------------------------------------------------

  ALTER TABLE "MENU" MODIFY ("MENU_NO" NOT NULL ENABLE);
  ALTER TABLE "MENU" ADD CONSTRAINT "MENU_PK" PRIMARY KEY ("MENU_NO")
  USING INDEX PCTFREE 10 INITRANS 2 MAXTRANS 255 COMPUTE STATISTICS 
  STORAGE(INITIAL 65536 NEXT 1048576 MINEXTENTS 1 MAXEXTENTS 2147483645
  PCTINCREASE 0 FREELISTS 1 FREELIST GROUPS 1 BUFFER_POOL DEFAULT FLASH_CACHE DEFAULT CELL_FLASH_CACHE DEFAULT) ENABLE;
  ALTER TABLE "MENU" MODIFY ("MENU_ICON" NOT NULL ENABLE);
  ALTER TABLE "MENU" MODIFY ("MENU_NM_ENG" NOT NULL ENABLE);
  ALTER TABLE "MENU" MODIFY ("MENU_NM_KOR" NOT NULL ENABLE);
  ALTER TABLE "MENU" MODIFY ("MENU_CODE" NOT NULL ENABLE);
--------------------------------------------------------
--  Constraints for Table INQUIRY_COMMENT
--------------------------------------------------------

  ALTER TABLE "INQUIRY_COMMENT" MODIFY ("INQ_COM_NO" NOT NULL ENABLE);
  ALTER TABLE "INQUIRY_COMMENT" MODIFY ("INQ_NO" NOT NULL ENABLE);
  ALTER TABLE "INQUIRY_COMMENT" MODIFY ("INQ_COM_CONT" NOT NULL ENABLE);
  ALTER TABLE "INQUIRY_COMMENT" MODIFY ("INQ_COM_DATE" NOT NULL ENABLE);
  ALTER TABLE "INQUIRY_COMMENT" ADD CONSTRAINT "BIN$/cNx70TqRaCpPUdyYsNTUw==$0" PRIMARY KEY ("INQ_COM_NO")
  USING INDEX PCTFREE 10 INITRANS 2 MAXTRANS 255 COMPUTE STATISTICS 
  STORAGE(INITIAL 65536 NEXT 1048576 MINEXTENTS 1 MAXEXTENTS 2147483645
  PCTINCREASE 0 FREELISTS 1 FREELIST GROUPS 1 BUFFER_POOL DEFAULT FLASH_CACHE DEFAULT CELL_FLASH_CACHE DEFAULT) ENABLE;
--------------------------------------------------------
--  Constraints for Table MEMBER
--------------------------------------------------------

  ALTER TABLE "MEMBER" MODIFY ("MEM_NO" NOT NULL ENABLE);
  ALTER TABLE "MEMBER" MODIFY ("MEM_ID" NOT NULL ENABLE);
  ALTER TABLE "MEMBER" MODIFY ("MEM_PASS" NOT NULL ENABLE);
  ALTER TABLE "MEMBER" MODIFY ("MEM_NICK" NOT NULL ENABLE);
  ALTER TABLE "MEMBER" ADD CONSTRAINT "PK_MEMBER" PRIMARY KEY ("MEM_NO")
  USING INDEX PCTFREE 10 INITRANS 2 MAXTRANS 255 COMPUTE STATISTICS 
  STORAGE(INITIAL 65536 NEXT 1048576 MINEXTENTS 1 MAXEXTENTS 2147483645
  PCTINCREASE 0 FREELISTS 1 FREELIST GROUPS 1 BUFFER_POOL DEFAULT FLASH_CACHE DEFAULT CELL_FLASH_CACHE DEFAULT) ENABLE;
  ALTER TABLE "MEMBER" MODIFY ("MEM_PIC_FILE_NAME" NOT NULL ENABLE);
  ALTER TABLE "MEMBER" MODIFY ("MEM_STATUS" NOT NULL ENABLE);
--------------------------------------------------------
--  Constraints for Table PROPTIS
--------------------------------------------------------

  ALTER TABLE "PROPTIS" MODIFY ("PROPTIS_NO" NOT NULL ENABLE);
  ALTER TABLE "PROPTIS" MODIFY ("PROPTIS_NM" NOT NULL ENABLE);
  ALTER TABLE "PROPTIS" ADD CONSTRAINT "BIN$OlzO45uMQdeBttGRGmfhFQ==$0" PRIMARY KEY ("PROPTIS_NO")
  USING INDEX PCTFREE 10 INITRANS 2 MAXTRANS 255 COMPUTE STATISTICS 
  STORAGE(INITIAL 65536 NEXT 1048576 MINEXTENTS 1 MAXEXTENTS 2147483645
  PCTINCREASE 0 FREELISTS 1 FREELIST GROUPS 1 BUFFER_POOL DEFAULT FLASH_CACHE DEFAULT CELL_FLASH_CACHE DEFAULT) ENABLE;
--------------------------------------------------------
--  Constraints for Table AUTH_CODE
--------------------------------------------------------

  ALTER TABLE "AUTH_CODE" MODIFY ("AUTH_GRP_CODE" NOT NULL ENABLE);
  ALTER TABLE "AUTH_CODE" MODIFY ("AUTH_GRP_NM" NOT NULL ENABLE);
  ALTER TABLE "AUTH_CODE" MODIFY ("AUTH_GRP_DESC" NOT NULL ENABLE);
  ALTER TABLE "AUTH_CODE" ADD CONSTRAINT "BIN$U40PCayoRg2jmoAuWrNERw==$0" PRIMARY KEY ("AUTH_GRP_CODE")
  USING INDEX PCTFREE 10 INITRANS 2 MAXTRANS 255 COMPUTE STATISTICS 
  STORAGE(INITIAL 65536 NEXT 1048576 MINEXTENTS 1 MAXEXTENTS 2147483645
  PCTINCREASE 0 FREELISTS 1 FREELIST GROUPS 1 BUFFER_POOL DEFAULT FLASH_CACHE DEFAULT CELL_FLASH_CACHE DEFAULT) ENABLE;
--------------------------------------------------------
--  Constraints for Table PROJECT
--------------------------------------------------------

  ALTER TABLE "PROJECT" MODIFY ("PROJ_STATUS" NOT NULL ENABLE);
  ALTER TABLE "PROJECT" MODIFY ("ISSUE_PRIORITY_SET" NOT NULL ENABLE);
  ALTER TABLE "PROJECT" MODIFY ("PROJ_MODULE_SET" NOT NULL ENABLE);
  ALTER TABLE "PROJECT" MODIFY ("PROJ_NO" NOT NULL ENABLE);
  ALTER TABLE "PROJECT" MODIFY ("PROJ_TITLE" NOT NULL ENABLE);
  ALTER TABLE "PROJECT" MODIFY ("PROJ_START_DATE" NOT NULL ENABLE);
  ALTER TABLE "PROJECT" ADD CONSTRAINT "PK_PROJECT" PRIMARY KEY ("PROJ_NO")
  USING INDEX PCTFREE 10 INITRANS 2 MAXTRANS 255 COMPUTE STATISTICS 
  STORAGE(INITIAL 65536 NEXT 1048576 MINEXTENTS 1 MAXEXTENTS 2147483645
  PCTINCREASE 0 FREELISTS 1 FREELIST GROUPS 1 BUFFER_POOL DEFAULT FLASH_CACHE DEFAULT CELL_FLASH_CACHE DEFAULT) ENABLE;
--------------------------------------------------------
--  Constraints for Table INQUIRY
--------------------------------------------------------

  ALTER TABLE "INQUIRY" MODIFY ("INQ_NO" NOT NULL ENABLE);
  ALTER TABLE "INQUIRY" MODIFY ("MEM_NO" NOT NULL ENABLE);
  ALTER TABLE "INQUIRY" MODIFY ("INQ_CONT" NOT NULL ENABLE);
  ALTER TABLE "INQUIRY" MODIFY ("INQ_DATE" NOT NULL ENABLE);
  ALTER TABLE "INQUIRY" ADD CONSTRAINT "BIN$bpdxajM9Tp61pUAEfDvMvA==$0" PRIMARY KEY ("INQ_NO")
  USING INDEX PCTFREE 10 INITRANS 2 MAXTRANS 255 COMPUTE STATISTICS 
  STORAGE(INITIAL 65536 NEXT 1048576 MINEXTENTS 1 MAXEXTENTS 2147483645
  PCTINCREASE 0 FREELISTS 1 FREELIST GROUPS 1 BUFFER_POOL DEFAULT FLASH_CACHE DEFAULT CELL_FLASH_CACHE DEFAULT) ENABLE;
--------------------------------------------------------
--  Constraints for Table PROVIDER
--------------------------------------------------------

  ALTER TABLE "PROVIDER" MODIFY ("PROV_ID" NOT NULL ENABLE);
  ALTER TABLE "PROVIDER" MODIFY ("PROV_PASS" NOT NULL ENABLE);
  ALTER TABLE "PROVIDER" MODIFY ("PROV_NM" NOT NULL ENABLE);
  ALTER TABLE "PROVIDER" ADD CONSTRAINT "BIN$LJRmi9pZS0in/zwuq7PC2g==$0" PRIMARY KEY ("PROV_ID")
  USING INDEX PCTFREE 10 INITRANS 2 MAXTRANS 255 COMPUTE STATISTICS 
  STORAGE(INITIAL 65536 NEXT 1048576 MINEXTENTS 1 MAXEXTENTS 2147483645
  PCTINCREASE 0 FREELISTS 1 FREELIST GROUPS 1 BUFFER_POOL DEFAULT FLASH_CACHE DEFAULT CELL_FLASH_CACHE DEFAULT) ENABLE;
--------------------------------------------------------
--  Constraints for Table FAQ
--------------------------------------------------------

  ALTER TABLE "FAQ" MODIFY ("FAQ_NO" NOT NULL ENABLE);
  ALTER TABLE "FAQ" MODIFY ("FAQ_QES" NOT NULL ENABLE);
  ALTER TABLE "FAQ" MODIFY ("FAQ_ANS" NOT NULL ENABLE);
  ALTER TABLE "FAQ" MODIFY ("FAQ_DATE" NOT NULL ENABLE);
  ALTER TABLE "FAQ" MODIFY ("FAQ_PUBLIC_YN" NOT NULL ENABLE);
  ALTER TABLE "FAQ" MODIFY ("FAQ_TYPE" NOT NULL ENABLE);
  ALTER TABLE "FAQ" ADD CONSTRAINT "BIN$QLCxLQUHQQq6pJayyYr4gw==$0" PRIMARY KEY ("FAQ_NO")
  USING INDEX PCTFREE 10 INITRANS 2 MAXTRANS 255 COMPUTE STATISTICS 
  STORAGE(INITIAL 65536 NEXT 1048576 MINEXTENTS 1 MAXEXTENTS 2147483645
  PCTINCREASE 0 FREELISTS 1 FREELIST GROUPS 1 BUFFER_POOL DEFAULT FLASH_CACHE DEFAULT CELL_FLASH_CACHE DEFAULT) ENABLE;
--------------------------------------------------------
--  Constraints for Table KANBAN_COL
--------------------------------------------------------

  ALTER TABLE "KANBAN_COL" MODIFY ("PROJ_NO" NOT NULL ENABLE);
  ALTER TABLE "KANBAN_COL" MODIFY ("KB_COL_NM" NOT NULL ENABLE);
  ALTER TABLE "KANBAN_COL" ADD CONSTRAINT "PK_KANBAN_COL" PRIMARY KEY ("KB_COL_NO")
  USING INDEX PCTFREE 10 INITRANS 2 MAXTRANS 255 COMPUTE STATISTICS 
  STORAGE(INITIAL 65536 NEXT 1048576 MINEXTENTS 1 MAXEXTENTS 2147483645
  PCTINCREASE 0 FREELISTS 1 FREELIST GROUPS 1 BUFFER_POOL DEFAULT FLASH_CACHE DEFAULT CELL_FLASH_CACHE DEFAULT) ENABLE;
--------------------------------------------------------
--  Constraints for Table ISSUE_ASSIGNEE
--------------------------------------------------------

  ALTER TABLE "ISSUE_ASSIGNEE" MODIFY ("MEM_NO" NOT NULL ENABLE);
  ALTER TABLE "ISSUE_ASSIGNEE" MODIFY ("ISSUE_SID" NOT NULL ENABLE);
  ALTER TABLE "ISSUE_ASSIGNEE" ADD CONSTRAINT "BIN$TypaUqKfSLKwx2BGJKEAgw==$0" PRIMARY KEY ("MEM_NO", "ISSUE_SID")
  USING INDEX PCTFREE 10 INITRANS 2 MAXTRANS 255 COMPUTE STATISTICS 
  STORAGE(INITIAL 65536 NEXT 1048576 MINEXTENTS 1 MAXEXTENTS 2147483645
  PCTINCREASE 0 FREELISTS 1 FREELIST GROUPS 1 BUFFER_POOL DEFAULT FLASH_CACHE DEFAULT CELL_FLASH_CACHE DEFAULT) ENABLE;
--------------------------------------------------------
--  Constraints for Table CHAT_ROOM
--------------------------------------------------------

  ALTER TABLE "CHAT_ROOM" MODIFY ("CHATROOM_NO" NOT NULL ENABLE);
  ALTER TABLE "CHAT_ROOM" MODIFY ("CHATROOM_CREATE_DATE" NOT NULL ENABLE);
  ALTER TABLE "CHAT_ROOM" ADD CONSTRAINT "BIN$t59fUDOYSpOxFDGp7C56jA==$0" PRIMARY KEY ("CHATROOM_NO")
  USING INDEX PCTFREE 10 INITRANS 2 MAXTRANS 255 COMPUTE STATISTICS 
  STORAGE(INITIAL 65536 NEXT 1048576 MINEXTENTS 1 MAXEXTENTS 2147483645
  PCTINCREASE 0 FREELISTS 1 FREELIST GROUPS 1 BUFFER_POOL DEFAULT FLASH_CACHE DEFAULT CELL_FLASH_CACHE DEFAULT) ENABLE;
--------------------------------------------------------
--  Constraints for Table FORBIDDEN_PROJ_TITLE
--------------------------------------------------------

  ALTER TABLE "FORBIDDEN_PROJ_TITLE" MODIFY ("FORBIDDEN_PROJ_TITLE" NOT NULL ENABLE);
  ALTER TABLE "FORBIDDEN_PROJ_TITLE" ADD CONSTRAINT "FORBIDDEN_PROJ_TITLE_PK" PRIMARY KEY ("FORBIDDEN_PROJ_TITLE")
  USING INDEX PCTFREE 10 INITRANS 2 MAXTRANS 255 COMPUTE STATISTICS 
  STORAGE(INITIAL 65536 NEXT 1048576 MINEXTENTS 1 MAXEXTENTS 2147483645
  PCTINCREASE 0 FREELISTS 1 FREELIST GROUPS 1 BUFFER_POOL DEFAULT FLASH_CACHE DEFAULT CELL_FLASH_CACHE DEFAULT) ENABLE;
--------------------------------------------------------
--  Constraints for Table PROJ_MEM
--------------------------------------------------------

  ALTER TABLE "PROJ_MEM" MODIFY ("MEM_NO" NOT NULL ENABLE);
  ALTER TABLE "PROJ_MEM" MODIFY ("PROJ_NO" NOT NULL ENABLE);
  ALTER TABLE "PROJ_MEM" MODIFY ("MEM_ROLE_NO" NOT NULL ENABLE);
  ALTER TABLE "PROJ_MEM" MODIFY ("PROJ_JOIN_DATE" NOT NULL ENABLE);
  ALTER TABLE "PROJ_MEM" ADD CONSTRAINT "PK_PROJ_MEM" PRIMARY KEY ("MEM_NO", "PROJ_NO")
  USING INDEX PCTFREE 10 INITRANS 2 MAXTRANS 255 COMPUTE STATISTICS 
  STORAGE(INITIAL 65536 NEXT 1048576 MINEXTENTS 1 MAXEXTENTS 2147483645
  PCTINCREASE 0 FREELISTS 1 FREELIST GROUPS 1 BUFFER_POOL DEFAULT FLASH_CACHE DEFAULT CELL_FLASH_CACHE DEFAULT) ENABLE;
--------------------------------------------------------
--  Constraints for Table ISSUE
--------------------------------------------------------

  ALTER TABLE "ISSUE" MODIFY ("ISSUE_SID" NOT NULL ENABLE);
  ALTER TABLE "ISSUE" MODIFY ("ISSUE_NO" NOT NULL ENABLE);
  ALTER TABLE "ISSUE" MODIFY ("MEM_NO" NOT NULL ENABLE);
  ALTER TABLE "ISSUE" MODIFY ("PROJ_NO" NOT NULL ENABLE);
  ALTER TABLE "ISSUE" MODIFY ("ISSUE_TITLE" NOT NULL ENABLE);
  ALTER TABLE "ISSUE" MODIFY ("ISSUE_CREATE_DATE" NOT NULL ENABLE);
  ALTER TABLE "ISSUE" MODIFY ("ISSUE_STATUS" NOT NULL ENABLE);
  ALTER TABLE "ISSUE" ADD CONSTRAINT "BIN$jqX3OFGvSxSM1bNVLC4kOg==$0" PRIMARY KEY ("ISSUE_SID")
  USING INDEX PCTFREE 10 INITRANS 2 MAXTRANS 255 COMPUTE STATISTICS 
  STORAGE(INITIAL 65536 NEXT 1048576 MINEXTENTS 1 MAXEXTENTS 2147483645
  PCTINCREASE 0 FREELISTS 1 FREELIST GROUPS 1 BUFFER_POOL DEFAULT FLASH_CACHE DEFAULT CELL_FLASH_CACHE DEFAULT) ENABLE;
--------------------------------------------------------
--  Constraints for Table USER_AUTH
--------------------------------------------------------

  ALTER TABLE "USER_AUTH" MODIFY ("AUTH_GRP_CODE" NOT NULL ENABLE);
  ALTER TABLE "USER_AUTH" MODIFY ("MEM_NO" NOT NULL ENABLE);
  ALTER TABLE "USER_AUTH" ADD CONSTRAINT "PK_USER_AUTH" PRIMARY KEY ("AUTH_GRP_CODE", "MEM_NO")
  USING INDEX PCTFREE 10 INITRANS 2 MAXTRANS 255 COMPUTE STATISTICS 
  STORAGE(INITIAL 65536 NEXT 1048576 MINEXTENTS 1 MAXEXTENTS 2147483645
  PCTINCREASE 0 FREELISTS 1 FREELIST GROUPS 1 BUFFER_POOL DEFAULT FLASH_CACHE DEFAULT CELL_FLASH_CACHE DEFAULT) ENABLE;
--------------------------------------------------------
--  Constraints for Table WIKI
--------------------------------------------------------

  ALTER TABLE "WIKI" MODIFY ("WIKI_SID" NOT NULL ENABLE);
  ALTER TABLE "WIKI" MODIFY ("MEM_NO" NOT NULL ENABLE);
  ALTER TABLE "WIKI" MODIFY ("PROJ_NO" NOT NULL ENABLE);
  ALTER TABLE "WIKI" MODIFY ("WIKI_NO" NOT NULL ENABLE);
  ALTER TABLE "WIKI" MODIFY ("WIKI_CONT" NOT NULL ENABLE);
  ALTER TABLE "WIKI" MODIFY ("WIKI_WRITE_DATE" NOT NULL ENABLE);
  ALTER TABLE "WIKI" ADD CONSTRAINT "BIN$ZYRse9/nSnyREdznVBopPw==$0" PRIMARY KEY ("WIKI_SID")
  USING INDEX PCTFREE 10 INITRANS 2 MAXTRANS 255 COMPUTE STATISTICS 
  STORAGE(INITIAL 65536 NEXT 1048576 MINEXTENTS 1 MAXEXTENTS 2147483645
  PCTINCREASE 0 FREELISTS 1 FREELIST GROUPS 1 BUFFER_POOL DEFAULT FLASH_CACHE DEFAULT CELL_FLASH_CACHE DEFAULT) ENABLE;
--------------------------------------------------------
--  Constraints for Table MEM_CHAT
--------------------------------------------------------

  ALTER TABLE "MEM_CHAT" MODIFY ("MEM_NO" NOT NULL ENABLE);
  ALTER TABLE "MEM_CHAT" MODIFY ("CHATROOM_NO" NOT NULL ENABLE);
  ALTER TABLE "MEM_CHAT" ADD CONSTRAINT "BIN$hrsVwLnzQP+HvHqaW2PX5Q==$0" PRIMARY KEY ("MEM_NO", "CHATROOM_NO")
  USING INDEX PCTFREE 10 INITRANS 2 MAXTRANS 255 COMPUTE STATISTICS 
  STORAGE(INITIAL 65536 NEXT 1048576 MINEXTENTS 1 MAXEXTENTS 2147483645
  PCTINCREASE 0 FREELISTS 1 FREELIST GROUPS 1 BUFFER_POOL DEFAULT FLASH_CACHE DEFAULT CELL_FLASH_CACHE DEFAULT) ENABLE;
--------------------------------------------------------
--  Ref Constraints for Table ALARM
--------------------------------------------------------

  ALTER TABLE "ALARM" ADD CONSTRAINT "ALARM_FK1" FOREIGN KEY ("SENDER_NO")
	  REFERENCES "MEMBER" ("MEM_NO") ENABLE;
--------------------------------------------------------
--  Ref Constraints for Table INQUIRY
--------------------------------------------------------

  ALTER TABLE "INQUIRY" ADD CONSTRAINT "INQUIRY_FK1" FOREIGN KEY ("MEM_NO")
	  REFERENCES "MEMBER" ("MEM_NO") ENABLE;
--------------------------------------------------------
--  Ref Constraints for Table INQUIRY_COMMENT
--------------------------------------------------------

  ALTER TABLE "INQUIRY_COMMENT" ADD CONSTRAINT "INQUIRY_COMMENT_FK1" FOREIGN KEY ("INQ_NO")
	  REFERENCES "INQUIRY" ("INQ_NO") ENABLE;
  ALTER TABLE "INQUIRY_COMMENT" ADD CONSTRAINT "INQUIRY_COMMENT_FK2" FOREIGN KEY ("PROV_ID")
	  REFERENCES "PROVIDER" ("PROV_ID") ENABLE;
--------------------------------------------------------
--  Ref Constraints for Table ISSUE
--------------------------------------------------------

  ALTER TABLE "ISSUE" ADD CONSTRAINT "ISSUE_FK1" FOREIGN KEY ("PROJ_NO")
	  REFERENCES "PROJECT" ("PROJ_NO") ENABLE;
  ALTER TABLE "ISSUE" ADD CONSTRAINT "ISSUE_FK2" FOREIGN KEY ("LABEL_NO")
	  REFERENCES "LABEL" ("LABEL_NO") ENABLE;
  ALTER TABLE "ISSUE" ADD CONSTRAINT "ISSUE_FK3" FOREIGN KEY ("MILEST_SID")
	  REFERENCES "MILESTONE" ("MILEST_SID") ENABLE;
  ALTER TABLE "ISSUE" ADD CONSTRAINT "ISSUE_FK4" FOREIGN KEY ("MEM_NO")
	  REFERENCES "MEMBER" ("MEM_NO") ENABLE;
--------------------------------------------------------
--  Ref Constraints for Table ISSUE_ASSIGNEE
--------------------------------------------------------

  ALTER TABLE "ISSUE_ASSIGNEE" ADD CONSTRAINT "ISSUE_ASSIGNEE_FK1" FOREIGN KEY ("MEM_NO")
	  REFERENCES "MEMBER" ("MEM_NO") ENABLE;
  ALTER TABLE "ISSUE_ASSIGNEE" ADD CONSTRAINT "ISSUE_ASSIGNEE_FK2" FOREIGN KEY ("ISSUE_SID")
	  REFERENCES "ISSUE" ("ISSUE_SID") ENABLE;
--------------------------------------------------------
--  Ref Constraints for Table ISSUE_HISTORY
--------------------------------------------------------

  ALTER TABLE "ISSUE_HISTORY" ADD CONSTRAINT "ISSUE_HISTORY_FK1" FOREIGN KEY ("ISSUE_SID")
	  REFERENCES "ISSUE" ("ISSUE_SID") ENABLE;
  ALTER TABLE "ISSUE_HISTORY" ADD CONSTRAINT "ISSUE_HISTORY_FK2" FOREIGN KEY ("MEM_NO")
	  REFERENCES "MEMBER" ("MEM_NO") ENABLE;
--------------------------------------------------------
--  Ref Constraints for Table KANBAN_CARD
--------------------------------------------------------

  ALTER TABLE "KANBAN_CARD" ADD CONSTRAINT "KANBAN_CARD_FK1" FOREIGN KEY ("MEM_NO")
	  REFERENCES "MEMBER" ("MEM_NO") ENABLE;
  ALTER TABLE "KANBAN_CARD" ADD CONSTRAINT "KANBAN_CARD_FK2" FOREIGN KEY ("KB_COL_NO")
	  REFERENCES "KANBAN_COL" ("KB_COL_NO") ENABLE;
  ALTER TABLE "KANBAN_CARD" ADD CONSTRAINT "KANBAN_CARD_FK3" FOREIGN KEY ("ISSUE_SID")
	  REFERENCES "ISSUE" ("ISSUE_SID") ENABLE;
  ALTER TABLE "KANBAN_CARD" ADD CONSTRAINT "KANBAN_CARD_FK4" FOREIGN KEY ("KB_CARD_PRIV_NO")
	  REFERENCES "KANBAN_CARD" ("KB_CARD_NO") ENABLE;
--------------------------------------------------------
--  Ref Constraints for Table KANBAN_COL
--------------------------------------------------------

  ALTER TABLE "KANBAN_COL" ADD CONSTRAINT "FK_KANBAN_COL_TO_KANBAN_COL" FOREIGN KEY ("KB_COL_PRIV_NO")
	  REFERENCES "KANBAN_COL" ("KB_COL_NO") ENABLE;
  ALTER TABLE "KANBAN_COL" ADD CONSTRAINT "FK_PROJECT_TO_KANBAN_COL" FOREIGN KEY ("PROJ_NO")
	  REFERENCES "PROJECT" ("PROJ_NO") ENABLE;
--------------------------------------------------------
--  Ref Constraints for Table LABEL
--------------------------------------------------------

  ALTER TABLE "LABEL" ADD CONSTRAINT "LABEL_FK1" FOREIGN KEY ("PROJ_NO")
	  REFERENCES "PROJECT" ("PROJ_NO") ENABLE;
--------------------------------------------------------
--  Ref Constraints for Table MEM_CHAT
--------------------------------------------------------

  ALTER TABLE "MEM_CHAT" ADD CONSTRAINT "MEM_CHAT_FK1" FOREIGN KEY ("MEM_NO")
	  REFERENCES "MEMBER" ("MEM_NO") ENABLE;
  ALTER TABLE "MEM_CHAT" ADD CONSTRAINT "MEM_CHAT_FK2" FOREIGN KEY ("CHATROOM_NO")
	  REFERENCES "CHAT_ROOM" ("CHATROOM_NO") ENABLE;
--------------------------------------------------------
--  Ref Constraints for Table MEM_ROLE
--------------------------------------------------------

  ALTER TABLE "MEM_ROLE" ADD CONSTRAINT "FK_PROJECT_TO_MEM_ROLE" FOREIGN KEY ("PROJ_NO")
	  REFERENCES "PROJECT" ("PROJ_NO") ENABLE;
--------------------------------------------------------
--  Ref Constraints for Table MENU
--------------------------------------------------------

  ALTER TABLE "MENU" ADD CONSTRAINT "MENUPARENT" FOREIGN KEY ("MENU_PARENT")
	  REFERENCES "MENU" ("MENU_NO") ENABLE;
--------------------------------------------------------
--  Ref Constraints for Table MILESTONE
--------------------------------------------------------

  ALTER TABLE "MILESTONE" ADD CONSTRAINT "MILESTONE_FK1" FOREIGN KEY ("PROJ_NO")
	  REFERENCES "PROJECT" ("PROJ_NO") ENABLE;
--------------------------------------------------------
--  Ref Constraints for Table NEWS
--------------------------------------------------------

  ALTER TABLE "NEWS" ADD CONSTRAINT "NEWS_FK1" FOREIGN KEY ("PROJ_NO")
	  REFERENCES "PROJECT" ("PROJ_NO") ENABLE;
  ALTER TABLE "NEWS" ADD CONSTRAINT "NEWS_FK2" FOREIGN KEY ("MEM_NO")
	  REFERENCES "MEMBER" ("MEM_NO") ENABLE;
--------------------------------------------------------
--  Ref Constraints for Table NEWS_COMMENT
--------------------------------------------------------

  ALTER TABLE "NEWS_COMMENT" ADD CONSTRAINT "NEWS_COMMENT_FK1" FOREIGN KEY ("NEWS_SID")
	  REFERENCES "NEWS" ("NEWS_SID") ON DELETE CASCADE ENABLE;
--------------------------------------------------------
--  Ref Constraints for Table PROJECT
--------------------------------------------------------

  ALTER TABLE "PROJECT" ADD CONSTRAINT "FK_MEMBER_TO_PROJECT" FOREIGN KEY ("MEM_NO")
	  REFERENCES "MEMBER" ("MEM_NO") ENABLE;
--------------------------------------------------------
--  Ref Constraints for Table PROJ_MEM
--------------------------------------------------------

  ALTER TABLE "PROJ_MEM" ADD CONSTRAINT "FK_MEMBER_TO_PROJ_MEM" FOREIGN KEY ("MEM_NO")
	  REFERENCES "MEMBER" ("MEM_NO") ENABLE;
  ALTER TABLE "PROJ_MEM" ADD CONSTRAINT "FK_MEM_ROLE_TO_PROJ_MEM" FOREIGN KEY ("MEM_ROLE_NO")
	  REFERENCES "MEM_ROLE" ("MEM_ROLE_NO") ENABLE;
  ALTER TABLE "PROJ_MEM" ADD CONSTRAINT "FK_PROJECT_TO_PROJ_MEM" FOREIGN KEY ("PROJ_NO")
	  REFERENCES "PROJECT" ("PROJ_NO") ENABLE;
