--------------------------------------------------------
--  File created - Tuesday-June-22-2021   
--------------------------------------------------------
--------------------------------------------------------
--  DDL for Sequence ALARM_SEQ
--------------------------------------------------------

   CREATE SEQUENCE  "ALARM_SEQ"  MINVALUE 1 MAXVALUE 9999999999999999999999999999 INCREMENT BY 1 START WITH 1 CACHE 20 NOORDER  NOCYCLE ;
--------------------------------------------------------
--  DDL for Sequence ATCH_FILE_NO_SEQ
--------------------------------------------------------

   CREATE SEQUENCE  "ATCH_FILE_NO_SEQ"  MINVALUE 1 MAXVALUE 9999999999999999999999999999 INCREMENT BY 1 START WITH 1 CACHE 20 NOORDER  NOCYCLE ;
--------------------------------------------------------
--  DDL for Sequence ATCH_FILE_SEQ
--------------------------------------------------------

   CREATE SEQUENCE  "ATCH_FILE_SEQ"  MINVALUE 1 MAXVALUE 9999999999999999999999999999 INCREMENT BY 1 START WITH 1 CACHE 20 NOORDER  NOCYCLE ;
--------------------------------------------------------
--  DDL for Sequence BASIC_ROLE_SEQ
--------------------------------------------------------

   CREATE SEQUENCE  "BASIC_ROLE_SEQ"  MINVALUE 1 MAXVALUE 9999999999999999999999999999 INCREMENT BY 1 START WITH 1 CACHE 20 NOORDER  NOCYCLE ;
--------------------------------------------------------
--  DDL for Sequence CHATROOM_SEQ
--------------------------------------------------------

   CREATE SEQUENCE  "CHATROOM_SEQ"  MINVALUE 1 MAXVALUE 9999999999999999999999999999 INCREMENT BY 1 START WITH 81 CACHE 20 NOORDER  NOCYCLE ;
--------------------------------------------------------
--  DDL for Sequence CHAT_SEQ
--------------------------------------------------------

   CREATE SEQUENCE  "CHAT_SEQ"  MINVALUE 1 MAXVALUE 9999999999999999999999999999 INCREMENT BY 1 START WITH 1 CACHE 20 NOORDER  NOCYCLE ;
--------------------------------------------------------
--  DDL for Sequence FAQ_SEQ
--------------------------------------------------------

   CREATE SEQUENCE  "FAQ_SEQ"  MINVALUE 1 MAXVALUE 9999999999999999999999999999 INCREMENT BY 1 START WITH 21 CACHE 20 NOORDER  NOCYCLE ;
--------------------------------------------------------
--  DDL for Sequence INQ_COM_SEQ
--------------------------------------------------------

   CREATE SEQUENCE  "INQ_COM_SEQ"  MINVALUE 1 MAXVALUE 9999999999999999999999999999 INCREMENT BY 1 START WITH 81 CACHE 20 NOORDER  NOCYCLE ;
--------------------------------------------------------
--  DDL for Sequence INQ_SEQ
--------------------------------------------------------

   CREATE SEQUENCE  "INQ_SEQ"  MINVALUE 1 MAXVALUE 9999999999999999999999999999 INCREMENT BY 1 START WITH 1 CACHE 20 NOORDER  NOCYCLE ;
--------------------------------------------------------
--  DDL for Sequence ISSUE_HIS_SEQ
--------------------------------------------------------

   CREATE SEQUENCE  "ISSUE_HIS_SEQ"  MINVALUE 1 MAXVALUE 9999999999999999999999999999 INCREMENT BY 1 START WITH 1 CACHE 20 NOORDER  NOCYCLE ;
--------------------------------------------------------
--  DDL for Sequence ISSUE_NO_SEQ
--------------------------------------------------------

   CREATE SEQUENCE  "ISSUE_NO_SEQ"  MINVALUE 1 MAXVALUE 9999999999999999999999999999 INCREMENT BY 1 START WITH 1 CACHE 20 NOORDER  NOCYCLE ;
--------------------------------------------------------
--  DDL for Sequence ISSUE_SID_SEQ
--------------------------------------------------------

   CREATE SEQUENCE  "ISSUE_SID_SEQ"  MINVALUE 1 MAXVALUE 9999999999999999999999999999 INCREMENT BY 1 START WITH 1 CACHE 20 NOORDER  NOCYCLE ;
--------------------------------------------------------
--  DDL for Sequence KANBAN_CARD_SEQ
--------------------------------------------------------

   CREATE SEQUENCE  "KANBAN_CARD_SEQ"  MINVALUE 1 MAXVALUE 9999999999999999999999999999 INCREMENT BY 1 START WITH 1 CACHE 20 NOORDER  NOCYCLE ;
--------------------------------------------------------
--  DDL for Sequence KANBAN_COLUMN_SEQ
--------------------------------------------------------

   CREATE SEQUENCE  "KANBAN_COLUMN_SEQ"  MINVALUE 1 MAXVALUE 9999999999999999999999999999 INCREMENT BY 1 START WITH 1 CACHE 20 NOORDER  NOCYCLE ;
--------------------------------------------------------
--  DDL for Sequence LABEL_SEQ
--------------------------------------------------------

   CREATE SEQUENCE  "LABEL_SEQ"  MINVALUE 1 MAXVALUE 9999999999999999999999999999 INCREMENT BY 1 START WITH 1 CACHE 20 NOORDER  NOCYCLE ;
--------------------------------------------------------
--  DDL for Sequence LOGGED_SEQ
--------------------------------------------------------

   CREATE SEQUENCE  "LOGGED_SEQ"  MINVALUE 1 MAXVALUE 9999999999999999999999999999 INCREMENT BY 1 START WITH 1 CACHE 20 NOORDER  NOCYCLE ;
--------------------------------------------------------
--  DDL for Sequence MEM_ROLE_SEQ
--------------------------------------------------------

   CREATE SEQUENCE  "MEM_ROLE_SEQ"  MINVALUE 1 MAXVALUE 9999999999999999999999999999 INCREMENT BY 1 START WITH 1 CACHE 20 NOORDER  NOCYCLE ;
--------------------------------------------------------
--  DDL for Sequence MEM_SEQ
--------------------------------------------------------

   CREATE SEQUENCE  "MEM_SEQ"  MINVALUE 1 MAXVALUE 9999999999999999999999999999 INCREMENT BY 1 START WITH 261 CACHE 20 NOORDER  NOCYCLE ;
--------------------------------------------------------
--  DDL for Sequence MILEST_SEQ
--------------------------------------------------------

   CREATE SEQUENCE  "MILEST_SEQ"  MINVALUE 1 MAXVALUE 9999999999999999999999999999 INCREMENT BY 1 START WITH 61 CACHE 20 NOORDER  NOCYCLE ;
--------------------------------------------------------
--  DDL for Sequence NEWS_COM_SEQ
--------------------------------------------------------

   CREATE SEQUENCE  "NEWS_COM_SEQ"  MINVALUE 1 MAXVALUE 9999999999999999999999999999 INCREMENT BY 1 START WITH 1 CACHE 20 NOORDER  NOCYCLE ;
--------------------------------------------------------
--  DDL for Sequence NEWS_SEQ
--------------------------------------------------------

   CREATE SEQUENCE  "NEWS_SEQ"  MINVALUE 1 MAXVALUE 9999999999999999999999999999 INCREMENT BY 1 START WITH 1 CACHE 20 NOORDER  NOCYCLE ;
--------------------------------------------------------
--  DDL for Sequence PAYMENT_SEQ
--------------------------------------------------------

   CREATE SEQUENCE  "PAYMENT_SEQ"  MINVALUE 1 MAXVALUE 9999999999999999999999999999 INCREMENT BY 1 START WITH 1 CACHE 20 NOORDER  NOCYCLE ;
--------------------------------------------------------
--  DDL for Sequence PAY_PLAN_SEQ
--------------------------------------------------------

   CREATE SEQUENCE  "PAY_PLAN_SEQ"  MINVALUE 1 MAXVALUE 9999999999999999999999999999 INCREMENT BY 1 START WITH 1 CACHE 20 NOORDER  NOCYCLE ;
--------------------------------------------------------
--  DDL for Sequence PROJ_MEM_SEQ
--------------------------------------------------------

   CREATE SEQUENCE  "PROJ_MEM_SEQ"  MINVALUE 1 MAXVALUE 9999999999999999999999999999 INCREMENT BY 1 START WITH 1 CACHE 20 NOORDER  NOCYCLE ;
--------------------------------------------------------
--  DDL for Sequence PROJ_SEQ
--------------------------------------------------------

   CREATE SEQUENCE  "PROJ_SEQ"  MINVALUE 1 MAXVALUE 9999999999999999999999999999 INCREMENT BY 1 START WITH 181 CACHE 20 NOORDER  NOCYCLE ;
--------------------------------------------------------
--  DDL for Sequence PROPTIS_SEQ
--------------------------------------------------------

   CREATE SEQUENCE  "PROPTIS_SEQ"  MINVALUE 1 MAXVALUE 9999999999999999999999999999 INCREMENT BY 1 START WITH 1 CACHE 20 NOORDER  NOCYCLE ;
--------------------------------------------------------
--  DDL for Sequence REFUND_POL_SEQ
--------------------------------------------------------

   CREATE SEQUENCE  "REFUND_POL_SEQ"  MINVALUE 1 MAXVALUE 9999999999999999999999999999 INCREMENT BY 1 START WITH 1 CACHE 20 NOORDER  NOCYCLE ;
--------------------------------------------------------
--  DDL for Sequence REFUND_SEQ
--------------------------------------------------------

   CREATE SEQUENCE  "REFUND_SEQ"  MINVALUE 1 MAXVALUE 9999999999999999999999999999 INCREMENT BY 1 START WITH 1 CACHE 20 NOORDER  NOCYCLE ;
--------------------------------------------------------
--  DDL for Sequence REPO_SEQ
--------------------------------------------------------

   CREATE SEQUENCE  "REPO_SEQ"  MINVALUE 1 MAXVALUE 9999999999999999999999999999 INCREMENT BY 1 START WITH 1 CACHE 20 NOORDER  NOCYCLE ;
--------------------------------------------------------
--  DDL for Sequence WIKI_MODI_SEQ
--------------------------------------------------------

   CREATE SEQUENCE  "WIKI_MODI_SEQ"  MINVALUE 1 MAXVALUE 9999999999999999999999999999 INCREMENT BY 1 START WITH 1 CACHE 20 NOORDER  NOCYCLE ;
--------------------------------------------------------
--  DDL for Sequence WIKI_SEQ
--------------------------------------------------------

   CREATE SEQUENCE  "WIKI_SEQ"  MINVALUE 1 MAXVALUE 9999999999999999999999999999 INCREMENT BY 1 START WITH 1 CACHE 20 NOORDER  NOCYCLE ;
--------------------------------------------------------
--  DDL for Table ALARM
--------------------------------------------------------

  CREATE TABLE "ALARM" 
   (	"ALARM_NO" NUMBER, 
	"MEM_NO" NUMBER, 
	"ALARM_CONT" VARCHAR2(4000 BYTE), 
	"ALARM_CREATE_DATE" DATE, 
	"ALARM_CHK_DATE" DATE, 
	"ALARM_TYPE" VARCHAR2(50 BYTE), 
	"SENDER_NO" NUMBER
   ) SEGMENT CREATION IMMEDIATE 
  PCTFREE 10 PCTUSED 40 INITRANS 1 MAXTRANS 255 NOCOMPRESS LOGGING
  STORAGE(INITIAL 65536 NEXT 1048576 MINEXTENTS 1 MAXEXTENTS 2147483645
  PCTINCREASE 0 FREELISTS 1 FREELIST GROUPS 1 BUFFER_POOL DEFAULT FLASH_CACHE DEFAULT CELL_FLASH_CACHE DEFAULT);

   COMMENT ON COLUMN "ALARM"."ALARM_NO" IS '알림 번호';
   COMMENT ON COLUMN "ALARM"."MEM_NO" IS '알림 받는 회원 번호';
   COMMENT ON COLUMN "ALARM"."ALARM_CONT" IS '알림 내용';
   COMMENT ON COLUMN "ALARM"."ALARM_CREATE_DATE" IS '알림 생성 시간';
   COMMENT ON COLUMN "ALARM"."ALARM_CHK_DATE" IS '알림 확인 일자';
   COMMENT ON COLUMN "ALARM"."ALARM_TYPE" IS '알림 유형';
   COMMENT ON COLUMN "ALARM"."SENDER_NO" IS '알람 유발자
';
   COMMENT ON TABLE "ALARM"  IS '알림';
--------------------------------------------------------
--  DDL for Table ATTACH_FILE
--------------------------------------------------------

  CREATE TABLE "ATTACH_FILE" 
   (	"ATCH_FILE_SID" NUMBER, 
	"ATCH_FILE_NO" NUMBER, 
	"MEM_NO" NUMBER, 
	"FILE_NM" VARCHAR2(200 BYTE), 
	"FILE_DOWN_CNT" NUMBER, 
	"FILE_SIZE" NUMBER, 
	"FILE_PATH" VARCHAR2(500 BYTE), 
	"REG_DATE" DATE, 
	"SAVE_FILE_NM" VARCHAR2(200 BYTE), 
	"UPD_DATE" DATE, 
	"UPD_MEM_NO" VARCHAR2(200 BYTE), 
	"BIZ_TYPE" VARCHAR2(200 BYTE), 
	"FILE_CONT_TYPE" VARCHAR2(200 BYTE)
   ) SEGMENT CREATION IMMEDIATE 
  PCTFREE 10 PCTUSED 40 INITRANS 1 MAXTRANS 255 NOCOMPRESS LOGGING
  STORAGE(INITIAL 65536 NEXT 1048576 MINEXTENTS 1 MAXEXTENTS 2147483645
  PCTINCREASE 0 FREELISTS 1 FREELIST GROUPS 1 BUFFER_POOL DEFAULT FLASH_CACHE DEFAULT CELL_FLASH_CACHE DEFAULT);

   COMMENT ON COLUMN "ATTACH_FILE"."ATCH_FILE_SID" IS '통합 첨부파일 고유 번호';
   COMMENT ON COLUMN "ATTACH_FILE"."ATCH_FILE_NO" IS '첨부파일 순번';
   COMMENT ON COLUMN "ATTACH_FILE"."MEM_NO" IS '첨부파일 작성 회원 번호';
   COMMENT ON COLUMN "ATTACH_FILE"."FILE_NM" IS '파일 이름';
   COMMENT ON COLUMN "ATTACH_FILE"."FILE_DOWN_CNT" IS '다운 횟수';
   COMMENT ON COLUMN "ATTACH_FILE"."FILE_SIZE" IS '파일 크기';
   COMMENT ON COLUMN "ATTACH_FILE"."FILE_PATH" IS '파일 경로';
   COMMENT ON COLUMN "ATTACH_FILE"."REG_DATE" IS '등록 일자';
   COMMENT ON COLUMN "ATTACH_FILE"."SAVE_FILE_NM" IS '저장 파일 이름';
   COMMENT ON COLUMN "ATTACH_FILE"."UPD_DATE" IS '수정 일자';
   COMMENT ON COLUMN "ATTACH_FILE"."UPD_MEM_NO" IS '수정자 회원 번호';
   COMMENT ON COLUMN "ATTACH_FILE"."BIZ_TYPE" IS '업무 구분';
   COMMENT ON COLUMN "ATTACH_FILE"."FILE_CONT_TYPE" IS '파일 유형';
   COMMENT ON TABLE "ATTACH_FILE"  IS '통합 첨부 파일';
--------------------------------------------------------
--  DDL for Table AUTH_CODE
--------------------------------------------------------

  CREATE TABLE "AUTH_CODE" 
   (	"AUTH_GRP_CODE" VARCHAR2(50 BYTE), 
	"AUTH_GRP_NM" VARCHAR2(200 BYTE), 
	"AUTH_GRP_DESC" VARCHAR2(500 BYTE)
   ) SEGMENT CREATION IMMEDIATE 
  PCTFREE 10 PCTUSED 40 INITRANS 1 MAXTRANS 255 NOCOMPRESS LOGGING
  STORAGE(INITIAL 65536 NEXT 1048576 MINEXTENTS 1 MAXEXTENTS 2147483645
  PCTINCREASE 0 FREELISTS 1 FREELIST GROUPS 1 BUFFER_POOL DEFAULT FLASH_CACHE DEFAULT CELL_FLASH_CACHE DEFAULT);

   COMMENT ON COLUMN "AUTH_CODE"."AUTH_GRP_CODE" IS '권한 그룹 코드';
   COMMENT ON COLUMN "AUTH_CODE"."AUTH_GRP_NM" IS '권한 그룹 이름';
   COMMENT ON COLUMN "AUTH_CODE"."AUTH_GRP_DESC" IS '권한 그룹 설명';
   COMMENT ON TABLE "AUTH_CODE"  IS '권한 그룹';
--------------------------------------------------------
--  DDL for Table CHAT_ROOM
--------------------------------------------------------

  CREATE TABLE "CHAT_ROOM" 
   (	"CHATROOM_NO" NUMBER, 
	"CHATROOM_TITLE" VARCHAR2(200 BYTE), 
	"CHATROOM_CREATE_DATE" DATE, 
	"CHATROOM_ALARM" CHAR(1 BYTE)
   ) SEGMENT CREATION IMMEDIATE 
  PCTFREE 10 PCTUSED 40 INITRANS 1 MAXTRANS 255 NOCOMPRESS LOGGING
  STORAGE(INITIAL 65536 NEXT 1048576 MINEXTENTS 1 MAXEXTENTS 2147483645
  PCTINCREASE 0 FREELISTS 1 FREELIST GROUPS 1 BUFFER_POOL DEFAULT FLASH_CACHE DEFAULT CELL_FLASH_CACHE DEFAULT);

   COMMENT ON COLUMN "CHAT_ROOM"."CHATROOM_NO" IS '채팅방 번호';
   COMMENT ON COLUMN "CHAT_ROOM"."CHATROOM_TITLE" IS '채팅방 제목';
   COMMENT ON COLUMN "CHAT_ROOM"."CHATROOM_CREATE_DATE" IS '채팅방 공개 여부';
   COMMENT ON COLUMN "CHAT_ROOM"."CHATROOM_ALARM" IS '채팅방 알람 여부';
   COMMENT ON TABLE "CHAT_ROOM"  IS '채팅방';
--------------------------------------------------------
--  DDL for Table COM_CODE
--------------------------------------------------------

  CREATE TABLE "COM_CODE" 
   (	"COM_CODE_GRP" VARCHAR2(50 BYTE), 
	"COM_CODE" VARCHAR2(50 BYTE), 
	"COM_CODE_NM" VARCHAR2(200 BYTE), 
	"COM_CODE_DESC" VARCHAR2(400 BYTE), 
	"USE_YN" CHAR(1 BYTE)
   ) SEGMENT CREATION IMMEDIATE 
  PCTFREE 10 PCTUSED 40 INITRANS 1 MAXTRANS 255 NOCOMPRESS LOGGING
  STORAGE(INITIAL 65536 NEXT 1048576 MINEXTENTS 1 MAXEXTENTS 2147483645
  PCTINCREASE 0 FREELISTS 1 FREELIST GROUPS 1 BUFFER_POOL DEFAULT FLASH_CACHE DEFAULT CELL_FLASH_CACHE DEFAULT);

   COMMENT ON COLUMN "COM_CODE"."COM_CODE_GRP" IS '공통 코드 그룹';
   COMMENT ON COLUMN "COM_CODE"."COM_CODE" IS '공통 코드';
   COMMENT ON COLUMN "COM_CODE"."COM_CODE_NM" IS '공통 코드 이름';
   COMMENT ON COLUMN "COM_CODE"."COM_CODE_DESC" IS '공통 코드 설명';
   COMMENT ON COLUMN "COM_CODE"."USE_YN" IS '사용 여부';
   COMMENT ON TABLE "COM_CODE"  IS '공통 코드';
--------------------------------------------------------
--  DDL for Table COM_CODE_GRP
--------------------------------------------------------

  CREATE TABLE "COM_CODE_GRP" 
   (	"COM_CODE_GRP" VARCHAR2(50 BYTE), 
	"COM_CODE_GRP_NM" VARCHAR2(200 BYTE), 
	"CODE_GRP_DESC" VARCHAR2(500 BYTE), 
	"USE_YN" CHAR(1 BYTE)
   ) SEGMENT CREATION IMMEDIATE 
  PCTFREE 10 PCTUSED 40 INITRANS 1 MAXTRANS 255 NOCOMPRESS LOGGING
  STORAGE(INITIAL 65536 NEXT 1048576 MINEXTENTS 1 MAXEXTENTS 2147483645
  PCTINCREASE 0 FREELISTS 1 FREELIST GROUPS 1 BUFFER_POOL DEFAULT FLASH_CACHE DEFAULT CELL_FLASH_CACHE DEFAULT);

   COMMENT ON COLUMN "COM_CODE_GRP"."COM_CODE_GRP" IS '공통 코드 그룹';
   COMMENT ON COLUMN "COM_CODE_GRP"."COM_CODE_GRP_NM" IS '코드 그룹 이름';
   COMMENT ON COLUMN "COM_CODE_GRP"."CODE_GRP_DESC" IS '코드 그룹 설명';
   COMMENT ON COLUMN "COM_CODE_GRP"."USE_YN" IS '사용 여부';
   COMMENT ON TABLE "COM_CODE_GRP"  IS '공통 코드 그룹';
--------------------------------------------------------
--  DDL for Table FAQ
--------------------------------------------------------

  CREATE TABLE "FAQ" 
   (	"FAQ_NO" NUMBER, 
	"FAQ_QES" VARCHAR2(4000 BYTE), 
	"FAQ_ANS" VARCHAR2(4000 BYTE), 
	"FAQ_DATE" DATE, 
	"FAQ_PUBLIC_YN" CHAR(1 BYTE), 
	"FAQ_COUNT" NUMBER, 
	"FAQ_TYPE" VARCHAR2(50 BYTE)
   ) SEGMENT CREATION IMMEDIATE 
  PCTFREE 10 PCTUSED 40 INITRANS 1 MAXTRANS 255 NOCOMPRESS LOGGING
  STORAGE(INITIAL 65536 NEXT 1048576 MINEXTENTS 1 MAXEXTENTS 2147483645
  PCTINCREASE 0 FREELISTS 1 FREELIST GROUPS 1 BUFFER_POOL DEFAULT FLASH_CACHE DEFAULT CELL_FLASH_CACHE DEFAULT);

   COMMENT ON COLUMN "FAQ"."FAQ_NO" IS '문의 번호';
   COMMENT ON COLUMN "FAQ"."FAQ_QES" IS '질문';
   COMMENT ON COLUMN "FAQ"."FAQ_ANS" IS '답변';
   COMMENT ON COLUMN "FAQ"."FAQ_DATE" IS '작성일';
   COMMENT ON COLUMN "FAQ"."FAQ_PUBLIC_YN" IS '공개 여부';
   COMMENT ON COLUMN "FAQ"."FAQ_COUNT" IS '조회수';
   COMMENT ON COLUMN "FAQ"."FAQ_TYPE" IS '문의 유형';
   COMMENT ON TABLE "FAQ"  IS 'FAQ';
--------------------------------------------------------
--  DDL for Table FORBIDDEN_PROJ_TITLE
--------------------------------------------------------

  CREATE TABLE "FORBIDDEN_PROJ_TITLE" 
   (	"FORBIDDEN_PROJ_TITLE" VARCHAR2(200 BYTE), 
	"REASON" VARCHAR2(100 BYTE)
   ) SEGMENT CREATION IMMEDIATE 
  PCTFREE 10 PCTUSED 40 INITRANS 1 MAXTRANS 255 NOCOMPRESS LOGGING
  STORAGE(INITIAL 65536 NEXT 1048576 MINEXTENTS 1 MAXEXTENTS 2147483645
  PCTINCREASE 0 FREELISTS 1 FREELIST GROUPS 1 BUFFER_POOL DEFAULT FLASH_CACHE DEFAULT CELL_FLASH_CACHE DEFAULT);
--------------------------------------------------------
--  DDL for Table INQUIRY
--------------------------------------------------------

  CREATE TABLE "INQUIRY" 
   (	"INQ_NO" NUMBER, 
	"MEM_NO" NUMBER, 
	"INQ_CONT" VARCHAR2(4000 BYTE), 
	"INQ_DATE" DATE, 
	"INQ_STATUS_YN" CHAR(1 BYTE), 
	"ATCH_FILE_SID" NUMBER
   ) SEGMENT CREATION IMMEDIATE 
  PCTFREE 10 PCTUSED 40 INITRANS 1 MAXTRANS 255 NOCOMPRESS LOGGING
  STORAGE(INITIAL 65536 NEXT 1048576 MINEXTENTS 1 MAXEXTENTS 2147483645
  PCTINCREASE 0 FREELISTS 1 FREELIST GROUPS 1 BUFFER_POOL DEFAULT FLASH_CACHE DEFAULT CELL_FLASH_CACHE DEFAULT);

   COMMENT ON COLUMN "INQUIRY"."INQ_NO" IS '일대일 문의 번호';
   COMMENT ON COLUMN "INQUIRY"."MEM_NO" IS '일대일 문의 회원 번호';
   COMMENT ON COLUMN "INQUIRY"."INQ_CONT" IS '문의 내용';
   COMMENT ON COLUMN "INQUIRY"."INQ_DATE" IS '문의 일자';
   COMMENT ON COLUMN "INQUIRY"."INQ_STATUS_YN" IS '문의 상태';
   COMMENT ON COLUMN "INQUIRY"."ATCH_FILE_SID" IS '통합 첨부파일 고유 번호';
   COMMENT ON TABLE "INQUIRY"  IS '일대일문의';
--------------------------------------------------------
--  DDL for Table INQUIRY_COMMENT
--------------------------------------------------------

  CREATE TABLE "INQUIRY_COMMENT" 
   (	"INQ_COM_NO" NUMBER, 
	"INQ_NO" NUMBER, 
	"PROV_ID" VARCHAR2(200 BYTE), 
	"INQ_COM_CONT" VARCHAR2(4000 BYTE), 
	"INQ_COM_DATE" DATE, 
	"ATCH_FILE_SID" NUMBER
   ) SEGMENT CREATION IMMEDIATE 
  PCTFREE 10 PCTUSED 40 INITRANS 1 MAXTRANS 255 NOCOMPRESS LOGGING
  STORAGE(INITIAL 65536 NEXT 1048576 MINEXTENTS 1 MAXEXTENTS 2147483645
  PCTINCREASE 0 FREELISTS 1 FREELIST GROUPS 1 BUFFER_POOL DEFAULT FLASH_CACHE DEFAULT CELL_FLASH_CACHE DEFAULT);

   COMMENT ON COLUMN "INQUIRY_COMMENT"."INQ_COM_NO" IS '문의 댓글 번호';
   COMMENT ON COLUMN "INQUIRY_COMMENT"."INQ_NO" IS '일대일 문의 번호';
   COMMENT ON COLUMN "INQUIRY_COMMENT"."PROV_ID" IS '운영자 아이디';
   COMMENT ON COLUMN "INQUIRY_COMMENT"."INQ_COM_CONT" IS '댓글 내용';
   COMMENT ON COLUMN "INQUIRY_COMMENT"."INQ_COM_DATE" IS '댓글 작성 일자';
   COMMENT ON COLUMN "INQUIRY_COMMENT"."ATCH_FILE_SID" IS '통합 첨부파일 고유 번호';
   COMMENT ON TABLE "INQUIRY_COMMENT"  IS '일대일문의 댓글';
--------------------------------------------------------
--  DDL for Table ISSUE
--------------------------------------------------------

  CREATE TABLE "ISSUE" 
   (	"ISSUE_SID" NUMBER, 
	"ISSUE_NO" NUMBER, 
	"MEM_NO" NUMBER, 
	"LABEL_NO" NUMBER, 
	"MILEST_SID" NUMBER, 
	"PROJ_NO" NUMBER, 
	"ISSUE_TITLE" VARCHAR2(200 BYTE), 
	"ISSUE_CREATE_DATE" DATE, 
	"ISSUE_START_DATE" DATE, 
	"ISSUE_END_DATE" DATE, 
	"ISSUE_STATUS" CHAR(1 BYTE) DEFAULT 0, 
	"ISSUE_PRIORITY" NUMBER, 
	"PROGRESS" NUMBER DEFAULT 0
   ) SEGMENT CREATION IMMEDIATE 
  PCTFREE 10 PCTUSED 40 INITRANS 1 MAXTRANS 255 NOCOMPRESS LOGGING
  STORAGE(INITIAL 65536 NEXT 1048576 MINEXTENTS 1 MAXEXTENTS 2147483645
  PCTINCREASE 0 FREELISTS 1 FREELIST GROUPS 1 BUFFER_POOL DEFAULT FLASH_CACHE DEFAULT CELL_FLASH_CACHE DEFAULT);

   COMMENT ON COLUMN "ISSUE"."ISSUE_SID" IS '이슈 고유 번호';
   COMMENT ON COLUMN "ISSUE"."ISSUE_NO" IS '이슈 번호';
   COMMENT ON COLUMN "ISSUE"."MEM_NO" IS '이슈 작성자 번호';
   COMMENT ON COLUMN "ISSUE"."LABEL_NO" IS '라벨 번호';
   COMMENT ON COLUMN "ISSUE"."MILEST_SID" IS '마일스톤 고유 번호';
   COMMENT ON COLUMN "ISSUE"."PROJ_NO" IS '프로젝트 번호';
   COMMENT ON COLUMN "ISSUE"."ISSUE_TITLE" IS '이슈 제목';
   COMMENT ON COLUMN "ISSUE"."ISSUE_CREATE_DATE" IS '이슈 작성 일자';
   COMMENT ON COLUMN "ISSUE"."ISSUE_START_DATE" IS '이슈 시작 일자';
   COMMENT ON COLUMN "ISSUE"."ISSUE_END_DATE" IS '이슈 종료 일자';
   COMMENT ON COLUMN "ISSUE"."ISSUE_STATUS" IS '이슈 상태';
   COMMENT ON COLUMN "ISSUE"."ISSUE_PRIORITY" IS '이슈 중요도';
   COMMENT ON COLUMN "ISSUE"."PROGRESS" IS '진척도';
   COMMENT ON TABLE "ISSUE"  IS '이슈';
--------------------------------------------------------
--  DDL for Table ISSUE_ASSIGNEE
--------------------------------------------------------

  CREATE TABLE "ISSUE_ASSIGNEE" 
   (	"MEM_NO" NUMBER, 
	"ISSUE_SID" NUMBER
   ) SEGMENT CREATION IMMEDIATE 
  PCTFREE 10 PCTUSED 40 INITRANS 1 MAXTRANS 255 NOCOMPRESS LOGGING
  STORAGE(INITIAL 65536 NEXT 1048576 MINEXTENTS 1 MAXEXTENTS 2147483645
  PCTINCREASE 0 FREELISTS 1 FREELIST GROUPS 1 BUFFER_POOL DEFAULT FLASH_CACHE DEFAULT CELL_FLASH_CACHE DEFAULT);

   COMMENT ON COLUMN "ISSUE_ASSIGNEE"."MEM_NO" IS '이슈 담당자 번호';
   COMMENT ON COLUMN "ISSUE_ASSIGNEE"."ISSUE_SID" IS '이슈 고유 번호';
   COMMENT ON TABLE "ISSUE_ASSIGNEE"  IS '이슈 담당자';
--------------------------------------------------------
--  DDL for Table ISSUE_HISTORY
--------------------------------------------------------

  CREATE TABLE "ISSUE_HISTORY" 
   (	"ISSUE_HIS_NO" NUMBER, 
	"ISSUE_SID" NUMBER, 
	"MEM_NO" NUMBER, 
	"ISSUE_HIS_CONT" VARCHAR2(4000 BYTE), 
	"ISSUE_HIS_DATE" DATE, 
	"ISSUE_HIS_TYPE" VARCHAR2(50 BYTE), 
	"ATCH_FILE_SID" NUMBER
   ) SEGMENT CREATION IMMEDIATE 
  PCTFREE 10 PCTUSED 40 INITRANS 1 MAXTRANS 255 NOCOMPRESS LOGGING
  STORAGE(INITIAL 65536 NEXT 1048576 MINEXTENTS 1 MAXEXTENTS 2147483645
  PCTINCREASE 0 FREELISTS 1 FREELIST GROUPS 1 BUFFER_POOL DEFAULT FLASH_CACHE DEFAULT CELL_FLASH_CACHE DEFAULT);

   COMMENT ON COLUMN "ISSUE_HISTORY"."ISSUE_HIS_NO" IS '이슈 히스토리 번호';
   COMMENT ON COLUMN "ISSUE_HISTORY"."ISSUE_SID" IS '이슈 고유 번호';
   COMMENT ON COLUMN "ISSUE_HISTORY"."MEM_NO" IS '이슈 히스토리 작성 회원 번호';
   COMMENT ON COLUMN "ISSUE_HISTORY"."ISSUE_HIS_CONT" IS '이슈 히스토리 내용';
   COMMENT ON COLUMN "ISSUE_HISTORY"."ISSUE_HIS_DATE" IS '이슈 히스토리 작성일자';
   COMMENT ON COLUMN "ISSUE_HISTORY"."ISSUE_HIS_TYPE" IS '이슈 히스토리 유형';
   COMMENT ON COLUMN "ISSUE_HISTORY"."ATCH_FILE_SID" IS '통합 첨부파일 고유 번호';
   COMMENT ON TABLE "ISSUE_HISTORY"  IS '이슈 히스토리';
--------------------------------------------------------
--  DDL for Table KANBAN_CARD
--------------------------------------------------------

  CREATE TABLE "KANBAN_CARD" 
   (	"KB_CARD_NO" NUMBER, 
	"KB_CARD_PRIV_NO" NUMBER, 
	"MEM_NO" NUMBER, 
	"KB_COL_NO" NUMBER, 
	"ISSUE_SID" NUMBER, 
	"KB_CARD_CONT" VARCHAR2(4000 BYTE), 
	"KB_CARD_WRITE_DATE" DATE
   ) SEGMENT CREATION IMMEDIATE 
  PCTFREE 10 PCTUSED 40 INITRANS 1 MAXTRANS 255 NOCOMPRESS LOGGING
  STORAGE(INITIAL 65536 NEXT 1048576 MINEXTENTS 1 MAXEXTENTS 2147483645
  PCTINCREASE 0 FREELISTS 1 FREELIST GROUPS 1 BUFFER_POOL DEFAULT FLASH_CACHE DEFAULT CELL_FLASH_CACHE DEFAULT);

   COMMENT ON COLUMN "KANBAN_CARD"."KB_CARD_NO" IS '칸반 카드 번호';
   COMMENT ON COLUMN "KANBAN_CARD"."KB_CARD_PRIV_NO" IS '이전 칸반 카드 번호';
   COMMENT ON COLUMN "KANBAN_CARD"."MEM_NO" IS '칸반 카드 작성 회원 번호';
   COMMENT ON COLUMN "KANBAN_CARD"."KB_COL_NO" IS '칸반 컬럼 번호';
   COMMENT ON COLUMN "KANBAN_CARD"."ISSUE_SID" IS '이슈 고유 번호';
   COMMENT ON COLUMN "KANBAN_CARD"."KB_CARD_CONT" IS '칸반 카드 내용';
   COMMENT ON COLUMN "KANBAN_CARD"."KB_CARD_WRITE_DATE" IS '칸반카드 등록 일자';
   COMMENT ON TABLE "KANBAN_CARD"  IS '칸반 카드';
--------------------------------------------------------
--  DDL for Table KANBAN_COL
--------------------------------------------------------

  CREATE TABLE "KANBAN_COL" 
   (	"KB_COL_NO" NUMBER, 
	"KB_COL_PRIV_NO" NUMBER, 
	"PROJ_NO" NUMBER, 
	"KB_COL_NM" VARCHAR2(500 BYTE)
   ) SEGMENT CREATION IMMEDIATE 
  PCTFREE 10 PCTUSED 40 INITRANS 1 MAXTRANS 255 NOCOMPRESS LOGGING
  STORAGE(INITIAL 65536 NEXT 1048576 MINEXTENTS 1 MAXEXTENTS 2147483645
  PCTINCREASE 0 FREELISTS 1 FREELIST GROUPS 1 BUFFER_POOL DEFAULT FLASH_CACHE DEFAULT CELL_FLASH_CACHE DEFAULT);

   COMMENT ON COLUMN "KANBAN_COL"."KB_COL_NO" IS '칸반 컬럼 번호';
   COMMENT ON COLUMN "KANBAN_COL"."KB_COL_PRIV_NO" IS '이전 칸반 컬럼 번호';
   COMMENT ON COLUMN "KANBAN_COL"."PROJ_NO" IS '프로젝트 번호';
   COMMENT ON COLUMN "KANBAN_COL"."KB_COL_NM" IS '칸반 컬럼 이름';
   COMMENT ON TABLE "KANBAN_COL"  IS '칸반 컬럼';
--------------------------------------------------------
--  DDL for Table LABEL
--------------------------------------------------------

  CREATE TABLE "LABEL" 
   (	"LABEL_NO" NUMBER, 
	"PROJ_NO" NUMBER, 
	"LABEL_NM" VARCHAR2(200 BYTE), 
	"LABEL_ICON" VARCHAR2(200 BYTE) DEFAULT 'icon-info', 
	"LABEL_COLOR" VARCHAR2(50 BYTE) DEFAULT '#FFFFFF'
   ) SEGMENT CREATION IMMEDIATE 
  PCTFREE 10 PCTUSED 40 INITRANS 1 MAXTRANS 255 NOCOMPRESS LOGGING
  STORAGE(INITIAL 65536 NEXT 1048576 MINEXTENTS 1 MAXEXTENTS 2147483645
  PCTINCREASE 0 FREELISTS 1 FREELIST GROUPS 1 BUFFER_POOL DEFAULT FLASH_CACHE DEFAULT CELL_FLASH_CACHE DEFAULT);

   COMMENT ON COLUMN "LABEL"."LABEL_NO" IS '라벨 번호';
   COMMENT ON COLUMN "LABEL"."PROJ_NO" IS '프로젝트 번호';
   COMMENT ON COLUMN "LABEL"."LABEL_NM" IS '라벨 이름';
   COMMENT ON COLUMN "LABEL"."LABEL_ICON" IS '라벨 아이콘
';
   COMMENT ON TABLE "LABEL"  IS '라벨';
--------------------------------------------------------
--  DDL for Table MEMBER
--------------------------------------------------------

  CREATE TABLE "MEMBER" 
   (	"MEM_NO" NUMBER, 
	"MEM_ID" VARCHAR2(200 BYTE), 
	"MEM_PASS" VARCHAR2(1000 BYTE), 
	"MEM_NICK" VARCHAR2(200 BYTE), 
	"MEM_TEL" VARCHAR2(100 BYTE), 
	"MEM_PIC_FILE_NAME" VARCHAR2(200 BYTE) DEFAULT NULL, 
	"MEM_SIGN_DATE" DATE, 
	"MEM_QUIT_DATE" DATE, 
	"MEM_NM" VARCHAR2(200 BYTE), 
	"MEM_BIO" VARCHAR2(4000 BYTE), 
	"MEM_WORKING_CITY" VARCHAR2(200 BYTE), 
	"MEM_STATUS" VARCHAR2(50 BYTE) DEFAULT 'ON'
   ) SEGMENT CREATION IMMEDIATE 
  PCTFREE 10 PCTUSED 40 INITRANS 1 MAXTRANS 255 NOCOMPRESS LOGGING
  STORAGE(INITIAL 65536 NEXT 1048576 MINEXTENTS 1 MAXEXTENTS 2147483645
  PCTINCREASE 0 FREELISTS 1 FREELIST GROUPS 1 BUFFER_POOL DEFAULT FLASH_CACHE DEFAULT CELL_FLASH_CACHE DEFAULT);

   COMMENT ON COLUMN "MEMBER"."MEM_NO" IS '회원 번호';
   COMMENT ON COLUMN "MEMBER"."MEM_ID" IS '회원 아이디(이메일)';
   COMMENT ON COLUMN "MEMBER"."MEM_PASS" IS '회원 비밀번호';
   COMMENT ON COLUMN "MEMBER"."MEM_NICK" IS '회원 닉네임';
   COMMENT ON COLUMN "MEMBER"."MEM_TEL" IS '회원 전화번호';
   COMMENT ON COLUMN "MEMBER"."MEM_PIC_FILE_NAME" IS '회원 프로필 파일 이름';
   COMMENT ON COLUMN "MEMBER"."MEM_SIGN_DATE" IS '회원 가입 일자';
   COMMENT ON COLUMN "MEMBER"."MEM_QUIT_DATE" IS '회원 탈퇴 일자';
   COMMENT ON COLUMN "MEMBER"."MEM_NM" IS '회원 이름';
   COMMENT ON COLUMN "MEMBER"."MEM_BIO" IS '회원 자기소개 내용';
   COMMENT ON COLUMN "MEMBER"."MEM_WORKING_CITY" IS '회원 근무 도시';
   COMMENT ON COLUMN "MEMBER"."MEM_STATUS" IS '회원 상태';
   COMMENT ON TABLE "MEMBER"  IS '회원';
--------------------------------------------------------
--  DDL for Table MEM_CHAT
--------------------------------------------------------

  CREATE TABLE "MEM_CHAT" 
   (	"MEM_NO" NUMBER, 
	"CHATROOM_NO" NUMBER
   ) SEGMENT CREATION IMMEDIATE 
  PCTFREE 10 PCTUSED 40 INITRANS 1 MAXTRANS 255 NOCOMPRESS LOGGING
  STORAGE(INITIAL 65536 NEXT 1048576 MINEXTENTS 1 MAXEXTENTS 2147483645
  PCTINCREASE 0 FREELISTS 1 FREELIST GROUPS 1 BUFFER_POOL DEFAULT FLASH_CACHE DEFAULT CELL_FLASH_CACHE DEFAULT);

   COMMENT ON COLUMN "MEM_CHAT"."MEM_NO" IS '채팅 참여 회원 번호';
   COMMENT ON COLUMN "MEM_CHAT"."CHATROOM_NO" IS '채팅방 번호';
   COMMENT ON TABLE "MEM_CHAT"  IS '채팅 참여 멤버';
--------------------------------------------------------
--  DDL for Table MEM_ROLE
--------------------------------------------------------

  CREATE TABLE "MEM_ROLE" 
   (	"MEM_ROLE_NO" NUMBER, 
	"PROJ_NO" NUMBER, 
	"MEM_ROLE_NM" VARCHAR2(200 BYTE), 
	"AUTHORITY" NUMBER DEFAULT 4095
   ) SEGMENT CREATION IMMEDIATE 
  PCTFREE 10 PCTUSED 40 INITRANS 1 MAXTRANS 255 NOCOMPRESS LOGGING
  STORAGE(INITIAL 65536 NEXT 1048576 MINEXTENTS 1 MAXEXTENTS 2147483645
  PCTINCREASE 0 FREELISTS 1 FREELIST GROUPS 1 BUFFER_POOL DEFAULT FLASH_CACHE DEFAULT CELL_FLASH_CACHE DEFAULT);

   COMMENT ON COLUMN "MEM_ROLE"."MEM_ROLE_NO" IS '멤버 역할 번호';
   COMMENT ON COLUMN "MEM_ROLE"."PROJ_NO" IS '프로젝트 번호';
   COMMENT ON COLUMN "MEM_ROLE"."MEM_ROLE_NM" IS '멤버 역할 이름';
   COMMENT ON COLUMN "MEM_ROLE"."AUTHORITY" IS '권한';
   COMMENT ON TABLE "MEM_ROLE"  IS '멤버 역할';
--------------------------------------------------------
--  DDL for Table MENU
--------------------------------------------------------

  CREATE TABLE "MENU" 
   (	"MENU_NO" NUMBER, 
	"MENU_ICON" VARCHAR2(200 BYTE), 
	"MENU_DATA" VARCHAR2(200 BYTE), 
	"MENU_SET_INDEX" NUMBER, 
	"MENU_NM_ENG" VARCHAR2(200 BYTE), 
	"MENU_NM_KOR" VARCHAR2(200 BYTE), 
	"MENU_PARENT" NUMBER, 
	"MENU_CODE" VARCHAR2(200 BYTE), 
	"MENU_NM_GER" VARCHAR2(200 BYTE), 
	"MENU_NM_JAP" VARCHAR2(200 BYTE), 
	"MENU_NM_CHI" VARCHAR2(200 BYTE)
   ) SEGMENT CREATION IMMEDIATE 
  PCTFREE 10 PCTUSED 40 INITRANS 1 MAXTRANS 255 NOCOMPRESS LOGGING
  STORAGE(INITIAL 65536 NEXT 1048576 MINEXTENTS 1 MAXEXTENTS 2147483645
  PCTINCREASE 0 FREELISTS 1 FREELIST GROUPS 1 BUFFER_POOL DEFAULT FLASH_CACHE DEFAULT CELL_FLASH_CACHE DEFAULT);
--------------------------------------------------------
--  DDL for Table MENU_ASSIGN
--------------------------------------------------------

  CREATE TABLE "MENU_ASSIGN" 
   (	"AUTH_GRP_CODE" VARCHAR2(50 BYTE), 
	"MENU_ID" VARCHAR2(200 BYTE), 
	"READ_YN" CHAR(1 BYTE), 
	"WRITE_YN" CHAR(1 BYTE), 
	"DELETE_YN" CHAR(1 BYTE)
   ) SEGMENT CREATION IMMEDIATE 
  PCTFREE 10 PCTUSED 40 INITRANS 1 MAXTRANS 255 NOCOMPRESS LOGGING
  STORAGE(INITIAL 65536 NEXT 1048576 MINEXTENTS 1 MAXEXTENTS 2147483645
  PCTINCREASE 0 FREELISTS 1 FREELIST GROUPS 1 BUFFER_POOL DEFAULT FLASH_CACHE DEFAULT CELL_FLASH_CACHE DEFAULT);

   COMMENT ON COLUMN "MENU_ASSIGN"."AUTH_GRP_CODE" IS '권한 그룹 코드';
   COMMENT ON COLUMN "MENU_ASSIGN"."MENU_ID" IS '메뉴 ID';
   COMMENT ON COLUMN "MENU_ASSIGN"."READ_YN" IS '읽기 가능 여부';
   COMMENT ON COLUMN "MENU_ASSIGN"."WRITE_YN" IS '쓰기 가능 여부';
   COMMENT ON COLUMN "MENU_ASSIGN"."DELETE_YN" IS '삭제 가능 여부';
   COMMENT ON TABLE "MENU_ASSIGN"  IS '권한별 메뉴 할당';
--------------------------------------------------------
--  DDL for Table MILESTONE
--------------------------------------------------------

  CREATE TABLE "MILESTONE" 
   (	"MILEST_SID" NUMBER, 
	"MEM_NO" NUMBER, 
	"PROJ_NO" NUMBER, 
	"MILEST_NO" NUMBER, 
	"MILEST_TITLE" VARCHAR2(200 BYTE), 
	"MILEST_CONT" VARCHAR2(4000 BYTE), 
	"MILEST_DATE" DATE, 
	"MILEST_START_DATE" DATE, 
	"MILEST_END_DATE" DATE, 
	"MILEST_STATUS" CHAR(1 BYTE) DEFAULT 0
   ) SEGMENT CREATION IMMEDIATE 
  PCTFREE 10 PCTUSED 40 INITRANS 1 MAXTRANS 255 NOCOMPRESS LOGGING
  STORAGE(INITIAL 65536 NEXT 1048576 MINEXTENTS 1 MAXEXTENTS 2147483645
  PCTINCREASE 0 FREELISTS 1 FREELIST GROUPS 1 BUFFER_POOL DEFAULT FLASH_CACHE DEFAULT CELL_FLASH_CACHE DEFAULT);

   COMMENT ON COLUMN "MILESTONE"."MILEST_SID" IS '마일스톤 고유 번호';
   COMMENT ON COLUMN "MILESTONE"."MEM_NO" IS '마일스톤 작성 회원 번호';
   COMMENT ON COLUMN "MILESTONE"."PROJ_NO" IS '프로젝트 번호';
   COMMENT ON COLUMN "MILESTONE"."MILEST_NO" IS '마일스톤 번호';
   COMMENT ON COLUMN "MILESTONE"."MILEST_TITLE" IS '마일스톤 제목';
   COMMENT ON COLUMN "MILESTONE"."MILEST_CONT" IS '마일스톤 내용';
   COMMENT ON COLUMN "MILESTONE"."MILEST_DATE" IS '마일스톤 작성 일자';
   COMMENT ON COLUMN "MILESTONE"."MILEST_START_DATE" IS '마일스톤 시작 일자';
   COMMENT ON COLUMN "MILESTONE"."MILEST_END_DATE" IS '마일스톤 종료 일자';
   COMMENT ON COLUMN "MILESTONE"."MILEST_STATUS" IS '마일스톤 상태';
   COMMENT ON TABLE "MILESTONE"  IS '마일스톤';
--------------------------------------------------------
--  DDL for Table NEWS
--------------------------------------------------------

  CREATE TABLE "NEWS" 
   (	"NEWS_SID" NUMBER, 
	"PROJ_NO" NUMBER, 
	"MEM_NO" NUMBER, 
	"NEWS_NO" NUMBER, 
	"NEWS_TITLE" VARCHAR2(200 BYTE), 
	"NEWS_CONT" VARCHAR2(4000 BYTE), 
	"NEWS_WRITE_DATE" DATE, 
	"ATCH_FILE_SID" VARCHAR2(500 BYTE)
   ) SEGMENT CREATION IMMEDIATE 
  PCTFREE 10 PCTUSED 40 INITRANS 1 MAXTRANS 255 NOCOMPRESS LOGGING
  STORAGE(INITIAL 65536 NEXT 1048576 MINEXTENTS 1 MAXEXTENTS 2147483645
  PCTINCREASE 0 FREELISTS 1 FREELIST GROUPS 1 BUFFER_POOL DEFAULT FLASH_CACHE DEFAULT CELL_FLASH_CACHE DEFAULT);

   COMMENT ON COLUMN "NEWS"."NEWS_SID" IS '뉴스 고유 번호';
   COMMENT ON COLUMN "NEWS"."PROJ_NO" IS '프로젝트 번호';
   COMMENT ON COLUMN "NEWS"."MEM_NO" IS '뉴스 작성 회원 번호';
   COMMENT ON COLUMN "NEWS"."NEWS_NO" IS '뉴스 번호';
   COMMENT ON COLUMN "NEWS"."NEWS_TITLE" IS '뉴스제목';
   COMMENT ON COLUMN "NEWS"."NEWS_CONT" IS '뉴스내용';
   COMMENT ON COLUMN "NEWS"."NEWS_WRITE_DATE" IS '뉴스 작성 일자';
   COMMENT ON COLUMN "NEWS"."ATCH_FILE_SID" IS '통합 첨부파일 고유 번호';
   COMMENT ON TABLE "NEWS"  IS '뉴스';
--------------------------------------------------------
--  DDL for Table NEWS_COMMENT
--------------------------------------------------------

  CREATE TABLE "NEWS_COMMENT" 
   (	"NEWS_COM_NO" NUMBER, 
	"NEWS_SID" NUMBER, 
	"MEM_NO" NUMBER, 
	"NEWS_COM_CONT" VARCHAR2(4000 BYTE), 
	"NEWS_COM_DATE" DATE
   ) SEGMENT CREATION IMMEDIATE 
  PCTFREE 10 PCTUSED 40 INITRANS 1 MAXTRANS 255 NOCOMPRESS LOGGING
  STORAGE(INITIAL 65536 NEXT 1048576 MINEXTENTS 1 MAXEXTENTS 2147483645
  PCTINCREASE 0 FREELISTS 1 FREELIST GROUPS 1 BUFFER_POOL DEFAULT FLASH_CACHE DEFAULT CELL_FLASH_CACHE DEFAULT);

   COMMENT ON COLUMN "NEWS_COMMENT"."NEWS_COM_NO" IS '뉴스 댓글 번호';
   COMMENT ON COLUMN "NEWS_COMMENT"."NEWS_SID" IS '뉴스 고유 번호';
   COMMENT ON COLUMN "NEWS_COMMENT"."MEM_NO" IS '뉴스 댓글 작성 회원 버호';
   COMMENT ON COLUMN "NEWS_COMMENT"."NEWS_COM_CONT" IS '뉴스 댓글 내용';
   COMMENT ON COLUMN "NEWS_COMMENT"."NEWS_COM_DATE" IS '뉴스 댓글 작성 일자';
   COMMENT ON TABLE "NEWS_COMMENT"  IS '뉴스 댓글';
--------------------------------------------------------
--  DDL for Table PAYMENT
--------------------------------------------------------

  CREATE TABLE "PAYMENT" 
   (	"PAYMENT_NO" NUMBER, 
	"PROJ_NO" NUMBER, 
	"PAY_PLAN_NO" NUMBER, 
	"PAY_DATE" DATE, 
	"PAY_CONT" VARCHAR2(4000 BYTE), 
	"EXPIRY_DAY" NUMBER, 
	"PAY_PLAN_PRICE" NUMBER(*,0)
   ) SEGMENT CREATION IMMEDIATE 
  PCTFREE 10 PCTUSED 40 INITRANS 1 MAXTRANS 255 NOCOMPRESS LOGGING
  STORAGE(INITIAL 65536 NEXT 1048576 MINEXTENTS 1 MAXEXTENTS 2147483645
  PCTINCREASE 0 FREELISTS 1 FREELIST GROUPS 1 BUFFER_POOL DEFAULT FLASH_CACHE DEFAULT CELL_FLASH_CACHE DEFAULT);

   COMMENT ON COLUMN "PAYMENT"."PAYMENT_NO" IS '결제 부여 번호';
   COMMENT ON COLUMN "PAYMENT"."PROJ_NO" IS '프로젝트 번호';
   COMMENT ON COLUMN "PAYMENT"."PAY_PLAN_NO" IS '요금제 번호';
   COMMENT ON COLUMN "PAYMENT"."PAY_DATE" IS '결제 일자';
   COMMENT ON COLUMN "PAYMENT"."PAY_CONT" IS '결제 내용';
   COMMENT ON COLUMN "PAYMENT"."EXPIRY_DAY" IS '결제 유효 기간';
   COMMENT ON COLUMN "PAYMENT"."PAY_PLAN_PRICE" IS '요금제 금액';
   COMMENT ON TABLE "PAYMENT"  IS '결제';
--------------------------------------------------------
--  DDL for Table PAY_PLAN
--------------------------------------------------------

  CREATE TABLE "PAY_PLAN" 
   (	"PAY_PLAN_NO" NUMBER, 
	"PAY_PLAN_NM" VARCHAR2(200 BYTE), 
	"PAY_PLAN_CONT" CLOB, 
	"PAY_PLAN_PRICE" NUMBER
   ) SEGMENT CREATION IMMEDIATE 
  PCTFREE 10 PCTUSED 40 INITRANS 1 MAXTRANS 255 NOCOMPRESS LOGGING
  STORAGE(INITIAL 65536 NEXT 1048576 MINEXTENTS 1 MAXEXTENTS 2147483645
  PCTINCREASE 0 FREELISTS 1 FREELIST GROUPS 1 BUFFER_POOL DEFAULT FLASH_CACHE DEFAULT CELL_FLASH_CACHE DEFAULT)
 LOB ("PAY_PLAN_CONT") STORE AS BASICFILE (ENABLE STORAGE IN ROW CHUNK 8192 RETENTION 
  NOCACHE LOGGING 
  STORAGE(INITIAL 65536 NEXT 1048576 MINEXTENTS 1 MAXEXTENTS 2147483645
  PCTINCREASE 0 FREELISTS 1 FREELIST GROUPS 1 BUFFER_POOL DEFAULT FLASH_CACHE DEFAULT CELL_FLASH_CACHE DEFAULT)) ;

   COMMENT ON COLUMN "PAY_PLAN"."PAY_PLAN_NO" IS '요금제 번호';
   COMMENT ON COLUMN "PAY_PLAN"."PAY_PLAN_NM" IS '요금제 이름';
   COMMENT ON COLUMN "PAY_PLAN"."PAY_PLAN_CONT" IS '요금제 내용';
   COMMENT ON COLUMN "PAY_PLAN"."PAY_PLAN_PRICE" IS '요금제 금액';
   COMMENT ON TABLE "PAY_PLAN"  IS '요금제';
--------------------------------------------------------
--  DDL for Table PROJECT
--------------------------------------------------------

  CREATE TABLE "PROJECT" 
   (	"PROJ_NO" NUMBER, 
	"MEM_NO" NUMBER, 
	"PROJ_TITLE" VARCHAR2(200 BYTE), 
	"PROJ_CONT" VARCHAR2(4000 BYTE), 
	"PROJ_START_DATE" DATE, 
	"PROJ_EST_END_DATE" DATE, 
	"ISSUE_PRIORITY_SET" NUMBER DEFAULT 63, 
	"PROJ_MODULE_SET" NUMBER DEFAULT 255, 
	"PROJ_STATUS" CHAR(1 BYTE) DEFAULT 0
   ) SEGMENT CREATION IMMEDIATE 
  PCTFREE 10 PCTUSED 40 INITRANS 1 MAXTRANS 255 NOCOMPRESS LOGGING
  STORAGE(INITIAL 65536 NEXT 1048576 MINEXTENTS 1 MAXEXTENTS 2147483645
  PCTINCREASE 0 FREELISTS 1 FREELIST GROUPS 1 BUFFER_POOL DEFAULT FLASH_CACHE DEFAULT CELL_FLASH_CACHE DEFAULT);

   COMMENT ON COLUMN "PROJECT"."PROJ_NO" IS '프로젝트 번호';
   COMMENT ON COLUMN "PROJECT"."MEM_NO" IS '프로젝트 생성 회원 번호';
   COMMENT ON COLUMN "PROJECT"."PROJ_TITLE" IS '프로젝트 제목';
   COMMENT ON COLUMN "PROJECT"."PROJ_CONT" IS '프로젝트 내용';
   COMMENT ON COLUMN "PROJECT"."PROJ_START_DATE" IS '프로젝트 생성 일자';
   COMMENT ON COLUMN "PROJECT"."PROJ_EST_END_DATE" IS '프로젝트 예상 종료 일자';
   COMMENT ON COLUMN "PROJECT"."ISSUE_PRIORITY_SET" IS '이슈 중요도 설정';
   COMMENT ON COLUMN "PROJECT"."PROJ_MODULE_SET" IS '프로젝트 모듈 설정';
   COMMENT ON COLUMN "PROJECT"."PROJ_STATUS" IS '프로젝트 상태.닫히면1지우면2';
   COMMENT ON TABLE "PROJECT"  IS '프로젝트';
--------------------------------------------------------
--  DDL for Table PROJ_MEM
--------------------------------------------------------

  CREATE TABLE "PROJ_MEM" 
   (	"MEM_NO" NUMBER, 
	"PROJ_NO" NUMBER, 
	"MEM_ROLE_NO" NUMBER, 
	"PROJ_JOIN_DATE" DATE, 
	"PROJ_DROP_DATE" DATE, 
	"PROJ_USER_NICK" VARCHAR2(200 BYTE)
   ) SEGMENT CREATION IMMEDIATE 
  PCTFREE 10 PCTUSED 40 INITRANS 1 MAXTRANS 255 NOCOMPRESS LOGGING
  STORAGE(INITIAL 65536 NEXT 1048576 MINEXTENTS 1 MAXEXTENTS 2147483645
  PCTINCREASE 0 FREELISTS 1 FREELIST GROUPS 1 BUFFER_POOL DEFAULT FLASH_CACHE DEFAULT CELL_FLASH_CACHE DEFAULT);

   COMMENT ON COLUMN "PROJ_MEM"."MEM_NO" IS '프로젝트 참여 맴버 번호';
   COMMENT ON COLUMN "PROJ_MEM"."PROJ_NO" IS '프로젝트 번호';
   COMMENT ON COLUMN "PROJ_MEM"."MEM_ROLE_NO" IS '멤버 역할 번호';
   COMMENT ON COLUMN "PROJ_MEM"."PROJ_JOIN_DATE" IS '프로젝트 참가 일자';
   COMMENT ON COLUMN "PROJ_MEM"."PROJ_DROP_DATE" IS '프로젝트 탈퇴 일자';
   COMMENT ON COLUMN "PROJ_MEM"."PROJ_USER_NICK" IS '프로젝트 유저 닉네임';
   COMMENT ON TABLE "PROJ_MEM"  IS '프로젝트 멤버';
--------------------------------------------------------
--  DDL for Table PROPTIS
--------------------------------------------------------

  CREATE TABLE "PROPTIS" 
   (	"PROPTIS_NO" NUMBER, 
	"PROPTIS_NM" VARCHAR2(200 BYTE), 
	"PROPTIS_SORT" VARCHAR2(200 BYTE), 
	"PROPTIS_PRIORITY" NUMBER, 
	"PROPTIS_EXPLAIN" VARCHAR2(500 BYTE)
   ) SEGMENT CREATION IMMEDIATE 
  PCTFREE 10 PCTUSED 40 INITRANS 1 MAXTRANS 255 NOCOMPRESS LOGGING
  STORAGE(INITIAL 65536 NEXT 1048576 MINEXTENTS 1 MAXEXTENTS 2147483645
  PCTINCREASE 0 FREELISTS 1 FREELIST GROUPS 1 BUFFER_POOL DEFAULT FLASH_CACHE DEFAULT CELL_FLASH_CACHE DEFAULT);

   COMMENT ON COLUMN "PROPTIS"."PROPTIS_NO" IS '보호자원 번호';
   COMMENT ON COLUMN "PROPTIS"."PROPTIS_NM" IS '보호자원 이름';
   COMMENT ON COLUMN "PROPTIS"."PROPTIS_SORT" IS '보호자원 구분';
   COMMENT ON COLUMN "PROPTIS"."PROPTIS_PRIORITY" IS '보호자원 우선순위';
   COMMENT ON COLUMN "PROPTIS"."PROPTIS_EXPLAIN" IS '보호자원 설명';
   COMMENT ON TABLE "PROPTIS"  IS '보호자원';
--------------------------------------------------------
--  DDL for Table PROPTIS_ROLE
--------------------------------------------------------

  CREATE TABLE "PROPTIS_ROLE" 
   (	"PROPTIS_NO" NUMBER, 
	"MEM_ROLE_NO" NUMBER, 
	"AUTHOR" NUMBER
   ) SEGMENT CREATION IMMEDIATE 
  PCTFREE 10 PCTUSED 40 INITRANS 1 MAXTRANS 255 NOCOMPRESS LOGGING
  STORAGE(INITIAL 65536 NEXT 1048576 MINEXTENTS 1 MAXEXTENTS 2147483645
  PCTINCREASE 0 FREELISTS 1 FREELIST GROUPS 1 BUFFER_POOL DEFAULT FLASH_CACHE DEFAULT CELL_FLASH_CACHE DEFAULT);

   COMMENT ON COLUMN "PROPTIS_ROLE"."PROPTIS_NO" IS '보호자원 번호';
   COMMENT ON COLUMN "PROPTIS_ROLE"."MEM_ROLE_NO" IS '멤버 역할 번호';
   COMMENT ON COLUMN "PROPTIS_ROLE"."AUTHOR" IS '권한';
   COMMENT ON TABLE "PROPTIS_ROLE"  IS '자원 역할';
--------------------------------------------------------
--  DDL for Table PROVIDER
--------------------------------------------------------

  CREATE TABLE "PROVIDER" 
   (	"PROV_ID" VARCHAR2(200 BYTE), 
	"PROV_PASS" VARCHAR2(500 BYTE), 
	"PROV_NM" VARCHAR2(200 BYTE)
   ) SEGMENT CREATION IMMEDIATE 
  PCTFREE 10 PCTUSED 40 INITRANS 1 MAXTRANS 255 NOCOMPRESS LOGGING
  STORAGE(INITIAL 65536 NEXT 1048576 MINEXTENTS 1 MAXEXTENTS 2147483645
  PCTINCREASE 0 FREELISTS 1 FREELIST GROUPS 1 BUFFER_POOL DEFAULT FLASH_CACHE DEFAULT CELL_FLASH_CACHE DEFAULT);

   COMMENT ON COLUMN "PROVIDER"."PROV_ID" IS '운영자 아이디';
   COMMENT ON COLUMN "PROVIDER"."PROV_PASS" IS '운영자 비밀번호';
   COMMENT ON COLUMN "PROVIDER"."PROV_NM" IS '운영자 이름';
   COMMENT ON TABLE "PROVIDER"  IS '운영자';
--------------------------------------------------------
--  DDL for Table REFUND
--------------------------------------------------------

  CREATE TABLE "REFUND" 
   (	"REFUND_NO" NUMBER, 
	"PAYMENT_NO" NUMBER, 
	"REFUND_DATE" DATE, 
	"REFUND_CONT" VARCHAR2(4000 BYTE), 
	"PAY_CANCLE_DATE" DATE, 
	"REFUND_PLAN_TYPE" VARCHAR2(50 BYTE)
   ) SEGMENT CREATION IMMEDIATE 
  PCTFREE 10 PCTUSED 40 INITRANS 1 MAXTRANS 255 NOCOMPRESS LOGGING
  STORAGE(INITIAL 65536 NEXT 1048576 MINEXTENTS 1 MAXEXTENTS 2147483645
  PCTINCREASE 0 FREELISTS 1 FREELIST GROUPS 1 BUFFER_POOL DEFAULT FLASH_CACHE DEFAULT CELL_FLASH_CACHE DEFAULT);

   COMMENT ON COLUMN "REFUND"."REFUND_NO" IS '환불 번호';
   COMMENT ON COLUMN "REFUND"."PAYMENT_NO" IS '결제 부여 번호';
   COMMENT ON COLUMN "REFUND"."REFUND_DATE" IS '환불 일자';
   COMMENT ON COLUMN "REFUND"."REFUND_CONT" IS '환불 내역';
   COMMENT ON COLUMN "REFUND"."PAY_CANCLE_DATE" IS '결제 취소 일자';
   COMMENT ON COLUMN "REFUND"."REFUND_PLAN_TYPE" IS '환불 정책 유형';
   COMMENT ON TABLE "REFUND"  IS '환불';
--------------------------------------------------------
--  DDL for Table REPOSITORY
--------------------------------------------------------

  CREATE TABLE "REPOSITORY" 
   (	"PROJ_NO" NUMBER, 
	"REPO_URL" VARCHAR2(500 BYTE), 
	"REPO_TOKEN" VARCHAR2(300 BYTE), 
	"REPO_TYPE" VARCHAR2(50 BYTE)
   ) SEGMENT CREATION IMMEDIATE 
  PCTFREE 10 PCTUSED 40 INITRANS 1 MAXTRANS 255 NOCOMPRESS LOGGING
  STORAGE(INITIAL 65536 NEXT 1048576 MINEXTENTS 1 MAXEXTENTS 2147483645
  PCTINCREASE 0 FREELISTS 1 FREELIST GROUPS 1 BUFFER_POOL DEFAULT FLASH_CACHE DEFAULT CELL_FLASH_CACHE DEFAULT);

   COMMENT ON COLUMN "REPOSITORY"."PROJ_NO" IS '프로젝트 번호';
   COMMENT ON COLUMN "REPOSITORY"."REPO_URL" IS '저장소 경로';
   COMMENT ON COLUMN "REPOSITORY"."REPO_TOKEN" IS '저장소 토큰';
   COMMENT ON COLUMN "REPOSITORY"."REPO_TYPE" IS '저장소 유형';
   COMMENT ON TABLE "REPOSITORY"  IS '저장소';
--------------------------------------------------------
--  DDL for Table USER_AUTH
--------------------------------------------------------

  CREATE TABLE "USER_AUTH" 
   (	"AUTH_GRP_CODE" VARCHAR2(50 BYTE), 
	"MEM_NO" NUMBER
   ) SEGMENT CREATION IMMEDIATE 
  PCTFREE 10 PCTUSED 40 INITRANS 1 MAXTRANS 255 NOCOMPRESS LOGGING
  STORAGE(INITIAL 65536 NEXT 1048576 MINEXTENTS 1 MAXEXTENTS 2147483645
  PCTINCREASE 0 FREELISTS 1 FREELIST GROUPS 1 BUFFER_POOL DEFAULT FLASH_CACHE DEFAULT CELL_FLASH_CACHE DEFAULT);

   COMMENT ON COLUMN "USER_AUTH"."AUTH_GRP_CODE" IS '권한 그룹 코드';
   COMMENT ON COLUMN "USER_AUTH"."MEM_NO" IS '회원 번호';
   COMMENT ON TABLE "USER_AUTH"  IS '사용자 권한';
--------------------------------------------------------
--  DDL for Table WIKI
--------------------------------------------------------

  CREATE TABLE "WIKI" 
   (	"WIKI_SID" NUMBER, 
	"PARENT_WIKI" NUMBER, 
	"MEM_NO" NUMBER, 
	"PROJ_NO" NUMBER, 
	"WIKI_NO" NUMBER, 
	"WIKI_CONT" VARCHAR2(4000 BYTE), 
	"WIKI_WRITE_DATE" DATE, 
	"WIKI_TITLE" VARCHAR2(500 BYTE)
   ) SEGMENT CREATION IMMEDIATE 
  PCTFREE 10 PCTUSED 40 INITRANS 1 MAXTRANS 255 NOCOMPRESS LOGGING
  STORAGE(INITIAL 65536 NEXT 1048576 MINEXTENTS 1 MAXEXTENTS 2147483645
  PCTINCREASE 0 FREELISTS 1 FREELIST GROUPS 1 BUFFER_POOL DEFAULT FLASH_CACHE DEFAULT CELL_FLASH_CACHE DEFAULT);

   COMMENT ON COLUMN "WIKI"."WIKI_SID" IS '위키 고유 번호';
   COMMENT ON COLUMN "WIKI"."PARENT_WIKI" IS '상위 위키 고유 번호';
   COMMENT ON COLUMN "WIKI"."MEM_NO" IS '위키 작성 회원 번호';
   COMMENT ON COLUMN "WIKI"."PROJ_NO" IS '프로젝트 번호';
   COMMENT ON COLUMN "WIKI"."WIKI_NO" IS '위키 번호';
   COMMENT ON COLUMN "WIKI"."WIKI_CONT" IS '위키 내용';
   COMMENT ON COLUMN "WIKI"."WIKI_WRITE_DATE" IS '위키 작성 일자';
   COMMENT ON COLUMN "WIKI"."WIKI_TITLE" IS '위키 제목';
   COMMENT ON TABLE "WIKI"  IS '위키';
--------------------------------------------------------
--  DDL for View CNT_VIEW
--------------------------------------------------------

  CREATE OR REPLACE FORCE VIEW "CNT_VIEW" ("ISSUE_NO", "ISSUE_STATUS", "MILEST_NO") AS 
  select i.issue_no, i.issue_status, m.milest_no
        from milestone m
            left outer join issue i on (m.milest_sid = i.milest_sid)
;
REM INSERTING into ALARM
SET DEFINE OFF;
Insert into ALARM (ALARM_NO,MEM_NO,ALARM_CONT,ALARM_CREATE_DATE,ALARM_CHK_DATE,ALARM_TYPE,SENDER_NO) values (67,4,'{"proj_user_nick":"팀장 꼬북","issue_his_cont":"ㅇㅋㅇㅋ","issue_title":"이슈 작성 칸반에 바로 등록","url":"/kkobuk/gaia/issue/111"}',to_date('2021/06/21','RRRR/MM/DD'),to_date('2021/06/21','RRRR/MM/DD'),'IC',4);
Insert into ALARM (ALARM_NO,MEM_NO,ALARM_CONT,ALARM_CREATE_DATE,ALARM_CHK_DATE,ALARM_TYPE,SENDER_NO) values (68,4,'{"proj_user_nick":"팀장 꼬북","issue_his_cont":"ㅇㅋㅇㅋ","issue_title":"이슈 작성 테스트","url":"/kkobuk/gaia/issue/112"}',to_date('2021/06/21','RRRR/MM/DD'),to_date('2021/06/21','RRRR/MM/DD'),'IC',4);
Insert into ALARM (ALARM_NO,MEM_NO,ALARM_CONT,ALARM_CREATE_DATE,ALARM_CHK_DATE,ALARM_TYPE,SENDER_NO) values (69,4,'{"proj_user_nick":"팀장 꼬북","issue_his_cont":"ㅇㅋㅇㅋ","issue_title":"이슈 작성 테스트","url":"/kkobuk/gaia/issue/112"}',to_date('2021/06/21','RRRR/MM/DD'),to_date('2021/06/21','RRRR/MM/DD'),'IC',4);
Insert into ALARM (ALARM_NO,MEM_NO,ALARM_CONT,ALARM_CREATE_DATE,ALARM_CHK_DATE,ALARM_TYPE,SENDER_NO) values (37,3,'{"proj_user_nick":"팀장 꼬북","issue_his_cont":"gd","issue_title":"이슈 입니다","url":"/gaia/kkobuk/testproject/issue/113"}',to_date('2021/06/10','RRRR/MM/DD'),to_date('2021/06/10','RRRR/MM/DD'),'IC',null);
Insert into ALARM (ALARM_NO,MEM_NO,ALARM_CONT,ALARM_CREATE_DATE,ALARM_CHK_DATE,ALARM_TYPE,SENDER_NO) values (38,3,'{"proj_user_nick":"팀장 꼬북","issue_his_cont":"ㅎㅇ","issue_title":"이슈 입니다","url":"/gaia/kkobuk/testproject/issue/113"}',to_date('2021/06/10','RRRR/MM/DD'),to_date('2021/06/10','RRRR/MM/DD'),'IC',null);
Insert into ALARM (ALARM_NO,MEM_NO,ALARM_CONT,ALARM_CREATE_DATE,ALARM_CHK_DATE,ALARM_TYPE,SENDER_NO) values (39,3,'{"proj_user_nick":"팀장 꼬북","issue_his_cont":"ㅎㅇㅎㅇ","issue_title":"이슈 입니다","url":"/gaia/kkobuk/testproject/issue/113"}',to_date('2021/06/10','RRRR/MM/DD'),to_date('2021/06/10','RRRR/MM/DD'),'IC',null);
Insert into ALARM (ALARM_NO,MEM_NO,ALARM_CONT,ALARM_CREATE_DATE,ALARM_CHK_DATE,ALARM_TYPE,SENDER_NO) values (40,3,'{"proj_user_nick":"팀장 꼬북","issue_his_cont":"ㅋㅋㅋ","issue_title":"이슈 입니다","url":"/gaia/kkobuk/testproject/issue/113"}',to_date('2021/06/10','RRRR/MM/DD'),to_date('2021/06/10','RRRR/MM/DD'),'IC',null);
Insert into ALARM (ALARM_NO,MEM_NO,ALARM_CONT,ALARM_CREATE_DATE,ALARM_CHK_DATE,ALARM_TYPE,SENDER_NO) values (41,3,'{"proj_user_nick":"팀장 꼬북","issue_his_cont":"할룽~~","issue_title":"이슈 입니다","url":"/gaia/kkobuk/testproject/issue/113"}',to_date('2021/06/10','RRRR/MM/DD'),to_date('2021/06/10','RRRR/MM/DD'),'IC',null);
Insert into ALARM (ALARM_NO,MEM_NO,ALARM_CONT,ALARM_CREATE_DATE,ALARM_CHK_DATE,ALARM_TYPE,SENDER_NO) values (43,3,'{"proj_user_nick":"팀장 꼬북","issue_his_cont":"헬로 조쉬","issue_title":"이슈 입니다","url":"/gaia/kkobuk/testproject/issue/113"}',to_date('2021/06/10','RRRR/MM/DD'),to_date('2021/06/10','RRRR/MM/DD'),'IC',null);
Insert into ALARM (ALARM_NO,MEM_NO,ALARM_CONT,ALARM_CREATE_DATE,ALARM_CHK_DATE,ALARM_TYPE,SENDER_NO) values (44,3,'{"proj_user_nick":"팀장 꼬북","issue_his_cont":"ㅎㅇㅎㅇ","issue_title":"이슈 입니다","url":"/gaia/kkobuk/testproject/issue/113"}',to_date('2021/06/10','RRRR/MM/DD'),to_date('2021/06/10','RRRR/MM/DD'),'IC',null);
Insert into ALARM (ALARM_NO,MEM_NO,ALARM_CONT,ALARM_CREATE_DATE,ALARM_CHK_DATE,ALARM_TYPE,SENDER_NO) values (59,4,'{"proj_user_nick":"팀장 꼬북","issue_his_cont":"댓글 추가","issue_title":"제목 수정 테스트 입니다. 잘 작동 합니다. 굿!!!","url":"/kkobuk/gaia/issue/119"}',to_date('2021/06/18','RRRR/MM/DD'),to_date('2021/06/18','RRRR/MM/DD'),'IC',4);
Insert into ALARM (ALARM_NO,MEM_NO,ALARM_CONT,ALARM_CREATE_DATE,ALARM_CHK_DATE,ALARM_TYPE,SENDER_NO) values (50,4,'{"proj_user_nick":"팀장 꼬북","issue_his_cont":"afsfs","issue_title":"ㅁㅁㅁ 테스트 또","url":"/kkobuk/gaia/issue/115"}',to_date('2021/06/15','RRRR/MM/DD'),to_date('2021/06/15','RRRR/MM/DD'),'IC',4);
Insert into ALARM (ALARM_NO,MEM_NO,ALARM_CONT,ALARM_CREATE_DATE,ALARM_CHK_DATE,ALARM_TYPE,SENDER_NO) values (53,4,'{"proj_user_nick":"팀장 꼬북","issue_his_cont":"asdffd","issue_title":"제목 내용만 쓰는 테스트","url":"/kkobuk/gaia/issue/119"}',to_date('2021/06/18','RRRR/MM/DD'),to_date('2021/06/18','RRRR/MM/DD'),'IC',4);
Insert into ALARM (ALARM_NO,MEM_NO,ALARM_CONT,ALARM_CREATE_DATE,ALARM_CHK_DATE,ALARM_TYPE,SENDER_NO) values (56,4,'{"proj_user_nick":"팀장 꼬북","issue_his_cont":"abc","issue_title":"제목 내용만 쓰는 테스트","url":"/kkobuk/gaia/issue/119"}',to_date('2021/06/18','RRRR/MM/DD'),to_date('2021/06/18','RRRR/MM/DD'),'IC',4);
Insert into ALARM (ALARM_NO,MEM_NO,ALARM_CONT,ALARM_CREATE_DATE,ALARM_CHK_DATE,ALARM_TYPE,SENDER_NO) values (63,4,'{"proj_user_nick":"팀장 꼬북","issue_his_cont":"safdsdf","issue_title":" 이슈 등록","url":"/kkobuk/gaia/issue/117"}',to_date('2021/06/21','RRRR/MM/DD'),to_date('2021/06/21','RRRR/MM/DD'),'IC',4);
Insert into ALARM (ALARM_NO,MEM_NO,ALARM_CONT,ALARM_CREATE_DATE,ALARM_CHK_DATE,ALARM_TYPE,SENDER_NO) values (71,4,'{"proj_user_nick":"robin","issue_his_cont":"465","issue_title":"ㄴㄹㅇㅁㄴㅇㄹㄴㄹㅇ","url":"/gaia/kkobuk/testproject/issue/2"}',to_date('2021/06/22','RRRR/MM/DD'),to_date('2021/06/22','RRRR/MM/DD'),'IC',5);
Insert into ALARM (ALARM_NO,MEM_NO,ALARM_CONT,ALARM_CREATE_DATE,ALARM_CHK_DATE,ALARM_TYPE,SENDER_NO) values (49,4,'{"proj_user_nick":"팀장 꼬북","issue_his_cont":"ㅇㅇㅇㅇㅇ","issue_title":"ㅁㅁㅁ 테스트 또","url":"/kkobuk/gaia/issue/115"}',to_date('2021/06/14','RRRR/MM/DD'),to_date('2021/06/14','RRRR/MM/DD'),'IC',4);
Insert into ALARM (ALARM_NO,MEM_NO,ALARM_CONT,ALARM_CREATE_DATE,ALARM_CHK_DATE,ALARM_TYPE,SENDER_NO) values (52,4,'{"proj_user_nick":"팀장 꼬북","issue_his_cont":"뮻","issue_title":"제목 내용만 쓰는 테스트","url":"/kkobuk/gaia/issue/119"}',to_date('2021/06/18','RRRR/MM/DD'),to_date('2021/06/18','RRRR/MM/DD'),'IC',4);
Insert into ALARM (ALARM_NO,MEM_NO,ALARM_CONT,ALARM_CREATE_DATE,ALARM_CHK_DATE,ALARM_TYPE,SENDER_NO) values (54,4,'{"proj_user_nick":"팀장 꼬북","issue_his_cont":"asdf","issue_title":"제목 내용만 쓰는 테스트","url":"/kkobuk/gaia/issue/119"}',to_date('2021/06/18','RRRR/MM/DD'),to_date('2021/06/18','RRRR/MM/DD'),'IC',4);
Insert into ALARM (ALARM_NO,MEM_NO,ALARM_CONT,ALARM_CREATE_DATE,ALARM_CHK_DATE,ALARM_TYPE,SENDER_NO) values (55,4,'{"proj_user_nick":"팀장 꼬북","issue_his_cont":"asdf","issue_title":"제목 내용만 쓰는 테스트","url":"/kkobuk/gaia/issue/119"}',to_date('2021/06/18','RRRR/MM/DD'),to_date('2021/06/18','RRRR/MM/DD'),'IC',4);
Insert into ALARM (ALARM_NO,MEM_NO,ALARM_CONT,ALARM_CREATE_DATE,ALARM_CHK_DATE,ALARM_TYPE,SENDER_NO) values (57,4,'{"proj_user_nick":"팀장 꼬북","issue_his_cont":"abcd","issue_title":"제목 내용만 쓰는 테스트","url":"/kkobuk/gaia/issue/119"}',to_date('2021/06/18','RRRR/MM/DD'),to_date('2021/06/18','RRRR/MM/DD'),'IC',4);
Insert into ALARM (ALARM_NO,MEM_NO,ALARM_CONT,ALARM_CREATE_DATE,ALARM_CHK_DATE,ALARM_TYPE,SENDER_NO) values (58,4,'{"proj_user_nick":"팀장 꼬북","issue_his_cont":"김두한","issue_title":"테스트","url":"/kkobuk/gaia/issue/116"}',to_date('2021/06/18','RRRR/MM/DD'),to_date('2021/06/18','RRRR/MM/DD'),'IC',4);
Insert into ALARM (ALARM_NO,MEM_NO,ALARM_CONT,ALARM_CREATE_DATE,ALARM_CHK_DATE,ALARM_TYPE,SENDER_NO) values (60,4,'{"proj_user_nick":"팀장 꼬북","issue_his_cont":"## 마크다운 댓글","issue_title":"제목 수정 테스트 입니다. 잘 작동 합니다. 굿!!!","url":"/kkobuk/gaia/issue/119"}',to_date('2021/06/18','RRRR/MM/DD'),to_date('2021/06/18','RRRR/MM/DD'),'IC',4);
Insert into ALARM (ALARM_NO,MEM_NO,ALARM_CONT,ALARM_CREATE_DATE,ALARM_CHK_DATE,ALARM_TYPE,SENDER_NO) values (51,4,'{"proj_user_nick":"팀장 꼬북","issue_his_cont":"댓글","issue_title":"제목 내용만 쓰는 테스트","url":"/kkobuk/gaia/issue/119"}',to_date('2021/06/18','RRRR/MM/DD'),to_date('2021/06/18','RRRR/MM/DD'),'IC',4);
Insert into ALARM (ALARM_NO,MEM_NO,ALARM_CONT,ALARM_CREATE_DATE,ALARM_CHK_DATE,ALARM_TYPE,SENDER_NO) values (61,4,'{"proj_user_nick":"사장 조시","issue_his_cont":"ㅎㅎ","issue_title":"제목 수정 테스트 입니다. 잘 작동 합니다. 굿!!!~~~","url":"/kkobuk/gaia/issue/119"}',to_date('2021/06/19','RRRR/MM/DD'),to_date('2021/06/19','RRRR/MM/DD'),'IC',3);
Insert into ALARM (ALARM_NO,MEM_NO,ALARM_CONT,ALARM_CREATE_DATE,ALARM_CHK_DATE,ALARM_TYPE,SENDER_NO) values (62,4,'{"proj_user_nick":"팀장 꼬북","issue_his_cont":"asdffsd","issue_title":" 이슈 등록","url":"/kkobuk/gaia/issue/117"}',to_date('2021/06/21','RRRR/MM/DD'),to_date('2021/06/21','RRRR/MM/DD'),'IC',4);
Insert into ALARM (ALARM_NO,MEM_NO,ALARM_CONT,ALARM_CREATE_DATE,ALARM_CHK_DATE,ALARM_TYPE,SENDER_NO) values (64,4,'{"proj_user_nick":"팀장 꼬북","issue_his_cont":"as","issue_title":" 이슈 등록","url":"/kkobuk/gaia/issue/117"}',to_date('2021/06/21','RRRR/MM/DD'),to_date('2021/06/21','RRRR/MM/DD'),'IC',4);
Insert into ALARM (ALARM_NO,MEM_NO,ALARM_CONT,ALARM_CREATE_DATE,ALARM_CHK_DATE,ALARM_TYPE,SENDER_NO) values (65,4,'{"proj_user_nick":"팀장 꼬북","issue_his_cont":"dd","issue_title":" 이슈 등록","url":"/kkobuk/gaia/issue/117"}',to_date('2021/06/21','RRRR/MM/DD'),to_date('2021/06/21','RRRR/MM/DD'),'IC',4);
Insert into ALARM (ALARM_NO,MEM_NO,ALARM_CONT,ALARM_CREATE_DATE,ALARM_CHK_DATE,ALARM_TYPE,SENDER_NO) values (66,4,'{"proj_user_nick":"팀장 꼬북","issue_his_cont":"1","issue_title":"제목 수정 테스트 입니다. 잘 작동 합니다. 굿!!!~~~","url":"/kkobuk/gaia/issue/119"}',to_date('2021/06/21','RRRR/MM/DD'),to_date('2021/06/21','RRRR/MM/DD'),'IC',4);
Insert into ALARM (ALARM_NO,MEM_NO,ALARM_CONT,ALARM_CREATE_DATE,ALARM_CHK_DATE,ALARM_TYPE,SENDER_NO) values (70,4,'{"proj_user_nick":"팀장 꼬북","issue_his_cont":"ㅇㅇ","issue_title":"이슈 작성 테스트","url":"/kkobuk/gaia/issue/112"}',to_date('2021/06/21','RRRR/MM/DD'),to_date('2021/06/21','RRRR/MM/DD'),'IC',4);
Insert into ALARM (ALARM_NO,MEM_NO,ALARM_CONT,ALARM_CREATE_DATE,ALARM_CHK_DATE,ALARM_TYPE,SENDER_NO) values (72,3,'{"proj_user_nick":"josh","issue_his_cont":"초급 프로젝트 중간 컨펌은 내일 오후에 진행합니다.","issue_title":"초급 프로젝트 중간 컨펌","url":"/kkobuk/ddit302/issue/5"}',to_date('2021/06/22','RRRR/MM/DD'),to_date('2021/06/22','RRRR/MM/DD'),'IC',3);
Insert into ALARM (ALARM_NO,MEM_NO,ALARM_CONT,ALARM_CREATE_DATE,ALARM_CHK_DATE,ALARM_TYPE,SENDER_NO) values (42,3,'{"proj_user_nick":"팀장 꼬북","issue_his_cont":"hi josh","issue_title":"이슈 입니다","url":"/gaia/kkobuk/testproject/issue/113"}',to_date('2021/06/10','RRRR/MM/DD'),to_date('2021/06/10','RRRR/MM/DD'),'IC',null);
Insert into ALARM (ALARM_NO,MEM_NO,ALARM_CONT,ALARM_CREATE_DATE,ALARM_CHK_DATE,ALARM_TYPE,SENDER_NO) values (47,3,'{"proj_user_nick":"팀장 꼬북","issue_his_cont":"abcd","issue_title":"이슈 입니다","url":"/gaia/kkobuk/testproject/issue/113"}',to_date('2021/06/10','RRRR/MM/DD'),to_date('2021/06/10','RRRR/MM/DD'),'IC',null);
Insert into ALARM (ALARM_NO,MEM_NO,ALARM_CONT,ALARM_CREATE_DATE,ALARM_CHK_DATE,ALARM_TYPE,SENDER_NO) values (48,3,'{"proj_user_nick":"팀장 꼬북","issue_his_cont":"abcde","issue_title":"이슈 입니다","url":"/gaia/kkobuk/testproject/issue/113"}',to_date('2021/06/10','RRRR/MM/DD'),to_date('2021/06/10','RRRR/MM/DD'),'IC',null);
REM INSERTING into ATTACH_FILE
SET DEFINE OFF;
REM INSERTING into AUTH_CODE
SET DEFINE OFF;
REM INSERTING into CHAT_ROOM
SET DEFINE OFF;
Insert into CHAT_ROOM (CHATROOM_NO,CHATROOM_TITLE,CHATROOM_CREATE_DATE,CHATROOM_ALARM) values (21,null,to_date('2021/06/17','RRRR/MM/DD'),null);
Insert into CHAT_ROOM (CHATROOM_NO,CHATROOM_TITLE,CHATROOM_CREATE_DATE,CHATROOM_ALARM) values (25,null,to_date('2021/06/17','RRRR/MM/DD'),null);
Insert into CHAT_ROOM (CHATROOM_NO,CHATROOM_TITLE,CHATROOM_CREATE_DATE,CHATROOM_ALARM) values (30,null,to_date('2021/06/17','RRRR/MM/DD'),null);
Insert into CHAT_ROOM (CHATROOM_NO,CHATROOM_TITLE,CHATROOM_CREATE_DATE,CHATROOM_ALARM) values (31,null,to_date('2021/06/17','RRRR/MM/DD'),null);
Insert into CHAT_ROOM (CHATROOM_NO,CHATROOM_TITLE,CHATROOM_CREATE_DATE,CHATROOM_ALARM) values (32,null,to_date('2021/06/17','RRRR/MM/DD'),null);
Insert into CHAT_ROOM (CHATROOM_NO,CHATROOM_TITLE,CHATROOM_CREATE_DATE,CHATROOM_ALARM) values (33,null,to_date('2021/06/17','RRRR/MM/DD'),null);
Insert into CHAT_ROOM (CHATROOM_NO,CHATROOM_TITLE,CHATROOM_CREATE_DATE,CHATROOM_ALARM) values (61,null,to_date('2021/06/20','RRRR/MM/DD'),null);
Insert into CHAT_ROOM (CHATROOM_NO,CHATROOM_TITLE,CHATROOM_CREATE_DATE,CHATROOM_ALARM) values (34,null,to_date('2021/06/18','RRRR/MM/DD'),null);
Insert into CHAT_ROOM (CHATROOM_NO,CHATROOM_TITLE,CHATROOM_CREATE_DATE,CHATROOM_ALARM) values (35,null,to_date('2021/06/18','RRRR/MM/DD'),null);
Insert into CHAT_ROOM (CHATROOM_NO,CHATROOM_TITLE,CHATROOM_CREATE_DATE,CHATROOM_ALARM) values (26,null,to_date('2021/06/17','RRRR/MM/DD'),null);
Insert into CHAT_ROOM (CHATROOM_NO,CHATROOM_TITLE,CHATROOM_CREATE_DATE,CHATROOM_ALARM) values (28,null,to_date('2021/06/17','RRRR/MM/DD'),null);
Insert into CHAT_ROOM (CHATROOM_NO,CHATROOM_TITLE,CHATROOM_CREATE_DATE,CHATROOM_ALARM) values (1,'TEST',to_date('2021/01/01','RRRR/MM/DD'),null);
Insert into CHAT_ROOM (CHATROOM_NO,CHATROOM_TITLE,CHATROOM_CREATE_DATE,CHATROOM_ALARM) values (2,'TEST',to_date('2021/01/01','RRRR/MM/DD'),null);
Insert into CHAT_ROOM (CHATROOM_NO,CHATROOM_TITLE,CHATROOM_CREATE_DATE,CHATROOM_ALARM) values (3,'1:1(1,3)',to_date('2021/06/14','RRRR/MM/DD'),null);
Insert into CHAT_ROOM (CHATROOM_NO,CHATROOM_TITLE,CHATROOM_CREATE_DATE,CHATROOM_ALARM) values (22,null,to_date('2021/06/17','RRRR/MM/DD'),null);
Insert into CHAT_ROOM (CHATROOM_NO,CHATROOM_TITLE,CHATROOM_CREATE_DATE,CHATROOM_ALARM) values (27,null,to_date('2021/06/17','RRRR/MM/DD'),null);
Insert into CHAT_ROOM (CHATROOM_NO,CHATROOM_TITLE,CHATROOM_CREATE_DATE,CHATROOM_ALARM) values (41,null,to_date('2021/06/18','RRRR/MM/DD'),null);
Insert into CHAT_ROOM (CHATROOM_NO,CHATROOM_TITLE,CHATROOM_CREATE_DATE,CHATROOM_ALARM) values (42,null,to_date('2021/06/18','RRRR/MM/DD'),null);
Insert into CHAT_ROOM (CHATROOM_NO,CHATROOM_TITLE,CHATROOM_CREATE_DATE,CHATROOM_ALARM) values (43,null,to_date('2021/06/18','RRRR/MM/DD'),null);
Insert into CHAT_ROOM (CHATROOM_NO,CHATROOM_TITLE,CHATROOM_CREATE_DATE,CHATROOM_ALARM) values (44,null,to_date('2021/06/19','RRRR/MM/DD'),null);
REM INSERTING into COM_CODE
SET DEFINE OFF;
Insert into COM_CODE (COM_CODE_GRP,COM_CODE,COM_CODE_NM,COM_CODE_DESC,USE_YN) values ('MS','VA','휴가','휴가중','Y');
Insert into COM_CODE (COM_CODE_GRP,COM_CODE,COM_CODE_NM,COM_CODE_DESC,USE_YN) values ('MS','SI','아픔','아픔','Y');
Insert into COM_CODE (COM_CODE_GRP,COM_CODE,COM_CODE_NM,COM_CODE_DESC,USE_YN) values ('MS','WH','재택 근무','재택 근무','Y');
Insert into COM_CODE (COM_CODE_GRP,COM_CODE,COM_CODE_NM,COM_CODE_DESC,USE_YN) values ('MS','FC','방해금지','방해금지','Y');
Insert into COM_CODE (COM_CODE_GRP,COM_CODE,COM_CODE_NM,COM_CODE_DESC,USE_YN) values ('MS','AB','부재중','부재중','Y');
Insert into COM_CODE (COM_CODE_GRP,COM_CODE,COM_CODE_NM,COM_CODE_DESC,USE_YN) values ('MS','OW','외근','외근','Y');
Insert into COM_CODE (COM_CODE_GRP,COM_CODE,COM_CODE_NM,COM_CODE_DESC,USE_YN) values ('MS','WF','가족과의 시간','가족과의 시간','Y');
Insert into COM_CODE (COM_CODE_GRP,COM_CODE,COM_CODE_NM,COM_CODE_DESC,USE_YN) values ('MS','RM','휴면회원','휴면회원','Y');
Insert into COM_CODE (COM_CODE_GRP,COM_CODE,COM_CODE_NM,COM_CODE_DESC,USE_YN) values ('MS','ON','활동중','활동중','Y');
Insert into COM_CODE (COM_CODE_GRP,COM_CODE,COM_CODE_NM,COM_CODE_DESC,USE_YN) values ('MS','OF','비활동중','비활동중','Y');
Insert into COM_CODE (COM_CODE_GRP,COM_CODE,COM_CODE_NM,COM_CODE_DESC,USE_YN) values ('PR','1','무시','무시','Y');
Insert into COM_CODE (COM_CODE_GRP,COM_CODE,COM_CODE_NM,COM_CODE_DESC,USE_YN) values ('PR','2','낮음','낮음','Y');
Insert into COM_CODE (COM_CODE_GRP,COM_CODE,COM_CODE_NM,COM_CODE_DESC,USE_YN) values ('PR','3','보통','보통','Y');
Insert into COM_CODE (COM_CODE_GRP,COM_CODE,COM_CODE_NM,COM_CODE_DESC,USE_YN) values ('PR','4','높음','높음','Y');
Insert into COM_CODE (COM_CODE_GRP,COM_CODE,COM_CODE_NM,COM_CODE_DESC,USE_YN) values ('PR','5','긴급','긴급','Y');
Insert into COM_CODE (COM_CODE_GRP,COM_CODE,COM_CODE_NM,COM_CODE_DESC,USE_YN) values ('PR','6','즉시','즉시','Y');
Insert into COM_CODE (COM_CODE_GRP,COM_CODE,COM_CODE_NM,COM_CODE_DESC,USE_YN) values ('AT','IC','이슈댓글','<span style="color:red">#{issue_title}</span> 이슈에 #{proj_user_nick}님이 댓글을 달았습니다 : #{issue_his_cont}','Y');
Insert into COM_CODE (COM_CODE_GRP,COM_CODE,COM_CODE_NM,COM_CODE_DESC,USE_YN) values ('AT','IA','이슈담당','#{issue_title} 이슈에 담당자로 지정되었습니다.','Y');
Insert into COM_CODE (COM_CODE_GRP,COM_CODE,COM_CODE_NM,COM_CODE_DESC,USE_YN) values ('AT','NR','뉴스댓글','#{news_title} 뉴스에 #{proj_user_nick} 님이 댓글을 달았습니다.','Y');
Insert into COM_CODE (COM_CODE_GRP,COM_CODE,COM_CODE_NM,COM_CODE_DESC,USE_YN) values ('IST','RE','이슈댓글','이슈에 댓글 다는 코드','Y');
Insert into COM_CODE (COM_CODE_GRP,COM_CODE,COM_CODE_NM,COM_CODE_DESC,USE_YN) values ('IST','ET','제목 수정','제목 수정','Y');
Insert into COM_CODE (COM_CODE_GRP,COM_CODE,COM_CODE_NM,COM_CODE_DESC,USE_YN) values ('IST','EL','라벨 수정','라벨 수정','Y');
Insert into COM_CODE (COM_CODE_GRP,COM_CODE,COM_CODE_NM,COM_CODE_DESC,USE_YN) values ('IST','EP','중요도 수정','중요도 수정','Y');
Insert into COM_CODE (COM_CODE_GRP,COM_CODE,COM_CODE_NM,COM_CODE_DESC,USE_YN) values ('IST','AA','담당자 추가','담당자 추가','Y');
Insert into COM_CODE (COM_CODE_GRP,COM_CODE,COM_CODE_NM,COM_CODE_DESC,USE_YN) values ('IST','EM','마일스톤수정','마일스톤수정','Y');
Insert into COM_CODE (COM_CODE_GRP,COM_CODE,COM_CODE_NM,COM_CODE_DESC,USE_YN) values ('IST','ES','시작일 수정','시작일 수정','Y');
Insert into COM_CODE (COM_CODE_GRP,COM_CODE,COM_CODE_NM,COM_CODE_DESC,USE_YN) values ('IST','EE','종료일 수정','종료일 수정','Y');
Insert into COM_CODE (COM_CODE_GRP,COM_CODE,COM_CODE_NM,COM_CODE_DESC,USE_YN) values ('IST','RL','라벨 삭제','라벨 삭제','Y');
Insert into COM_CODE (COM_CODE_GRP,COM_CODE,COM_CODE_NM,COM_CODE_DESC,USE_YN) values ('IST','RP','중요도 삭제','중요도 삭제','Y');
Insert into COM_CODE (COM_CODE_GRP,COM_CODE,COM_CODE_NM,COM_CODE_DESC,USE_YN) values ('IST','RA','담당자 삭제','담당자 삭제','Y');
Insert into COM_CODE (COM_CODE_GRP,COM_CODE,COM_CODE_NM,COM_CODE_DESC,USE_YN) values ('IST','RM','마일스톤 삭제','마일스톤 삭제','Y');
Insert into COM_CODE (COM_CODE_GRP,COM_CODE,COM_CODE_NM,COM_CODE_DESC,USE_YN) values ('IST','IO','이슈오픈','이슈오픈','Y');
Insert into COM_CODE (COM_CODE_GRP,COM_CODE,COM_CODE_NM,COM_CODE_DESC,USE_YN) values ('IST','IC','이슈클로즈','이슈클로즈','Y');
REM INSERTING into COM_CODE_GRP
SET DEFINE OFF;
Insert into COM_CODE_GRP (COM_CODE_GRP,COM_CODE_GRP_NM,CODE_GRP_DESC,USE_YN) values ('MS','회원 상태','회원의 온라인,오프라인, 휴가 상태등를 알려준다.','Y');
Insert into COM_CODE_GRP (COM_CODE_GRP,COM_CODE_GRP_NM,CODE_GRP_DESC,USE_YN) values ('PR','중요도','중요도를 알려준다. (프로젝트내 중요도 설정은  2진법으로 진행)','Y');
Insert into COM_CODE_GRP (COM_CODE_GRP,COM_CODE_GRP_NM,CODE_GRP_DESC,USE_YN) values ('MD','모듈','이슈, 간트차트, 뉴스, 위키등 프로젝트 내 모듈 사용을 구분 할 수 있다.','Y');
Insert into COM_CODE_GRP (COM_CODE_GRP,COM_CODE_GRP_NM,CODE_GRP_DESC,USE_YN) values ('AT','알림 유형','알림 유형을 구분 할 수 있다.','Y');
Insert into COM_CODE_GRP (COM_CODE_GRP,COM_CODE_GRP_NM,CODE_GRP_DESC,USE_YN) values ('RT','저장소 종류','GIT 과 SVN 저장소 종류를 구분 할 수 있다.','Y');
Insert into COM_CODE_GRP (COM_CODE_GRP,COM_CODE_GRP_NM,CODE_GRP_DESC,USE_YN) values ('FT','문의 유형','자주 묻는 질문에 대한 유형을 구분 할 수 있다.','Y');
Insert into COM_CODE_GRP (COM_CODE_GRP,COM_CODE_GRP_NM,CODE_GRP_DESC,USE_YN) values ('IST','이슈 히스토리 유형','이슈 제목 수정, 댓글 작성, 라벨 설정,  ','Y');
Insert into COM_CODE_GRP (COM_CODE_GRP,COM_CODE_GRP_NM,CODE_GRP_DESC,USE_YN) values ('BR','기본 역할','AA,BA,QA,DA','Y');
REM INSERTING into FAQ
SET DEFINE OFF;
REM INSERTING into FORBIDDEN_PROJ_TITLE
SET DEFINE OFF;
Insert into FORBIDDEN_PROJ_TITLE (FORBIDDEN_PROJ_TITLE,REASON) values ('overview',null);
Insert into FORBIDDEN_PROJ_TITLE (FORBIDDEN_PROJ_TITLE,REASON) values ('help',null);
Insert into FORBIDDEN_PROJ_TITLE (FORBIDDEN_PROJ_TITLE,REASON) values ('setting',null);
REM INSERTING into INQUIRY
SET DEFINE OFF;
Insert into INQUIRY (INQ_NO,MEM_NO,INQ_CONT,INQ_DATE,INQ_STATUS_YN,ATCH_FILE_SID) values (1,1,'문의내용1',to_date('2021/05/04','RRRR/MM/DD'),'Y',null);
Insert into INQUIRY (INQ_NO,MEM_NO,INQ_CONT,INQ_DATE,INQ_STATUS_YN,ATCH_FILE_SID) values (2,1,'문의내용2',to_date('2021/05/03','RRRR/MM/DD'),'N',null);
Insert into INQUIRY (INQ_NO,MEM_NO,INQ_CONT,INQ_DATE,INQ_STATUS_YN,ATCH_FILE_SID) values (3,1,'문의내용3',to_date('2021/05/05','RRRR/MM/DD'),'Y',null);
Insert into INQUIRY (INQ_NO,MEM_NO,INQ_CONT,INQ_DATE,INQ_STATUS_YN,ATCH_FILE_SID) values (4,1,'문의내용4',to_date('2021/05/03','RRRR/MM/DD'),'Y',null);
Insert into INQUIRY (INQ_NO,MEM_NO,INQ_CONT,INQ_DATE,INQ_STATUS_YN,ATCH_FILE_SID) values (5,1,'문의내용5',to_date('2021/05/03','RRRR/MM/DD'),'Y',null);
Insert into INQUIRY (INQ_NO,MEM_NO,INQ_CONT,INQ_DATE,INQ_STATUS_YN,ATCH_FILE_SID) values (6,1,'문의내용6',to_date('2021/05/03','RRRR/MM/DD'),'Y',null);
Insert into INQUIRY (INQ_NO,MEM_NO,INQ_CONT,INQ_DATE,INQ_STATUS_YN,ATCH_FILE_SID) values (7,1,'문의내용7',to_date('2021/05/03','RRRR/MM/DD'),'Y',null);
Insert into INQUIRY (INQ_NO,MEM_NO,INQ_CONT,INQ_DATE,INQ_STATUS_YN,ATCH_FILE_SID) values (8,1,'문의내용8',to_date('2021/05/03','RRRR/MM/DD'),'Y',null);
Insert into INQUIRY (INQ_NO,MEM_NO,INQ_CONT,INQ_DATE,INQ_STATUS_YN,ATCH_FILE_SID) values (9,1,'문의내용9',to_date('2021/05/03','RRRR/MM/DD'),'Y',null);
Insert into INQUIRY (INQ_NO,MEM_NO,INQ_CONT,INQ_DATE,INQ_STATUS_YN,ATCH_FILE_SID) values (10,1,'문의내용10',to_date('2021/05/03','RRRR/MM/DD'),'Y',null);
Insert into INQUIRY (INQ_NO,MEM_NO,INQ_CONT,INQ_DATE,INQ_STATUS_YN,ATCH_FILE_SID) values (11,1,'문의내용11',to_date('2021/05/03','RRRR/MM/DD'),'Y',null);
Insert into INQUIRY (INQ_NO,MEM_NO,INQ_CONT,INQ_DATE,INQ_STATUS_YN,ATCH_FILE_SID) values (12,1,'문의내용12',to_date('2021/05/03','RRRR/MM/DD'),'Y',null);
Insert into INQUIRY (INQ_NO,MEM_NO,INQ_CONT,INQ_DATE,INQ_STATUS_YN,ATCH_FILE_SID) values (13,1,'문의내용13',to_date('2021/05/03','RRRR/MM/DD'),'Y',null);
Insert into INQUIRY (INQ_NO,MEM_NO,INQ_CONT,INQ_DATE,INQ_STATUS_YN,ATCH_FILE_SID) values (14,1,'문의내용14',to_date('2021/05/03','RRRR/MM/DD'),'Y',null);
Insert into INQUIRY (INQ_NO,MEM_NO,INQ_CONT,INQ_DATE,INQ_STATUS_YN,ATCH_FILE_SID) values (15,1,'문의내용15',to_date('2021/05/03','RRRR/MM/DD'),'Y',null);
Insert into INQUIRY (INQ_NO,MEM_NO,INQ_CONT,INQ_DATE,INQ_STATUS_YN,ATCH_FILE_SID) values (16,1,'문의내용16',to_date('2021/05/03','RRRR/MM/DD'),'Y',null);
Insert into INQUIRY (INQ_NO,MEM_NO,INQ_CONT,INQ_DATE,INQ_STATUS_YN,ATCH_FILE_SID) values (17,1,'문의내용17',to_date('2021/05/03','RRRR/MM/DD'),'Y',null);
REM INSERTING into INQUIRY_COMMENT
SET DEFINE OFF;
Insert into INQUIRY_COMMENT (INQ_COM_NO,INQ_NO,PROV_ID,INQ_COM_CONT,INQ_COM_DATE,ATCH_FILE_SID) values (62,3,'admin22',' final testing toaster nospace123',to_date('2021/06/19','RRRR/MM/DD'),null);
Insert into INQUIRY_COMMENT (INQ_COM_NO,INQ_NO,PROV_ID,INQ_COM_CONT,INQ_COM_DATE,ATCH_FILE_SID) values (64,3,'admin22','  final testing toaster nospace12345',to_date('2021/06/19','RRRR/MM/DD'),null);
Insert into INQUIRY_COMMENT (INQ_COM_NO,INQ_NO,PROV_ID,INQ_COM_CONT,INQ_COM_DATE,ATCH_FILE_SID) values (61,3,'admin22',' final testing toaster nospace123',to_date('2021/06/19','RRRR/MM/DD'),null);
Insert into INQUIRY_COMMENT (INQ_COM_NO,INQ_NO,PROV_ID,INQ_COM_CONT,INQ_COM_DATE,ATCH_FILE_SID) values (63,3,'admin22','  final testing toaster nospace12345',to_date('2021/06/19','RRRR/MM/DD'),null);
Insert into INQUIRY_COMMENT (INQ_COM_NO,INQ_NO,PROV_ID,INQ_COM_CONT,INQ_COM_DATE,ATCH_FILE_SID) values (1,1,'admin1','문의 답변 내용 1',to_date('2021/05/03','RRRR/MM/DD'),null);
Insert into INQUIRY_COMMENT (INQ_COM_NO,INQ_NO,PROV_ID,INQ_COM_CONT,INQ_COM_DATE,ATCH_FILE_SID) values (4,4,'admin1','문의 답변 내용 4',to_date('2021/05/03','RRRR/MM/DD'),null);
Insert into INQUIRY_COMMENT (INQ_COM_NO,INQ_NO,PROV_ID,INQ_COM_CONT,INQ_COM_DATE,ATCH_FILE_SID) values (5,5,'admin1','문의 답변 내용 5',to_date('2021/05/03','RRRR/MM/DD'),null);
Insert into INQUIRY_COMMENT (INQ_COM_NO,INQ_NO,PROV_ID,INQ_COM_CONT,INQ_COM_DATE,ATCH_FILE_SID) values (6,6,'admin1','문의 답변 내용 6',to_date('2021/05/03','RRRR/MM/DD'),null);
Insert into INQUIRY_COMMENT (INQ_COM_NO,INQ_NO,PROV_ID,INQ_COM_CONT,INQ_COM_DATE,ATCH_FILE_SID) values (7,7,'admin1','문의 답변 내용 7',to_date('2021/05/03','RRRR/MM/DD'),null);
Insert into INQUIRY_COMMENT (INQ_COM_NO,INQ_NO,PROV_ID,INQ_COM_CONT,INQ_COM_DATE,ATCH_FILE_SID) values (8,8,'admin1','문의 답변 내용 8',to_date('2021/05/03','RRRR/MM/DD'),null);
Insert into INQUIRY_COMMENT (INQ_COM_NO,INQ_NO,PROV_ID,INQ_COM_CONT,INQ_COM_DATE,ATCH_FILE_SID) values (9,9,'admin1','문의 답변 내용 9',to_date('2021/05/03','RRRR/MM/DD'),null);
Insert into INQUIRY_COMMENT (INQ_COM_NO,INQ_NO,PROV_ID,INQ_COM_CONT,INQ_COM_DATE,ATCH_FILE_SID) values (10,10,'admin1','문의 답변 내용 10',to_date('2021/05/03','RRRR/MM/DD'),null);
Insert into INQUIRY_COMMENT (INQ_COM_NO,INQ_NO,PROV_ID,INQ_COM_CONT,INQ_COM_DATE,ATCH_FILE_SID) values (11,11,'admin1','문의 답변 내용 11',to_date('2021/05/03','RRRR/MM/DD'),null);
Insert into INQUIRY_COMMENT (INQ_COM_NO,INQ_NO,PROV_ID,INQ_COM_CONT,INQ_COM_DATE,ATCH_FILE_SID) values (12,12,'admin1','문의 답변 내용 12',to_date('2021/05/03','RRRR/MM/DD'),null);
Insert into INQUIRY_COMMENT (INQ_COM_NO,INQ_NO,PROV_ID,INQ_COM_CONT,INQ_COM_DATE,ATCH_FILE_SID) values (13,13,'admin1','문의 답변 내용 13',to_date('2021/05/03','RRRR/MM/DD'),null);
Insert into INQUIRY_COMMENT (INQ_COM_NO,INQ_NO,PROV_ID,INQ_COM_CONT,INQ_COM_DATE,ATCH_FILE_SID) values (14,14,'admin1','문의 답변 내용 14',to_date('2021/05/03','RRRR/MM/DD'),null);
Insert into INQUIRY_COMMENT (INQ_COM_NO,INQ_NO,PROV_ID,INQ_COM_CONT,INQ_COM_DATE,ATCH_FILE_SID) values (15,15,'admin1','문의 답변 내용 15',to_date('2021/05/03','RRRR/MM/DD'),null);
Insert into INQUIRY_COMMENT (INQ_COM_NO,INQ_NO,PROV_ID,INQ_COM_CONT,INQ_COM_DATE,ATCH_FILE_SID) values (16,16,'admin1','문의 답변 내용 16',to_date('2021/05/03','RRRR/MM/DD'),null);
Insert into INQUIRY_COMMENT (INQ_COM_NO,INQ_NO,PROV_ID,INQ_COM_CONT,INQ_COM_DATE,ATCH_FILE_SID) values (17,17,'admin1','문의 답변 내용 17',to_date('2021/05/03','RRRR/MM/DD'),null);
Insert into INQUIRY_COMMENT (INQ_COM_NO,INQ_NO,PROV_ID,INQ_COM_CONT,INQ_COM_DATE,ATCH_FILE_SID) values (48,3,'admin22','final testing toaster',to_date('2021/06/14','RRRR/MM/DD'),null);
Insert into INQUIRY_COMMENT (INQ_COM_NO,INQ_NO,PROV_ID,INQ_COM_CONT,INQ_COM_DATE,ATCH_FILE_SID) values (49,3,'admin22','final testing toaster nospace',to_date('2021/06/14','RRRR/MM/DD'),null);
REM INSERTING into ISSUE
SET DEFINE OFF;
Insert into ISSUE (ISSUE_SID,ISSUE_NO,MEM_NO,LABEL_NO,MILEST_SID,PROJ_NO,ISSUE_TITLE,ISSUE_CREATE_DATE,ISSUE_START_DATE,ISSUE_END_DATE,ISSUE_STATUS,ISSUE_PRIORITY,PROGRESS) values (22,19,4,null,null,1,'힘들다',to_date('2021/06/03','RRRR/MM/DD'),null,null,'1',3,0);
Insert into ISSUE (ISSUE_SID,ISSUE_NO,MEM_NO,LABEL_NO,MILEST_SID,PROJ_NO,ISSUE_TITLE,ISSUE_CREATE_DATE,ISSUE_START_DATE,ISSUE_END_DATE,ISSUE_STATUS,ISSUE_PRIORITY,PROGRESS) values (23,20,4,null,null,1,'페이징떔에 이슈 등록하기',to_date('2021/06/03','RRRR/MM/DD'),null,null,'1',3,0);
Insert into ISSUE (ISSUE_SID,ISSUE_NO,MEM_NO,LABEL_NO,MILEST_SID,PROJ_NO,ISSUE_TITLE,ISSUE_CREATE_DATE,ISSUE_START_DATE,ISSUE_END_DATE,ISSUE_STATUS,ISSUE_PRIORITY,PROGRESS) values (24,21,4,null,null,1,'하나 더 쓰기',to_date('2021/06/03','RRRR/MM/DD'),null,null,'1',3,0);
Insert into ISSUE (ISSUE_SID,ISSUE_NO,MEM_NO,LABEL_NO,MILEST_SID,PROJ_NO,ISSUE_TITLE,ISSUE_CREATE_DATE,ISSUE_START_DATE,ISSUE_END_DATE,ISSUE_STATUS,ISSUE_PRIORITY,PROGRESS) values (129,1,4,41,null,104,'ㅁㄴㅇㄹㄹㄴㅇ',to_date('2021/06/21','RRRR/MM/DD'),to_date('2021/06/21','RRRR/MM/DD'),to_date('2021/06/25','RRRR/MM/DD'),'0',1,0);
Insert into ISSUE (ISSUE_SID,ISSUE_NO,MEM_NO,LABEL_NO,MILEST_SID,PROJ_NO,ISSUE_TITLE,ISSUE_CREATE_DATE,ISSUE_START_DATE,ISSUE_END_DATE,ISSUE_STATUS,ISSUE_PRIORITY,PROGRESS) values (130,2,4,41,null,104,'ㄴㄹㅇㅁㄴㅇㄹㄴㄹㅇ',to_date('2021/06/21','RRRR/MM/DD'),null,null,'0',3,0);
Insert into ISSUE (ISSUE_SID,ISSUE_NO,MEM_NO,LABEL_NO,MILEST_SID,PROJ_NO,ISSUE_TITLE,ISSUE_CREATE_DATE,ISSUE_START_DATE,ISSUE_END_DATE,ISSUE_STATUS,ISSUE_PRIORITY,PROGRESS) values (131,1,4,null,null,121,'123',to_date('2021/06/21','RRRR/MM/DD'),null,null,'0',null,0);
Insert into ISSUE (ISSUE_SID,ISSUE_NO,MEM_NO,LABEL_NO,MILEST_SID,PROJ_NO,ISSUE_TITLE,ISSUE_CREATE_DATE,ISSUE_START_DATE,ISSUE_END_DATE,ISSUE_STATUS,ISSUE_PRIORITY,PROGRESS) values (139,7,3,null,18,103,'중간 프로젝트 산출물 작업',to_date('2021/06/22','RRRR/MM/DD'),null,null,'0',null,0);
Insert into ISSUE (ISSUE_SID,ISSUE_NO,MEM_NO,LABEL_NO,MILEST_SID,PROJ_NO,ISSUE_TITLE,ISSUE_CREATE_DATE,ISSUE_START_DATE,ISSUE_END_DATE,ISSUE_STATUS,ISSUE_PRIORITY,PROGRESS) values (140,8,3,null,18,103,'DB table 설계',to_date('2021/06/22','RRRR/MM/DD'),null,null,'0',null,0);
Insert into ISSUE (ISSUE_SID,ISSUE_NO,MEM_NO,LABEL_NO,MILEST_SID,PROJ_NO,ISSUE_TITLE,ISSUE_CREATE_DATE,ISSUE_START_DATE,ISSUE_END_DATE,ISSUE_STATUS,ISSUE_PRIORITY,PROGRESS) values (142,5,4,41,20,104,'시작일',to_date('2021/06/22','RRRR/MM/DD'),to_date('2021/06/24','RRRR/MM/DD'),to_date('2021/06/30','RRRR/MM/DD'),'0',null,0);
Insert into ISSUE (ISSUE_SID,ISSUE_NO,MEM_NO,LABEL_NO,MILEST_SID,PROJ_NO,ISSUE_TITLE,ISSUE_CREATE_DATE,ISSUE_START_DATE,ISSUE_END_DATE,ISSUE_STATUS,ISSUE_PRIORITY,PROGRESS) values (64,61,4,null,null,1,'스팸 글 쓴다61',to_date('2021/06/03','RRRR/MM/DD'),null,null,'1',3,0);
Insert into ISSUE (ISSUE_SID,ISSUE_NO,MEM_NO,LABEL_NO,MILEST_SID,PROJ_NO,ISSUE_TITLE,ISSUE_CREATE_DATE,ISSUE_START_DATE,ISSUE_END_DATE,ISSUE_STATUS,ISSUE_PRIORITY,PROGRESS) values (84,81,4,null,null,1,'스팸 글 쓴다84',to_date('2021/06/03','RRRR/MM/DD'),null,null,'1',3,0);
Insert into ISSUE (ISSUE_SID,ISSUE_NO,MEM_NO,LABEL_NO,MILEST_SID,PROJ_NO,ISSUE_TITLE,ISSUE_CREATE_DATE,ISSUE_START_DATE,ISSUE_END_DATE,ISSUE_STATUS,ISSUE_PRIORITY,PROGRESS) values (100,97,4,null,null,1,'스팸 글 쓴다100',to_date('2021/06/03','RRRR/MM/DD'),null,null,'1',3,0);
Insert into ISSUE (ISSUE_SID,ISSUE_NO,MEM_NO,LABEL_NO,MILEST_SID,PROJ_NO,ISSUE_TITLE,ISSUE_CREATE_DATE,ISSUE_START_DATE,ISSUE_END_DATE,ISSUE_STATUS,ISSUE_PRIORITY,PROGRESS) values (104,101,4,null,null,1,'페이징 처리 했슴니다',to_date('2021/06/03','RRRR/MM/DD'),null,null,'1',3,0);
Insert into ISSUE (ISSUE_SID,ISSUE_NO,MEM_NO,LABEL_NO,MILEST_SID,PROJ_NO,ISSUE_TITLE,ISSUE_CREATE_DATE,ISSUE_START_DATE,ISSUE_END_DATE,ISSUE_STATUS,ISSUE_PRIORITY,PROGRESS) values (105,102,4,null,null,1,'새로 등록하기',to_date('2021/06/03','RRRR/MM/DD'),null,null,'1',3,0);
Insert into ISSUE (ISSUE_SID,ISSUE_NO,MEM_NO,LABEL_NO,MILEST_SID,PROJ_NO,ISSUE_TITLE,ISSUE_CREATE_DATE,ISSUE_START_DATE,ISSUE_END_DATE,ISSUE_STATUS,ISSUE_PRIORITY,PROGRESS) values (106,103,4,null,null,1,'등록테스트',to_date('2021/06/03','RRRR/MM/DD'),null,null,'1',3,0);
Insert into ISSUE (ISSUE_SID,ISSUE_NO,MEM_NO,LABEL_NO,MILEST_SID,PROJ_NO,ISSUE_TITLE,ISSUE_CREATE_DATE,ISSUE_START_DATE,ISSUE_END_DATE,ISSUE_STATUS,ISSUE_PRIORITY,PROGRESS) values (107,104,4,null,null,1,'등록 또 해봅니다',to_date('2021/06/03','RRRR/MM/DD'),null,null,'1',3,0);
Insert into ISSUE (ISSUE_SID,ISSUE_NO,MEM_NO,LABEL_NO,MILEST_SID,PROJ_NO,ISSUE_TITLE,ISSUE_CREATE_DATE,ISSUE_START_DATE,ISSUE_END_DATE,ISSUE_STATUS,ISSUE_PRIORITY,PROGRESS) values (112,109,4,null,null,1,'끝없는 테스트',to_date('2021/06/03','RRRR/MM/DD'),null,null,'1',3,0);
Insert into ISSUE (ISSUE_SID,ISSUE_NO,MEM_NO,LABEL_NO,MILEST_SID,PROJ_NO,ISSUE_TITLE,ISSUE_CREATE_DATE,ISSUE_START_DATE,ISSUE_END_DATE,ISSUE_STATUS,ISSUE_PRIORITY,PROGRESS) values (114,111,4,5,null,1,'이슈 작성 칸반에 바로 등록',to_date('2021/06/06','RRRR/MM/DD'),null,null,'1',1,0);
Insert into ISSUE (ISSUE_SID,ISSUE_NO,MEM_NO,LABEL_NO,MILEST_SID,PROJ_NO,ISSUE_TITLE,ISSUE_CREATE_DATE,ISSUE_START_DATE,ISSUE_END_DATE,ISSUE_STATUS,ISSUE_PRIORITY,PROGRESS) values (116,113,3,null,null,1,'이슈 입니다',to_date('2021/06/10','RRRR/MM/DD'),null,null,'1',3,0);
Insert into ISSUE (ISSUE_SID,ISSUE_NO,MEM_NO,LABEL_NO,MILEST_SID,PROJ_NO,ISSUE_TITLE,ISSUE_CREATE_DATE,ISSUE_START_DATE,ISSUE_END_DATE,ISSUE_STATUS,ISSUE_PRIORITY,PROGRESS) values (123,119,4,7,8,1,'제목 수정 테스트 입니다. 잘 작동 합니다. 굿!!!~~~',to_date('2021/06/18','RRRR/MM/DD'),to_date('2021/07/01','RRRR/MM/DD'),to_date('2021/07/02','RRRR/MM/DD'),'1',0,0);
Insert into ISSUE (ISSUE_SID,ISSUE_NO,MEM_NO,LABEL_NO,MILEST_SID,PROJ_NO,ISSUE_TITLE,ISSUE_CREATE_DATE,ISSUE_START_DATE,ISSUE_END_DATE,ISSUE_STATUS,ISSUE_PRIORITY,PROGRESS) values (124,1,4,null,null,25,'이슈 적기',to_date('2021/06/19','RRRR/MM/DD'),null,null,'0',null,0);
Insert into ISSUE (ISSUE_SID,ISSUE_NO,MEM_NO,LABEL_NO,MILEST_SID,PROJ_NO,ISSUE_TITLE,ISSUE_CREATE_DATE,ISSUE_START_DATE,ISSUE_END_DATE,ISSUE_STATUS,ISSUE_PRIORITY,PROGRESS) values (126,121,4,null,14,1,'뉴스에 사진 업로드 지원',to_date('2021/06/21','RRRR/MM/DD'),to_date('2021/06/21','RRRR/MM/DD'),to_date('2021/06/21','RRRR/MM/DD'),'0',1,0);
Insert into ISSUE (ISSUE_SID,ISSUE_NO,MEM_NO,LABEL_NO,MILEST_SID,PROJ_NO,ISSUE_TITLE,ISSUE_CREATE_DATE,ISSUE_START_DATE,ISSUE_END_DATE,ISSUE_STATUS,ISSUE_PRIORITY,PROGRESS) values (7,1,5,null,null,2,'테스트용 2번 프로젝트 이슈',to_date('2021/05/05','RRRR/MM/DD'),to_date('2021/05/05','RRRR/MM/DD'),to_date('2021/05/08','RRRR/MM/DD'),'1',1,null);
Insert into ISSUE (ISSUE_SID,ISSUE_NO,MEM_NO,LABEL_NO,MILEST_SID,PROJ_NO,ISSUE_TITLE,ISSUE_CREATE_DATE,ISSUE_START_DATE,ISSUE_END_DATE,ISSUE_STATUS,ISSUE_PRIORITY,PROGRESS) values (20,17,4,null,null,1,'이슈 작성해본다',to_date('2021/06/02','RRRR/MM/DD'),to_date('2021/06/03','RRRR/MM/DD'),to_date('2021/06/04','RRRR/MM/DD'),'1',3,0);
Insert into ISSUE (ISSUE_SID,ISSUE_NO,MEM_NO,LABEL_NO,MILEST_SID,PROJ_NO,ISSUE_TITLE,ISSUE_CREATE_DATE,ISSUE_START_DATE,ISSUE_END_DATE,ISSUE_STATUS,ISSUE_PRIORITY,PROGRESS) values (21,18,4,null,null,1,'아몰랑 들어 가나?',to_date('2021/06/02','RRRR/MM/DD'),null,null,'1',3,0);
Insert into ISSUE (ISSUE_SID,ISSUE_NO,MEM_NO,LABEL_NO,MILEST_SID,PROJ_NO,ISSUE_TITLE,ISSUE_CREATE_DATE,ISSUE_START_DATE,ISSUE_END_DATE,ISSUE_STATUS,ISSUE_PRIORITY,PROGRESS) values (108,105,4,null,null,1,'이슈를 칸반에 바로 추가 할 수 있을까?',to_date('2021/06/03','RRRR/MM/DD'),null,null,'1',3,0);
Insert into ISSUE (ISSUE_SID,ISSUE_NO,MEM_NO,LABEL_NO,MILEST_SID,PROJ_NO,ISSUE_TITLE,ISSUE_CREATE_DATE,ISSUE_START_DATE,ISSUE_END_DATE,ISSUE_STATUS,ISSUE_PRIORITY,PROGRESS) values (109,106,4,null,null,1,'이슈를 칸반에 바로 추가 할 수 있을까?',to_date('2021/06/03','RRRR/MM/DD'),null,null,'1',3,0);
Insert into ISSUE (ISSUE_SID,ISSUE_NO,MEM_NO,LABEL_NO,MILEST_SID,PROJ_NO,ISSUE_TITLE,ISSUE_CREATE_DATE,ISSUE_START_DATE,ISSUE_END_DATE,ISSUE_STATUS,ISSUE_PRIORITY,PROGRESS) values (110,107,4,null,null,1,'일반 이슈 등록',to_date('2021/06/03','RRRR/MM/DD'),null,null,'1',3,0);
Insert into ISSUE (ISSUE_SID,ISSUE_NO,MEM_NO,LABEL_NO,MILEST_SID,PROJ_NO,ISSUE_TITLE,ISSUE_CREATE_DATE,ISSUE_START_DATE,ISSUE_END_DATE,ISSUE_STATUS,ISSUE_PRIORITY,PROGRESS) values (111,108,4,null,null,1,'끝없는 테스트',to_date('2021/06/03','RRRR/MM/DD'),null,null,'1',3,0);
Insert into ISSUE (ISSUE_SID,ISSUE_NO,MEM_NO,LABEL_NO,MILEST_SID,PROJ_NO,ISSUE_TITLE,ISSUE_CREATE_DATE,ISSUE_START_DATE,ISSUE_END_DATE,ISSUE_STATUS,ISSUE_PRIORITY,PROGRESS) values (119,1,4,null,null,23,'새 프로젝트 테스트',to_date('2021/06/14','RRRR/MM/DD'),null,null,'0',3,0);
Insert into ISSUE (ISSUE_SID,ISSUE_NO,MEM_NO,LABEL_NO,MILEST_SID,PROJ_NO,ISSUE_TITLE,ISSUE_CREATE_DATE,ISSUE_START_DATE,ISSUE_END_DATE,ISSUE_STATUS,ISSUE_PRIORITY,PROGRESS) values (135,3,3,null,null,103,'초급 프로젝트 종료 후 자리 바꿈',to_date('2021/06/22','RRRR/MM/DD'),null,null,'0',2,0);
Insert into ISSUE (ISSUE_SID,ISSUE_NO,MEM_NO,LABEL_NO,MILEST_SID,PROJ_NO,ISSUE_TITLE,ISSUE_CREATE_DATE,ISSUE_START_DATE,ISSUE_END_DATE,ISSUE_STATUS,ISSUE_PRIORITY,PROGRESS) values (143,6,3,null,null,104,'이슈 날짜 테스트',to_date('2021/06/22','RRRR/MM/DD'),to_date('2021/06/28','RRRR/MM/DD'),to_date('2021/06/30','RRRR/MM/DD'),'0',null,0);
Insert into ISSUE (ISSUE_SID,ISSUE_NO,MEM_NO,LABEL_NO,MILEST_SID,PROJ_NO,ISSUE_TITLE,ISSUE_CREATE_DATE,ISSUE_START_DATE,ISSUE_END_DATE,ISSUE_STATUS,ISSUE_PRIORITY,PROGRESS) values (8,2,4,null,null,2,'테스트용',to_date('2021/05/05','RRRR/MM/DD'),to_date('2021/05/05','RRRR/MM/DD'),to_date('2021/05/08','RRRR/MM/DD'),'1',3,80);
Insert into ISSUE (ISSUE_SID,ISSUE_NO,MEM_NO,LABEL_NO,MILEST_SID,PROJ_NO,ISSUE_TITLE,ISSUE_CREATE_DATE,ISSUE_START_DATE,ISSUE_END_DATE,ISSUE_STATUS,ISSUE_PRIORITY,PROGRESS) values (9,7,1,null,null,1,'테스트테스트',to_date('2021/05/05','RRRR/MM/DD'),to_date('2021/05/05','RRRR/MM/DD'),to_date('2021/05/11','RRRR/MM/DD'),'1',3,40);
Insert into ISSUE (ISSUE_SID,ISSUE_NO,MEM_NO,LABEL_NO,MILEST_SID,PROJ_NO,ISSUE_TITLE,ISSUE_CREATE_DATE,ISSUE_START_DATE,ISSUE_END_DATE,ISSUE_STATUS,ISSUE_PRIORITY,PROGRESS) values (19,16,4,null,null,1,'lt gt 루시 필터 제외 테스트',to_date('2021/06/02','RRRR/MM/DD'),null,null,'1',3,0);
Insert into ISSUE (ISSUE_SID,ISSUE_NO,MEM_NO,LABEL_NO,MILEST_SID,PROJ_NO,ISSUE_TITLE,ISSUE_CREATE_DATE,ISSUE_START_DATE,ISSUE_END_DATE,ISSUE_STATUS,ISSUE_PRIORITY,PROGRESS) values (117,114,4,null,null,1,'이슈 등록한다.',to_date('2021/06/12','RRRR/MM/DD'),null,null,'1',3,0);
Insert into ISSUE (ISSUE_SID,ISSUE_NO,MEM_NO,LABEL_NO,MILEST_SID,PROJ_NO,ISSUE_TITLE,ISSUE_CREATE_DATE,ISSUE_START_DATE,ISSUE_END_DATE,ISSUE_STATUS,ISSUE_PRIORITY,PROGRESS) values (118,115,4,null,null,1,'ㅁㅁㅁ 테스트 또',to_date('2021/06/13','RRRR/MM/DD'),null,null,'1',3,0);
Insert into ISSUE (ISSUE_SID,ISSUE_NO,MEM_NO,LABEL_NO,MILEST_SID,PROJ_NO,ISSUE_TITLE,ISSUE_CREATE_DATE,ISSUE_START_DATE,ISSUE_END_DATE,ISSUE_STATUS,ISSUE_PRIORITY,PROGRESS) values (125,120,4,null,16,1,'뉴스에 사진 업로드 지원',to_date('2021/06/21','RRRR/MM/DD'),to_date('2021/06/21','RRRR/MM/DD'),to_date('2021/06/21','RRRR/MM/DD'),'1',2,0);
Insert into ISSUE (ISSUE_SID,ISSUE_NO,MEM_NO,LABEL_NO,MILEST_SID,PROJ_NO,ISSUE_TITLE,ISSUE_CREATE_DATE,ISSUE_START_DATE,ISSUE_END_DATE,ISSUE_STATUS,ISSUE_PRIORITY,PROGRESS) values (1,1,1,null,null,1,'첫번째 이슈 제목',to_date('2021/05/10','RRRR/MM/DD'),to_date('2021/05/10','RRRR/MM/DD'),to_date('2021/05/11','RRRR/MM/DD'),'1',1,30);
Insert into ISSUE (ISSUE_SID,ISSUE_NO,MEM_NO,LABEL_NO,MILEST_SID,PROJ_NO,ISSUE_TITLE,ISSUE_CREATE_DATE,ISSUE_START_DATE,ISSUE_END_DATE,ISSUE_STATUS,ISSUE_PRIORITY,PROGRESS) values (2,2,5,null,null,1,'두번째 이슈 제목',to_date('2021/05/04','RRRR/MM/DD'),to_date('2021/05/04','RRRR/MM/DD'),to_date('2021/05/11','RRRR/MM/DD'),'1',2,20);
Insert into ISSUE (ISSUE_SID,ISSUE_NO,MEM_NO,LABEL_NO,MILEST_SID,PROJ_NO,ISSUE_TITLE,ISSUE_CREATE_DATE,ISSUE_START_DATE,ISSUE_END_DATE,ISSUE_STATUS,ISSUE_PRIORITY,PROGRESS) values (3,3,5,null,null,1,'1번 프로젝트 3번 이슈',to_date('2021/05/05','RRRR/MM/DD'),to_date('2021/05/05','RRRR/MM/DD'),to_date('2021/05/11','RRRR/MM/DD'),'1',3,10);
Insert into ISSUE (ISSUE_SID,ISSUE_NO,MEM_NO,LABEL_NO,MILEST_SID,PROJ_NO,ISSUE_TITLE,ISSUE_CREATE_DATE,ISSUE_START_DATE,ISSUE_END_DATE,ISSUE_STATUS,ISSUE_PRIORITY,PROGRESS) values (4,4,4,null,null,1,'종료이슈제목',to_date('2021/05/07','RRRR/MM/DD'),to_date('2021/05/07','RRRR/MM/DD'),to_date('2021/05/11','RRRR/MM/DD'),'1',6,100);
Insert into ISSUE (ISSUE_SID,ISSUE_NO,MEM_NO,LABEL_NO,MILEST_SID,PROJ_NO,ISSUE_TITLE,ISSUE_CREATE_DATE,ISSUE_START_DATE,ISSUE_END_DATE,ISSUE_STATUS,ISSUE_PRIORITY,PROGRESS) values (5,5,4,null,null,1,'세번째 이슈 제목',to_date('2021/05/05','RRRR/MM/DD'),to_date('2021/05/05','RRRR/MM/DD'),to_date('2021/05/08','RRRR/MM/DD'),'1',1,80);
Insert into ISSUE (ISSUE_SID,ISSUE_NO,MEM_NO,LABEL_NO,MILEST_SID,PROJ_NO,ISSUE_TITLE,ISSUE_CREATE_DATE,ISSUE_START_DATE,ISSUE_END_DATE,ISSUE_STATUS,ISSUE_PRIORITY,PROGRESS) values (10,3,1,null,null,2,'eisen이 글씀',to_date('2021/05/22','RRRR/MM/DD'),to_date('2021/05/22','RRRR/MM/DD'),to_date('2021/05/22','RRRR/MM/DD'),'1',1,10);
Insert into ISSUE (ISSUE_SID,ISSUE_NO,MEM_NO,LABEL_NO,MILEST_SID,PROJ_NO,ISSUE_TITLE,ISSUE_CREATE_DATE,ISSUE_START_DATE,ISSUE_END_DATE,ISSUE_STATUS,ISSUE_PRIORITY,PROGRESS) values (14,11,4,null,null,1,'이슈 작성 기능 테스트',to_date('2021/06/02','RRRR/MM/DD'),null,null,'1',3,0);
Insert into ISSUE (ISSUE_SID,ISSUE_NO,MEM_NO,LABEL_NO,MILEST_SID,PROJ_NO,ISSUE_TITLE,ISSUE_CREATE_DATE,ISSUE_START_DATE,ISSUE_END_DATE,ISSUE_STATUS,ISSUE_PRIORITY,PROGRESS) values (113,110,4,null,null,1,'dfsa',to_date('2021/06/04','RRRR/MM/DD'),null,null,'1',3,0);
Insert into ISSUE (ISSUE_SID,ISSUE_NO,MEM_NO,LABEL_NO,MILEST_SID,PROJ_NO,ISSUE_TITLE,ISSUE_CREATE_DATE,ISSUE_START_DATE,ISSUE_END_DATE,ISSUE_STATUS,ISSUE_PRIORITY,PROGRESS) values (115,112,4,null,null,1,'이슈 작성 테스트',to_date('2021/06/09','RRRR/MM/DD'),null,null,'1',3,0);
Insert into ISSUE (ISSUE_SID,ISSUE_NO,MEM_NO,LABEL_NO,MILEST_SID,PROJ_NO,ISSUE_TITLE,ISSUE_CREATE_DATE,ISSUE_START_DATE,ISSUE_END_DATE,ISSUE_STATUS,ISSUE_PRIORITY,PROGRESS) values (120,116,4,null,5,1,'김두한',to_date('2021/06/16','RRRR/MM/DD'),to_date('2021/06/18','RRRR/MM/DD'),null,'1',2,0);
Insert into ISSUE (ISSUE_SID,ISSUE_NO,MEM_NO,LABEL_NO,MILEST_SID,PROJ_NO,ISSUE_TITLE,ISSUE_CREATE_DATE,ISSUE_START_DATE,ISSUE_END_DATE,ISSUE_STATUS,ISSUE_PRIORITY,PROGRESS) values (121,117,4,null,null,1,' 이슈 등록',to_date('2021/06/17','RRRR/MM/DD'),null,to_date('2021/06/25','RRRR/MM/DD'),'1',3,0);
Insert into ISSUE (ISSUE_SID,ISSUE_NO,MEM_NO,LABEL_NO,MILEST_SID,PROJ_NO,ISSUE_TITLE,ISSUE_CREATE_DATE,ISSUE_START_DATE,ISSUE_END_DATE,ISSUE_STATUS,ISSUE_PRIORITY,PROGRESS) values (122,118,4,11,8,1,'전체 이슈 등록 개선 테스트',to_date('2021/06/18','RRRR/MM/DD'),to_date('2021/06/10','RRRR/MM/DD'),to_date('2021/06/17','RRRR/MM/DD'),'1',2,0);
Insert into ISSUE (ISSUE_SID,ISSUE_NO,MEM_NO,LABEL_NO,MILEST_SID,PROJ_NO,ISSUE_TITLE,ISSUE_CREATE_DATE,ISSUE_START_DATE,ISSUE_END_DATE,ISSUE_STATUS,ISSUE_PRIORITY,PROGRESS) values (127,122,4,5,16,1,'캘린더 기능 구현',to_date('2021/06/21','RRRR/MM/DD'),to_date('2021/06/21','RRRR/MM/DD'),to_date('2021/06/21','RRRR/MM/DD'),'0',1,0);
Insert into ISSUE (ISSUE_SID,ISSUE_NO,MEM_NO,LABEL_NO,MILEST_SID,PROJ_NO,ISSUE_TITLE,ISSUE_CREATE_DATE,ISSUE_START_DATE,ISSUE_END_DATE,ISSUE_STATUS,ISSUE_PRIORITY,PROGRESS) values (128,123,4,5,16,1,'회원 페이지 만들기',to_date('2021/06/21','RRRR/MM/DD'),to_date('2021/06/22','RRRR/MM/DD'),to_date('2021/06/24','RRRR/MM/DD'),'0',1,0);
Insert into ISSUE (ISSUE_SID,ISSUE_NO,MEM_NO,LABEL_NO,MILEST_SID,PROJ_NO,ISSUE_TITLE,ISSUE_CREATE_DATE,ISSUE_START_DATE,ISSUE_END_DATE,ISSUE_STATUS,ISSUE_PRIORITY,PROGRESS) values (133,1,3,38,17,103,'초급프로젝트 주제 선정',to_date('2021/06/22','RRRR/MM/DD'),null,null,'0',1,0);
Insert into ISSUE (ISSUE_SID,ISSUE_NO,MEM_NO,LABEL_NO,MILEST_SID,PROJ_NO,ISSUE_TITLE,ISSUE_CREATE_DATE,ISSUE_START_DATE,ISSUE_END_DATE,ISSUE_STATUS,ISSUE_PRIORITY,PROGRESS) values (137,5,3,null,17,103,'초급 프로젝트 중간 컨펌',to_date('2021/06/22','RRRR/MM/DD'),null,null,'1',1,0);
Insert into ISSUE (ISSUE_SID,ISSUE_NO,MEM_NO,LABEL_NO,MILEST_SID,PROJ_NO,ISSUE_TITLE,ISSUE_CREATE_DATE,ISSUE_START_DATE,ISSUE_END_DATE,ISSUE_STATUS,ISSUE_PRIORITY,PROGRESS) values (138,6,3,38,18,103,'중간 프로젝트 주제선정',to_date('2021/06/22','RRRR/MM/DD'),null,null,'0',0,0);
Insert into ISSUE (ISSUE_SID,ISSUE_NO,MEM_NO,LABEL_NO,MILEST_SID,PROJ_NO,ISSUE_TITLE,ISSUE_CREATE_DATE,ISSUE_START_DATE,ISSUE_END_DATE,ISSUE_STATUS,ISSUE_PRIORITY,PROGRESS) values (141,4,4,null,null,104,'날자 테스트',to_date('2021/06/22','RRRR/MM/DD'),to_date('2021/06/22','RRRR/MM/DD'),to_date('2021/06/25','RRRR/MM/DD'),'0',null,0);
Insert into ISSUE (ISSUE_SID,ISSUE_NO,MEM_NO,LABEL_NO,MILEST_SID,PROJ_NO,ISSUE_TITLE,ISSUE_CREATE_DATE,ISSUE_START_DATE,ISSUE_END_DATE,ISSUE_STATUS,ISSUE_PRIORITY,PROGRESS) values (6,6,1,null,null,1,'d테스트',to_date('2021/05/05','RRRR/MM/DD'),to_date('2021/05/05','RRRR/MM/DD'),to_date('2021/05/08','RRRR/MM/DD'),'1',2,0);
Insert into ISSUE (ISSUE_SID,ISSUE_NO,MEM_NO,LABEL_NO,MILEST_SID,PROJ_NO,ISSUE_TITLE,ISSUE_CREATE_DATE,ISSUE_START_DATE,ISSUE_END_DATE,ISSUE_STATUS,ISSUE_PRIORITY,PROGRESS) values (11,8,4,null,null,1,'마일스톤 테스트용 이슈',to_date('2021/06/01','RRRR/MM/DD'),to_date('2021/09/21','RRRR/MM/DD'),to_date('2021/09/21','RRRR/MM/DD'),'1',2,10);
Insert into ISSUE (ISSUE_SID,ISSUE_NO,MEM_NO,LABEL_NO,MILEST_SID,PROJ_NO,ISSUE_TITLE,ISSUE_CREATE_DATE,ISSUE_START_DATE,ISSUE_END_DATE,ISSUE_STATUS,ISSUE_PRIORITY,PROGRESS) values (12,9,1,null,null,1,'테스트 이슈이슈',to_date('2021/05/05','RRRR/MM/DD'),to_date('2021/05/05','RRRR/MM/DD'),to_date('2021/05/11','RRRR/MM/DD'),'1',3,0);
Insert into ISSUE (ISSUE_SID,ISSUE_NO,MEM_NO,LABEL_NO,MILEST_SID,PROJ_NO,ISSUE_TITLE,ISSUE_CREATE_DATE,ISSUE_START_DATE,ISSUE_END_DATE,ISSUE_STATUS,ISSUE_PRIORITY,PROGRESS) values (17,14,4,null,null,1,'이슈 작성 또해요. 페이징해도 되겠다',to_date('2021/06/02','RRRR/MM/DD'),null,null,'1',3,0);
Insert into ISSUE (ISSUE_SID,ISSUE_NO,MEM_NO,LABEL_NO,MILEST_SID,PROJ_NO,ISSUE_TITLE,ISSUE_CREATE_DATE,ISSUE_START_DATE,ISSUE_END_DATE,ISSUE_STATUS,ISSUE_PRIORITY,PROGRESS) values (13,10,4,null,null,1,'이슈 하나 써보겠다',to_date('2021/06/01','RRRR/MM/DD'),null,null,'1',3,0);
Insert into ISSUE (ISSUE_SID,ISSUE_NO,MEM_NO,LABEL_NO,MILEST_SID,PROJ_NO,ISSUE_TITLE,ISSUE_CREATE_DATE,ISSUE_START_DATE,ISSUE_END_DATE,ISSUE_STATUS,ISSUE_PRIORITY,PROGRESS) values (18,15,4,null,null,1,'이슈 작성',to_date('2021/06/02','RRRR/MM/DD'),null,null,'1',3,0);
Insert into ISSUE (ISSUE_SID,ISSUE_NO,MEM_NO,LABEL_NO,MILEST_SID,PROJ_NO,ISSUE_TITLE,ISSUE_CREATE_DATE,ISSUE_START_DATE,ISSUE_END_DATE,ISSUE_STATUS,ISSUE_PRIORITY,PROGRESS) values (15,12,4,null,null,1,'이슈 하나 더 써봅니다',to_date('2021/06/02','RRRR/MM/DD'),null,null,'1',3,0);
Insert into ISSUE (ISSUE_SID,ISSUE_NO,MEM_NO,LABEL_NO,MILEST_SID,PROJ_NO,ISSUE_TITLE,ISSUE_CREATE_DATE,ISSUE_START_DATE,ISSUE_END_DATE,ISSUE_STATUS,ISSUE_PRIORITY,PROGRESS) values (16,13,4,null,null,1,'이슈 또 써요 테스트 때문엨',to_date('2021/06/02','RRRR/MM/DD'),null,null,'1',3,0);
Insert into ISSUE (ISSUE_SID,ISSUE_NO,MEM_NO,LABEL_NO,MILEST_SID,PROJ_NO,ISSUE_TITLE,ISSUE_CREATE_DATE,ISSUE_START_DATE,ISSUE_END_DATE,ISSUE_STATUS,ISSUE_PRIORITY,PROGRESS) values (132,3,4,43,null,104,'테스트 이슈',to_date('2021/06/22','RRRR/MM/DD'),null,null,'0',3,0);
Insert into ISSUE (ISSUE_SID,ISSUE_NO,MEM_NO,LABEL_NO,MILEST_SID,PROJ_NO,ISSUE_TITLE,ISSUE_CREATE_DATE,ISSUE_START_DATE,ISSUE_END_DATE,ISSUE_STATUS,ISSUE_PRIORITY,PROGRESS) values (134,2,3,null,17,103,'초급 프로젝트 산출물 작업',to_date('2021/06/22','RRRR/MM/DD'),null,null,'1',2,0);
REM INSERTING into ISSUE_ASSIGNEE
SET DEFINE OFF;
Insert into ISSUE_ASSIGNEE (MEM_NO,ISSUE_SID) values (1,1);
Insert into ISSUE_ASSIGNEE (MEM_NO,ISSUE_SID) values (1,4);
Insert into ISSUE_ASSIGNEE (MEM_NO,ISSUE_SID) values (1,6);
Insert into ISSUE_ASSIGNEE (MEM_NO,ISSUE_SID) values (1,8);
Insert into ISSUE_ASSIGNEE (MEM_NO,ISSUE_SID) values (1,10);
Insert into ISSUE_ASSIGNEE (MEM_NO,ISSUE_SID) values (1,122);
Insert into ISSUE_ASSIGNEE (MEM_NO,ISSUE_SID) values (1,127);
Insert into ISSUE_ASSIGNEE (MEM_NO,ISSUE_SID) values (1,129);
Insert into ISSUE_ASSIGNEE (MEM_NO,ISSUE_SID) values (2,1);
Insert into ISSUE_ASSIGNEE (MEM_NO,ISSUE_SID) values (2,5);
Insert into ISSUE_ASSIGNEE (MEM_NO,ISSUE_SID) values (2,6);
Insert into ISSUE_ASSIGNEE (MEM_NO,ISSUE_SID) values (2,7);
Insert into ISSUE_ASSIGNEE (MEM_NO,ISSUE_SID) values (2,8);
Insert into ISSUE_ASSIGNEE (MEM_NO,ISSUE_SID) values (2,9);
Insert into ISSUE_ASSIGNEE (MEM_NO,ISSUE_SID) values (2,10);
Insert into ISSUE_ASSIGNEE (MEM_NO,ISSUE_SID) values (2,129);
Insert into ISSUE_ASSIGNEE (MEM_NO,ISSUE_SID) values (2,130);
Insert into ISSUE_ASSIGNEE (MEM_NO,ISSUE_SID) values (2,142);
Insert into ISSUE_ASSIGNEE (MEM_NO,ISSUE_SID) values (3,2);
Insert into ISSUE_ASSIGNEE (MEM_NO,ISSUE_SID) values (3,5);
Insert into ISSUE_ASSIGNEE (MEM_NO,ISSUE_SID) values (3,6);
Insert into ISSUE_ASSIGNEE (MEM_NO,ISSUE_SID) values (3,7);
Insert into ISSUE_ASSIGNEE (MEM_NO,ISSUE_SID) values (3,8);
Insert into ISSUE_ASSIGNEE (MEM_NO,ISSUE_SID) values (3,9);
Insert into ISSUE_ASSIGNEE (MEM_NO,ISSUE_SID) values (3,10);
Insert into ISSUE_ASSIGNEE (MEM_NO,ISSUE_SID) values (3,120);
Insert into ISSUE_ASSIGNEE (MEM_NO,ISSUE_SID) values (3,128);
Insert into ISSUE_ASSIGNEE (MEM_NO,ISSUE_SID) values (3,135);
Insert into ISSUE_ASSIGNEE (MEM_NO,ISSUE_SID) values (4,3);
Insert into ISSUE_ASSIGNEE (MEM_NO,ISSUE_SID) values (4,5);
Insert into ISSUE_ASSIGNEE (MEM_NO,ISSUE_SID) values (4,6);
Insert into ISSUE_ASSIGNEE (MEM_NO,ISSUE_SID) values (4,7);
Insert into ISSUE_ASSIGNEE (MEM_NO,ISSUE_SID) values (4,8);
Insert into ISSUE_ASSIGNEE (MEM_NO,ISSUE_SID) values (4,122);
Insert into ISSUE_ASSIGNEE (MEM_NO,ISSUE_SID) values (4,125);
Insert into ISSUE_ASSIGNEE (MEM_NO,ISSUE_SID) values (4,126);
Insert into ISSUE_ASSIGNEE (MEM_NO,ISSUE_SID) values (4,130);
Insert into ISSUE_ASSIGNEE (MEM_NO,ISSUE_SID) values (4,131);
Insert into ISSUE_ASSIGNEE (MEM_NO,ISSUE_SID) values (4,132);
Insert into ISSUE_ASSIGNEE (MEM_NO,ISSUE_SID) values (4,133);
Insert into ISSUE_ASSIGNEE (MEM_NO,ISSUE_SID) values (6,114);
Insert into ISSUE_ASSIGNEE (MEM_NO,ISSUE_SID) values (6,122);
Insert into ISSUE_ASSIGNEE (MEM_NO,ISSUE_SID) values (6,123);
Insert into ISSUE_ASSIGNEE (MEM_NO,ISSUE_SID) values (125,123);
Insert into ISSUE_ASSIGNEE (MEM_NO,ISSUE_SID) values (161,123);
Insert into ISSUE_ASSIGNEE (MEM_NO,ISSUE_SID) values (245,133);
Insert into ISSUE_ASSIGNEE (MEM_NO,ISSUE_SID) values (246,136);
Insert into ISSUE_ASSIGNEE (MEM_NO,ISSUE_SID) values (247,133);
Insert into ISSUE_ASSIGNEE (MEM_NO,ISSUE_SID) values (249,134);
Insert into ISSUE_ASSIGNEE (MEM_NO,ISSUE_SID) values (251,133);
Insert into ISSUE_ASSIGNEE (MEM_NO,ISSUE_SID) values (251,140);
Insert into ISSUE_ASSIGNEE (MEM_NO,ISSUE_SID) values (264,134);
REM INSERTING into ISSUE_HISTORY
SET DEFINE OFF;
Insert into ISSUE_HISTORY (ISSUE_HIS_NO,ISSUE_SID,MEM_NO,ISSUE_HIS_CONT,ISSUE_HIS_DATE,ISSUE_HIS_TYPE,ATCH_FILE_SID) values (7,10,1,'이슈의 라벨이 ''테스트''로 변경됨123',to_date('2027/05/10','RRRR/MM/DD'),'LB',null);
Insert into ISSUE_HISTORY (ISSUE_HIS_NO,ISSUE_SID,MEM_NO,ISSUE_HIS_CONT,ISSUE_HIS_DATE,ISSUE_HIS_TYPE,ATCH_FILE_SID) values (37,19,4,'eee',to_date('2021/06/02','RRRR/MM/DD'),'RE',null);
Insert into ISSUE_HISTORY (ISSUE_HIS_NO,ISSUE_SID,MEM_NO,ISSUE_HIS_CONT,ISSUE_HIS_DATE,ISSUE_HIS_TYPE,ATCH_FILE_SID) values (38,19,4,'&gt; &gt; &lt; &lt; 얍 얍',to_date('2021/06/02','RRRR/MM/DD'),'RE',null);
Insert into ISSUE_HISTORY (ISSUE_HIS_NO,ISSUE_SID,MEM_NO,ISSUE_HIS_CONT,ISSUE_HIS_DATE,ISSUE_HIS_TYPE,ATCH_FILE_SID) values (39,19,4,'엥?',to_date('2021/06/02','RRRR/MM/DD'),'RE',null);
Insert into ISSUE_HISTORY (ISSUE_HIS_NO,ISSUE_SID,MEM_NO,ISSUE_HIS_CONT,ISSUE_HIS_DATE,ISSUE_HIS_TYPE,ATCH_FILE_SID) values (41,19,4,'&gt; 화이팅',to_date('2021/06/02','RRRR/MM/DD'),'RE',null);
Insert into ISSUE_HISTORY (ISSUE_HIS_NO,ISSUE_SID,MEM_NO,ISSUE_HIS_CONT,ISSUE_HIS_DATE,ISSUE_HIS_TYPE,ATCH_FILE_SID) values (42,19,4,'&gt; 화이팅',to_date('2021/06/02','RRRR/MM/DD'),'RE',null);
Insert into ISSUE_HISTORY (ISSUE_HIS_NO,ISSUE_SID,MEM_NO,ISSUE_HIS_CONT,ISSUE_HIS_DATE,ISSUE_HIS_TYPE,ATCH_FILE_SID) values (43,19,4,'&gt; 화이팅',to_date('2021/06/02','RRRR/MM/DD'),'RE',null);
Insert into ISSUE_HISTORY (ISSUE_HIS_NO,ISSUE_SID,MEM_NO,ISSUE_HIS_CONT,ISSUE_HIS_DATE,ISSUE_HIS_TYPE,ATCH_FILE_SID) values (44,19,4,'# 안녕하세요',to_date('2021/06/02','RRRR/MM/DD'),'RE',null);
Insert into ISSUE_HISTORY (ISSUE_HIS_NO,ISSUE_SID,MEM_NO,ISSUE_HIS_CONT,ISSUE_HIS_DATE,ISSUE_HIS_TYPE,ATCH_FILE_SID) values (45,19,4,'&gt; 꺽새',to_date('2021/06/02','RRRR/MM/DD'),'RE',null);
Insert into ISSUE_HISTORY (ISSUE_HIS_NO,ISSUE_SID,MEM_NO,ISSUE_HIS_CONT,ISSUE_HIS_DATE,ISSUE_HIS_TYPE,ATCH_FILE_SID) values (46,19,4,'&gt; hi',to_date('2021/06/02','RRRR/MM/DD'),'RE',null);
Insert into ISSUE_HISTORY (ISSUE_HIS_NO,ISSUE_SID,MEM_NO,ISSUE_HIS_CONT,ISSUE_HIS_DATE,ISSUE_HIS_TYPE,ATCH_FILE_SID) values (47,19,4,'&gt; 전송',to_date('2021/06/02','RRRR/MM/DD'),'RE',null);
Insert into ISSUE_HISTORY (ISSUE_HIS_NO,ISSUE_SID,MEM_NO,ISSUE_HIS_CONT,ISSUE_HIS_DATE,ISSUE_HIS_TYPE,ATCH_FILE_SID) values (48,19,4,'&gt; 재 전송',to_date('2021/06/02','RRRR/MM/DD'),'RE',null);
Insert into ISSUE_HISTORY (ISSUE_HIS_NO,ISSUE_SID,MEM_NO,ISSUE_HIS_CONT,ISSUE_HIS_DATE,ISSUE_HIS_TYPE,ATCH_FILE_SID) values (69,22,4,'이슈 백개 등록해아함',to_date('2021/06/03','RRRR/MM/DD'),'RE',null);
Insert into ISSUE_HISTORY (ISSUE_HIS_NO,ISSUE_SID,MEM_NO,ISSUE_HIS_CONT,ISSUE_HIS_DATE,ISSUE_HIS_TYPE,ATCH_FILE_SID) values (70,23,4,'ㅇㅇ',to_date('2021/06/03','RRRR/MM/DD'),'RE',null);
Insert into ISSUE_HISTORY (ISSUE_HIS_NO,ISSUE_SID,MEM_NO,ISSUE_HIS_CONT,ISSUE_HIS_DATE,ISSUE_HIS_TYPE,ATCH_FILE_SID) values (71,24,4,'페이징맨~',to_date('2021/06/03','RRRR/MM/DD'),'RE',null);
Insert into ISSUE_HISTORY (ISSUE_HIS_NO,ISSUE_SID,MEM_NO,ISSUE_HIS_CONT,ISSUE_HIS_DATE,ISSUE_HIS_TYPE,ATCH_FILE_SID) values (72,25,4,'나는 스팸맨 
스팸을 좋아한다',to_date('2021/06/03','RRRR/MM/DD'),'RE',null);
Insert into ISSUE_HISTORY (ISSUE_HIS_NO,ISSUE_SID,MEM_NO,ISSUE_HIS_CONT,ISSUE_HIS_DATE,ISSUE_HIS_TYPE,ATCH_FILE_SID) values (73,26,4,'나는 스팸맨 
스팸을 좋아한다',to_date('2021/06/03','RRRR/MM/DD'),'RE',null);
Insert into ISSUE_HISTORY (ISSUE_HIS_NO,ISSUE_SID,MEM_NO,ISSUE_HIS_CONT,ISSUE_HIS_DATE,ISSUE_HIS_TYPE,ATCH_FILE_SID) values (74,27,4,'스팸 글 쓴다',to_date('2021/06/03','RRRR/MM/DD'),'RE',null);
Insert into ISSUE_HISTORY (ISSUE_HIS_NO,ISSUE_SID,MEM_NO,ISSUE_HIS_CONT,ISSUE_HIS_DATE,ISSUE_HIS_TYPE,ATCH_FILE_SID) values (75,28,4,'스팸 글 쓴다',to_date('2021/06/03','RRRR/MM/DD'),'RE',null);
Insert into ISSUE_HISTORY (ISSUE_HIS_NO,ISSUE_SID,MEM_NO,ISSUE_HIS_CONT,ISSUE_HIS_DATE,ISSUE_HIS_TYPE,ATCH_FILE_SID) values (76,103,4,'### 스팸 댓글 맨',to_date('2021/06/03','RRRR/MM/DD'),'RE',null);
Insert into ISSUE_HISTORY (ISSUE_HIS_NO,ISSUE_SID,MEM_NO,ISSUE_HIS_CONT,ISSUE_HIS_DATE,ISSUE_HIS_TYPE,ATCH_FILE_SID) values (77,104,4,'# 나
## 죽네
### 나 죽어
> 아이고

테이블|만들기|해볼까
--|--|--|
그래|별거|아니군
ㅎㅎ|ㅅㄱ|ㅇㅇ',to_date('2021/06/03','RRRR/MM/DD'),'RE',null);
Insert into ISSUE_HISTORY (ISSUE_HIS_NO,ISSUE_SID,MEM_NO,ISSUE_HIS_CONT,ISSUE_HIS_DATE,ISSUE_HIS_TYPE,ATCH_FILE_SID) values (78,104,4,'ggg',to_date('2021/06/03','RRRR/MM/DD'),'RE',null);
Insert into ISSUE_HISTORY (ISSUE_HIS_NO,ISSUE_SID,MEM_NO,ISSUE_HIS_CONT,ISSUE_HIS_DATE,ISSUE_HIS_TYPE,ATCH_FILE_SID) values (79,105,4,'해본다.',to_date('2021/06/03','RRRR/MM/DD'),'RE',null);
Insert into ISSUE_HISTORY (ISSUE_HIS_NO,ISSUE_SID,MEM_NO,ISSUE_HIS_CONT,ISSUE_HIS_DATE,ISSUE_HIS_TYPE,ATCH_FILE_SID) values (80,106,4,'ㅇㅇ~',to_date('2021/06/03','RRRR/MM/DD'),'RE',null);
Insert into ISSUE_HISTORY (ISSUE_HIS_NO,ISSUE_SID,MEM_NO,ISSUE_HIS_CONT,ISSUE_HIS_DATE,ISSUE_HIS_TYPE,ATCH_FILE_SID) values (81,107,4,'그냥 해본다',to_date('2021/06/03','RRRR/MM/DD'),'RE',null);
Insert into ISSUE_HISTORY (ISSUE_HIS_NO,ISSUE_SID,MEM_NO,ISSUE_HIS_CONT,ISSUE_HIS_DATE,ISSUE_HIS_TYPE,ATCH_FILE_SID) values (82,107,4,'네',to_date('2021/06/03','RRRR/MM/DD'),'RE',null);
Insert into ISSUE_HISTORY (ISSUE_HIS_NO,ISSUE_SID,MEM_NO,ISSUE_HIS_CONT,ISSUE_HIS_DATE,ISSUE_HIS_TYPE,ATCH_FILE_SID) values (83,107,4,'ㅇㅇㅇ',to_date('2021/06/03','RRRR/MM/DD'),'RE',null);
Insert into ISSUE_HISTORY (ISSUE_HIS_NO,ISSUE_SID,MEM_NO,ISSUE_HIS_CONT,ISSUE_HIS_DATE,ISSUE_HIS_TYPE,ATCH_FILE_SID) values (84,107,4,'> 에잉?',to_date('2021/06/03','RRRR/MM/DD'),'RE',null);
Insert into ISSUE_HISTORY (ISSUE_HIS_NO,ISSUE_SID,MEM_NO,ISSUE_HIS_CONT,ISSUE_HIS_DATE,ISSUE_HIS_TYPE,ATCH_FILE_SID) values (85,107,4,'댛글쓰',to_date('2021/06/03','RRRR/MM/DD'),'RE',null);
Insert into ISSUE_HISTORY (ISSUE_HIS_NO,ISSUE_SID,MEM_NO,ISSUE_HIS_CONT,ISSUE_HIS_DATE,ISSUE_HIS_TYPE,ATCH_FILE_SID) values (86,107,4,'ㅁㄴㅇㄹ',to_date('2021/06/03','RRRR/MM/DD'),'RE',null);
Insert into ISSUE_HISTORY (ISSUE_HIS_NO,ISSUE_SID,MEM_NO,ISSUE_HIS_CONT,ISSUE_HIS_DATE,ISSUE_HIS_TYPE,ATCH_FILE_SID) values (87,107,4,'ㅈㄷㄱ',to_date('2021/06/03','RRRR/MM/DD'),'RE',null);
Insert into ISSUE_HISTORY (ISSUE_HIS_NO,ISSUE_SID,MEM_NO,ISSUE_HIS_CONT,ISSUE_HIS_DATE,ISSUE_HIS_TYPE,ATCH_FILE_SID) values (92,112,4,'힘들다 힘들어 ~~
> ㅎㅎ ',to_date('2021/06/03','RRRR/MM/DD'),'RE',null);
Insert into ISSUE_HISTORY (ISSUE_HIS_NO,ISSUE_SID,MEM_NO,ISSUE_HIS_CONT,ISSUE_HIS_DATE,ISSUE_HIS_TYPE,ATCH_FILE_SID) values (93,112,4,'아 성공했다!',to_date('2021/06/03','RRRR/MM/DD'),'RE',null);
Insert into ISSUE_HISTORY (ISSUE_HIS_NO,ISSUE_SID,MEM_NO,ISSUE_HIS_CONT,ISSUE_HIS_DATE,ISSUE_HIS_TYPE,ATCH_FILE_SID) values (95,112,4,'ㅎㅎㅎ',to_date('2021/06/04','RRRR/MM/DD'),'RE',null);
Insert into ISSUE_HISTORY (ISSUE_HIS_NO,ISSUE_SID,MEM_NO,ISSUE_HIS_CONT,ISSUE_HIS_DATE,ISSUE_HIS_TYPE,ATCH_FILE_SID) values (96,112,4,'댓글 테스트',to_date('2021/06/04','RRRR/MM/DD'),'RE',null);
Insert into ISSUE_HISTORY (ISSUE_HIS_NO,ISSUE_SID,MEM_NO,ISSUE_HIS_CONT,ISSUE_HIS_DATE,ISSUE_HIS_TYPE,ATCH_FILE_SID) values (100,112,4,'이슈 댓글',to_date('2021/06/04','RRRR/MM/DD'),'RE',null);
Insert into ISSUE_HISTORY (ISSUE_HIS_NO,ISSUE_SID,MEM_NO,ISSUE_HIS_CONT,ISSUE_HIS_DATE,ISSUE_HIS_TYPE,ATCH_FILE_SID) values (101,112,4,'이슈 댓글 ㅌㅅㅌ',to_date('2021/06/04','RRRR/MM/DD'),'RE',null);
Insert into ISSUE_HISTORY (ISSUE_HIS_NO,ISSUE_SID,MEM_NO,ISSUE_HIS_CONT,ISSUE_HIS_DATE,ISSUE_HIS_TYPE,ATCH_FILE_SID) values (106,114,4,'이거 되면 다 되는거',to_date('2021/06/06','RRRR/MM/DD'),'RE',null);
Insert into ISSUE_HISTORY (ISSUE_HIS_NO,ISSUE_SID,MEM_NO,ISSUE_HIS_CONT,ISSUE_HIS_DATE,ISSUE_HIS_TYPE,ATCH_FILE_SID) values (107,114,4,'ㅇㅇ',to_date('2021/06/06','RRRR/MM/DD'),'RE',null);
Insert into ISSUE_HISTORY (ISSUE_HIS_NO,ISSUE_SID,MEM_NO,ISSUE_HIS_CONT,ISSUE_HIS_DATE,ISSUE_HIS_TYPE,ATCH_FILE_SID) values (108,114,4,'넵',to_date('2021/06/06','RRRR/MM/DD'),'RE',null);
Insert into ISSUE_HISTORY (ISSUE_HIS_NO,ISSUE_SID,MEM_NO,ISSUE_HIS_CONT,ISSUE_HIS_DATE,ISSUE_HIS_TYPE,ATCH_FILE_SID) values (109,114,4,'ㅎㅎ',to_date('2021/06/07','RRRR/MM/DD'),'RE',null);
Insert into ISSUE_HISTORY (ISSUE_HIS_NO,ISSUE_SID,MEM_NO,ISSUE_HIS_CONT,ISSUE_HIS_DATE,ISSUE_HIS_TYPE,ATCH_FILE_SID) values (110,114,4,'ㅎㅎ',to_date('2021/06/07','RRRR/MM/DD'),'RE',null);
Insert into ISSUE_HISTORY (ISSUE_HIS_NO,ISSUE_SID,MEM_NO,ISSUE_HIS_CONT,ISSUE_HIS_DATE,ISSUE_HIS_TYPE,ATCH_FILE_SID) values (111,114,4,'ㅎㅎ',to_date('2021/06/07','RRRR/MM/DD'),'RE',null);
Insert into ISSUE_HISTORY (ISSUE_HIS_NO,ISSUE_SID,MEM_NO,ISSUE_HIS_CONT,ISSUE_HIS_DATE,ISSUE_HIS_TYPE,ATCH_FILE_SID) values (114,114,4,'알람 객체 재확인',to_date('2021/06/07','RRRR/MM/DD'),'RE',null);
Insert into ISSUE_HISTORY (ISSUE_HIS_NO,ISSUE_SID,MEM_NO,ISSUE_HIS_CONT,ISSUE_HIS_DATE,ISSUE_HIS_TYPE,ATCH_FILE_SID) values (117,114,4,'알람 생성 테스트',to_date('2021/06/07','RRRR/MM/DD'),'RE',null);
Insert into ISSUE_HISTORY (ISSUE_HIS_NO,ISSUE_SID,MEM_NO,ISSUE_HIS_CONT,ISSUE_HIS_DATE,ISSUE_HIS_TYPE,ATCH_FILE_SID) values (121,114,4,'gggg',to_date('2021/06/08','RRRR/MM/DD'),'RE',null);
Insert into ISSUE_HISTORY (ISSUE_HIS_NO,ISSUE_SID,MEM_NO,ISSUE_HIS_CONT,ISSUE_HIS_DATE,ISSUE_HIS_TYPE,ATCH_FILE_SID) values (122,114,4,'알람 갈까?',to_date('2021/06/08','RRRR/MM/DD'),'RE',null);
Insert into ISSUE_HISTORY (ISSUE_HIS_NO,ISSUE_SID,MEM_NO,ISSUE_HIS_CONT,ISSUE_HIS_DATE,ISSUE_HIS_TYPE,ATCH_FILE_SID) values (123,114,4,'알람 가냐궁 !!!',to_date('2021/06/08','RRRR/MM/DD'),'RE',null);
Insert into ISSUE_HISTORY (ISSUE_HIS_NO,ISSUE_SID,MEM_NO,ISSUE_HIS_CONT,ISSUE_HIS_DATE,ISSUE_HIS_TYPE,ATCH_FILE_SID) values (137,114,4,'알람 또 보내본당~',to_date('2021/06/09','RRRR/MM/DD'),'RE',null);
Insert into ISSUE_HISTORY (ISSUE_HIS_NO,ISSUE_SID,MEM_NO,ISSUE_HIS_CONT,ISSUE_HIS_DATE,ISSUE_HIS_TYPE,ATCH_FILE_SID) values (147,115,4,'test',to_date('2021/06/10','RRRR/MM/DD'),'RE',null);
Insert into ISSUE_HISTORY (ISSUE_HIS_NO,ISSUE_SID,MEM_NO,ISSUE_HIS_CONT,ISSUE_HIS_DATE,ISSUE_HIS_TYPE,ATCH_FILE_SID) values (148,115,4,'test2',to_date('2021/06/10','RRRR/MM/DD'),'RE',null);
Insert into ISSUE_HISTORY (ISSUE_HIS_NO,ISSUE_SID,MEM_NO,ISSUE_HIS_CONT,ISSUE_HIS_DATE,ISSUE_HIS_TYPE,ATCH_FILE_SID) values (163,114,4,'알림',to_date('2021/06/10','RRRR/MM/DD'),'RE',null);
Insert into ISSUE_HISTORY (ISSUE_HIS_NO,ISSUE_SID,MEM_NO,ISSUE_HIS_CONT,ISSUE_HIS_DATE,ISSUE_HIS_TYPE,ATCH_FILE_SID) values (164,114,4,'good',to_date('2021/06/10','RRRR/MM/DD'),'RE',null);
Insert into ISSUE_HISTORY (ISSUE_HIS_NO,ISSUE_SID,MEM_NO,ISSUE_HIS_CONT,ISSUE_HIS_DATE,ISSUE_HIS_TYPE,ATCH_FILE_SID) values (170,114,4,'abcd',to_date('2021/06/10','RRRR/MM/DD'),'RE',null);
Insert into ISSUE_HISTORY (ISSUE_HIS_NO,ISSUE_SID,MEM_NO,ISSUE_HIS_CONT,ISSUE_HIS_DATE,ISSUE_HIS_TYPE,ATCH_FILE_SID) values (171,114,4,'abcd',to_date('2021/06/10','RRRR/MM/DD'),'RE',null);
Insert into ISSUE_HISTORY (ISSUE_HIS_NO,ISSUE_SID,MEM_NO,ISSUE_HIS_CONT,ISSUE_HIS_DATE,ISSUE_HIS_TYPE,ATCH_FILE_SID) values (172,116,3,'### 이슈 입니다.',to_date('2021/06/10','RRRR/MM/DD'),'RE',null);
Insert into ISSUE_HISTORY (ISSUE_HIS_NO,ISSUE_SID,MEM_NO,ISSUE_HIS_CONT,ISSUE_HIS_DATE,ISSUE_HIS_TYPE,ATCH_FILE_SID) values (173,116,4,'gd',to_date('2021/06/10','RRRR/MM/DD'),'RE',null);
Insert into ISSUE_HISTORY (ISSUE_HIS_NO,ISSUE_SID,MEM_NO,ISSUE_HIS_CONT,ISSUE_HIS_DATE,ISSUE_HIS_TYPE,ATCH_FILE_SID) values (174,116,4,'ㅎㅇ',to_date('2021/06/10','RRRR/MM/DD'),'RE',null);
Insert into ISSUE_HISTORY (ISSUE_HIS_NO,ISSUE_SID,MEM_NO,ISSUE_HIS_CONT,ISSUE_HIS_DATE,ISSUE_HIS_TYPE,ATCH_FILE_SID) values (175,116,4,'ㅎㅇㅎㅇ',to_date('2021/06/10','RRRR/MM/DD'),'RE',null);
Insert into ISSUE_HISTORY (ISSUE_HIS_NO,ISSUE_SID,MEM_NO,ISSUE_HIS_CONT,ISSUE_HIS_DATE,ISSUE_HIS_TYPE,ATCH_FILE_SID) values (176,116,4,'ㅋㅋㅋ',to_date('2021/06/10','RRRR/MM/DD'),'RE',null);
Insert into ISSUE_HISTORY (ISSUE_HIS_NO,ISSUE_SID,MEM_NO,ISSUE_HIS_CONT,ISSUE_HIS_DATE,ISSUE_HIS_TYPE,ATCH_FILE_SID) values (177,116,4,'할룽~~',to_date('2021/06/10','RRRR/MM/DD'),'RE',null);
Insert into ISSUE_HISTORY (ISSUE_HIS_NO,ISSUE_SID,MEM_NO,ISSUE_HIS_CONT,ISSUE_HIS_DATE,ISSUE_HIS_TYPE,ATCH_FILE_SID) values (179,116,4,'헬로 조쉬',to_date('2021/06/10','RRRR/MM/DD'),'RE',null);
Insert into ISSUE_HISTORY (ISSUE_HIS_NO,ISSUE_SID,MEM_NO,ISSUE_HIS_CONT,ISSUE_HIS_DATE,ISSUE_HIS_TYPE,ATCH_FILE_SID) values (180,116,4,'ㅎㅇㅎㅇ',to_date('2021/06/10','RRRR/MM/DD'),'RE',null);
Insert into ISSUE_HISTORY (ISSUE_HIS_NO,ISSUE_SID,MEM_NO,ISSUE_HIS_CONT,ISSUE_HIS_DATE,ISSUE_HIS_TYPE,ATCH_FILE_SID) values (181,115,3,'글 달아봅니다',to_date('2021/06/10','RRRR/MM/DD'),'RE',null);
Insert into ISSUE_HISTORY (ISSUE_HIS_NO,ISSUE_SID,MEM_NO,ISSUE_HIS_CONT,ISSUE_HIS_DATE,ISSUE_HIS_TYPE,ATCH_FILE_SID) values (182,115,3,'ㄸㄷ',to_date('2021/06/10','RRRR/MM/DD'),'RE',null);
Insert into ISSUE_HISTORY (ISSUE_HIS_NO,ISSUE_SID,MEM_NO,ISSUE_HIS_CONT,ISSUE_HIS_DATE,ISSUE_HIS_TYPE,ATCH_FILE_SID) values (189,115,4,'def',to_date('2021/06/10','RRRR/MM/DD'),'RE',null);
Insert into ISSUE_HISTORY (ISSUE_HIS_NO,ISSUE_SID,MEM_NO,ISSUE_HIS_CONT,ISSUE_HIS_DATE,ISSUE_HIS_TYPE,ATCH_FILE_SID) values (191,115,4,'aaaa',to_date('2021/06/10','RRRR/MM/DD'),'RE',null);
Insert into ISSUE_HISTORY (ISSUE_HIS_NO,ISSUE_SID,MEM_NO,ISSUE_HIS_CONT,ISSUE_HIS_DATE,ISSUE_HIS_TYPE,ATCH_FILE_SID) values (248,115,4,'afsdfds',to_date('2021/06/11','RRRR/MM/DD'),'RE',null);
Insert into ISSUE_HISTORY (ISSUE_HIS_NO,ISSUE_SID,MEM_NO,ISSUE_HIS_CONT,ISSUE_HIS_DATE,ISSUE_HIS_TYPE,ATCH_FILE_SID) values (285,123,4,'제목 내용만 쓰는 테스트',to_date('2021/06/18','RRRR/MM/DD'),'RE',null);
Insert into ISSUE_HISTORY (ISSUE_HIS_NO,ISSUE_SID,MEM_NO,ISSUE_HIS_CONT,ISSUE_HIS_DATE,ISSUE_HIS_TYPE,ATCH_FILE_SID) values (325,123,4,'댓글 추가',to_date('2021/06/18','RRRR/MM/DD'),'RE',null);
Insert into ISSUE_HISTORY (ISSUE_HIS_NO,ISSUE_SID,MEM_NO,ISSUE_HIS_CONT,ISSUE_HIS_DATE,ISSUE_HIS_TYPE,ATCH_FILE_SID) values (327,123,4,'2021-06-29',to_date('2021/06/18','RRRR/MM/DD'),'EE',null);
Insert into ISSUE_HISTORY (ISSUE_HIS_NO,ISSUE_SID,MEM_NO,ISSUE_HIS_CONT,ISSUE_HIS_DATE,ISSUE_HIS_TYPE,ATCH_FILE_SID) values (328,123,4,'GAIA Project ',to_date('2021/06/18','RRRR/MM/DD'),'EM',null);
Insert into ISSUE_HISTORY (ISSUE_HIS_NO,ISSUE_SID,MEM_NO,ISSUE_HIS_CONT,ISSUE_HIS_DATE,ISSUE_HIS_TYPE,ATCH_FILE_SID) values (343,124,4,'ㅇㅇ',to_date('2021/06/19','RRRR/MM/DD'),'RE',null);
Insert into ISSUE_HISTORY (ISSUE_HIS_NO,ISSUE_SID,MEM_NO,ISSUE_HIS_CONT,ISSUE_HIS_DATE,ISSUE_HIS_TYPE,ATCH_FILE_SID) values (344,123,4,null,to_date('2021/06/19','RRRR/MM/DD'),'RP',null);
Insert into ISSUE_HISTORY (ISSUE_HIS_NO,ISSUE_SID,MEM_NO,ISSUE_HIS_CONT,ISSUE_HIS_DATE,ISSUE_HIS_TYPE,ATCH_FILE_SID) values (345,123,4,'0',to_date('2021/06/19','RRRR/MM/DD'),'EP',null);
Insert into ISSUE_HISTORY (ISSUE_HIS_NO,ISSUE_SID,MEM_NO,ISSUE_HIS_CONT,ISSUE_HIS_DATE,ISSUE_HIS_TYPE,ATCH_FILE_SID) values (361,126,4,'## 뉴스에 사진 업로드 가능하도록 하기
> 화이팅 @',to_date('2021/06/21','RRRR/MM/DD'),'RE',null);
Insert into ISSUE_HISTORY (ISSUE_HIS_NO,ISSUE_SID,MEM_NO,ISSUE_HIS_CONT,ISSUE_HIS_DATE,ISSUE_HIS_TYPE,ATCH_FILE_SID) values (362,125,4,'1',to_date('2021/06/21','RRRR/MM/DD'),'IC',null);
Insert into ISSUE_HISTORY (ISSUE_HIS_NO,ISSUE_SID,MEM_NO,ISSUE_HIS_CONT,ISSUE_HIS_DATE,ISSUE_HIS_TYPE,ATCH_FILE_SID) values (363,126,4,'기능 개선',to_date('2021/06/21','RRRR/MM/DD'),'EM',null);
Insert into ISSUE_HISTORY (ISSUE_HIS_NO,ISSUE_SID,MEM_NO,ISSUE_HIS_CONT,ISSUE_HIS_DATE,ISSUE_HIS_TYPE,ATCH_FILE_SID) values (364,126,4,'2021-06-21',to_date('2021/06/21','RRRR/MM/DD'),'EE',null);
Insert into ISSUE_HISTORY (ISSUE_HIS_NO,ISSUE_SID,MEM_NO,ISSUE_HIS_CONT,ISSUE_HIS_DATE,ISSUE_HIS_TYPE,ATCH_FILE_SID) values (370,114,4,'대리 쉐인',to_date('2021/06/21','RRRR/MM/DD'),'AA',null);
Insert into ISSUE_HISTORY (ISSUE_HIS_NO,ISSUE_SID,MEM_NO,ISSUE_HIS_CONT,ISSUE_HIS_DATE,ISSUE_HIS_TYPE,ATCH_FILE_SID) values (371,127,4,'일감',to_date('2021/06/21','RRRR/MM/DD'),'EL',null);
Insert into ISSUE_HISTORY (ISSUE_HIS_NO,ISSUE_SID,MEM_NO,ISSUE_HIS_CONT,ISSUE_HIS_DATE,ISSUE_HIS_TYPE,ATCH_FILE_SID) values (372,123,4,'1',to_date('2021/06/21','RRRR/MM/DD'),'IC',null);
Insert into ISSUE_HISTORY (ISSUE_HIS_NO,ISSUE_SID,MEM_NO,ISSUE_HIS_CONT,ISSUE_HIS_DATE,ISSUE_HIS_TYPE,ATCH_FILE_SID) values (414,20,4,null,to_date('2021/06/21','RRRR/MM/DD'),'IC',null);
Insert into ISSUE_HISTORY (ISSUE_HIS_NO,ISSUE_SID,MEM_NO,ISSUE_HIS_CONT,ISSUE_HIS_DATE,ISSUE_HIS_TYPE,ATCH_FILE_SID) values (415,11,4,null,to_date('2021/06/21','RRRR/MM/DD'),'IC',null);
Insert into ISSUE_HISTORY (ISSUE_HIS_NO,ISSUE_SID,MEM_NO,ISSUE_HIS_CONT,ISSUE_HIS_DATE,ISSUE_HIS_TYPE,ATCH_FILE_SID) values (416,127,4,'0',to_date('2021/06/21','RRRR/MM/DD'),'IO',null);
Insert into ISSUE_HISTORY (ISSUE_HIS_NO,ISSUE_SID,MEM_NO,ISSUE_HIS_CONT,ISSUE_HIS_DATE,ISSUE_HIS_TYPE,ATCH_FILE_SID) values (417,114,4,'ㅇㅋㅇㅋ',to_date('2021/06/21','RRRR/MM/DD'),'RE',null);
Insert into ISSUE_HISTORY (ISSUE_HIS_NO,ISSUE_SID,MEM_NO,ISSUE_HIS_CONT,ISSUE_HIS_DATE,ISSUE_HIS_TYPE,ATCH_FILE_SID) values (418,115,4,'ㅇㅋㅇㅋ',to_date('2021/06/21','RRRR/MM/DD'),'RE',null);
Insert into ISSUE_HISTORY (ISSUE_HIS_NO,ISSUE_SID,MEM_NO,ISSUE_HIS_CONT,ISSUE_HIS_DATE,ISSUE_HIS_TYPE,ATCH_FILE_SID) values (419,115,4,'ㅇㅋㅇㅋ',to_date('2021/06/21','RRRR/MM/DD'),'RE',null);
Insert into ISSUE_HISTORY (ISSUE_HIS_NO,ISSUE_SID,MEM_NO,ISSUE_HIS_CONT,ISSUE_HIS_DATE,ISSUE_HIS_TYPE,ATCH_FILE_SID) values (427,129,4,'#ㄹ ㅁㅇ ㄹㅁㄴㄹ',to_date('2021/06/21','RRRR/MM/DD'),'RE',null);
Insert into ISSUE_HISTORY (ISSUE_HIS_NO,ISSUE_SID,MEM_NO,ISSUE_HIS_CONT,ISSUE_HIS_DATE,ISSUE_HIS_TYPE,ATCH_FILE_SID) values (428,130,4,'ㄴㅁㅇㄹㄴㅇㄹㅁ',to_date('2021/06/21','RRRR/MM/DD'),'RE',null);
Insert into ISSUE_HISTORY (ISSUE_HIS_NO,ISSUE_SID,MEM_NO,ISSUE_HIS_CONT,ISSUE_HIS_DATE,ISSUE_HIS_TYPE,ATCH_FILE_SID) values (429,131,4,'1234',to_date('2021/06/21','RRRR/MM/DD'),'RE',null);
Insert into ISSUE_HISTORY (ISSUE_HIS_NO,ISSUE_SID,MEM_NO,ISSUE_HIS_CONT,ISSUE_HIS_DATE,ISSUE_HIS_TYPE,ATCH_FILE_SID) values (432,131,4,'꼬부기',to_date('2021/06/21','RRRR/MM/DD'),'AA',null);
Insert into ISSUE_HISTORY (ISSUE_HIS_NO,ISSUE_SID,MEM_NO,ISSUE_HIS_CONT,ISSUE_HIS_DATE,ISSUE_HIS_TYPE,ATCH_FILE_SID) values (433,131,4,'꼬부기',to_date('2021/06/21','RRRR/MM/DD'),'RA',null);
Insert into ISSUE_HISTORY (ISSUE_HIS_NO,ISSUE_SID,MEM_NO,ISSUE_HIS_CONT,ISSUE_HIS_DATE,ISSUE_HIS_TYPE,ATCH_FILE_SID) values (434,131,4,'꼬부기',to_date('2021/06/21','RRRR/MM/DD'),'AA',null);
Insert into ISSUE_HISTORY (ISSUE_HIS_NO,ISSUE_SID,MEM_NO,ISSUE_HIS_CONT,ISSUE_HIS_DATE,ISSUE_HIS_TYPE,ATCH_FILE_SID) values (466,139,3,'각 조의 산출물은 제공된 파일을 참고해서 작성해주시길바랍니다.
',to_date('2021/06/22','RRRR/MM/DD'),'RE',null);
Insert into ISSUE_HISTORY (ISSUE_HIS_NO,ISSUE_SID,MEM_NO,ISSUE_HIS_CONT,ISSUE_HIS_DATE,ISSUE_HIS_TYPE,ATCH_FILE_SID) values (467,137,3,'1',to_date('2021/06/22','RRRR/MM/DD'),'IC',null);
Insert into ISSUE_HISTORY (ISSUE_HIS_NO,ISSUE_SID,MEM_NO,ISSUE_HIS_CONT,ISSUE_HIS_DATE,ISSUE_HIS_TYPE,ATCH_FILE_SID) values (468,134,3,'1',to_date('2021/06/22','RRRR/MM/DD'),'IC',null);
Insert into ISSUE_HISTORY (ISSUE_HIS_NO,ISSUE_SID,MEM_NO,ISSUE_HIS_CONT,ISSUE_HIS_DATE,ISSUE_HIS_TYPE,ATCH_FILE_SID) values (469,140,3,'db table 설계 진행
',to_date('2021/06/22','RRRR/MM/DD'),'RE',null);
Insert into ISSUE_HISTORY (ISSUE_HIS_NO,ISSUE_SID,MEM_NO,ISSUE_HIS_CONT,ISSUE_HIS_DATE,ISSUE_HIS_TYPE,ATCH_FILE_SID) values (474,142,4,'ㅁㄱㅇ',to_date('2021/06/22','RRRR/MM/DD'),'RE',null);
Insert into ISSUE_HISTORY (ISSUE_HIS_NO,ISSUE_SID,MEM_NO,ISSUE_HIS_CONT,ISSUE_HIS_DATE,ISSUE_HIS_TYPE,ATCH_FILE_SID) values (6,2,4,'이슈의 라벨이 ''테스트''로 변경됨',to_date('2027/05/06','RRRR/MM/DD'),'LB',null);
Insert into ISSUE_HISTORY (ISSUE_HIS_NO,ISSUE_SID,MEM_NO,ISSUE_HIS_CONT,ISSUE_HIS_DATE,ISSUE_HIS_TYPE,ATCH_FILE_SID) values (55,19,4,'&gt; 과연 ?',to_date('2021/06/02','RRRR/MM/DD'),'RE',null);
Insert into ISSUE_HISTORY (ISSUE_HIS_NO,ISSUE_SID,MEM_NO,ISSUE_HIS_CONT,ISSUE_HIS_DATE,ISSUE_HIS_TYPE,ATCH_FILE_SID) values (56,19,4,'필터 고만',to_date('2021/06/02','RRRR/MM/DD'),'RE',null);
Insert into ISSUE_HISTORY (ISSUE_HIS_NO,ISSUE_SID,MEM_NO,ISSUE_HIS_CONT,ISSUE_HIS_DATE,ISSUE_HIS_TYPE,ATCH_FILE_SID) values (57,20,4,'# 하하
- 작성',to_date('2021/06/02','RRRR/MM/DD'),'RE',null);
Insert into ISSUE_HISTORY (ISSUE_HIS_NO,ISSUE_SID,MEM_NO,ISSUE_HIS_CONT,ISSUE_HIS_DATE,ISSUE_HIS_TYPE,ATCH_FILE_SID) values (60,20,4,'> 이거 막지 마 !',to_date('2021/06/02','RRRR/MM/DD'),'RE',null);
Insert into ISSUE_HISTORY (ISSUE_HIS_NO,ISSUE_SID,MEM_NO,ISSUE_HIS_CONT,ISSUE_HIS_DATE,ISSUE_HIS_TYPE,ATCH_FILE_SID) values (61,20,4,'&lt; 이거는 막고
> 이거는 풀고',to_date('2021/06/02','RRRR/MM/DD'),'RE',null);
Insert into ISSUE_HISTORY (ISSUE_HIS_NO,ISSUE_SID,MEM_NO,ISSUE_HIS_CONT,ISSUE_HIS_DATE,ISSUE_HIS_TYPE,ATCH_FILE_SID) values (62,20,4,'## 새로운 작성',to_date('2021/06/02','RRRR/MM/DD'),'RE',null);
Insert into ISSUE_HISTORY (ISSUE_HIS_NO,ISSUE_SID,MEM_NO,ISSUE_HIS_CONT,ISSUE_HIS_DATE,ISSUE_HIS_TYPE,ATCH_FILE_SID) values (63,20,4,'## 테스트 성공',to_date('2021/06/02','RRRR/MM/DD'),'RE',null);
Insert into ISSUE_HISTORY (ISSUE_HIS_NO,ISSUE_SID,MEM_NO,ISSUE_HIS_CONT,ISSUE_HIS_DATE,ISSUE_HIS_TYPE,ATCH_FILE_SID) values (64,21,4,'| 아 | 진짜 |
| --- | --- |
| 개굿 | ㅎㅎ |
| 짱 | ㅎㅎ |

| 하하 | 호호 |  ㅋㅋ |
| --| -- | -- |
| ㅎㅎ |  아몰랑~~~',to_date('2021/06/02','RRRR/MM/DD'),'RE',null);
Insert into ISSUE_HISTORY (ISSUE_HIS_NO,ISSUE_SID,MEM_NO,ISSUE_HIS_CONT,ISSUE_HIS_DATE,ISSUE_HIS_TYPE,ATCH_FILE_SID) values (65,20,4,'### hi yo 
- gggg
> ㅅㄱㅇ',to_date('2021/06/02','RRRR/MM/DD'),'RE',null);
Insert into ISSUE_HISTORY (ISSUE_HIS_NO,ISSUE_SID,MEM_NO,ISSUE_HIS_CONT,ISSUE_HIS_DATE,ISSUE_HIS_TYPE,ATCH_FILE_SID) values (66,20,4,'ㅎㅇㅎㅇ',to_date('2021/06/02','RRRR/MM/DD'),'RE',null);
Insert into ISSUE_HISTORY (ISSUE_HIS_NO,ISSUE_SID,MEM_NO,ISSUE_HIS_CONT,ISSUE_HIS_DATE,ISSUE_HIS_TYPE,ATCH_FILE_SID) values (88,108,4,'과연',to_date('2021/06/03','RRRR/MM/DD'),'RE',null);
Insert into ISSUE_HISTORY (ISSUE_HIS_NO,ISSUE_SID,MEM_NO,ISSUE_HIS_CONT,ISSUE_HIS_DATE,ISSUE_HIS_TYPE,ATCH_FILE_SID) values (89,109,4,'과연',to_date('2021/06/03','RRRR/MM/DD'),'RE',null);
Insert into ISSUE_HISTORY (ISSUE_HIS_NO,ISSUE_SID,MEM_NO,ISSUE_HIS_CONT,ISSUE_HIS_DATE,ISSUE_HIS_TYPE,ATCH_FILE_SID) values (90,110,4,'ㅇㅇ',to_date('2021/06/03','RRRR/MM/DD'),'RE',null);
Insert into ISSUE_HISTORY (ISSUE_HIS_NO,ISSUE_SID,MEM_NO,ISSUE_HIS_CONT,ISSUE_HIS_DATE,ISSUE_HIS_TYPE,ATCH_FILE_SID) values (91,111,4,'힘들다 힘들어 ~~
> ㅎㅎ ',to_date('2021/06/03','RRRR/MM/DD'),'RE',null);
Insert into ISSUE_HISTORY (ISSUE_HIS_NO,ISSUE_SID,MEM_NO,ISSUE_HIS_CONT,ISSUE_HIS_DATE,ISSUE_HIS_TYPE,ATCH_FILE_SID) values (94,112,4,'e',to_date('2021/06/04','RRRR/MM/DD'),'RE',null);
Insert into ISSUE_HISTORY (ISSUE_HIS_NO,ISSUE_SID,MEM_NO,ISSUE_HIS_CONT,ISSUE_HIS_DATE,ISSUE_HIS_TYPE,ATCH_FILE_SID) values (102,5,4,'wwww',to_date('2021/06/05','RRRR/MM/DD'),'RE',null);
Insert into ISSUE_HISTORY (ISSUE_HIS_NO,ISSUE_SID,MEM_NO,ISSUE_HIS_CONT,ISSUE_HIS_DATE,ISSUE_HIS_TYPE,ATCH_FILE_SID) values (120,114,4,'알람 잘 생성중?',to_date('2021/06/07','RRRR/MM/DD'),'RE',null);
Insert into ISSUE_HISTORY (ISSUE_HIS_NO,ISSUE_SID,MEM_NO,ISSUE_HIS_CONT,ISSUE_HIS_DATE,ISSUE_HIS_TYPE,ATCH_FILE_SID) values (130,9,4,'테스트 2',to_date('2021/06/08','RRRR/MM/DD'),'RE',null);
Insert into ISSUE_HISTORY (ISSUE_HIS_NO,ISSUE_SID,MEM_NO,ISSUE_HIS_CONT,ISSUE_HIS_DATE,ISSUE_HIS_TYPE,ATCH_FILE_SID) values (134,115,4,'댓글 알람 ',to_date('2021/06/09','RRRR/MM/DD'),'RE',null);
Insert into ISSUE_HISTORY (ISSUE_HIS_NO,ISSUE_SID,MEM_NO,ISSUE_HIS_CONT,ISSUE_HIS_DATE,ISSUE_HIS_TYPE,ATCH_FILE_SID) values (139,115,4,'알람전송~',to_date('2021/06/09','RRRR/MM/DD'),'RE',null);
Insert into ISSUE_HISTORY (ISSUE_HIS_NO,ISSUE_SID,MEM_NO,ISSUE_HIS_CONT,ISSUE_HIS_DATE,ISSUE_HIS_TYPE,ATCH_FILE_SID) values (140,115,4,'알람또 전송하고~ 알람 확인시 비동기로 숫자 0 바꿔주고 알람들 색상 돌리기~',to_date('2021/06/09','RRRR/MM/DD'),'RE',null);
Insert into ISSUE_HISTORY (ISSUE_HIS_NO,ISSUE_SID,MEM_NO,ISSUE_HIS_CONT,ISSUE_HIS_DATE,ISSUE_HIS_TYPE,ATCH_FILE_SID) values (142,115,4,'알람 기능 굿~',to_date('2021/06/09','RRRR/MM/DD'),'RE',null);
Insert into ISSUE_HISTORY (ISSUE_HIS_NO,ISSUE_SID,MEM_NO,ISSUE_HIS_CONT,ISSUE_HIS_DATE,ISSUE_HIS_TYPE,ATCH_FILE_SID) values (143,115,4,'뉴 알람~~',to_date('2021/06/09','RRRR/MM/DD'),'RE',null);
Insert into ISSUE_HISTORY (ISSUE_HIS_NO,ISSUE_SID,MEM_NO,ISSUE_HIS_CONT,ISSUE_HIS_DATE,ISSUE_HIS_TYPE,ATCH_FILE_SID) values (145,114,4,'웹 소켓 테스트중',to_date('2021/06/10','RRRR/MM/DD'),'RE',null);
Insert into ISSUE_HISTORY (ISSUE_HIS_NO,ISSUE_SID,MEM_NO,ISSUE_HIS_CONT,ISSUE_HIS_DATE,ISSUE_HIS_TYPE,ATCH_FILE_SID) values (146,114,4,'test',to_date('2021/06/10','RRRR/MM/DD'),'RE',null);
Insert into ISSUE_HISTORY (ISSUE_HIS_NO,ISSUE_SID,MEM_NO,ISSUE_HIS_CONT,ISSUE_HIS_DATE,ISSUE_HIS_TYPE,ATCH_FILE_SID) values (156,115,4,'test',to_date('2021/06/10','RRRR/MM/DD'),'RE',null);
Insert into ISSUE_HISTORY (ISSUE_HIS_NO,ISSUE_SID,MEM_NO,ISSUE_HIS_CONT,ISSUE_HIS_DATE,ISSUE_HIS_TYPE,ATCH_FILE_SID) values (157,113,4,'abc',to_date('2021/06/10','RRRR/MM/DD'),'RE',null);
Insert into ISSUE_HISTORY (ISSUE_HIS_NO,ISSUE_SID,MEM_NO,ISSUE_HIS_CONT,ISSUE_HIS_DATE,ISSUE_HIS_TYPE,ATCH_FILE_SID) values (158,113,4,'abc',to_date('2021/06/10','RRRR/MM/DD'),'RE',null);
Insert into ISSUE_HISTORY (ISSUE_HIS_NO,ISSUE_SID,MEM_NO,ISSUE_HIS_CONT,ISSUE_HIS_DATE,ISSUE_HIS_TYPE,ATCH_FILE_SID) values (240,115,3,'zzzzz',to_date('2021/06/10','RRRR/MM/DD'),'RE',null);
Insert into ISSUE_HISTORY (ISSUE_HIS_NO,ISSUE_SID,MEM_NO,ISSUE_HIS_CONT,ISSUE_HIS_DATE,ISSUE_HIS_TYPE,ATCH_FILE_SID) values (241,115,3,'ㅎㅎㅎ',to_date('2021/06/10','RRRR/MM/DD'),'RE',null);
Insert into ISSUE_HISTORY (ISSUE_HIS_NO,ISSUE_SID,MEM_NO,ISSUE_HIS_CONT,ISSUE_HIS_DATE,ISSUE_HIS_TYPE,ATCH_FILE_SID) values (253,115,4,'ㄲㄱ',to_date('2021/06/11','RRRR/MM/DD'),'RE',null);
Insert into ISSUE_HISTORY (ISSUE_HIS_NO,ISSUE_SID,MEM_NO,ISSUE_HIS_CONT,ISSUE_HIS_DATE,ISSUE_HIS_TYPE,ATCH_FILE_SID) values (254,115,4,'ㅇㅇ',to_date('2021/06/11','RRRR/MM/DD'),'RE',null);
Insert into ISSUE_HISTORY (ISSUE_HIS_NO,ISSUE_SID,MEM_NO,ISSUE_HIS_CONT,ISSUE_HIS_DATE,ISSUE_HIS_TYPE,ATCH_FILE_SID) values (255,115,4,'ㅇㅇㅇ',to_date('2021/06/11','RRRR/MM/DD'),'RE',null);
Insert into ISSUE_HISTORY (ISSUE_HIS_NO,ISSUE_SID,MEM_NO,ISSUE_HIS_CONT,ISSUE_HIS_DATE,ISSUE_HIS_TYPE,ATCH_FILE_SID) values (257,115,4,'ㅁㄴㅇㄹ',to_date('2021/06/11','RRRR/MM/DD'),'RE',null);
Insert into ISSUE_HISTORY (ISSUE_HIS_NO,ISSUE_SID,MEM_NO,ISSUE_HIS_CONT,ISSUE_HIS_DATE,ISSUE_HIS_TYPE,ATCH_FILE_SID) values (260,6,4,'46',to_date('2021/06/12','RRRR/MM/DD'),'RE',null);
Insert into ISSUE_HISTORY (ISSUE_HIS_NO,ISSUE_SID,MEM_NO,ISSUE_HIS_CONT,ISSUE_HIS_DATE,ISSUE_HIS_TYPE,ATCH_FILE_SID) values (265,115,4,'abcd',to_date('2021/06/12','RRRR/MM/DD'),'RE',null);
Insert into ISSUE_HISTORY (ISSUE_HIS_NO,ISSUE_SID,MEM_NO,ISSUE_HIS_CONT,ISSUE_HIS_DATE,ISSUE_HIS_TYPE,ATCH_FILE_SID) values (266,115,4,'dd',to_date('2021/06/12','RRRR/MM/DD'),'RE',null);
Insert into ISSUE_HISTORY (ISSUE_HIS_NO,ISSUE_SID,MEM_NO,ISSUE_HIS_CONT,ISSUE_HIS_DATE,ISSUE_HIS_TYPE,ATCH_FILE_SID) values (268,115,4,'zzz',to_date('2021/06/12','RRRR/MM/DD'),'RE',null);
Insert into ISSUE_HISTORY (ISSUE_HIS_NO,ISSUE_SID,MEM_NO,ISSUE_HIS_CONT,ISSUE_HIS_DATE,ISSUE_HIS_TYPE,ATCH_FILE_SID) values (271,117,161,'ㅎㅇㅎㅇ',to_date('2021/06/12','RRRR/MM/DD'),'RE',null);
Insert into ISSUE_HISTORY (ISSUE_HIS_NO,ISSUE_SID,MEM_NO,ISSUE_HIS_CONT,ISSUE_HIS_DATE,ISSUE_HIS_TYPE,ATCH_FILE_SID) values (272,117,161,'gdgd',to_date('2021/06/12','RRRR/MM/DD'),'RE',null);
Insert into ISSUE_HISTORY (ISSUE_HIS_NO,ISSUE_SID,MEM_NO,ISSUE_HIS_CONT,ISSUE_HIS_DATE,ISSUE_HIS_TYPE,ATCH_FILE_SID) values (275,118,4,'asdf',to_date('2021/06/13','RRRR/MM/DD'),'RE',null);
Insert into ISSUE_HISTORY (ISSUE_HIS_NO,ISSUE_SID,MEM_NO,ISSUE_HIS_CONT,ISSUE_HIS_DATE,ISSUE_HIS_TYPE,ATCH_FILE_SID) values (276,118,4,'dd',to_date('2021/06/13','RRRR/MM/DD'),'RE',null);
Insert into ISSUE_HISTORY (ISSUE_HIS_NO,ISSUE_SID,MEM_NO,ISSUE_HIS_CONT,ISSUE_HIS_DATE,ISSUE_HIS_TYPE,ATCH_FILE_SID) values (277,118,4,'asdf',to_date('2021/06/13','RRRR/MM/DD'),'RE',null);
Insert into ISSUE_HISTORY (ISSUE_HIS_NO,ISSUE_SID,MEM_NO,ISSUE_HIS_CONT,ISSUE_HIS_DATE,ISSUE_HIS_TYPE,ATCH_FILE_SID) values (278,118,4,'알람',to_date('2021/06/13','RRRR/MM/DD'),'RE',null);
Insert into ISSUE_HISTORY (ISSUE_HIS_NO,ISSUE_SID,MEM_NO,ISSUE_HIS_CONT,ISSUE_HIS_DATE,ISSUE_HIS_TYPE,ATCH_FILE_SID) values (279,118,4,'ㅇㅇㅇㅇㅇ',to_date('2021/06/14','RRRR/MM/DD'),'RE',null);
Insert into ISSUE_HISTORY (ISSUE_HIS_NO,ISSUE_SID,MEM_NO,ISSUE_HIS_CONT,ISSUE_HIS_DATE,ISSUE_HIS_TYPE,ATCH_FILE_SID) values (280,119,4,'~~',to_date('2021/06/14','RRRR/MM/DD'),'RE',null);
Insert into ISSUE_HISTORY (ISSUE_HIS_NO,ISSUE_SID,MEM_NO,ISSUE_HIS_CONT,ISSUE_HIS_DATE,ISSUE_HIS_TYPE,ATCH_FILE_SID) values (281,118,4,'afsfs',to_date('2021/06/15','RRRR/MM/DD'),'RE',null);
Insert into ISSUE_HISTORY (ISSUE_HIS_NO,ISSUE_SID,MEM_NO,ISSUE_HIS_CONT,ISSUE_HIS_DATE,ISSUE_HIS_TYPE,ATCH_FILE_SID) values (288,123,4,'asdffd',to_date('2021/06/18','RRRR/MM/DD'),'RE',null);
Insert into ISSUE_HISTORY (ISSUE_HIS_NO,ISSUE_SID,MEM_NO,ISSUE_HIS_CONT,ISSUE_HIS_DATE,ISSUE_HIS_TYPE,ATCH_FILE_SID) values (291,123,4,'abc',to_date('2021/06/18','RRRR/MM/DD'),'RE',null);
Insert into ISSUE_HISTORY (ISSUE_HIS_NO,ISSUE_SID,MEM_NO,ISSUE_HIS_CONT,ISSUE_HIS_DATE,ISSUE_HIS_TYPE,ATCH_FILE_SID) values (331,123,4,'0',to_date('2021/06/18','RRRR/MM/DD'),'IO',null);
Insert into ISSUE_HISTORY (ISSUE_HIS_NO,ISSUE_SID,MEM_NO,ISSUE_HIS_CONT,ISSUE_HIS_DATE,ISSUE_HIS_TYPE,ATCH_FILE_SID) values (332,123,4,'1',to_date('2021/06/18','RRRR/MM/DD'),'IC',null);
Insert into ISSUE_HISTORY (ISSUE_HIS_NO,ISSUE_SID,MEM_NO,ISSUE_HIS_CONT,ISSUE_HIS_DATE,ISSUE_HIS_TYPE,ATCH_FILE_SID) values (333,123,4,'0',to_date('2021/06/18','RRRR/MM/DD'),'IO',null);
Insert into ISSUE_HISTORY (ISSUE_HIS_NO,ISSUE_SID,MEM_NO,ISSUE_HIS_CONT,ISSUE_HIS_DATE,ISSUE_HIS_TYPE,ATCH_FILE_SID) values (334,123,4,'1',to_date('2021/06/18','RRRR/MM/DD'),'IC',null);
Insert into ISSUE_HISTORY (ISSUE_HIS_NO,ISSUE_SID,MEM_NO,ISSUE_HIS_CONT,ISSUE_HIS_DATE,ISSUE_HIS_TYPE,ATCH_FILE_SID) values (335,123,4,'제목 수정 테스트 입니다. 잘 작동 합니다. 굿!!!~~~',to_date('2021/06/18','RRRR/MM/DD'),'ET',null);
Insert into ISSUE_HISTORY (ISSUE_HIS_NO,ISSUE_SID,MEM_NO,ISSUE_HIS_CONT,ISSUE_HIS_DATE,ISSUE_HIS_TYPE,ATCH_FILE_SID) values (336,123,4,'팀장 꼬북',to_date('2021/06/18','RRRR/MM/DD'),'RA',null);
Insert into ISSUE_HISTORY (ISSUE_HIS_NO,ISSUE_SID,MEM_NO,ISSUE_HIS_CONT,ISSUE_HIS_DATE,ISSUE_HIS_TYPE,ATCH_FILE_SID) values (337,123,4,'팀장 꼬북',to_date('2021/06/18','RRRR/MM/DD'),'AA',null);
Insert into ISSUE_HISTORY (ISSUE_HIS_NO,ISSUE_SID,MEM_NO,ISSUE_HIS_CONT,ISSUE_HIS_DATE,ISSUE_HIS_TYPE,ATCH_FILE_SID) values (338,2,3,'0',to_date('2021/06/19','RRRR/MM/DD'),'IO',null);
Insert into ISSUE_HISTORY (ISSUE_HIS_NO,ISSUE_SID,MEM_NO,ISSUE_HIS_CONT,ISSUE_HIS_DATE,ISSUE_HIS_TYPE,ATCH_FILE_SID) values (339,123,3,null,to_date('2021/06/19','RRRR/MM/DD'),'RM',null);
Insert into ISSUE_HISTORY (ISSUE_HIS_NO,ISSUE_SID,MEM_NO,ISSUE_HIS_CONT,ISSUE_HIS_DATE,ISSUE_HIS_TYPE,ATCH_FILE_SID) values (340,123,3,'수정 마일스톤 입니다.123',to_date('2021/06/19','RRRR/MM/DD'),'EM',null);
Insert into ISSUE_HISTORY (ISSUE_HIS_NO,ISSUE_SID,MEM_NO,ISSUE_HIS_CONT,ISSUE_HIS_DATE,ISSUE_HIS_TYPE,ATCH_FILE_SID) values (341,123,4,'팀장 꼬북',to_date('2021/06/19','RRRR/MM/DD'),'RA',null);
Insert into ISSUE_HISTORY (ISSUE_HIS_NO,ISSUE_SID,MEM_NO,ISSUE_HIS_CONT,ISSUE_HIS_DATE,ISSUE_HIS_TYPE,ATCH_FILE_SID) values (342,123,4,'GAIA Project ',to_date('2021/06/19','RRRR/MM/DD'),'EM',null);
Insert into ISSUE_HISTORY (ISSUE_HIS_NO,ISSUE_SID,MEM_NO,ISSUE_HIS_CONT,ISSUE_HIS_DATE,ISSUE_HIS_TYPE,ATCH_FILE_SID) values (347,123,3,'0',to_date('2021/06/19','RRRR/MM/DD'),'IO',null);
Insert into ISSUE_HISTORY (ISSUE_HIS_NO,ISSUE_SID,MEM_NO,ISSUE_HIS_CONT,ISSUE_HIS_DATE,ISSUE_HIS_TYPE,ATCH_FILE_SID) values (356,121,4,'safdsdf',to_date('2021/06/21','RRRR/MM/DD'),'RE',null);
Insert into ISSUE_HISTORY (ISSUE_HIS_NO,ISSUE_SID,MEM_NO,ISSUE_HIS_CONT,ISSUE_HIS_DATE,ISSUE_HIS_TYPE,ATCH_FILE_SID) values (374,126,4,null,to_date('2021/06/21','RRRR/MM/DD'),'IC',null);
Insert into ISSUE_HISTORY (ISSUE_HIS_NO,ISSUE_SID,MEM_NO,ISSUE_HIS_CONT,ISSUE_HIS_DATE,ISSUE_HIS_TYPE,ATCH_FILE_SID) values (375,126,4,null,to_date('2021/06/21','RRRR/MM/DD'),'IC',null);
Insert into ISSUE_HISTORY (ISSUE_HIS_NO,ISSUE_SID,MEM_NO,ISSUE_HIS_CONT,ISSUE_HIS_DATE,ISSUE_HIS_TYPE,ATCH_FILE_SID) values (376,118,4,null,to_date('2021/06/21','RRRR/MM/DD'),'IC',null);
Insert into ISSUE_HISTORY (ISSUE_HIS_NO,ISSUE_SID,MEM_NO,ISSUE_HIS_CONT,ISSUE_HIS_DATE,ISSUE_HIS_TYPE,ATCH_FILE_SID) values (377,117,4,null,to_date('2021/06/21','RRRR/MM/DD'),'IC',null);
Insert into ISSUE_HISTORY (ISSUE_HIS_NO,ISSUE_SID,MEM_NO,ISSUE_HIS_CONT,ISSUE_HIS_DATE,ISSUE_HIS_TYPE,ATCH_FILE_SID) values (378,116,4,null,to_date('2021/06/21','RRRR/MM/DD'),'IC',null);
Insert into ISSUE_HISTORY (ISSUE_HIS_NO,ISSUE_SID,MEM_NO,ISSUE_HIS_CONT,ISSUE_HIS_DATE,ISSUE_HIS_TYPE,ATCH_FILE_SID) values (379,126,4,null,to_date('2021/06/21','RRRR/MM/DD'),'IC',null);
Insert into ISSUE_HISTORY (ISSUE_HIS_NO,ISSUE_SID,MEM_NO,ISSUE_HIS_CONT,ISSUE_HIS_DATE,ISSUE_HIS_TYPE,ATCH_FILE_SID) values (381,112,4,null,to_date('2021/06/21','RRRR/MM/DD'),'IC',null);
Insert into ISSUE_HISTORY (ISSUE_HIS_NO,ISSUE_SID,MEM_NO,ISSUE_HIS_CONT,ISSUE_HIS_DATE,ISSUE_HIS_TYPE,ATCH_FILE_SID) values (382,111,4,null,to_date('2021/06/21','RRRR/MM/DD'),'IC',null);
Insert into ISSUE_HISTORY (ISSUE_HIS_NO,ISSUE_SID,MEM_NO,ISSUE_HIS_CONT,ISSUE_HIS_DATE,ISSUE_HIS_TYPE,ATCH_FILE_SID) values (383,109,4,null,to_date('2021/06/21','RRRR/MM/DD'),'IC',null);
Insert into ISSUE_HISTORY (ISSUE_HIS_NO,ISSUE_SID,MEM_NO,ISSUE_HIS_CONT,ISSUE_HIS_DATE,ISSUE_HIS_TYPE,ATCH_FILE_SID) values (435,130,5,'465',to_date('2021/06/22','RRRR/MM/DD'),'RE',null);
Insert into ISSUE_HISTORY (ISSUE_HIS_NO,ISSUE_SID,MEM_NO,ISSUE_HIS_CONT,ISSUE_HIS_DATE,ISSUE_HIS_TYPE,ATCH_FILE_SID) values (436,130,5,null,to_date('2021/06/22','RRRR/MM/DD'),'RL',null);
Insert into ISSUE_HISTORY (ISSUE_HIS_NO,ISSUE_SID,MEM_NO,ISSUE_HIS_CONT,ISSUE_HIS_DATE,ISSUE_HIS_TYPE,ATCH_FILE_SID) values (437,130,5,'버그',to_date('2021/06/22','RRRR/MM/DD'),'EL',null);
Insert into ISSUE_HISTORY (ISSUE_HIS_NO,ISSUE_SID,MEM_NO,ISSUE_HIS_CONT,ISSUE_HIS_DATE,ISSUE_HIS_TYPE,ATCH_FILE_SID) values (438,130,5,'일감',to_date('2021/06/22','RRRR/MM/DD'),'EL',null);
Insert into ISSUE_HISTORY (ISSUE_HIS_NO,ISSUE_SID,MEM_NO,ISSUE_HIS_CONT,ISSUE_HIS_DATE,ISSUE_HIS_TYPE,ATCH_FILE_SID) values (439,130,5,'3',to_date('2021/06/22','RRRR/MM/DD'),'EP',null);
Insert into ISSUE_HISTORY (ISSUE_HIS_NO,ISSUE_SID,MEM_NO,ISSUE_HIS_CONT,ISSUE_HIS_DATE,ISSUE_HIS_TYPE,ATCH_FILE_SID) values (440,130,5,'ex',to_date('2021/06/22','RRRR/MM/DD'),'AA',null);
Insert into ISSUE_HISTORY (ISSUE_HIS_NO,ISSUE_SID,MEM_NO,ISSUE_HIS_CONT,ISSUE_HIS_DATE,ISSUE_HIS_TYPE,ATCH_FILE_SID) values (456,134,3,'초급 프로젝트 산출물 작업',to_date('2021/06/22','RRRR/MM/DD'),'ET',null);
Insert into ISSUE_HISTORY (ISSUE_HIS_NO,ISSUE_SID,MEM_NO,ISSUE_HIS_CONT,ISSUE_HIS_DATE,ISSUE_HIS_TYPE,ATCH_FILE_SID) values (457,135,3,'### 초급 프로젝트 종료 후 자리 바꿉니다!
- 렌덤으로 돌릴께요!
- ',to_date('2021/06/22','RRRR/MM/DD'),'RE',null);
Insert into ISSUE_HISTORY (ISSUE_HIS_NO,ISSUE_SID,MEM_NO,ISSUE_HIS_CONT,ISSUE_HIS_DATE,ISSUE_HIS_TYPE,ATCH_FILE_SID) values (458,136,3,'# 도시락 주문은 대전도시락이에요!',to_date('2021/06/22','RRRR/MM/DD'),'RE',null);
Insert into ISSUE_HISTORY (ISSUE_HIS_NO,ISSUE_SID,MEM_NO,ISSUE_HIS_CONT,ISSUE_HIS_DATE,ISSUE_HIS_TYPE,ATCH_FILE_SID) values (480,143,3,'이슈날짜ㅔ스트\

',to_date('2021/06/22','RRRR/MM/DD'),'RE',null);
Insert into ISSUE_HISTORY (ISSUE_HIS_NO,ISSUE_SID,MEM_NO,ISSUE_HIS_CONT,ISSUE_HIS_DATE,ISSUE_HIS_TYPE,ATCH_FILE_SID) values (481,143,3,'2021-06-28',to_date('2021/06/22','RRRR/MM/DD'),'ES',null);
Insert into ISSUE_HISTORY (ISSUE_HIS_NO,ISSUE_SID,MEM_NO,ISSUE_HIS_CONT,ISSUE_HIS_DATE,ISSUE_HIS_TYPE,ATCH_FILE_SID) values (8,7,1,'123',to_date('2021/05/12','RRRR/MM/DD'),'PE',null);
Insert into ISSUE_HISTORY (ISSUE_HIS_NO,ISSUE_SID,MEM_NO,ISSUE_HIS_CONT,ISSUE_HIS_DATE,ISSUE_HIS_TYPE,ATCH_FILE_SID) values (9,8,4,'aasd',to_date('2021/05/12','RRRR/MM/DD'),'PE',null);
Insert into ISSUE_HISTORY (ISSUE_HIS_NO,ISSUE_SID,MEM_NO,ISSUE_HIS_CONT,ISSUE_HIS_DATE,ISSUE_HIS_TYPE,ATCH_FILE_SID) values (10,9,1,'sd',to_date('2021/05/13','RRRR/MM/DD'),'PE',null);
Insert into ISSUE_HISTORY (ISSUE_HIS_NO,ISSUE_SID,MEM_NO,ISSUE_HIS_CONT,ISSUE_HIS_DATE,ISSUE_HIS_TYPE,ATCH_FILE_SID) values (11,1,1,'asd',to_date('2021/05/13','RRRR/MM/DD'),'PE',null);
Insert into ISSUE_HISTORY (ISSUE_HIS_NO,ISSUE_SID,MEM_NO,ISSUE_HIS_CONT,ISSUE_HIS_DATE,ISSUE_HIS_TYPE,ATCH_FILE_SID) values (12,2,5,'sdw',to_date('2021/05/13','RRRR/MM/DD'),'PE',null);
Insert into ISSUE_HISTORY (ISSUE_HIS_NO,ISSUE_SID,MEM_NO,ISSUE_HIS_CONT,ISSUE_HIS_DATE,ISSUE_HIS_TYPE,ATCH_FILE_SID) values (13,3,5,'sdcsx',to_date('2021/05/14','RRRR/MM/DD'),'PE',null);
Insert into ISSUE_HISTORY (ISSUE_HIS_NO,ISSUE_SID,MEM_NO,ISSUE_HIS_CONT,ISSUE_HIS_DATE,ISSUE_HIS_TYPE,ATCH_FILE_SID) values (14,4,4,'zcz',to_date('2021/05/14','RRRR/MM/DD'),'PE',null);
Insert into ISSUE_HISTORY (ISSUE_HIS_NO,ISSUE_SID,MEM_NO,ISSUE_HIS_CONT,ISSUE_HIS_DATE,ISSUE_HIS_TYPE,ATCH_FILE_SID) values (15,5,4,'zxcsx',to_date('2021/05/20','RRRR/MM/DD'),'PE',null);
Insert into ISSUE_HISTORY (ISSUE_HIS_NO,ISSUE_SID,MEM_NO,ISSUE_HIS_CONT,ISSUE_HIS_DATE,ISSUE_HIS_TYPE,ATCH_FILE_SID) values (16,10,1,'dasd',to_date('2021/05/31','RRRR/MM/DD'),'PE',null);
Insert into ISSUE_HISTORY (ISSUE_HIS_NO,ISSUE_SID,MEM_NO,ISSUE_HIS_CONT,ISSUE_HIS_DATE,ISSUE_HIS_TYPE,ATCH_FILE_SID) values (17,6,1,'wdq',to_date('2021/05/31','RRRR/MM/DD'),'PE',null);
Insert into ISSUE_HISTORY (ISSUE_HIS_NO,ISSUE_SID,MEM_NO,ISSUE_HIS_CONT,ISSUE_HIS_DATE,ISSUE_HIS_TYPE,ATCH_FILE_SID) values (23,19,4,'&lt; &gt; ',to_date('2021/06/02','RRRR/MM/DD'),'RE',null);
Insert into ISSUE_HISTORY (ISSUE_HIS_NO,ISSUE_SID,MEM_NO,ISSUE_HIS_CONT,ISSUE_HIS_DATE,ISSUE_HIS_TYPE,ATCH_FILE_SID) values (24,19,4,'# 댓글
- 가능 하니다!',to_date('2021/06/02','RRRR/MM/DD'),'RE',null);
Insert into ISSUE_HISTORY (ISSUE_HIS_NO,ISSUE_SID,MEM_NO,ISSUE_HIS_CONT,ISSUE_HIS_DATE,ISSUE_HIS_TYPE,ATCH_FILE_SID) values (25,19,4,'### 댓글 달아본다
- 쩝
- 아

흠',to_date('2021/06/02','RRRR/MM/DD'),'RE',null);
Insert into ISSUE_HISTORY (ISSUE_HIS_NO,ISSUE_SID,MEM_NO,ISSUE_HIS_CONT,ISSUE_HIS_DATE,ISSUE_HIS_TYPE,ATCH_FILE_SID) values (26,19,4,'댓글 달기',to_date('2021/06/02','RRRR/MM/DD'),'RE',null);
Insert into ISSUE_HISTORY (ISSUE_HIS_NO,ISSUE_SID,MEM_NO,ISSUE_HIS_CONT,ISSUE_HIS_DATE,ISSUE_HIS_TYPE,ATCH_FILE_SID) values (27,19,4,'# 또 다시 
- 댓글 달기
**ㅎㅎㅎ**',to_date('2021/06/02','RRRR/MM/DD'),'RE',null);
Insert into ISSUE_HISTORY (ISSUE_HIS_NO,ISSUE_SID,MEM_NO,ISSUE_HIS_CONT,ISSUE_HIS_DATE,ISSUE_HIS_TYPE,ATCH_FILE_SID) values (28,19,4,'재도전',to_date('2021/06/02','RRRR/MM/DD'),'RE',null);
Insert into ISSUE_HISTORY (ISSUE_HIS_NO,ISSUE_SID,MEM_NO,ISSUE_HIS_CONT,ISSUE_HIS_DATE,ISSUE_HIS_TYPE,ATCH_FILE_SID) values (29,19,4,'# 성공한건가
## 해치웠나
&gt;&gt; 이건 어카나',to_date('2021/06/02','RRRR/MM/DD'),'RE',null);
Insert into ISSUE_HISTORY (ISSUE_HIS_NO,ISSUE_SID,MEM_NO,ISSUE_HIS_CONT,ISSUE_HIS_DATE,ISSUE_HIS_TYPE,ATCH_FILE_SID) values (30,19,4,'api 쓰는게 쉽지 않다',to_date('2021/06/02','RRRR/MM/DD'),'RE',null);
Insert into ISSUE_HISTORY (ISSUE_HIS_NO,ISSUE_SID,MEM_NO,ISSUE_HIS_CONT,ISSUE_HIS_DATE,ISSUE_HIS_TYPE,ATCH_FILE_SID) values (31,19,4,'리셋도 너무 깜빢인데',to_date('2021/06/02','RRRR/MM/DD'),'RE',null);
Insert into ISSUE_HISTORY (ISSUE_HIS_NO,ISSUE_SID,MEM_NO,ISSUE_HIS_CONT,ISSUE_HIS_DATE,ISSUE_HIS_TYPE,ATCH_FILE_SID) values (32,19,4,'그래도 그나마 이게 낫나',to_date('2021/06/02','RRRR/MM/DD'),'RE',null);
Insert into ISSUE_HISTORY (ISSUE_HIS_NO,ISSUE_SID,MEM_NO,ISSUE_HIS_CONT,ISSUE_HIS_DATE,ISSUE_HIS_TYPE,ATCH_FILE_SID) values (33,19,4,'아~~~~~~진짜',to_date('2021/06/02','RRRR/MM/DD'),'RE',null);
Insert into ISSUE_HISTORY (ISSUE_HIS_NO,ISSUE_SID,MEM_NO,ISSUE_HIS_CONT,ISSUE_HIS_DATE,ISSUE_HIS_TYPE,ATCH_FILE_SID) values (34,19,4,'### 수고용',to_date('2021/06/02','RRRR/MM/DD'),'RE',null);
Insert into ISSUE_HISTORY (ISSUE_HIS_NO,ISSUE_SID,MEM_NO,ISSUE_HIS_CONT,ISSUE_HIS_DATE,ISSUE_HIS_TYPE,ATCH_FILE_SID) values (35,19,4,'테스트는 끝나지 않는다',to_date('2021/06/02','RRRR/MM/DD'),'RE',null);
Insert into ISSUE_HISTORY (ISSUE_HIS_NO,ISSUE_SID,MEM_NO,ISSUE_HIS_CONT,ISSUE_HIS_DATE,ISSUE_HIS_TYPE,ATCH_FILE_SID) values (36,19,4,'&gt; 아 이거 좀 어카징~',to_date('2021/06/02','RRRR/MM/DD'),'RE',null);
Insert into ISSUE_HISTORY (ISSUE_HIS_NO,ISSUE_SID,MEM_NO,ISSUE_HIS_CONT,ISSUE_HIS_DATE,ISSUE_HIS_TYPE,ATCH_FILE_SID) values (99,113,4,'네',to_date('2021/06/04','RRRR/MM/DD'),'RE',null);
Insert into ISSUE_HISTORY (ISSUE_HIS_NO,ISSUE_SID,MEM_NO,ISSUE_HIS_CONT,ISSUE_HIS_DATE,ISSUE_HIS_TYPE,ATCH_FILE_SID) values (103,109,4,'# ㅗㅑ',to_date('2021/06/05','RRRR/MM/DD'),'RE',null);
Insert into ISSUE_HISTORY (ISSUE_HIS_NO,ISSUE_SID,MEM_NO,ISSUE_HIS_CONT,ISSUE_HIS_DATE,ISSUE_HIS_TYPE,ATCH_FILE_SID) values (112,114,4,'댇ㅅ글 쓰면 꼬북한테 알람 가나?',to_date('2021/06/07','RRRR/MM/DD'),'RE',null);
Insert into ISSUE_HISTORY (ISSUE_HIS_NO,ISSUE_SID,MEM_NO,ISSUE_HIS_CONT,ISSUE_HIS_DATE,ISSUE_HIS_TYPE,ATCH_FILE_SID) values (118,114,4,'알람 만들기',to_date('2021/06/07','RRRR/MM/DD'),'RE',null);
Insert into ISSUE_HISTORY (ISSUE_HIS_NO,ISSUE_SID,MEM_NO,ISSUE_HIS_CONT,ISSUE_HIS_DATE,ISSUE_HIS_TYPE,ATCH_FILE_SID) values (119,114,4,'알람 만들기 또 ',to_date('2021/06/07','RRRR/MM/DD'),'RE',null);
Insert into ISSUE_HISTORY (ISSUE_HIS_NO,ISSUE_SID,MEM_NO,ISSUE_HIS_CONT,ISSUE_HIS_DATE,ISSUE_HIS_TYPE,ATCH_FILE_SID) values (124,114,4,'알람에 시간 적히노',to_date('2021/06/08','RRRR/MM/DD'),'RE',null);
Insert into ISSUE_HISTORY (ISSUE_HIS_NO,ISSUE_SID,MEM_NO,ISSUE_HIS_CONT,ISSUE_HIS_DATE,ISSUE_HIS_TYPE,ATCH_FILE_SID) values (125,114,4,'엥',to_date('2021/06/08','RRRR/MM/DD'),'RE',null);
Insert into ISSUE_HISTORY (ISSUE_HIS_NO,ISSUE_SID,MEM_NO,ISSUE_HIS_CONT,ISSUE_HIS_DATE,ISSUE_HIS_TYPE,ATCH_FILE_SID) values (126,114,4,'시간 잘 적히는지 테스트',to_date('2021/06/08','RRRR/MM/DD'),'RE',null);
Insert into ISSUE_HISTORY (ISSUE_HIS_NO,ISSUE_SID,MEM_NO,ISSUE_HIS_CONT,ISSUE_HIS_DATE,ISSUE_HIS_TYPE,ATCH_FILE_SID) values (127,114,4,'시간 포맷 테스트',to_date('2021/06/08','RRRR/MM/DD'),'RE',null);
Insert into ISSUE_HISTORY (ISSUE_HIS_NO,ISSUE_SID,MEM_NO,ISSUE_HIS_CONT,ISSUE_HIS_DATE,ISSUE_HIS_TYPE,ATCH_FILE_SID) values (128,114,4,'또 테스트 해본다.',to_date('2021/06/08','RRRR/MM/DD'),'RE',null);
Insert into ISSUE_HISTORY (ISSUE_HIS_NO,ISSUE_SID,MEM_NO,ISSUE_HIS_CONT,ISSUE_HIS_DATE,ISSUE_HIS_TYPE,ATCH_FILE_SID) values (129,9,4,'아이젠에게도 댓글 알람 보내기테스트',to_date('2021/06/08','RRRR/MM/DD'),'RE',null);
Insert into ISSUE_HISTORY (ISSUE_HIS_NO,ISSUE_SID,MEM_NO,ISSUE_HIS_CONT,ISSUE_HIS_DATE,ISSUE_HIS_TYPE,ATCH_FILE_SID) values (131,112,4,'gg',to_date('2021/06/09','RRRR/MM/DD'),'RE',null);
Insert into ISSUE_HISTORY (ISSUE_HIS_NO,ISSUE_SID,MEM_NO,ISSUE_HIS_CONT,ISSUE_HIS_DATE,ISSUE_HIS_TYPE,ATCH_FILE_SID) values (135,115,4,'알람전송 마이바티스',to_date('2021/06/09','RRRR/MM/DD'),'RE',null);
Insert into ISSUE_HISTORY (ISSUE_HIS_NO,ISSUE_SID,MEM_NO,ISSUE_HIS_CONT,ISSUE_HIS_DATE,ISSUE_HIS_TYPE,ATCH_FILE_SID) values (136,5,4,'여기 5번글에 댓글 달고감',to_date('2021/06/09','RRRR/MM/DD'),'RE',null);
Insert into ISSUE_HISTORY (ISSUE_HIS_NO,ISSUE_SID,MEM_NO,ISSUE_HIS_CONT,ISSUE_HIS_DATE,ISSUE_HIS_TYPE,ATCH_FILE_SID) values (262,113,4,'ddd',to_date('2021/06/12','RRRR/MM/DD'),'RE',null);
Insert into ISSUE_HISTORY (ISSUE_HIS_NO,ISSUE_SID,MEM_NO,ISSUE_HIS_CONT,ISSUE_HIS_DATE,ISSUE_HIS_TYPE,ATCH_FILE_SID) values (263,113,4,'abc',to_date('2021/06/12','RRRR/MM/DD'),'RE',null);
Insert into ISSUE_HISTORY (ISSUE_HIS_NO,ISSUE_SID,MEM_NO,ISSUE_HIS_CONT,ISSUE_HIS_DATE,ISSUE_HIS_TYPE,ATCH_FILE_SID) values (264,115,4,'abcd',to_date('2021/06/12','RRRR/MM/DD'),'RE',null);
Insert into ISSUE_HISTORY (ISSUE_HIS_NO,ISSUE_SID,MEM_NO,ISSUE_HIS_CONT,ISSUE_HIS_DATE,ISSUE_HIS_TYPE,ATCH_FILE_SID) values (267,115,4,'asdf',to_date('2021/06/12','RRRR/MM/DD'),'RE',null);
Insert into ISSUE_HISTORY (ISSUE_HIS_NO,ISSUE_SID,MEM_NO,ISSUE_HIS_CONT,ISSUE_HIS_DATE,ISSUE_HIS_TYPE,ATCH_FILE_SID) values (269,104,4,'asdfsfd',to_date('2021/06/12','RRRR/MM/DD'),'RE',null);
Insert into ISSUE_HISTORY (ISSUE_HIS_NO,ISSUE_SID,MEM_NO,ISSUE_HIS_CONT,ISSUE_HIS_DATE,ISSUE_HIS_TYPE,ATCH_FILE_SID) values (270,117,4,'## 하이
> ㅎㅇㅎㅇ
- ㅋㅋ ',to_date('2021/06/12','RRRR/MM/DD'),'RE',null);
Insert into ISSUE_HISTORY (ISSUE_HIS_NO,ISSUE_SID,MEM_NO,ISSUE_HIS_CONT,ISSUE_HIS_DATE,ISSUE_HIS_TYPE,ATCH_FILE_SID) values (273,118,4,'ㅎㅎ',to_date('2021/06/13','RRRR/MM/DD'),'RE',null);
Insert into ISSUE_HISTORY (ISSUE_HIS_NO,ISSUE_SID,MEM_NO,ISSUE_HIS_CONT,ISSUE_HIS_DATE,ISSUE_HIS_TYPE,ATCH_FILE_SID) values (274,118,4,'ㅁㄴㅇㄹ',to_date('2021/06/13','RRRR/MM/DD'),'RE',null);
Insert into ISSUE_HISTORY (ISSUE_HIS_NO,ISSUE_SID,MEM_NO,ISSUE_HIS_CONT,ISSUE_HIS_DATE,ISSUE_HIS_TYPE,ATCH_FILE_SID) values (286,123,4,'댓글',to_date('2021/06/18','RRRR/MM/DD'),'RE',null);
Insert into ISSUE_HISTORY (ISSUE_HIS_NO,ISSUE_SID,MEM_NO,ISSUE_HIS_CONT,ISSUE_HIS_DATE,ISSUE_HIS_TYPE,ATCH_FILE_SID) values (287,123,4,'뮻',to_date('2021/06/18','RRRR/MM/DD'),'RE',null);
Insert into ISSUE_HISTORY (ISSUE_HIS_NO,ISSUE_SID,MEM_NO,ISSUE_HIS_CONT,ISSUE_HIS_DATE,ISSUE_HIS_TYPE,ATCH_FILE_SID) values (289,123,4,'asdf',to_date('2021/06/18','RRRR/MM/DD'),'RE',null);
Insert into ISSUE_HISTORY (ISSUE_HIS_NO,ISSUE_SID,MEM_NO,ISSUE_HIS_CONT,ISSUE_HIS_DATE,ISSUE_HIS_TYPE,ATCH_FILE_SID) values (290,123,4,'asdf',to_date('2021/06/18','RRRR/MM/DD'),'RE',null);
Insert into ISSUE_HISTORY (ISSUE_HIS_NO,ISSUE_SID,MEM_NO,ISSUE_HIS_CONT,ISSUE_HIS_DATE,ISSUE_HIS_TYPE,ATCH_FILE_SID) values (292,123,4,'abcd',to_date('2021/06/18','RRRR/MM/DD'),'RE',null);
Insert into ISSUE_HISTORY (ISSUE_HIS_NO,ISSUE_SID,MEM_NO,ISSUE_HIS_CONT,ISSUE_HIS_DATE,ISSUE_HIS_TYPE,ATCH_FILE_SID) values (308,123,4,'0',to_date('2021/06/18','RRRR/MM/DD'),'EP',null);
Insert into ISSUE_HISTORY (ISSUE_HIS_NO,ISSUE_SID,MEM_NO,ISSUE_HIS_CONT,ISSUE_HIS_DATE,ISSUE_HIS_TYPE,ATCH_FILE_SID) values (294,123,4,'2021-06-30',to_date('2021/06/18','RRRR/MM/DD'),'EE',null);
Insert into ISSUE_HISTORY (ISSUE_HIS_NO,ISSUE_SID,MEM_NO,ISSUE_HIS_CONT,ISSUE_HIS_DATE,ISSUE_HIS_TYPE,ATCH_FILE_SID) values (295,123,4,'documentation',to_date('2021/06/18','RRRR/MM/DD'),'EL',null);
Insert into ISSUE_HISTORY (ISSUE_HIS_NO,ISSUE_SID,MEM_NO,ISSUE_HIS_CONT,ISSUE_HIS_DATE,ISSUE_HIS_TYPE,ATCH_FILE_SID) values (296,123,4,'팀장 꼬북',to_date('2021/06/18','RRRR/MM/DD'),'RM',null);
Insert into ISSUE_HISTORY (ISSUE_HIS_NO,ISSUE_SID,MEM_NO,ISSUE_HIS_CONT,ISSUE_HIS_DATE,ISSUE_HIS_TYPE,ATCH_FILE_SID) values (306,123,4,'2021-06-28',to_date('2021/06/18','RRRR/MM/DD'),'ES',null);
Insert into ISSUE_HISTORY (ISSUE_HIS_NO,ISSUE_SID,MEM_NO,ISSUE_HIS_CONT,ISSUE_HIS_DATE,ISSUE_HIS_TYPE,ATCH_FILE_SID) values (307,123,4,'2021-06-29',to_date('2021/06/18','RRRR/MM/DD'),'EE',null);
Insert into ISSUE_HISTORY (ISSUE_HIS_NO,ISSUE_SID,MEM_NO,ISSUE_HIS_CONT,ISSUE_HIS_DATE,ISSUE_HIS_TYPE,ATCH_FILE_SID) values (309,123,4,'팀장 꼬북',to_date('2021/06/18','RRRR/MM/DD'),'AA',null);
Insert into ISSUE_HISTORY (ISSUE_HIS_NO,ISSUE_SID,MEM_NO,ISSUE_HIS_CONT,ISSUE_HIS_DATE,ISSUE_HIS_TYPE,ATCH_FILE_SID) values (310,123,4,'tet',to_date('2021/06/18','RRRR/MM/DD'),'EM',null);
Insert into ISSUE_HISTORY (ISSUE_HIS_NO,ISSUE_SID,MEM_NO,ISSUE_HIS_CONT,ISSUE_HIS_DATE,ISSUE_HIS_TYPE,ATCH_FILE_SID) values (311,123,4,'2021-06-30',to_date('2021/06/18','RRRR/MM/DD'),'EE',null);
Insert into ISSUE_HISTORY (ISSUE_HIS_NO,ISSUE_SID,MEM_NO,ISSUE_HIS_CONT,ISSUE_HIS_DATE,ISSUE_HIS_TYPE,ATCH_FILE_SID) values (312,123,4,'good first issue',to_date('2021/06/18','RRRR/MM/DD'),'EL',null);
Insert into ISSUE_HISTORY (ISSUE_HIS_NO,ISSUE_SID,MEM_NO,ISSUE_HIS_CONT,ISSUE_HIS_DATE,ISSUE_HIS_TYPE,ATCH_FILE_SID) values (313,121,4,'documentation',to_date('2021/06/18','RRRR/MM/DD'),'EL',null);
Insert into ISSUE_HISTORY (ISSUE_HIS_NO,ISSUE_SID,MEM_NO,ISSUE_HIS_CONT,ISSUE_HIS_DATE,ISSUE_HIS_TYPE,ATCH_FILE_SID) values (314,121,4,'question',to_date('2021/06/18','RRRR/MM/DD'),'EL',null);
Insert into ISSUE_HISTORY (ISSUE_HIS_NO,ISSUE_SID,MEM_NO,ISSUE_HIS_CONT,ISSUE_HIS_DATE,ISSUE_HIS_TYPE,ATCH_FILE_SID) values (315,120,4,'김두한',to_date('2021/06/18','RRRR/MM/DD'),'RE',null);
Insert into ISSUE_HISTORY (ISSUE_HIS_NO,ISSUE_SID,MEM_NO,ISSUE_HIS_CONT,ISSUE_HIS_DATE,ISSUE_HIS_TYPE,ATCH_FILE_SID) values (317,120,4,'김두한',to_date('2021/06/18','RRRR/MM/DD'),'ET',null);
Insert into ISSUE_HISTORY (ISSUE_HIS_NO,ISSUE_SID,MEM_NO,ISSUE_HIS_CONT,ISSUE_HIS_DATE,ISSUE_HIS_TYPE,ATCH_FILE_SID) values (318,120,4,'2',to_date('2021/06/18','RRRR/MM/DD'),'EP',null);
Insert into ISSUE_HISTORY (ISSUE_HIS_NO,ISSUE_SID,MEM_NO,ISSUE_HIS_CONT,ISSUE_HIS_DATE,ISSUE_HIS_TYPE,ATCH_FILE_SID) values (319,120,4,'question',to_date('2021/06/18','RRRR/MM/DD'),'EL',null);
Insert into ISSUE_HISTORY (ISSUE_HIS_NO,ISSUE_SID,MEM_NO,ISSUE_HIS_CONT,ISSUE_HIS_DATE,ISSUE_HIS_TYPE,ATCH_FILE_SID) values (320,120,4,'수정된 마일스톤 제목',to_date('2021/06/18','RRRR/MM/DD'),'EM',null);
Insert into ISSUE_HISTORY (ISSUE_HIS_NO,ISSUE_SID,MEM_NO,ISSUE_HIS_CONT,ISSUE_HIS_DATE,ISSUE_HIS_TYPE,ATCH_FILE_SID) values (321,120,4,'사장 조시',to_date('2021/06/18','RRRR/MM/DD'),'AA',null);
Insert into ISSUE_HISTORY (ISSUE_HIS_NO,ISSUE_SID,MEM_NO,ISSUE_HIS_CONT,ISSUE_HIS_DATE,ISSUE_HIS_TYPE,ATCH_FILE_SID) values (322,120,4,'tet',to_date('2021/06/18','RRRR/MM/DD'),'EM',null);
Insert into ISSUE_HISTORY (ISSUE_HIS_NO,ISSUE_SID,MEM_NO,ISSUE_HIS_CONT,ISSUE_HIS_DATE,ISSUE_HIS_TYPE,ATCH_FILE_SID) values (323,120,4,'0',to_date('2021/06/18','RRRR/MM/DD'),'EP',null);
Insert into ISSUE_HISTORY (ISSUE_HIS_NO,ISSUE_SID,MEM_NO,ISSUE_HIS_CONT,ISSUE_HIS_DATE,ISSUE_HIS_TYPE,ATCH_FILE_SID) values (324,120,4,'2',to_date('2021/06/18','RRRR/MM/DD'),'EP',null);
Insert into ISSUE_HISTORY (ISSUE_HIS_NO,ISSUE_SID,MEM_NO,ISSUE_HIS_CONT,ISSUE_HIS_DATE,ISSUE_HIS_TYPE,ATCH_FILE_SID) values (326,123,4,'## 마크다운 댓글',to_date('2021/06/18','RRRR/MM/DD'),'RE',null);
Insert into ISSUE_HISTORY (ISSUE_HIS_NO,ISSUE_SID,MEM_NO,ISSUE_HIS_CONT,ISSUE_HIS_DATE,ISSUE_HIS_TYPE,ATCH_FILE_SID) values (329,123,4,'수정된 마일스톤 제목',to_date('2021/06/18','RRRR/MM/DD'),'EM',null);
Insert into ISSUE_HISTORY (ISSUE_HIS_NO,ISSUE_SID,MEM_NO,ISSUE_HIS_CONT,ISSUE_HIS_DATE,ISSUE_HIS_TYPE,ATCH_FILE_SID) values (330,123,4,'라벨명123',to_date('2021/06/18','RRRR/MM/DD'),'EL',null);
Insert into ISSUE_HISTORY (ISSUE_HIS_NO,ISSUE_SID,MEM_NO,ISSUE_HIS_CONT,ISSUE_HIS_DATE,ISSUE_HIS_TYPE,ATCH_FILE_SID) values (346,123,3,'ㅎㅎ',to_date('2021/06/19','RRRR/MM/DD'),'RE',null);
Insert into ISSUE_HISTORY (ISSUE_HIS_NO,ISSUE_SID,MEM_NO,ISSUE_HIS_CONT,ISSUE_HIS_DATE,ISSUE_HIS_TYPE,ATCH_FILE_SID) values (348,123,4,'고길동',to_date('2021/06/20','RRRR/MM/DD'),'AA',null);
Insert into ISSUE_HISTORY (ISSUE_HIS_NO,ISSUE_SID,MEM_NO,ISSUE_HIS_CONT,ISSUE_HIS_DATE,ISSUE_HIS_TYPE,ATCH_FILE_SID) values (349,123,4,'뉴저',to_date('2021/06/20','RRRR/MM/DD'),'AA',null);
Insert into ISSUE_HISTORY (ISSUE_HIS_NO,ISSUE_SID,MEM_NO,ISSUE_HIS_CONT,ISSUE_HIS_DATE,ISSUE_HIS_TYPE,ATCH_FILE_SID) values (351,122,4,'대리 쉐인',to_date('2021/06/20','RRRR/MM/DD'),'RA',null);
Insert into ISSUE_HISTORY (ISSUE_HIS_NO,ISSUE_SID,MEM_NO,ISSUE_HIS_CONT,ISSUE_HIS_DATE,ISSUE_HIS_TYPE,ATCH_FILE_SID) values (352,122,4,'대리 쉐인',to_date('2021/06/20','RRRR/MM/DD'),'AA',null);
Insert into ISSUE_HISTORY (ISSUE_HIS_NO,ISSUE_SID,MEM_NO,ISSUE_HIS_CONT,ISSUE_HIS_DATE,ISSUE_HIS_TYPE,ATCH_FILE_SID) values (353,12,3,'1',to_date('2021/06/21','RRRR/MM/DD'),'IC',null);
Insert into ISSUE_HISTORY (ISSUE_HIS_NO,ISSUE_SID,MEM_NO,ISSUE_HIS_CONT,ISSUE_HIS_DATE,ISSUE_HIS_TYPE,ATCH_FILE_SID) values (354,120,3,'1',to_date('2021/06/21','RRRR/MM/DD'),'IC',null);
Insert into ISSUE_HISTORY (ISSUE_HIS_NO,ISSUE_SID,MEM_NO,ISSUE_HIS_CONT,ISSUE_HIS_DATE,ISSUE_HIS_TYPE,ATCH_FILE_SID) values (355,121,4,'asdffsd',to_date('2021/06/21','RRRR/MM/DD'),'RE',null);
Insert into ISSUE_HISTORY (ISSUE_HIS_NO,ISSUE_SID,MEM_NO,ISSUE_HIS_CONT,ISSUE_HIS_DATE,ISSUE_HIS_TYPE,ATCH_FILE_SID) values (357,121,4,'as',to_date('2021/06/21','RRRR/MM/DD'),'RE',null);
Insert into ISSUE_HISTORY (ISSUE_HIS_NO,ISSUE_SID,MEM_NO,ISSUE_HIS_CONT,ISSUE_HIS_DATE,ISSUE_HIS_TYPE,ATCH_FILE_SID) values (358,121,4,'dd',to_date('2021/06/21','RRRR/MM/DD'),'RE',null);
Insert into ISSUE_HISTORY (ISSUE_HIS_NO,ISSUE_SID,MEM_NO,ISSUE_HIS_CONT,ISSUE_HIS_DATE,ISSUE_HIS_TYPE,ATCH_FILE_SID) values (359,123,4,'1',to_date('2021/06/21','RRRR/MM/DD'),'RE',null);
Insert into ISSUE_HISTORY (ISSUE_HIS_NO,ISSUE_SID,MEM_NO,ISSUE_HIS_CONT,ISSUE_HIS_DATE,ISSUE_HIS_TYPE,ATCH_FILE_SID) values (360,125,4,'## 뉴스에 사진 업로드 가능하도록 하기
> 화이팅 @',to_date('2021/06/21','RRRR/MM/DD'),'RE',null);
Insert into ISSUE_HISTORY (ISSUE_HIS_NO,ISSUE_SID,MEM_NO,ISSUE_HIS_CONT,ISSUE_HIS_DATE,ISSUE_HIS_TYPE,ATCH_FILE_SID) values (420,115,4,'ㅇㅇ',to_date('2021/06/21','RRRR/MM/DD'),'RE',null);
Insert into ISSUE_HISTORY (ISSUE_HIS_NO,ISSUE_SID,MEM_NO,ISSUE_HIS_CONT,ISSUE_HIS_DATE,ISSUE_HIS_TYPE,ATCH_FILE_SID) values (475,142,4,'2021-06-24',to_date('2021/06/22','RRRR/MM/DD'),'ES',null);
Insert into ISSUE_HISTORY (ISSUE_HIS_NO,ISSUE_SID,MEM_NO,ISSUE_HIS_CONT,ISSUE_HIS_DATE,ISSUE_HIS_TYPE,ATCH_FILE_SID) values (476,142,4,'2021-06-30',to_date('2021/06/22','RRRR/MM/DD'),'EE',null);
Insert into ISSUE_HISTORY (ISSUE_HIS_NO,ISSUE_SID,MEM_NO,ISSUE_HIS_CONT,ISSUE_HIS_DATE,ISSUE_HIS_TYPE,ATCH_FILE_SID) values (477,142,4,'일감',to_date('2021/06/22','RRRR/MM/DD'),'EL',null);
Insert into ISSUE_HISTORY (ISSUE_HIS_NO,ISSUE_SID,MEM_NO,ISSUE_HIS_CONT,ISSUE_HIS_DATE,ISSUE_HIS_TYPE,ATCH_FILE_SID) values (478,142,4,'날짜 테스트',to_date('2021/06/22','RRRR/MM/DD'),'EM',null);
Insert into ISSUE_HISTORY (ISSUE_HIS_NO,ISSUE_SID,MEM_NO,ISSUE_HIS_CONT,ISSUE_HIS_DATE,ISSUE_HIS_TYPE,ATCH_FILE_SID) values (479,142,4,'ex',to_date('2021/06/22','RRRR/MM/DD'),'AA',null);
Insert into ISSUE_HISTORY (ISSUE_HIS_NO,ISSUE_SID,MEM_NO,ISSUE_HIS_CONT,ISSUE_HIS_DATE,ISSUE_HIS_TYPE,ATCH_FILE_SID) values (1,1,3,'"첫번째 이슈 히스토리 내용',to_date('2021/05/01','RRRR/MM/DD'),'RE',null);
Insert into ISSUE_HISTORY (ISSUE_HIS_NO,ISSUE_SID,MEM_NO,ISSUE_HIS_CONT,ISSUE_HIS_DATE,ISSUE_HIS_TYPE,ATCH_FILE_SID) values (2,1,5,'1번 이슈 제목 수정 히스토리 저장됨"',to_date('2021/05/02','RRRR/MM/DD'),'CU',null);
Insert into ISSUE_HISTORY (ISSUE_HIS_NO,ISSUE_SID,MEM_NO,ISSUE_HIS_CONT,ISSUE_HIS_DATE,ISSUE_HIS_TYPE,ATCH_FILE_SID) values (18,14,4,'# 댓글도 달려라
- ㅎㅎ',to_date('2021/06/02','RRRR/MM/DD'),'RE',null);
Insert into ISSUE_HISTORY (ISSUE_HIS_NO,ISSUE_SID,MEM_NO,ISSUE_HIS_CONT,ISSUE_HIS_DATE,ISSUE_HIS_TYPE,ATCH_FILE_SID) values (40,19,4,'## ㅎㅇ
&gt; ㅎ',to_date('2021/06/02','RRRR/MM/DD'),'RE',null);
Insert into ISSUE_HISTORY (ISSUE_HIS_NO,ISSUE_SID,MEM_NO,ISSUE_HIS_CONT,ISSUE_HIS_DATE,ISSUE_HIS_TYPE,ATCH_FILE_SID) values (67,21,4,'댓글 달기~~~',to_date('2021/06/03','RRRR/MM/DD'),'RE',null);
Insert into ISSUE_HISTORY (ISSUE_HIS_NO,ISSUE_SID,MEM_NO,ISSUE_HIS_CONT,ISSUE_HIS_DATE,ISSUE_HIS_TYPE,ATCH_FILE_SID) values (68,21,4,'### 또 댓글 달기
> 오늘 
> 댓글
> 나
> 성공적',to_date('2021/06/03','RRRR/MM/DD'),'RE',null);
Insert into ISSUE_HISTORY (ISSUE_HIS_NO,ISSUE_SID,MEM_NO,ISSUE_HIS_CONT,ISSUE_HIS_DATE,ISSUE_HIS_TYPE,ATCH_FILE_SID) values (97,113,4,'asdf',to_date('2021/06/04','RRRR/MM/DD'),'RE',null);
Insert into ISSUE_HISTORY (ISSUE_HIS_NO,ISSUE_SID,MEM_NO,ISSUE_HIS_CONT,ISSUE_HIS_DATE,ISSUE_HIS_TYPE,ATCH_FILE_SID) values (104,1,4,'넵!!',to_date('2021/06/05','RRRR/MM/DD'),'RE',null);
Insert into ISSUE_HISTORY (ISSUE_HIS_NO,ISSUE_SID,MEM_NO,ISSUE_HIS_CONT,ISSUE_HIS_DATE,ISSUE_HIS_TYPE,ATCH_FILE_SID) values (105,1,4,'# 테스트 또 한다',to_date('2021/06/05','RRRR/MM/DD'),'RE',null);
Insert into ISSUE_HISTORY (ISSUE_HIS_NO,ISSUE_SID,MEM_NO,ISSUE_HIS_CONT,ISSUE_HIS_DATE,ISSUE_HIS_TYPE,ATCH_FILE_SID) values (115,114,4,'xtx',to_date('2021/06/07','RRRR/MM/DD'),'RE',null);
Insert into ISSUE_HISTORY (ISSUE_HIS_NO,ISSUE_SID,MEM_NO,ISSUE_HIS_CONT,ISSUE_HIS_DATE,ISSUE_HIS_TYPE,ATCH_FILE_SID) values (116,114,4,'이슈 댓 테스트',to_date('2021/06/07','RRRR/MM/DD'),'RE',null);
Insert into ISSUE_HISTORY (ISSUE_HIS_NO,ISSUE_SID,MEM_NO,ISSUE_HIS_CONT,ISSUE_HIS_DATE,ISSUE_HIS_TYPE,ATCH_FILE_SID) values (132,112,4,'ㅎㅎㅎ',to_date('2021/06/09','RRRR/MM/DD'),'RE',null);
Insert into ISSUE_HISTORY (ISSUE_HIS_NO,ISSUE_SID,MEM_NO,ISSUE_HIS_CONT,ISSUE_HIS_DATE,ISSUE_HIS_TYPE,ATCH_FILE_SID) values (133,115,4,'## 오랜만에',to_date('2021/06/09','RRRR/MM/DD'),'RE',null);
Insert into ISSUE_HISTORY (ISSUE_HIS_NO,ISSUE_SID,MEM_NO,ISSUE_HIS_CONT,ISSUE_HIS_DATE,ISSUE_HIS_TYPE,ATCH_FILE_SID) values (138,114,4,'알람 하나 보내본다',to_date('2021/06/09','RRRR/MM/DD'),'RE',null);
Insert into ISSUE_HISTORY (ISSUE_HIS_NO,ISSUE_SID,MEM_NO,ISSUE_HIS_CONT,ISSUE_HIS_DATE,ISSUE_HIS_TYPE,ATCH_FILE_SID) values (150,115,4,'rrr',to_date('2021/06/10','RRRR/MM/DD'),'RE',null);
Insert into ISSUE_HISTORY (ISSUE_HIS_NO,ISSUE_SID,MEM_NO,ISSUE_HIS_CONT,ISSUE_HIS_DATE,ISSUE_HIS_TYPE,ATCH_FILE_SID) values (151,115,4,'뮻ㅇ',to_date('2021/06/10','RRRR/MM/DD'),'RE',null);
Insert into ISSUE_HISTORY (ISSUE_HIS_NO,ISSUE_SID,MEM_NO,ISSUE_HIS_CONT,ISSUE_HIS_DATE,ISSUE_HIS_TYPE,ATCH_FILE_SID) values (152,115,4,'ggg',to_date('2021/06/10','RRRR/MM/DD'),'RE',null);
Insert into ISSUE_HISTORY (ISSUE_HIS_NO,ISSUE_SID,MEM_NO,ISSUE_HIS_CONT,ISSUE_HIS_DATE,ISSUE_HIS_TYPE,ATCH_FILE_SID) values (153,115,4,'ㅎㅎㅎ',to_date('2021/06/10','RRRR/MM/DD'),'RE',null);
Insert into ISSUE_HISTORY (ISSUE_HIS_NO,ISSUE_SID,MEM_NO,ISSUE_HIS_CONT,ISSUE_HIS_DATE,ISSUE_HIS_TYPE,ATCH_FILE_SID) values (154,115,4,'ㅎㅎㅎㅎ',to_date('2021/06/10','RRRR/MM/DD'),'RE',null);
Insert into ISSUE_HISTORY (ISSUE_HIS_NO,ISSUE_SID,MEM_NO,ISSUE_HIS_CONT,ISSUE_HIS_DATE,ISSUE_HIS_TYPE,ATCH_FILE_SID) values (155,115,4,'ggg',to_date('2021/06/10','RRRR/MM/DD'),'RE',null);
Insert into ISSUE_HISTORY (ISSUE_HIS_NO,ISSUE_SID,MEM_NO,ISSUE_HIS_CONT,ISSUE_HIS_DATE,ISSUE_HIS_TYPE,ATCH_FILE_SID) values (159,114,4,'제발좀',to_date('2021/06/10','RRRR/MM/DD'),'RE',null);
Insert into ISSUE_HISTORY (ISSUE_HIS_NO,ISSUE_SID,MEM_NO,ISSUE_HIS_CONT,ISSUE_HIS_DATE,ISSUE_HIS_TYPE,ATCH_FILE_SID) values (160,114,4,'ㅎㅎㅎ',to_date('2021/06/10','RRRR/MM/DD'),'RE',null);
Insert into ISSUE_HISTORY (ISSUE_HIS_NO,ISSUE_SID,MEM_NO,ISSUE_HIS_CONT,ISSUE_HIS_DATE,ISSUE_HIS_TYPE,ATCH_FILE_SID) values (161,114,4,'gg',to_date('2021/06/10','RRRR/MM/DD'),'RE',null);
Insert into ISSUE_HISTORY (ISSUE_HIS_NO,ISSUE_SID,MEM_NO,ISSUE_HIS_CONT,ISSUE_HIS_DATE,ISSUE_HIS_TYPE,ATCH_FILE_SID) values (162,114,4,'리얼?',to_date('2021/06/10','RRRR/MM/DD'),'RE',null);
Insert into ISSUE_HISTORY (ISSUE_HIS_NO,ISSUE_SID,MEM_NO,ISSUE_HIS_CONT,ISSUE_HIS_DATE,ISSUE_HIS_TYPE,ATCH_FILE_SID) values (165,114,4,'abcd',to_date('2021/06/10','RRRR/MM/DD'),'RE',null);
Insert into ISSUE_HISTORY (ISSUE_HIS_NO,ISSUE_SID,MEM_NO,ISSUE_HIS_CONT,ISSUE_HIS_DATE,ISSUE_HIS_TYPE,ATCH_FILE_SID) values (166,114,4,'abcc',to_date('2021/06/10','RRRR/MM/DD'),'RE',null);
Insert into ISSUE_HISTORY (ISSUE_HIS_NO,ISSUE_SID,MEM_NO,ISSUE_HIS_CONT,ISSUE_HIS_DATE,ISSUE_HIS_TYPE,ATCH_FILE_SID) values (167,114,4,'아 힘들어',to_date('2021/06/10','RRRR/MM/DD'),'RE',null);
Insert into ISSUE_HISTORY (ISSUE_HIS_NO,ISSUE_SID,MEM_NO,ISSUE_HIS_CONT,ISSUE_HIS_DATE,ISSUE_HIS_TYPE,ATCH_FILE_SID) values (168,114,4,'ㅇㅇ',to_date('2021/06/10','RRRR/MM/DD'),'RE',null);
Insert into ISSUE_HISTORY (ISSUE_HIS_NO,ISSUE_SID,MEM_NO,ISSUE_HIS_CONT,ISSUE_HIS_DATE,ISSUE_HIS_TYPE,ATCH_FILE_SID) values (169,114,4,'ㅇㅇ',to_date('2021/06/10','RRRR/MM/DD'),'RE',null);
Insert into ISSUE_HISTORY (ISSUE_HIS_NO,ISSUE_SID,MEM_NO,ISSUE_HIS_CONT,ISSUE_HIS_DATE,ISSUE_HIS_TYPE,ATCH_FILE_SID) values (178,116,4,'hi josh',to_date('2021/06/10','RRRR/MM/DD'),'RE',null);
Insert into ISSUE_HISTORY (ISSUE_HIS_NO,ISSUE_SID,MEM_NO,ISSUE_HIS_CONT,ISSUE_HIS_DATE,ISSUE_HIS_TYPE,ATCH_FILE_SID) values (192,114,4,'abcd',to_date('2021/06/10','RRRR/MM/DD'),'RE',null);
Insert into ISSUE_HISTORY (ISSUE_HIS_NO,ISSUE_SID,MEM_NO,ISSUE_HIS_CONT,ISSUE_HIS_DATE,ISSUE_HIS_TYPE,ATCH_FILE_SID) values (193,114,4,'ㅋㅋㅋㅋ',to_date('2021/06/10','RRRR/MM/DD'),'RE',null);
Insert into ISSUE_HISTORY (ISSUE_HIS_NO,ISSUE_SID,MEM_NO,ISSUE_HIS_CONT,ISSUE_HIS_DATE,ISSUE_HIS_TYPE,ATCH_FILE_SID) values (196,115,4,'ㅇㅇㅇㅇ',to_date('2021/06/10','RRRR/MM/DD'),'RE',null);
Insert into ISSUE_HISTORY (ISSUE_HIS_NO,ISSUE_SID,MEM_NO,ISSUE_HIS_CONT,ISSUE_HIS_DATE,ISSUE_HIS_TYPE,ATCH_FILE_SID) values (199,115,4,'agsdsdgsg',to_date('2021/06/10','RRRR/MM/DD'),'RE',null);
Insert into ISSUE_HISTORY (ISSUE_HIS_NO,ISSUE_SID,MEM_NO,ISSUE_HIS_CONT,ISSUE_HIS_DATE,ISSUE_HIS_TYPE,ATCH_FILE_SID) values (201,115,4,'abc',to_date('2021/06/10','RRRR/MM/DD'),'RE',null);
Insert into ISSUE_HISTORY (ISSUE_HIS_NO,ISSUE_SID,MEM_NO,ISSUE_HIS_CONT,ISSUE_HIS_DATE,ISSUE_HIS_TYPE,ATCH_FILE_SID) values (204,115,4,'aaaa',to_date('2021/06/10','RRRR/MM/DD'),'RE',null);
Insert into ISSUE_HISTORY (ISSUE_HIS_NO,ISSUE_SID,MEM_NO,ISSUE_HIS_CONT,ISSUE_HIS_DATE,ISSUE_HIS_TYPE,ATCH_FILE_SID) values (205,115,4,'abcd',to_date('2021/06/10','RRRR/MM/DD'),'RE',null);
Insert into ISSUE_HISTORY (ISSUE_HIS_NO,ISSUE_SID,MEM_NO,ISSUE_HIS_CONT,ISSUE_HIS_DATE,ISSUE_HIS_TYPE,ATCH_FILE_SID) values (207,115,4,'abcd',to_date('2021/06/10','RRRR/MM/DD'),'RE',null);
Insert into ISSUE_HISTORY (ISSUE_HIS_NO,ISSUE_SID,MEM_NO,ISSUE_HIS_CONT,ISSUE_HIS_DATE,ISSUE_HIS_TYPE,ATCH_FILE_SID) values (209,115,4,'abcd',to_date('2021/06/10','RRRR/MM/DD'),'RE',null);
Insert into ISSUE_HISTORY (ISSUE_HIS_NO,ISSUE_SID,MEM_NO,ISSUE_HIS_CONT,ISSUE_HIS_DATE,ISSUE_HIS_TYPE,ATCH_FILE_SID) values (211,115,4,'뮻ㅇ',to_date('2021/06/10','RRRR/MM/DD'),'RE',null);
Insert into ISSUE_HISTORY (ISSUE_HIS_NO,ISSUE_SID,MEM_NO,ISSUE_HIS_CONT,ISSUE_HIS_DATE,ISSUE_HIS_TYPE,ATCH_FILE_SID) values (212,115,4,'abcd',to_date('2021/06/10','RRRR/MM/DD'),'RE',null);
Insert into ISSUE_HISTORY (ISSUE_HIS_NO,ISSUE_SID,MEM_NO,ISSUE_HIS_CONT,ISSUE_HIS_DATE,ISSUE_HIS_TYPE,ATCH_FILE_SID) values (216,109,3,'ff',to_date('2021/06/10','RRRR/MM/DD'),'RE',null);
Insert into ISSUE_HISTORY (ISSUE_HIS_NO,ISSUE_SID,MEM_NO,ISSUE_HIS_CONT,ISSUE_HIS_DATE,ISSUE_HIS_TYPE,ATCH_FILE_SID) values (217,109,3,'dd',to_date('2021/06/10','RRRR/MM/DD'),'RE',null);
Insert into ISSUE_HISTORY (ISSUE_HIS_NO,ISSUE_SID,MEM_NO,ISSUE_HIS_CONT,ISSUE_HIS_DATE,ISSUE_HIS_TYPE,ATCH_FILE_SID) values (219,115,4,'avc',to_date('2021/06/10','RRRR/MM/DD'),'RE',null);
Insert into ISSUE_HISTORY (ISSUE_HIS_NO,ISSUE_SID,MEM_NO,ISSUE_HIS_CONT,ISSUE_HIS_DATE,ISSUE_HIS_TYPE,ATCH_FILE_SID) values (221,115,4,'asdf',to_date('2021/06/10','RRRR/MM/DD'),'RE',null);
Insert into ISSUE_HISTORY (ISSUE_HIS_NO,ISSUE_SID,MEM_NO,ISSUE_HIS_CONT,ISSUE_HIS_DATE,ISSUE_HIS_TYPE,ATCH_FILE_SID) values (222,115,4,'asffd',to_date('2021/06/10','RRRR/MM/DD'),'RE',null);
Insert into ISSUE_HISTORY (ISSUE_HIS_NO,ISSUE_SID,MEM_NO,ISSUE_HIS_CONT,ISSUE_HIS_DATE,ISSUE_HIS_TYPE,ATCH_FILE_SID) values (227,115,4,'뮴ㅇㄹ',to_date('2021/06/10','RRRR/MM/DD'),'RE',null);
Insert into ISSUE_HISTORY (ISSUE_HIS_NO,ISSUE_SID,MEM_NO,ISSUE_HIS_CONT,ISSUE_HIS_DATE,ISSUE_HIS_TYPE,ATCH_FILE_SID) values (229,115,4,'ㅁ늉ㄹ',to_date('2021/06/10','RRRR/MM/DD'),'RE',null);
Insert into ISSUE_HISTORY (ISSUE_HIS_NO,ISSUE_SID,MEM_NO,ISSUE_HIS_CONT,ISSUE_HIS_DATE,ISSUE_HIS_TYPE,ATCH_FILE_SID) values (231,115,4,'ㅎㅎㅎㅎ',to_date('2021/06/10','RRRR/MM/DD'),'RE',null);
Insert into ISSUE_HISTORY (ISSUE_HIS_NO,ISSUE_SID,MEM_NO,ISSUE_HIS_CONT,ISSUE_HIS_DATE,ISSUE_HIS_TYPE,ATCH_FILE_SID) values (235,115,4,'hello~',to_date('2021/06/10','RRRR/MM/DD'),'RE',null);
Insert into ISSUE_HISTORY (ISSUE_HIS_NO,ISSUE_SID,MEM_NO,ISSUE_HIS_CONT,ISSUE_HIS_DATE,ISSUE_HIS_TYPE,ATCH_FILE_SID) values (239,114,4,'abcd',to_date('2021/06/10','RRRR/MM/DD'),'RE',null);
Insert into ISSUE_HISTORY (ISSUE_HIS_NO,ISSUE_SID,MEM_NO,ISSUE_HIS_CONT,ISSUE_HIS_DATE,ISSUE_HIS_TYPE,ATCH_FILE_SID) values (242,115,4,'ggggg',to_date('2021/06/10','RRRR/MM/DD'),'RE',null);
Insert into ISSUE_HISTORY (ISSUE_HIS_NO,ISSUE_SID,MEM_NO,ISSUE_HIS_CONT,ISSUE_HIS_DATE,ISSUE_HIS_TYPE,ATCH_FILE_SID) values (244,115,4,'abcd',to_date('2021/06/11','RRRR/MM/DD'),'RE',null);
Insert into ISSUE_HISTORY (ISSUE_HIS_NO,ISSUE_SID,MEM_NO,ISSUE_HIS_CONT,ISSUE_HIS_DATE,ISSUE_HIS_TYPE,ATCH_FILE_SID) values (249,114,4,'알람 ㅇ추가',to_date('2021/06/11','RRRR/MM/DD'),'RE',null);
Insert into ISSUE_HISTORY (ISSUE_HIS_NO,ISSUE_SID,MEM_NO,ISSUE_HIS_CONT,ISSUE_HIS_DATE,ISSUE_HIS_TYPE,ATCH_FILE_SID) values (250,114,4,'ggg',to_date('2021/06/11','RRRR/MM/DD'),'RE',null);
Insert into ISSUE_HISTORY (ISSUE_HIS_NO,ISSUE_SID,MEM_NO,ISSUE_HIS_CONT,ISSUE_HIS_DATE,ISSUE_HIS_TYPE,ATCH_FILE_SID) values (251,114,4,'ggg',to_date('2021/06/11','RRRR/MM/DD'),'RE',null);
Insert into ISSUE_HISTORY (ISSUE_HIS_NO,ISSUE_SID,MEM_NO,ISSUE_HIS_CONT,ISSUE_HIS_DATE,ISSUE_HIS_TYPE,ATCH_FILE_SID) values (252,114,4,'gggg',to_date('2021/06/11','RRRR/MM/DD'),'RE',null);
Insert into ISSUE_HISTORY (ISSUE_HIS_NO,ISSUE_SID,MEM_NO,ISSUE_HIS_CONT,ISSUE_HIS_DATE,ISSUE_HIS_TYPE,ATCH_FILE_SID) values (256,115,4,'ㅎㅎㅎ',to_date('2021/06/11','RRRR/MM/DD'),'RE',null);
Insert into ISSUE_HISTORY (ISSUE_HIS_NO,ISSUE_SID,MEM_NO,ISSUE_HIS_CONT,ISSUE_HIS_DATE,ISSUE_HIS_TYPE,ATCH_FILE_SID) values (258,115,4,'ㅇㅇㅇㅇ',to_date('2021/06/11','RRRR/MM/DD'),'RE',null);
Insert into ISSUE_HISTORY (ISSUE_HIS_NO,ISSUE_SID,MEM_NO,ISSUE_HIS_CONT,ISSUE_HIS_DATE,ISSUE_HIS_TYPE,ATCH_FILE_SID) values (259,115,3,'asdfafsd',to_date('2021/06/11','RRRR/MM/DD'),'RE',null);
Insert into ISSUE_HISTORY (ISSUE_HIS_NO,ISSUE_SID,MEM_NO,ISSUE_HIS_CONT,ISSUE_HIS_DATE,ISSUE_HIS_TYPE,ATCH_FILE_SID) values (282,120,4,'~~',to_date('2021/06/16','RRRR/MM/DD'),'RE',null);
Insert into ISSUE_HISTORY (ISSUE_HIS_NO,ISSUE_SID,MEM_NO,ISSUE_HIS_CONT,ISSUE_HIS_DATE,ISSUE_HIS_TYPE,ATCH_FILE_SID) values (283,121,4,'# 작성해봅니다',to_date('2021/06/17','RRRR/MM/DD'),'RE',null);
Insert into ISSUE_HISTORY (ISSUE_HIS_NO,ISSUE_SID,MEM_NO,ISSUE_HIS_CONT,ISSUE_HIS_DATE,ISSUE_HIS_TYPE,ATCH_FILE_SID) values (284,122,4,'테스트임',to_date('2021/06/18','RRRR/MM/DD'),'RE',null);
Insert into ISSUE_HISTORY (ISSUE_HIS_NO,ISSUE_SID,MEM_NO,ISSUE_HIS_CONT,ISSUE_HIS_DATE,ISSUE_HIS_TYPE,ATCH_FILE_SID) values (297,123,4,'팀장 꼬북',to_date('2021/06/18','RRRR/MM/DD'),'AA',null);
Insert into ISSUE_HISTORY (ISSUE_HIS_NO,ISSUE_SID,MEM_NO,ISSUE_HIS_CONT,ISSUE_HIS_DATE,ISSUE_HIS_TYPE,ATCH_FILE_SID) values (298,123,4,'팀장 꼬북',to_date('2021/06/18','RRRR/MM/DD'),'RM',null);
Insert into ISSUE_HISTORY (ISSUE_HIS_NO,ISSUE_SID,MEM_NO,ISSUE_HIS_CONT,ISSUE_HIS_DATE,ISSUE_HIS_TYPE,ATCH_FILE_SID) values (365,121,4,'1',to_date('2021/06/21','RRRR/MM/DD'),'IC',null);
Insert into ISSUE_HISTORY (ISSUE_HIS_NO,ISSUE_SID,MEM_NO,ISSUE_HIS_CONT,ISSUE_HIS_DATE,ISSUE_HIS_TYPE,ATCH_FILE_SID) values (366,127,4,'# 화이팅 !',to_date('2021/06/21','RRRR/MM/DD'),'RE',null);
Insert into ISSUE_HISTORY (ISSUE_HIS_NO,ISSUE_SID,MEM_NO,ISSUE_HIS_CONT,ISSUE_HIS_DATE,ISSUE_HIS_TYPE,ATCH_FILE_SID) values (367,127,4,'1',to_date('2021/06/21','RRRR/MM/DD'),'EP',null);
Insert into ISSUE_HISTORY (ISSUE_HIS_NO,ISSUE_SID,MEM_NO,ISSUE_HIS_CONT,ISSUE_HIS_DATE,ISSUE_HIS_TYPE,ATCH_FILE_SID) values (368,114,4,'1',to_date('2021/06/21','RRRR/MM/DD'),'EP',null);
Insert into ISSUE_HISTORY (ISSUE_HIS_NO,ISSUE_SID,MEM_NO,ISSUE_HIS_CONT,ISSUE_HIS_DATE,ISSUE_HIS_TYPE,ATCH_FILE_SID) values (369,114,4,'good first issue',to_date('2021/06/21','RRRR/MM/DD'),'EL',null);
Insert into ISSUE_HISTORY (ISSUE_HIS_NO,ISSUE_SID,MEM_NO,ISSUE_HIS_CONT,ISSUE_HIS_DATE,ISSUE_HIS_TYPE,ATCH_FILE_SID) values (373,126,4,null,to_date('2021/06/21','RRRR/MM/DD'),'IC',null);
Insert into ISSUE_HISTORY (ISSUE_HIS_NO,ISSUE_SID,MEM_NO,ISSUE_HIS_CONT,ISSUE_HIS_DATE,ISSUE_HIS_TYPE,ATCH_FILE_SID) values (380,114,4,null,to_date('2021/06/21','RRRR/MM/DD'),'IC',null);
Insert into ISSUE_HISTORY (ISSUE_HIS_NO,ISSUE_SID,MEM_NO,ISSUE_HIS_CONT,ISSUE_HIS_DATE,ISSUE_HIS_TYPE,ATCH_FILE_SID) values (384,108,4,null,to_date('2021/06/21','RRRR/MM/DD'),'IC',null);
Insert into ISSUE_HISTORY (ISSUE_HIS_NO,ISSUE_SID,MEM_NO,ISSUE_HIS_CONT,ISSUE_HIS_DATE,ISSUE_HIS_TYPE,ATCH_FILE_SID) values (385,100,4,null,to_date('2021/06/21','RRRR/MM/DD'),'IC',null);
Insert into ISSUE_HISTORY (ISSUE_HIS_NO,ISSUE_SID,MEM_NO,ISSUE_HIS_CONT,ISSUE_HIS_DATE,ISSUE_HIS_TYPE,ATCH_FILE_SID) values (386,84,4,null,to_date('2021/06/21','RRRR/MM/DD'),'IC',null);
Insert into ISSUE_HISTORY (ISSUE_HIS_NO,ISSUE_SID,MEM_NO,ISSUE_HIS_CONT,ISSUE_HIS_DATE,ISSUE_HIS_TYPE,ATCH_FILE_SID) values (387,64,4,null,to_date('2021/06/21','RRRR/MM/DD'),'IC',null);
Insert into ISSUE_HISTORY (ISSUE_HIS_NO,ISSUE_SID,MEM_NO,ISSUE_HIS_CONT,ISSUE_HIS_DATE,ISSUE_HIS_TYPE,ATCH_FILE_SID) values (388,84,4,'0',to_date('2021/06/21','RRRR/MM/DD'),'IO',null);
Insert into ISSUE_HISTORY (ISSUE_HIS_NO,ISSUE_SID,MEM_NO,ISSUE_HIS_CONT,ISSUE_HIS_DATE,ISSUE_HIS_TYPE,ATCH_FILE_SID) values (389,115,4,null,to_date('2021/06/21','RRRR/MM/DD'),'IC',null);
Insert into ISSUE_HISTORY (ISSUE_HIS_NO,ISSUE_SID,MEM_NO,ISSUE_HIS_CONT,ISSUE_HIS_DATE,ISSUE_HIS_TYPE,ATCH_FILE_SID) values (390,110,4,null,to_date('2021/06/21','RRRR/MM/DD'),'IC',null);
Insert into ISSUE_HISTORY (ISSUE_HIS_NO,ISSUE_SID,MEM_NO,ISSUE_HIS_CONT,ISSUE_HIS_DATE,ISSUE_HIS_TYPE,ATCH_FILE_SID) values (391,107,4,null,to_date('2021/06/21','RRRR/MM/DD'),'IC',null);
Insert into ISSUE_HISTORY (ISSUE_HIS_NO,ISSUE_SID,MEM_NO,ISSUE_HIS_CONT,ISSUE_HIS_DATE,ISSUE_HIS_TYPE,ATCH_FILE_SID) values (392,106,4,null,to_date('2021/06/21','RRRR/MM/DD'),'IC',null);
Insert into ISSUE_HISTORY (ISSUE_HIS_NO,ISSUE_SID,MEM_NO,ISSUE_HIS_CONT,ISSUE_HIS_DATE,ISSUE_HIS_TYPE,ATCH_FILE_SID) values (393,105,4,null,to_date('2021/06/21','RRRR/MM/DD'),'IC',null);
Insert into ISSUE_HISTORY (ISSUE_HIS_NO,ISSUE_SID,MEM_NO,ISSUE_HIS_CONT,ISSUE_HIS_DATE,ISSUE_HIS_TYPE,ATCH_FILE_SID) values (394,84,4,null,to_date('2021/06/21','RRRR/MM/DD'),'IC',null);
Insert into ISSUE_HISTORY (ISSUE_HIS_NO,ISSUE_SID,MEM_NO,ISSUE_HIS_CONT,ISSUE_HIS_DATE,ISSUE_HIS_TYPE,ATCH_FILE_SID) values (395,24,4,null,to_date('2021/06/21','RRRR/MM/DD'),'IC',null);
Insert into ISSUE_HISTORY (ISSUE_HIS_NO,ISSUE_SID,MEM_NO,ISSUE_HIS_CONT,ISSUE_HIS_DATE,ISSUE_HIS_TYPE,ATCH_FILE_SID) values (396,23,4,null,to_date('2021/06/21','RRRR/MM/DD'),'IC',null);
Insert into ISSUE_HISTORY (ISSUE_HIS_NO,ISSUE_SID,MEM_NO,ISSUE_HIS_CONT,ISSUE_HIS_DATE,ISSUE_HIS_TYPE,ATCH_FILE_SID) values (397,22,4,null,to_date('2021/06/21','RRRR/MM/DD'),'IC',null);
Insert into ISSUE_HISTORY (ISSUE_HIS_NO,ISSUE_SID,MEM_NO,ISSUE_HIS_CONT,ISSUE_HIS_DATE,ISSUE_HIS_TYPE,ATCH_FILE_SID) values (398,126,4,'0',to_date('2021/06/21','RRRR/MM/DD'),'IO',null);
Insert into ISSUE_HISTORY (ISSUE_HIS_NO,ISSUE_SID,MEM_NO,ISSUE_HIS_CONT,ISSUE_HIS_DATE,ISSUE_HIS_TYPE,ATCH_FILE_SID) values (399,21,4,null,to_date('2021/06/21','RRRR/MM/DD'),'IC',null);
Insert into ISSUE_HISTORY (ISSUE_HIS_NO,ISSUE_SID,MEM_NO,ISSUE_HIS_CONT,ISSUE_HIS_DATE,ISSUE_HIS_TYPE,ATCH_FILE_SID) values (400,20,4,null,to_date('2021/06/21','RRRR/MM/DD'),'IC',null);
Insert into ISSUE_HISTORY (ISSUE_HIS_NO,ISSUE_SID,MEM_NO,ISSUE_HIS_CONT,ISSUE_HIS_DATE,ISSUE_HIS_TYPE,ATCH_FILE_SID) values (401,19,4,null,to_date('2021/06/21','RRRR/MM/DD'),'IC',null);
Insert into ISSUE_HISTORY (ISSUE_HIS_NO,ISSUE_SID,MEM_NO,ISSUE_HIS_CONT,ISSUE_HIS_DATE,ISSUE_HIS_TYPE,ATCH_FILE_SID) values (402,18,4,null,to_date('2021/06/21','RRRR/MM/DD'),'IC',null);
Insert into ISSUE_HISTORY (ISSUE_HIS_NO,ISSUE_SID,MEM_NO,ISSUE_HIS_CONT,ISSUE_HIS_DATE,ISSUE_HIS_TYPE,ATCH_FILE_SID) values (403,17,4,null,to_date('2021/06/21','RRRR/MM/DD'),'IC',null);
Insert into ISSUE_HISTORY (ISSUE_HIS_NO,ISSUE_SID,MEM_NO,ISSUE_HIS_CONT,ISSUE_HIS_DATE,ISSUE_HIS_TYPE,ATCH_FILE_SID) values (404,16,4,null,to_date('2021/06/21','RRRR/MM/DD'),'IC',null);
Insert into ISSUE_HISTORY (ISSUE_HIS_NO,ISSUE_SID,MEM_NO,ISSUE_HIS_CONT,ISSUE_HIS_DATE,ISSUE_HIS_TYPE,ATCH_FILE_SID) values (405,15,4,null,to_date('2021/06/21','RRRR/MM/DD'),'IC',null);
Insert into ISSUE_HISTORY (ISSUE_HIS_NO,ISSUE_SID,MEM_NO,ISSUE_HIS_CONT,ISSUE_HIS_DATE,ISSUE_HIS_TYPE,ATCH_FILE_SID) values (406,14,4,null,to_date('2021/06/21','RRRR/MM/DD'),'IC',null);
Insert into ISSUE_HISTORY (ISSUE_HIS_NO,ISSUE_SID,MEM_NO,ISSUE_HIS_CONT,ISSUE_HIS_DATE,ISSUE_HIS_TYPE,ATCH_FILE_SID) values (407,13,4,null,to_date('2021/06/21','RRRR/MM/DD'),'IC',null);
Insert into ISSUE_HISTORY (ISSUE_HIS_NO,ISSUE_SID,MEM_NO,ISSUE_HIS_CONT,ISSUE_HIS_DATE,ISSUE_HIS_TYPE,ATCH_FILE_SID) values (408,11,4,null,to_date('2021/06/21','RRRR/MM/DD'),'IC',null);
Insert into ISSUE_HISTORY (ISSUE_HIS_NO,ISSUE_SID,MEM_NO,ISSUE_HIS_CONT,ISSUE_HIS_DATE,ISSUE_HIS_TYPE,ATCH_FILE_SID) values (409,6,4,null,to_date('2021/06/21','RRRR/MM/DD'),'IC',null);
Insert into ISSUE_HISTORY (ISSUE_HIS_NO,ISSUE_SID,MEM_NO,ISSUE_HIS_CONT,ISSUE_HIS_DATE,ISSUE_HIS_TYPE,ATCH_FILE_SID) values (410,3,4,null,to_date('2021/06/21','RRRR/MM/DD'),'IC',null);
Insert into ISSUE_HISTORY (ISSUE_HIS_NO,ISSUE_SID,MEM_NO,ISSUE_HIS_CONT,ISSUE_HIS_DATE,ISSUE_HIS_TYPE,ATCH_FILE_SID) values (411,2,4,null,to_date('2021/06/21','RRRR/MM/DD'),'IC',null);
Insert into ISSUE_HISTORY (ISSUE_HIS_NO,ISSUE_SID,MEM_NO,ISSUE_HIS_CONT,ISSUE_HIS_DATE,ISSUE_HIS_TYPE,ATCH_FILE_SID) values (412,1,4,null,to_date('2021/06/21','RRRR/MM/DD'),'IC',null);
Insert into ISSUE_HISTORY (ISSUE_HIS_NO,ISSUE_SID,MEM_NO,ISSUE_HIS_CONT,ISSUE_HIS_DATE,ISSUE_HIS_TYPE,ATCH_FILE_SID) values (413,128,4,'# 잘 부탁해요 !
- 그림이 좀 들어가면 더 잘 만든 것처럼 보일 수 있어요',to_date('2021/06/21','RRRR/MM/DD'),'RE',null);
Insert into ISSUE_HISTORY (ISSUE_HIS_NO,ISSUE_SID,MEM_NO,ISSUE_HIS_CONT,ISSUE_HIS_DATE,ISSUE_HIS_TYPE,ATCH_FILE_SID) values (421,126,4,'일일업무보고',to_date('2021/06/21','RRRR/MM/DD'),'EL',null);
Insert into ISSUE_HISTORY (ISSUE_HIS_NO,ISSUE_SID,MEM_NO,ISSUE_HIS_CONT,ISSUE_HIS_DATE,ISSUE_HIS_TYPE,ATCH_FILE_SID) values (422,16,4,'이슈 또 써요 테스트 때문에',to_date('2021/06/21','RRRR/MM/DD'),'ET',null);
Insert into ISSUE_HISTORY (ISSUE_HIS_NO,ISSUE_SID,MEM_NO,ISSUE_HIS_CONT,ISSUE_HIS_DATE,ISSUE_HIS_TYPE,ATCH_FILE_SID) values (423,16,4,'이슈 또 써요 테스트 때문엨',to_date('2021/06/21','RRRR/MM/DD'),'ET',null);
Insert into ISSUE_HISTORY (ISSUE_HIS_NO,ISSUE_SID,MEM_NO,ISSUE_HIS_CONT,ISSUE_HIS_DATE,ISSUE_HIS_TYPE,ATCH_FILE_SID) values (424,126,4,null,to_date('2021/06/21','RRRR/MM/DD'),'RL',null);
Insert into ISSUE_HISTORY (ISSUE_HIS_NO,ISSUE_SID,MEM_NO,ISSUE_HIS_CONT,ISSUE_HIS_DATE,ISSUE_HIS_TYPE,ATCH_FILE_SID) values (425,123,4,'도움요청',to_date('2021/06/21','RRRR/MM/DD'),'EL',null);
Insert into ISSUE_HISTORY (ISSUE_HIS_NO,ISSUE_SID,MEM_NO,ISSUE_HIS_CONT,ISSUE_HIS_DATE,ISSUE_HIS_TYPE,ATCH_FILE_SID) values (442,133,3,'## 콘솔로 만드는 초급프로젝트 주제 선정
    - 각 조장은 이번주 금요일 까지 주제 선정해주세요!',to_date('2021/06/22','RRRR/MM/DD'),'RE',null);
Insert into ISSUE_HISTORY (ISSUE_HIS_NO,ISSUE_SID,MEM_NO,ISSUE_HIS_CONT,ISSUE_HIS_DATE,ISSUE_HIS_TYPE,ATCH_FILE_SID) values (443,133,3,'박세현',to_date('2021/06/22','RRRR/MM/DD'),'AA',null);
Insert into ISSUE_HISTORY (ISSUE_HIS_NO,ISSUE_SID,MEM_NO,ISSUE_HIS_CONT,ISSUE_HIS_DATE,ISSUE_HIS_TYPE,ATCH_FILE_SID) values (444,133,3,'김지훈',to_date('2021/06/22','RRRR/MM/DD'),'AA',null);
Insert into ISSUE_HISTORY (ISSUE_HIS_NO,ISSUE_SID,MEM_NO,ISSUE_HIS_CONT,ISSUE_HIS_DATE,ISSUE_HIS_TYPE,ATCH_FILE_SID) values (445,133,3,'문선준',to_date('2021/06/22','RRRR/MM/DD'),'AA',null);
Insert into ISSUE_HISTORY (ISSUE_HIS_NO,ISSUE_SID,MEM_NO,ISSUE_HIS_CONT,ISSUE_HIS_DATE,ISSUE_HIS_TYPE,ATCH_FILE_SID) values (446,133,3,'송수미',to_date('2021/06/22','RRRR/MM/DD'),'AA',null);
Insert into ISSUE_HISTORY (ISSUE_HIS_NO,ISSUE_SID,MEM_NO,ISSUE_HIS_CONT,ISSUE_HIS_DATE,ISSUE_HIS_TYPE,ATCH_FILE_SID) values (447,133,3,'Java-RDBMS 연계 프로젝트',to_date('2021/06/22','RRRR/MM/DD'),'EM',null);
Insert into ISSUE_HISTORY (ISSUE_HIS_NO,ISSUE_SID,MEM_NO,ISSUE_HIS_CONT,ISSUE_HIS_DATE,ISSUE_HIS_TYPE,ATCH_FILE_SID) values (448,133,3,'일감',to_date('2021/06/22','RRRR/MM/DD'),'EL',null);
Insert into ISSUE_HISTORY (ISSUE_HIS_NO,ISSUE_SID,MEM_NO,ISSUE_HIS_CONT,ISSUE_HIS_DATE,ISSUE_HIS_TYPE,ATCH_FILE_SID) values (449,133,3,'1',to_date('2021/06/22','RRRR/MM/DD'),'EP',null);
Insert into ISSUE_HISTORY (ISSUE_HIS_NO,ISSUE_SID,MEM_NO,ISSUE_HIS_CONT,ISSUE_HIS_DATE,ISSUE_HIS_TYPE,ATCH_FILE_SID) values (450,133,3,'초급프로젝트 주제 선정',to_date('2021/06/22','RRRR/MM/DD'),'ET',null);
Insert into ISSUE_HISTORY (ISSUE_HIS_NO,ISSUE_SID,MEM_NO,ISSUE_HIS_CONT,ISSUE_HIS_DATE,ISSUE_HIS_TYPE,ATCH_FILE_SID) values (459,133,3,'1',to_date('2021/06/22','RRRR/MM/DD'),'IC',null);
Insert into ISSUE_HISTORY (ISSUE_HIS_NO,ISSUE_SID,MEM_NO,ISSUE_HIS_CONT,ISSUE_HIS_DATE,ISSUE_HIS_TYPE,ATCH_FILE_SID) values (460,134,3,'1',to_date('2021/06/22','RRRR/MM/DD'),'IC',null);
Insert into ISSUE_HISTORY (ISSUE_HIS_NO,ISSUE_SID,MEM_NO,ISSUE_HIS_CONT,ISSUE_HIS_DATE,ISSUE_HIS_TYPE,ATCH_FILE_SID) values (461,137,3,'# 내일 초급 프로젝트 중간 컨펌을 진행합니다.
- 각 조의 조장은 진행상황을 정리해두길바랍니다.
',to_date('2021/06/22','RRRR/MM/DD'),'RE',null);
Insert into ISSUE_HISTORY (ISSUE_HIS_NO,ISSUE_SID,MEM_NO,ISSUE_HIS_CONT,ISSUE_HIS_DATE,ISSUE_HIS_TYPE,ATCH_FILE_SID) values (462,137,3,'초급 프로젝트 중간 컨펌은 내일 오후에 진행합니다.',to_date('2021/06/22','RRRR/MM/DD'),'RE',null);
Insert into ISSUE_HISTORY (ISSUE_HIS_NO,ISSUE_SID,MEM_NO,ISSUE_HIS_CONT,ISSUE_HIS_DATE,ISSUE_HIS_TYPE,ATCH_FILE_SID) values (463,138,3,'# 각 조 PL 분들은 조 회의를 통해 주제를 선정해주시길 바랍니다.

-  주제 선정 후 담당 선생님께 컨펌을 진행합니다.
-  주제 통과한 조는 산출물 작업시작해주세요.',to_date('2021/06/22','RRRR/MM/DD'),'RE',null);
Insert into ISSUE_HISTORY (ISSUE_HIS_NO,ISSUE_SID,MEM_NO,ISSUE_HIS_CONT,ISSUE_HIS_DATE,ISSUE_HIS_TYPE,ATCH_FILE_SID) values (464,134,3,'0',to_date('2021/06/22','RRRR/MM/DD'),'IO',null);
Insert into ISSUE_HISTORY (ISSUE_HIS_NO,ISSUE_SID,MEM_NO,ISSUE_HIS_CONT,ISSUE_HIS_DATE,ISSUE_HIS_TYPE,ATCH_FILE_SID) values (465,133,3,'0',to_date('2021/06/22','RRRR/MM/DD'),'IO',null);
Insert into ISSUE_HISTORY (ISSUE_HIS_NO,ISSUE_SID,MEM_NO,ISSUE_HIS_CONT,ISSUE_HIS_DATE,ISSUE_HIS_TYPE,ATCH_FILE_SID) values (473,141,4,'123',to_date('2021/06/22','RRRR/MM/DD'),'RE',null);
Insert into ISSUE_HISTORY (ISSUE_HIS_NO,ISSUE_SID,MEM_NO,ISSUE_HIS_CONT,ISSUE_HIS_DATE,ISSUE_HIS_TYPE,ATCH_FILE_SID) values (3,1,1,'유스 케이스 정의서 문서 작업 해주세요!
해줘요!!
빨리!!',to_date('2021/05/03','RRRR/MM/DD'),'RE',null);
Insert into ISSUE_HISTORY (ISSUE_HIS_NO,ISSUE_SID,MEM_NO,ISSUE_HIS_CONT,ISSUE_HIS_DATE,ISSUE_HIS_TYPE,ATCH_FILE_SID) values (4,1,2,'유스 케이스 정의서 문서 작업 해주세요!
해줘요!!
빨리!!',to_date('2021/05/03','RRRR/MM/DD'),'RE',null);
Insert into ISSUE_HISTORY (ISSUE_HIS_NO,ISSUE_SID,MEM_NO,ISSUE_HIS_CONT,ISSUE_HIS_DATE,ISSUE_HIS_TYPE,ATCH_FILE_SID) values (5,1,3,'Shane 이 중요도를 급함 으로 변경함',to_date('2021/05/05','RRRR/MM/DD'),'PE',null);
Insert into ISSUE_HISTORY (ISSUE_HIS_NO,ISSUE_SID,MEM_NO,ISSUE_HIS_CONT,ISSUE_HIS_DATE,ISSUE_HIS_TYPE,ATCH_FILE_SID) values (19,15,4,'# 잘 되는거 같아서
- 근데  &lt; &gt; 는 방어되서 안됨',to_date('2021/06/02','RRRR/MM/DD'),'RE',null);
Insert into ISSUE_HISTORY (ISSUE_HIS_NO,ISSUE_SID,MEM_NO,ISSUE_HIS_CONT,ISSUE_HIS_DATE,ISSUE_HIS_TYPE,ATCH_FILE_SID) values (20,16,4,'아이고 나죽네',to_date('2021/06/02','RRRR/MM/DD'),'RE',null);
Insert into ISSUE_HISTORY (ISSUE_HIS_NO,ISSUE_SID,MEM_NO,ISSUE_HIS_CONT,ISSUE_HIS_DATE,ISSUE_HIS_TYPE,ATCH_FILE_SID) values (21,17,4,'# 나죽네 나주겅',to_date('2021/06/02','RRRR/MM/DD'),'RE',null);
Insert into ISSUE_HISTORY (ISSUE_HIS_NO,ISSUE_SID,MEM_NO,ISSUE_HIS_CONT,ISSUE_HIS_DATE,ISSUE_HIS_TYPE,ATCH_FILE_SID) values (22,18,4,'# 미리 보기 가능
&gt; 근데 lucy 떄문에
- 저거 안됨 ',to_date('2021/06/02','RRRR/MM/DD'),'RE',null);
Insert into ISSUE_HISTORY (ISSUE_HIS_NO,ISSUE_SID,MEM_NO,ISSUE_HIS_CONT,ISSUE_HIS_DATE,ISSUE_HIS_TYPE,ATCH_FILE_SID) values (49,19,4,'> Hello',to_date('2021/06/02','RRRR/MM/DD'),'RE',null);
Insert into ISSUE_HISTORY (ISSUE_HIS_NO,ISSUE_SID,MEM_NO,ISSUE_HIS_CONT,ISSUE_HIS_DATE,ISSUE_HIS_TYPE,ATCH_FILE_SID) values (50,19,4,'> 혹시 ??',to_date('2021/06/02','RRRR/MM/DD'),'RE',null);
Insert into ISSUE_HISTORY (ISSUE_HIS_NO,ISSUE_SID,MEM_NO,ISSUE_HIS_CONT,ISSUE_HIS_DATE,ISSUE_HIS_TYPE,ATCH_FILE_SID) values (51,19,4,'&lt; >',to_date('2021/06/02','RRRR/MM/DD'),'RE',null);
Insert into ISSUE_HISTORY (ISSUE_HIS_NO,ISSUE_SID,MEM_NO,ISSUE_HIS_CONT,ISSUE_HIS_DATE,ISSUE_HIS_TYPE,ATCH_FILE_SID) values (52,19,4,'> 와
막았다 &lt;
>
&lt;',to_date('2021/06/02','RRRR/MM/DD'),'RE',null);
Insert into ISSUE_HISTORY (ISSUE_HIS_NO,ISSUE_SID,MEM_NO,ISSUE_HIS_CONT,ISSUE_HIS_DATE,ISSUE_HIS_TYPE,ATCH_FILE_SID) values (53,19,4,'이거
> 성공
### ㅎㅎ
> 하하',to_date('2021/06/02','RRRR/MM/DD'),'RE',null);
Insert into ISSUE_HISTORY (ISSUE_HIS_NO,ISSUE_SID,MEM_NO,ISSUE_HIS_CONT,ISSUE_HIS_DATE,ISSUE_HIS_TYPE,ATCH_FILE_SID) values (54,19,4,'> ㅎㅎ

하하

> ㅋㅋ',to_date('2021/06/02','RRRR/MM/DD'),'RE',null);
Insert into ISSUE_HISTORY (ISSUE_HIS_NO,ISSUE_SID,MEM_NO,ISSUE_HIS_CONT,ISSUE_HIS_DATE,ISSUE_HIS_TYPE,ATCH_FILE_SID) values (58,20,4,'&gt; 이거 되나',to_date('2021/06/02','RRRR/MM/DD'),'RE',null);
Insert into ISSUE_HISTORY (ISSUE_HIS_NO,ISSUE_SID,MEM_NO,ISSUE_HIS_CONT,ISSUE_HIS_DATE,ISSUE_HIS_TYPE,ATCH_FILE_SID) values (59,20,4,'# 하이
&gt; ㅎㅎㅎ',to_date('2021/06/02','RRRR/MM/DD'),'RE',null);
Insert into ISSUE_HISTORY (ISSUE_HIS_NO,ISSUE_SID,MEM_NO,ISSUE_HIS_CONT,ISSUE_HIS_DATE,ISSUE_HIS_TYPE,ATCH_FILE_SID) values (98,1,3,'### 마크다운으로 입력 해봅니다
 - 조씨',to_date('2021/06/04','RRRR/MM/DD'),'RE',null);
Insert into ISSUE_HISTORY (ISSUE_HIS_NO,ISSUE_SID,MEM_NO,ISSUE_HIS_CONT,ISSUE_HIS_DATE,ISSUE_HIS_TYPE,ATCH_FILE_SID) values (113,114,4,'알람 객체 어떻게 만드는지 확인',to_date('2021/06/07','RRRR/MM/DD'),'RE',null);
Insert into ISSUE_HISTORY (ISSUE_HIS_NO,ISSUE_SID,MEM_NO,ISSUE_HIS_CONT,ISSUE_HIS_DATE,ISSUE_HIS_TYPE,ATCH_FILE_SID) values (141,115,4,'ddd',to_date('2021/06/09','RRRR/MM/DD'),'RE',null);
Insert into ISSUE_HISTORY (ISSUE_HIS_NO,ISSUE_SID,MEM_NO,ISSUE_HIS_CONT,ISSUE_HIS_DATE,ISSUE_HIS_TYPE,ATCH_FILE_SID) values (144,115,4,'ggggg',to_date('2021/06/09','RRRR/MM/DD'),'RE',null);
Insert into ISSUE_HISTORY (ISSUE_HIS_NO,ISSUE_SID,MEM_NO,ISSUE_HIS_CONT,ISSUE_HIS_DATE,ISSUE_HIS_TYPE,ATCH_FILE_SID) values (149,115,4,'rr',to_date('2021/06/10','RRRR/MM/DD'),'RE',null);
Insert into ISSUE_HISTORY (ISSUE_HIS_NO,ISSUE_SID,MEM_NO,ISSUE_HIS_CONT,ISSUE_HIS_DATE,ISSUE_HIS_TYPE,ATCH_FILE_SID) values (183,116,4,'abcd',to_date('2021/06/10','RRRR/MM/DD'),'RE',null);
Insert into ISSUE_HISTORY (ISSUE_HIS_NO,ISSUE_SID,MEM_NO,ISSUE_HIS_CONT,ISSUE_HIS_DATE,ISSUE_HIS_TYPE,ATCH_FILE_SID) values (184,116,4,'abcde',to_date('2021/06/10','RRRR/MM/DD'),'RE',null);
Insert into ISSUE_HISTORY (ISSUE_HIS_NO,ISSUE_SID,MEM_NO,ISSUE_HIS_CONT,ISSUE_HIS_DATE,ISSUE_HIS_TYPE,ATCH_FILE_SID) values (185,115,4,'abcde',to_date('2021/06/10','RRRR/MM/DD'),'RE',null);
Insert into ISSUE_HISTORY (ISSUE_HIS_NO,ISSUE_SID,MEM_NO,ISSUE_HIS_CONT,ISSUE_HIS_DATE,ISSUE_HIS_TYPE,ATCH_FILE_SID) values (186,115,4,'abcd',to_date('2021/06/10','RRRR/MM/DD'),'RE',null);
Insert into ISSUE_HISTORY (ISSUE_HIS_NO,ISSUE_SID,MEM_NO,ISSUE_HIS_CONT,ISSUE_HIS_DATE,ISSUE_HIS_TYPE,ATCH_FILE_SID) values (187,115,4,'abcd',to_date('2021/06/10','RRRR/MM/DD'),'RE',null);
Insert into ISSUE_HISTORY (ISSUE_HIS_NO,ISSUE_SID,MEM_NO,ISSUE_HIS_CONT,ISSUE_HIS_DATE,ISSUE_HIS_TYPE,ATCH_FILE_SID) values (188,115,4,'abc',to_date('2021/06/10','RRRR/MM/DD'),'RE',null);
Insert into ISSUE_HISTORY (ISSUE_HIS_NO,ISSUE_SID,MEM_NO,ISSUE_HIS_CONT,ISSUE_HIS_DATE,ISSUE_HIS_TYPE,ATCH_FILE_SID) values (190,115,4,'zzz',to_date('2021/06/10','RRRR/MM/DD'),'RE',null);
Insert into ISSUE_HISTORY (ISSUE_HIS_NO,ISSUE_SID,MEM_NO,ISSUE_HIS_CONT,ISSUE_HIS_DATE,ISSUE_HIS_TYPE,ATCH_FILE_SID) values (194,114,4,'gggg',to_date('2021/06/10','RRRR/MM/DD'),'RE',null);
Insert into ISSUE_HISTORY (ISSUE_HIS_NO,ISSUE_SID,MEM_NO,ISSUE_HIS_CONT,ISSUE_HIS_DATE,ISSUE_HIS_TYPE,ATCH_FILE_SID) values (195,114,4,'zzz',to_date('2021/06/10','RRRR/MM/DD'),'RE',null);
Insert into ISSUE_HISTORY (ISSUE_HIS_NO,ISSUE_SID,MEM_NO,ISSUE_HIS_CONT,ISSUE_HIS_DATE,ISSUE_HIS_TYPE,ATCH_FILE_SID) values (197,115,4,'dd',to_date('2021/06/10','RRRR/MM/DD'),'RE',null);
Insert into ISSUE_HISTORY (ISSUE_HIS_NO,ISSUE_SID,MEM_NO,ISSUE_HIS_CONT,ISSUE_HIS_DATE,ISSUE_HIS_TYPE,ATCH_FILE_SID) values (198,115,4,'abcd',to_date('2021/06/10','RRRR/MM/DD'),'RE',null);
Insert into ISSUE_HISTORY (ISSUE_HIS_NO,ISSUE_SID,MEM_NO,ISSUE_HIS_CONT,ISSUE_HIS_DATE,ISSUE_HIS_TYPE,ATCH_FILE_SID) values (200,115,4,'aaa',to_date('2021/06/10','RRRR/MM/DD'),'RE',null);
Insert into ISSUE_HISTORY (ISSUE_HIS_NO,ISSUE_SID,MEM_NO,ISSUE_HIS_CONT,ISSUE_HIS_DATE,ISSUE_HIS_TYPE,ATCH_FILE_SID) values (202,115,4,'abcd',to_date('2021/06/10','RRRR/MM/DD'),'RE',null);
Insert into ISSUE_HISTORY (ISSUE_HIS_NO,ISSUE_SID,MEM_NO,ISSUE_HIS_CONT,ISSUE_HIS_DATE,ISSUE_HIS_TYPE,ATCH_FILE_SID) values (203,115,4,'abcd',to_date('2021/06/10','RRRR/MM/DD'),'RE',null);
Insert into ISSUE_HISTORY (ISSUE_HIS_NO,ISSUE_SID,MEM_NO,ISSUE_HIS_CONT,ISSUE_HIS_DATE,ISSUE_HIS_TYPE,ATCH_FILE_SID) values (206,115,4,'ag',to_date('2021/06/10','RRRR/MM/DD'),'RE',null);
Insert into ISSUE_HISTORY (ISSUE_HIS_NO,ISSUE_SID,MEM_NO,ISSUE_HIS_CONT,ISSUE_HIS_DATE,ISSUE_HIS_TYPE,ATCH_FILE_SID) values (208,115,4,'asdf',to_date('2021/06/10','RRRR/MM/DD'),'RE',null);
Insert into ISSUE_HISTORY (ISSUE_HIS_NO,ISSUE_SID,MEM_NO,ISSUE_HIS_CONT,ISSUE_HIS_DATE,ISSUE_HIS_TYPE,ATCH_FILE_SID) values (210,115,4,'aaaa',to_date('2021/06/10','RRRR/MM/DD'),'RE',null);
Insert into ISSUE_HISTORY (ISSUE_HIS_NO,ISSUE_SID,MEM_NO,ISSUE_HIS_CONT,ISSUE_HIS_DATE,ISSUE_HIS_TYPE,ATCH_FILE_SID) values (213,115,4,'abcd',to_date('2021/06/10','RRRR/MM/DD'),'RE',null);
Insert into ISSUE_HISTORY (ISSUE_HIS_NO,ISSUE_SID,MEM_NO,ISSUE_HIS_CONT,ISSUE_HIS_DATE,ISSUE_HIS_TYPE,ATCH_FILE_SID) values (214,104,3,'ff',to_date('2021/06/10','RRRR/MM/DD'),'RE',null);
Insert into ISSUE_HISTORY (ISSUE_HIS_NO,ISSUE_SID,MEM_NO,ISSUE_HIS_CONT,ISSUE_HIS_DATE,ISSUE_HIS_TYPE,ATCH_FILE_SID) values (215,109,3,'aa',to_date('2021/06/10','RRRR/MM/DD'),'RE',null);
Insert into ISSUE_HISTORY (ISSUE_HIS_NO,ISSUE_SID,MEM_NO,ISSUE_HIS_CONT,ISSUE_HIS_DATE,ISSUE_HIS_TYPE,ATCH_FILE_SID) values (218,109,3,'fd',to_date('2021/06/10','RRRR/MM/DD'),'RE',null);
Insert into ISSUE_HISTORY (ISSUE_HIS_NO,ISSUE_SID,MEM_NO,ISSUE_HIS_CONT,ISSUE_HIS_DATE,ISSUE_HIS_TYPE,ATCH_FILE_SID) values (220,115,4,'asdfsf',to_date('2021/06/10','RRRR/MM/DD'),'RE',null);
Insert into ISSUE_HISTORY (ISSUE_HIS_NO,ISSUE_SID,MEM_NO,ISSUE_HIS_CONT,ISSUE_HIS_DATE,ISSUE_HIS_TYPE,ATCH_FILE_SID) values (223,115,4,'asdfdf',to_date('2021/06/10','RRRR/MM/DD'),'RE',null);
Insert into ISSUE_HISTORY (ISSUE_HIS_NO,ISSUE_SID,MEM_NO,ISSUE_HIS_CONT,ISSUE_HIS_DATE,ISSUE_HIS_TYPE,ATCH_FILE_SID) values (224,115,4,'abc',to_date('2021/06/10','RRRR/MM/DD'),'RE',null);
Insert into ISSUE_HISTORY (ISSUE_HIS_NO,ISSUE_SID,MEM_NO,ISSUE_HIS_CONT,ISSUE_HIS_DATE,ISSUE_HIS_TYPE,ATCH_FILE_SID) values (225,115,4,'asdb',to_date('2021/06/10','RRRR/MM/DD'),'RE',null);
Insert into ISSUE_HISTORY (ISSUE_HIS_NO,ISSUE_SID,MEM_NO,ISSUE_HIS_CONT,ISSUE_HIS_DATE,ISSUE_HIS_TYPE,ATCH_FILE_SID) values (226,115,4,'abc',to_date('2021/06/10','RRRR/MM/DD'),'RE',null);
Insert into ISSUE_HISTORY (ISSUE_HIS_NO,ISSUE_SID,MEM_NO,ISSUE_HIS_CONT,ISSUE_HIS_DATE,ISSUE_HIS_TYPE,ATCH_FILE_SID) values (228,115,4,'뮻ㅇ',to_date('2021/06/10','RRRR/MM/DD'),'RE',null);
Insert into ISSUE_HISTORY (ISSUE_HIS_NO,ISSUE_SID,MEM_NO,ISSUE_HIS_CONT,ISSUE_HIS_DATE,ISSUE_HIS_TYPE,ATCH_FILE_SID) values (230,115,4,'됐다 됐어~',to_date('2021/06/10','RRRR/MM/DD'),'RE',null);
Insert into ISSUE_HISTORY (ISSUE_HIS_NO,ISSUE_SID,MEM_NO,ISSUE_HIS_CONT,ISSUE_HIS_DATE,ISSUE_HIS_TYPE,ATCH_FILE_SID) values (232,115,4,'ㅎㅎㅎ',to_date('2021/06/10','RRRR/MM/DD'),'RE',null);
Insert into ISSUE_HISTORY (ISSUE_HIS_NO,ISSUE_SID,MEM_NO,ISSUE_HIS_CONT,ISSUE_HIS_DATE,ISSUE_HIS_TYPE,ATCH_FILE_SID) values (233,115,4,'성공이다',to_date('2021/06/10','RRRR/MM/DD'),'RE',null);
Insert into ISSUE_HISTORY (ISSUE_HIS_NO,ISSUE_SID,MEM_NO,ISSUE_HIS_CONT,ISSUE_HIS_DATE,ISSUE_HIS_TYPE,ATCH_FILE_SID) values (234,115,4,'알람~~~',to_date('2021/06/10','RRRR/MM/DD'),'RE',null);
Insert into ISSUE_HISTORY (ISSUE_HIS_NO,ISSUE_SID,MEM_NO,ISSUE_HIS_CONT,ISSUE_HIS_DATE,ISSUE_HIS_TYPE,ATCH_FILE_SID) values (236,115,4,'여러개 테스트',to_date('2021/06/10','RRRR/MM/DD'),'RE',null);
Insert into ISSUE_HISTORY (ISSUE_HIS_NO,ISSUE_SID,MEM_NO,ISSUE_HIS_CONT,ISSUE_HIS_DATE,ISSUE_HIS_TYPE,ATCH_FILE_SID) values (237,115,4,'여러개 테스트2',to_date('2021/06/10','RRRR/MM/DD'),'RE',null);
Insert into ISSUE_HISTORY (ISSUE_HIS_NO,ISSUE_SID,MEM_NO,ISSUE_HIS_CONT,ISSUE_HIS_DATE,ISSUE_HIS_TYPE,ATCH_FILE_SID) values (238,115,4,'여러개 테스트3',to_date('2021/06/10','RRRR/MM/DD'),'RE',null);
Insert into ISSUE_HISTORY (ISSUE_HIS_NO,ISSUE_SID,MEM_NO,ISSUE_HIS_CONT,ISSUE_HIS_DATE,ISSUE_HIS_TYPE,ATCH_FILE_SID) values (243,114,4,'ㅇㅋ',to_date('2021/06/11','RRRR/MM/DD'),'RE',null);
Insert into ISSUE_HISTORY (ISSUE_HIS_NO,ISSUE_SID,MEM_NO,ISSUE_HIS_CONT,ISSUE_HIS_DATE,ISSUE_HIS_TYPE,ATCH_FILE_SID) values (245,115,4,'dz',to_date('2021/06/11','RRRR/MM/DD'),'RE',null);
Insert into ISSUE_HISTORY (ISSUE_HIS_NO,ISSUE_SID,MEM_NO,ISSUE_HIS_CONT,ISSUE_HIS_DATE,ISSUE_HIS_TYPE,ATCH_FILE_SID) values (246,115,4,'abcd',to_date('2021/06/11','RRRR/MM/DD'),'RE',null);
Insert into ISSUE_HISTORY (ISSUE_HIS_NO,ISSUE_SID,MEM_NO,ISSUE_HIS_CONT,ISSUE_HIS_DATE,ISSUE_HIS_TYPE,ATCH_FILE_SID) values (247,115,4,'abcd',to_date('2021/06/11','RRRR/MM/DD'),'RE',null);
Insert into ISSUE_HISTORY (ISSUE_HIS_NO,ISSUE_SID,MEM_NO,ISSUE_HIS_CONT,ISSUE_HIS_DATE,ISSUE_HIS_TYPE,ATCH_FILE_SID) values (261,115,4,'afsddfs',to_date('2021/06/12','RRRR/MM/DD'),'RE',null);
Insert into ISSUE_HISTORY (ISSUE_HIS_NO,ISSUE_SID,MEM_NO,ISSUE_HIS_CONT,ISSUE_HIS_DATE,ISSUE_HIS_TYPE,ATCH_FILE_SID) values (299,123,4,'고길동',to_date('2021/06/18','RRRR/MM/DD'),'RA',null);
Insert into ISSUE_HISTORY (ISSUE_HIS_NO,ISSUE_SID,MEM_NO,ISSUE_HIS_CONT,ISSUE_HIS_DATE,ISSUE_HIS_TYPE,ATCH_FILE_SID) values (300,123,4,'GAIA Project ',to_date('2021/06/18','RRRR/MM/DD'),'EM',null);
Insert into ISSUE_HISTORY (ISSUE_HIS_NO,ISSUE_SID,MEM_NO,ISSUE_HIS_CONT,ISSUE_HIS_DATE,ISSUE_HIS_TYPE,ATCH_FILE_SID) values (301,123,4,'GAIA Project ',to_date('2021/06/18','RRRR/MM/DD'),'EM',null);
Insert into ISSUE_HISTORY (ISSUE_HIS_NO,ISSUE_SID,MEM_NO,ISSUE_HIS_CONT,ISSUE_HIS_DATE,ISSUE_HIS_TYPE,ATCH_FILE_SID) values (302,123,4,'good first issue',to_date('2021/06/18','RRRR/MM/DD'),'EL',null);
Insert into ISSUE_HISTORY (ISSUE_HIS_NO,ISSUE_SID,MEM_NO,ISSUE_HIS_CONT,ISSUE_HIS_DATE,ISSUE_HIS_TYPE,ATCH_FILE_SID) values (303,123,4,null,to_date('2021/06/18','RRRR/MM/DD'),'RM',null);
Insert into ISSUE_HISTORY (ISSUE_HIS_NO,ISSUE_SID,MEM_NO,ISSUE_HIS_CONT,ISSUE_HIS_DATE,ISSUE_HIS_TYPE,ATCH_FILE_SID) values (304,123,4,null,to_date('2021/06/18','RRRR/MM/DD'),'RL',null);
Insert into ISSUE_HISTORY (ISSUE_HIS_NO,ISSUE_SID,MEM_NO,ISSUE_HIS_CONT,ISSUE_HIS_DATE,ISSUE_HIS_TYPE,ATCH_FILE_SID) values (305,123,4,'4',to_date('2021/06/18','RRRR/MM/DD'),'EP',null);
Insert into ISSUE_HISTORY (ISSUE_HIS_NO,ISSUE_SID,MEM_NO,ISSUE_HIS_CONT,ISSUE_HIS_DATE,ISSUE_HIS_TYPE,ATCH_FILE_SID) values (430,131,4,'꼬부기',to_date('2021/06/21','RRRR/MM/DD'),'AA',null);
Insert into ISSUE_HISTORY (ISSUE_HIS_NO,ISSUE_SID,MEM_NO,ISSUE_HIS_CONT,ISSUE_HIS_DATE,ISSUE_HIS_TYPE,ATCH_FILE_SID) values (350,122,4,'팀장 꼬북',to_date('2021/06/20','RRRR/MM/DD'),'AA',null);
Insert into ISSUE_HISTORY (ISSUE_HIS_NO,ISSUE_SID,MEM_NO,ISSUE_HIS_CONT,ISSUE_HIS_DATE,ISSUE_HIS_TYPE,ATCH_FILE_SID) values (426,125,4,'기능 추가',to_date('2021/06/21','RRRR/MM/DD'),'EM',null);
Insert into ISSUE_HISTORY (ISSUE_HIS_NO,ISSUE_SID,MEM_NO,ISSUE_HIS_CONT,ISSUE_HIS_DATE,ISSUE_HIS_TYPE,ATCH_FILE_SID) values (431,131,4,'꼬부기',to_date('2021/06/21','RRRR/MM/DD'),'RA',null);
Insert into ISSUE_HISTORY (ISSUE_HIS_NO,ISSUE_SID,MEM_NO,ISSUE_HIS_CONT,ISSUE_HIS_DATE,ISSUE_HIS_TYPE,ATCH_FILE_SID) values (441,132,4,'# 테스트',to_date('2021/06/22','RRRR/MM/DD'),'RE',null);
Insert into ISSUE_HISTORY (ISSUE_HIS_NO,ISSUE_SID,MEM_NO,ISSUE_HIS_CONT,ISSUE_HIS_DATE,ISSUE_HIS_TYPE,ATCH_FILE_SID) values (451,134,3,'### 산출물 작업 후 담당 선생님께 컨펌 받아주세요.
    - 각 조의 담당자 분들은 산출물 파일 형식 맞춰서 정리해주세요.',to_date('2021/06/22','RRRR/MM/DD'),'RE',null);
Insert into ISSUE_HISTORY (ISSUE_HIS_NO,ISSUE_SID,MEM_NO,ISSUE_HIS_CONT,ISSUE_HIS_DATE,ISSUE_HIS_TYPE,ATCH_FILE_SID) values (452,134,3,'최희수',to_date('2021/06/22','RRRR/MM/DD'),'AA',null);
Insert into ISSUE_HISTORY (ISSUE_HIS_NO,ISSUE_SID,MEM_NO,ISSUE_HIS_CONT,ISSUE_HIS_DATE,ISSUE_HIS_TYPE,ATCH_FILE_SID) values (453,134,3,'Java-RDBMS 연계 프로젝트',to_date('2021/06/22','RRRR/MM/DD'),'EM',null);
Insert into ISSUE_HISTORY (ISSUE_HIS_NO,ISSUE_SID,MEM_NO,ISSUE_HIS_CONT,ISSUE_HIS_DATE,ISSUE_HIS_TYPE,ATCH_FILE_SID) values (454,134,3,'박초원',to_date('2021/06/22','RRRR/MM/DD'),'AA',null);
Insert into ISSUE_HISTORY (ISSUE_HIS_NO,ISSUE_SID,MEM_NO,ISSUE_HIS_CONT,ISSUE_HIS_DATE,ISSUE_HIS_TYPE,ATCH_FILE_SID) values (455,134,3,'2',to_date('2021/06/22','RRRR/MM/DD'),'EP',null);
Insert into ISSUE_HISTORY (ISSUE_HIS_NO,ISSUE_SID,MEM_NO,ISSUE_HIS_CONT,ISSUE_HIS_DATE,ISSUE_HIS_TYPE,ATCH_FILE_SID) values (470,128,4,'2021-06-23',to_date('2021/06/22','RRRR/MM/DD'),'EE',null);
Insert into ISSUE_HISTORY (ISSUE_HIS_NO,ISSUE_SID,MEM_NO,ISSUE_HIS_CONT,ISSUE_HIS_DATE,ISSUE_HIS_TYPE,ATCH_FILE_SID) values (471,128,4,'2021-06-22',to_date('2021/06/22','RRRR/MM/DD'),'ES',null);
Insert into ISSUE_HISTORY (ISSUE_HIS_NO,ISSUE_SID,MEM_NO,ISSUE_HIS_CONT,ISSUE_HIS_DATE,ISSUE_HIS_TYPE,ATCH_FILE_SID) values (472,128,4,'2021-06-24',to_date('2021/06/22','RRRR/MM/DD'),'EE',null);
REM INSERTING into KANBAN_CARD
SET DEFINE OFF;
Insert into KANBAN_CARD (KB_CARD_NO,KB_CARD_PRIV_NO,MEM_NO,KB_COL_NO,ISSUE_SID,KB_CARD_CONT,KB_CARD_WRITE_DATE) values (43,null,4,3,126,null,to_date('2021/06/21','RRRR/MM/DD'));
Insert into KANBAN_CARD (KB_CARD_NO,KB_CARD_PRIV_NO,MEM_NO,KB_COL_NO,ISSUE_SID,KB_CARD_CONT,KB_CARD_WRITE_DATE) values (46,null,4,61,130,null,to_date('2021/06/21','RRRR/MM/DD'));
Insert into KANBAN_CARD (KB_CARD_NO,KB_CARD_PRIV_NO,MEM_NO,KB_COL_NO,ISSUE_SID,KB_CARD_CONT,KB_CARD_WRITE_DATE) values (47,null,4,65,131,null,to_date('2021/06/21','RRRR/MM/DD'));
Insert into KANBAN_CARD (KB_CARD_NO,KB_CARD_PRIV_NO,MEM_NO,KB_COL_NO,ISSUE_SID,KB_CARD_CONT,KB_CARD_WRITE_DATE) values (66,65,3,58,139,null,to_date('2021/06/22','RRRR/MM/DD'));
Insert into KANBAN_CARD (KB_CARD_NO,KB_CARD_PRIV_NO,MEM_NO,KB_COL_NO,ISSUE_SID,KB_CARD_CONT,KB_CARD_WRITE_DATE) values (67,66,3,58,140,null,to_date('2021/06/22','RRRR/MM/DD'));
Insert into KANBAN_CARD (KB_CARD_NO,KB_CARD_PRIV_NO,MEM_NO,KB_COL_NO,ISSUE_SID,KB_CARD_CONT,KB_CARD_WRITE_DATE) values (69,68,4,61,142,null,to_date('2021/06/22','RRRR/MM/DD'));
Insert into KANBAN_CARD (KB_CARD_NO,KB_CARD_PRIV_NO,MEM_NO,KB_COL_NO,ISSUE_SID,KB_CARD_CONT,KB_CARD_WRITE_DATE) values (33,null,4,6,null,'ㅎㅎㅎ',to_date('2021/06/14','RRRR/MM/DD'));
Insert into KANBAN_CARD (KB_CARD_NO,KB_CARD_PRIV_NO,MEM_NO,KB_COL_NO,ISSUE_SID,KB_CARD_CONT,KB_CARD_WRITE_DATE) values (60,null,3,60,null,'조 별 이름 정하기',to_date('2021/06/22','RRRR/MM/DD'));
Insert into KANBAN_CARD (KB_CARD_NO,KB_CARD_PRIV_NO,MEM_NO,KB_COL_NO,ISSUE_SID,KB_CARD_CONT,KB_CARD_WRITE_DATE) values (35,null,4,15,null,'dtest',to_date('2021/06/14','RRRR/MM/DD'));
Insert into KANBAN_CARD (KB_CARD_NO,KB_CARD_PRIV_NO,MEM_NO,KB_COL_NO,ISSUE_SID,KB_CARD_CONT,KB_CARD_WRITE_DATE) values (36,null,4,10,null,'ctest',to_date('2021/06/14','RRRR/MM/DD'));
Insert into KANBAN_CARD (KB_CARD_NO,KB_CARD_PRIV_NO,MEM_NO,KB_COL_NO,ISSUE_SID,KB_CARD_CONT,KB_CARD_WRITE_DATE) values (42,null,3,1,null,'wiki / milestone css 수정',to_date('2021/06/19','RRRR/MM/DD'));
Insert into KANBAN_CARD (KB_CARD_NO,KB_CARD_PRIV_NO,MEM_NO,KB_COL_NO,ISSUE_SID,KB_CARD_CONT,KB_CARD_WRITE_DATE) values (61,62,3,60,null,'기능 추가
 - 공지사항
- 게시판
- 문의글
',to_date('2021/06/22','RRRR/MM/DD'));
Insert into KANBAN_CARD (KB_CARD_NO,KB_CARD_PRIV_NO,MEM_NO,KB_COL_NO,ISSUE_SID,KB_CARD_CONT,KB_CARD_WRITE_DATE) values (62,60,3,60,135,null,to_date('2021/06/22','RRRR/MM/DD'));
Insert into KANBAN_CARD (KB_CARD_NO,KB_CARD_PRIV_NO,MEM_NO,KB_COL_NO,ISSUE_SID,KB_CARD_CONT,KB_CARD_WRITE_DATE) values (70,69,3,61,143,null,to_date('2021/06/22','RRRR/MM/DD'));
Insert into KANBAN_CARD (KB_CARD_NO,KB_CARD_PRIV_NO,MEM_NO,KB_COL_NO,ISSUE_SID,KB_CARD_CONT,KB_CARD_WRITE_DATE) values (57,null,3,58,133,null,to_date('2021/06/22','RRRR/MM/DD'));
Insert into KANBAN_CARD (KB_CARD_NO,KB_CARD_PRIV_NO,MEM_NO,KB_COL_NO,ISSUE_SID,KB_CARD_CONT,KB_CARD_WRITE_DATE) values (44,null,4,2,127,null,to_date('2021/06/21','RRRR/MM/DD'));
Insert into KANBAN_CARD (KB_CARD_NO,KB_CARD_PRIV_NO,MEM_NO,KB_COL_NO,ISSUE_SID,KB_CARD_CONT,KB_CARD_WRITE_DATE) values (45,44,4,2,128,null,to_date('2021/06/21','RRRR/MM/DD'));
Insert into KANBAN_CARD (KB_CARD_NO,KB_CARD_PRIV_NO,MEM_NO,KB_COL_NO,ISSUE_SID,KB_CARD_CONT,KB_CARD_WRITE_DATE) values (58,null,3,59,null,'프로젝트 DB 설계
',to_date('2021/06/22','RRRR/MM/DD'));
Insert into KANBAN_CARD (KB_CARD_NO,KB_CARD_PRIV_NO,MEM_NO,KB_COL_NO,ISSUE_SID,KB_CARD_CONT,KB_CARD_WRITE_DATE) values (64,59,3,58,137,null,to_date('2021/06/22','RRRR/MM/DD'));
Insert into KANBAN_CARD (KB_CARD_NO,KB_CARD_PRIV_NO,MEM_NO,KB_COL_NO,ISSUE_SID,KB_CARD_CONT,KB_CARD_WRITE_DATE) values (65,64,3,58,138,null,to_date('2021/06/22','RRRR/MM/DD'));
Insert into KANBAN_CARD (KB_CARD_NO,KB_CARD_PRIV_NO,MEM_NO,KB_COL_NO,ISSUE_SID,KB_CARD_CONT,KB_CARD_WRITE_DATE) values (68,55,4,61,141,null,to_date('2021/06/22','RRRR/MM/DD'));
Insert into KANBAN_CARD (KB_CARD_NO,KB_CARD_PRIV_NO,MEM_NO,KB_COL_NO,ISSUE_SID,KB_CARD_CONT,KB_CARD_WRITE_DATE) values (50,null,4,63,null,'ㄴㅁㄹㅇㄹㄴㅇㅁㄹㅇㅁㄹㄴ',to_date('2021/06/22','RRRR/MM/DD'));
Insert into KANBAN_CARD (KB_CARD_NO,KB_CARD_PRIV_NO,MEM_NO,KB_COL_NO,ISSUE_SID,KB_CARD_CONT,KB_CARD_WRITE_DATE) values (48,null,4,62,null,'ㄴㅇㄹㄹㄴㅇㄹㅇㄴ',to_date('2021/06/22','RRRR/MM/DD'));
Insert into KANBAN_CARD (KB_CARD_NO,KB_CARD_PRIV_NO,MEM_NO,KB_COL_NO,ISSUE_SID,KB_CARD_CONT,KB_CARD_WRITE_DATE) values (49,46,4,61,null,'ㅁㄴㄹㅁㄹㄹㄹ',to_date('2021/06/22','RRRR/MM/DD'));
Insert into KANBAN_CARD (KB_CARD_NO,KB_CARD_PRIV_NO,MEM_NO,KB_COL_NO,ISSUE_SID,KB_CARD_CONT,KB_CARD_WRITE_DATE) values (51,48,4,62,null,null,to_date('2021/06/22','RRRR/MM/DD'));
Insert into KANBAN_CARD (KB_CARD_NO,KB_CARD_PRIV_NO,MEM_NO,KB_COL_NO,ISSUE_SID,KB_CARD_CONT,KB_CARD_WRITE_DATE) values (52,49,4,61,null,'ㅎㅎㅎㅎㅎㅎㅎㅎㅎㅎㅎㅎㅎㅎㅎㅎㅎ',to_date('2021/06/22','RRRR/MM/DD'));
Insert into KANBAN_CARD (KB_CARD_NO,KB_CARD_PRIV_NO,MEM_NO,KB_COL_NO,ISSUE_SID,KB_CARD_CONT,KB_CARD_WRITE_DATE) values (53,56,4,61,null,'ㅋㅋㅋㅋㅋㅋㅋㅋㅋㅋㅋㅋㅋㅋㅋㅋㅋㅋ',to_date('2021/06/22','RRRR/MM/DD'));
Insert into KANBAN_CARD (KB_CARD_NO,KB_CARD_PRIV_NO,MEM_NO,KB_COL_NO,ISSUE_SID,KB_CARD_CONT,KB_CARD_WRITE_DATE) values (54,50,4,63,null,'ㄸㄸㄸㄸㄸㄸㄷ',to_date('2021/06/22','RRRR/MM/DD'));
Insert into KANBAN_CARD (KB_CARD_NO,KB_CARD_PRIV_NO,MEM_NO,KB_COL_NO,ISSUE_SID,KB_CARD_CONT,KB_CARD_WRITE_DATE) values (55,53,4,61,null,'ㅎㅎㅎㅎㅎㅎㅎㅎㅎㅎ',to_date('2021/06/22','RRRR/MM/DD'));
Insert into KANBAN_CARD (KB_CARD_NO,KB_CARD_PRIV_NO,MEM_NO,KB_COL_NO,ISSUE_SID,KB_CARD_CONT,KB_CARD_WRITE_DATE) values (56,52,4,61,132,null,to_date('2021/06/22','RRRR/MM/DD'));
Insert into KANBAN_CARD (KB_CARD_NO,KB_CARD_PRIV_NO,MEM_NO,KB_COL_NO,ISSUE_SID,KB_CARD_CONT,KB_CARD_WRITE_DATE) values (59,57,3,58,134,null,to_date('2021/06/22','RRRR/MM/DD'));
REM INSERTING into KANBAN_COL
SET DEFINE OFF;
Insert into KANBAN_COL (KB_COL_NO,KB_COL_PRIV_NO,PROJ_NO,KB_COL_NM) values (19,null,41,'TO DO');
Insert into KANBAN_COL (KB_COL_NO,KB_COL_PRIV_NO,PROJ_NO,KB_COL_NM) values (20,19,41,'IN PROGRESS');
Insert into KANBAN_COL (KB_COL_NO,KB_COL_PRIV_NO,PROJ_NO,KB_COL_NM) values (21,20,41,'DONE');
Insert into KANBAN_COL (KB_COL_NO,KB_COL_PRIV_NO,PROJ_NO,KB_COL_NM) values (25,null,62,'TO DO');
Insert into KANBAN_COL (KB_COL_NO,KB_COL_PRIV_NO,PROJ_NO,KB_COL_NM) values (26,25,62,'IN PROGRESS');
Insert into KANBAN_COL (KB_COL_NO,KB_COL_PRIV_NO,PROJ_NO,KB_COL_NM) values (27,26,62,'DONE');
Insert into KANBAN_COL (KB_COL_NO,KB_COL_PRIV_NO,PROJ_NO,KB_COL_NM) values (34,null,65,'TO DO');
Insert into KANBAN_COL (KB_COL_NO,KB_COL_PRIV_NO,PROJ_NO,KB_COL_NM) values (35,34,65,'IN PROGRESS');
Insert into KANBAN_COL (KB_COL_NO,KB_COL_PRIV_NO,PROJ_NO,KB_COL_NM) values (36,35,65,'DONE');
Insert into KANBAN_COL (KB_COL_NO,KB_COL_PRIV_NO,PROJ_NO,KB_COL_NM) values (40,null,67,'TO DO');
Insert into KANBAN_COL (KB_COL_NO,KB_COL_PRIV_NO,PROJ_NO,KB_COL_NM) values (41,40,67,'IN PROGRESS');
Insert into KANBAN_COL (KB_COL_NO,KB_COL_PRIV_NO,PROJ_NO,KB_COL_NM) values (42,41,67,'DONE');
Insert into KANBAN_COL (KB_COL_NO,KB_COL_PRIV_NO,PROJ_NO,KB_COL_NM) values (43,null,68,'TO DO');
Insert into KANBAN_COL (KB_COL_NO,KB_COL_PRIV_NO,PROJ_NO,KB_COL_NM) values (44,43,68,'IN PROGRESS');
Insert into KANBAN_COL (KB_COL_NO,KB_COL_PRIV_NO,PROJ_NO,KB_COL_NM) values (45,44,68,'DONE');
Insert into KANBAN_COL (KB_COL_NO,KB_COL_PRIV_NO,PROJ_NO,KB_COL_NM) values (64,null,121,'TO DO');
Insert into KANBAN_COL (KB_COL_NO,KB_COL_PRIV_NO,PROJ_NO,KB_COL_NM) values (65,64,121,'IN PROGRESS');
Insert into KANBAN_COL (KB_COL_NO,KB_COL_PRIV_NO,PROJ_NO,KB_COL_NM) values (66,65,121,'DONE');
Insert into KANBAN_COL (KB_COL_NO,KB_COL_PRIV_NO,PROJ_NO,KB_COL_NM) values (7,null,24,'TO DO');
Insert into KANBAN_COL (KB_COL_NO,KB_COL_PRIV_NO,PROJ_NO,KB_COL_NM) values (8,7,24,'IN PROGRESS');
Insert into KANBAN_COL (KB_COL_NO,KB_COL_PRIV_NO,PROJ_NO,KB_COL_NM) values (9,8,24,'DONE');
Insert into KANBAN_COL (KB_COL_NO,KB_COL_PRIV_NO,PROJ_NO,KB_COL_NM) values (10,null,25,'TO DO');
Insert into KANBAN_COL (KB_COL_NO,KB_COL_PRIV_NO,PROJ_NO,KB_COL_NM) values (11,10,25,'IN PROGRESS');
Insert into KANBAN_COL (KB_COL_NO,KB_COL_PRIV_NO,PROJ_NO,KB_COL_NM) values (12,11,25,'DONE');
Insert into KANBAN_COL (KB_COL_NO,KB_COL_PRIV_NO,PROJ_NO,KB_COL_NM) values (13,null,26,'TO DO');
Insert into KANBAN_COL (KB_COL_NO,KB_COL_PRIV_NO,PROJ_NO,KB_COL_NM) values (14,13,26,'IN PROGRESS');
Insert into KANBAN_COL (KB_COL_NO,KB_COL_PRIV_NO,PROJ_NO,KB_COL_NM) values (15,14,26,'DONE');
Insert into KANBAN_COL (KB_COL_NO,KB_COL_PRIV_NO,PROJ_NO,KB_COL_NM) values (49,null,82,'TO DO');
Insert into KANBAN_COL (KB_COL_NO,KB_COL_PRIV_NO,PROJ_NO,KB_COL_NM) values (50,49,82,'IN PROGRESS');
Insert into KANBAN_COL (KB_COL_NO,KB_COL_PRIV_NO,PROJ_NO,KB_COL_NM) values (51,50,82,'DONE');
Insert into KANBAN_COL (KB_COL_NO,KB_COL_PRIV_NO,PROJ_NO,KB_COL_NM) values (58,null,103,'TO DO');
Insert into KANBAN_COL (KB_COL_NO,KB_COL_PRIV_NO,PROJ_NO,KB_COL_NM) values (59,58,103,'IN PROGRESS');
Insert into KANBAN_COL (KB_COL_NO,KB_COL_PRIV_NO,PROJ_NO,KB_COL_NM) values (60,59,103,'DONE');
Insert into KANBAN_COL (KB_COL_NO,KB_COL_PRIV_NO,PROJ_NO,KB_COL_NM) values (16,null,27,'TO DO');
Insert into KANBAN_COL (KB_COL_NO,KB_COL_PRIV_NO,PROJ_NO,KB_COL_NM) values (17,16,27,'IN PROGRESS');
Insert into KANBAN_COL (KB_COL_NO,KB_COL_PRIV_NO,PROJ_NO,KB_COL_NM) values (18,17,27,'DONE');
Insert into KANBAN_COL (KB_COL_NO,KB_COL_PRIV_NO,PROJ_NO,KB_COL_NM) values (70,null,161,'TO DO');
Insert into KANBAN_COL (KB_COL_NO,KB_COL_PRIV_NO,PROJ_NO,KB_COL_NM) values (71,70,161,'IN PROGRESS');
Insert into KANBAN_COL (KB_COL_NO,KB_COL_PRIV_NO,PROJ_NO,KB_COL_NM) values (72,71,161,'DONE');
Insert into KANBAN_COL (KB_COL_NO,KB_COL_PRIV_NO,PROJ_NO,KB_COL_NM) values (2,null,1,'TO DO');
Insert into KANBAN_COL (KB_COL_NO,KB_COL_PRIV_NO,PROJ_NO,KB_COL_NM) values (1,2,1,'IN PROGRESS');
Insert into KANBAN_COL (KB_COL_NO,KB_COL_PRIV_NO,PROJ_NO,KB_COL_NM) values (3,1,1,'DONE');
Insert into KANBAN_COL (KB_COL_NO,KB_COL_PRIV_NO,PROJ_NO,KB_COL_NM) values (46,null,81,'TO DO');
Insert into KANBAN_COL (KB_COL_NO,KB_COL_PRIV_NO,PROJ_NO,KB_COL_NM) values (47,46,81,'IN PROGRESS');
Insert into KANBAN_COL (KB_COL_NO,KB_COL_PRIV_NO,PROJ_NO,KB_COL_NM) values (48,47,81,'DONE');
Insert into KANBAN_COL (KB_COL_NO,KB_COL_PRIV_NO,PROJ_NO,KB_COL_NM) values (61,null,104,'TO DO');
Insert into KANBAN_COL (KB_COL_NO,KB_COL_PRIV_NO,PROJ_NO,KB_COL_NM) values (62,61,104,'IN PROGRESS');
Insert into KANBAN_COL (KB_COL_NO,KB_COL_PRIV_NO,PROJ_NO,KB_COL_NM) values (63,62,104,'DONE');
Insert into KANBAN_COL (KB_COL_NO,KB_COL_PRIV_NO,PROJ_NO,KB_COL_NM) values (4,null,23,'TO DO');
Insert into KANBAN_COL (KB_COL_NO,KB_COL_PRIV_NO,PROJ_NO,KB_COL_NM) values (5,4,23,'IN PROGRESS');
Insert into KANBAN_COL (KB_COL_NO,KB_COL_PRIV_NO,PROJ_NO,KB_COL_NM) values (6,5,23,'DONE');
Insert into KANBAN_COL (KB_COL_NO,KB_COL_PRIV_NO,PROJ_NO,KB_COL_NM) values (22,null,61,'TO DO');
Insert into KANBAN_COL (KB_COL_NO,KB_COL_PRIV_NO,PROJ_NO,KB_COL_NM) values (23,22,61,'IN PROGRESS');
Insert into KANBAN_COL (KB_COL_NO,KB_COL_PRIV_NO,PROJ_NO,KB_COL_NM) values (24,23,61,'DONE');
Insert into KANBAN_COL (KB_COL_NO,KB_COL_PRIV_NO,PROJ_NO,KB_COL_NM) values (28,null,63,'TO DO');
Insert into KANBAN_COL (KB_COL_NO,KB_COL_PRIV_NO,PROJ_NO,KB_COL_NM) values (29,28,63,'IN PROGRESS');
Insert into KANBAN_COL (KB_COL_NO,KB_COL_PRIV_NO,PROJ_NO,KB_COL_NM) values (30,29,63,'DONE');
Insert into KANBAN_COL (KB_COL_NO,KB_COL_PRIV_NO,PROJ_NO,KB_COL_NM) values (31,null,64,'TO DO');
Insert into KANBAN_COL (KB_COL_NO,KB_COL_PRIV_NO,PROJ_NO,KB_COL_NM) values (32,31,64,'IN PROGRESS');
Insert into KANBAN_COL (KB_COL_NO,KB_COL_PRIV_NO,PROJ_NO,KB_COL_NM) values (33,32,64,'DONE');
Insert into KANBAN_COL (KB_COL_NO,KB_COL_PRIV_NO,PROJ_NO,KB_COL_NM) values (37,null,66,'TO DO');
Insert into KANBAN_COL (KB_COL_NO,KB_COL_PRIV_NO,PROJ_NO,KB_COL_NM) values (38,37,66,'IN PROGRESS');
Insert into KANBAN_COL (KB_COL_NO,KB_COL_PRIV_NO,PROJ_NO,KB_COL_NM) values (39,38,66,'DONE');
Insert into KANBAN_COL (KB_COL_NO,KB_COL_PRIV_NO,PROJ_NO,KB_COL_NM) values (52,null,101,'TO DO');
Insert into KANBAN_COL (KB_COL_NO,KB_COL_PRIV_NO,PROJ_NO,KB_COL_NM) values (53,52,101,'IN PROGRESS');
Insert into KANBAN_COL (KB_COL_NO,KB_COL_PRIV_NO,PROJ_NO,KB_COL_NM) values (54,53,101,'DONE');
Insert into KANBAN_COL (KB_COL_NO,KB_COL_PRIV_NO,PROJ_NO,KB_COL_NM) values (55,null,102,'TO DO');
Insert into KANBAN_COL (KB_COL_NO,KB_COL_PRIV_NO,PROJ_NO,KB_COL_NM) values (56,55,102,'IN PROGRESS');
Insert into KANBAN_COL (KB_COL_NO,KB_COL_PRIV_NO,PROJ_NO,KB_COL_NM) values (57,56,102,'DONE');
Insert into KANBAN_COL (KB_COL_NO,KB_COL_PRIV_NO,PROJ_NO,KB_COL_NM) values (67,null,141,'TO DO');
Insert into KANBAN_COL (KB_COL_NO,KB_COL_PRIV_NO,PROJ_NO,KB_COL_NM) values (68,67,141,'IN PROGRESS');
Insert into KANBAN_COL (KB_COL_NO,KB_COL_PRIV_NO,PROJ_NO,KB_COL_NM) values (69,68,141,'DONE');
REM INSERTING into LABEL
SET DEFINE OFF;
Insert into LABEL (LABEL_NO,PROJ_NO,LABEL_NM,LABEL_ICON,LABEL_COLOR) values (23,68,'일감','icon-star','#f8f8f8');
Insert into LABEL (LABEL_NO,PROJ_NO,LABEL_NM,LABEL_ICON,LABEL_COLOR) values (24,68,'버그','icon-close','#f7ca88');
Insert into LABEL (LABEL_NO,PROJ_NO,LABEL_NM,LABEL_ICON,LABEL_COLOR) values (25,68,'도움요청','icon-pin','#d8d8d8');
Insert into LABEL (LABEL_NO,PROJ_NO,LABEL_NM,LABEL_ICON,LABEL_COLOR) values (45,121,'일감','icon-star','#f8f8f8');
Insert into LABEL (LABEL_NO,PROJ_NO,LABEL_NM,LABEL_ICON,LABEL_COLOR) values (46,121,'버그','icon-close','#f7ca88');
Insert into LABEL (LABEL_NO,PROJ_NO,LABEL_NM,LABEL_ICON,LABEL_COLOR) values (47,121,'도움요청','icon-pin','#d8d8d8');
Insert into LABEL (LABEL_NO,PROJ_NO,LABEL_NM,LABEL_ICON,LABEL_COLOR) values (29,82,'일감','icon-star','#f8f8f8');
Insert into LABEL (LABEL_NO,PROJ_NO,LABEL_NM,LABEL_ICON,LABEL_COLOR) values (30,82,'버그','icon-close','#f7ca88');
Insert into LABEL (LABEL_NO,PROJ_NO,LABEL_NM,LABEL_ICON,LABEL_COLOR) values (31,82,'도움요청','icon-pin','#d8d8d8');
Insert into LABEL (LABEL_NO,PROJ_NO,LABEL_NM,LABEL_ICON,LABEL_COLOR) values (38,103,'일감','icon-star','#f8f8f8');
Insert into LABEL (LABEL_NO,PROJ_NO,LABEL_NM,LABEL_ICON,LABEL_COLOR) values (39,103,'버그','icon-close','#f7ca88');
Insert into LABEL (LABEL_NO,PROJ_NO,LABEL_NM,LABEL_ICON,LABEL_COLOR) values (40,103,'도움요청','icon-pin','#d8d8d8');
Insert into LABEL (LABEL_NO,PROJ_NO,LABEL_NM,LABEL_ICON,LABEL_COLOR) values (55,161,'일감','icon-star','#f8f8f8');
Insert into LABEL (LABEL_NO,PROJ_NO,LABEL_NM,LABEL_ICON,LABEL_COLOR) values (56,161,'버그','icon-close','#f7ca88');
Insert into LABEL (LABEL_NO,PROJ_NO,LABEL_NM,LABEL_ICON,LABEL_COLOR) values (57,161,'도움요청','icon-pin','#d8d8d8');
Insert into LABEL (LABEL_NO,PROJ_NO,LABEL_NM,LABEL_ICON,LABEL_COLOR) values (26,81,'일감','icon-star','#f8f8f8');
Insert into LABEL (LABEL_NO,PROJ_NO,LABEL_NM,LABEL_ICON,LABEL_COLOR) values (51,103,'질문','icon-magnifier','#cc2020');
Insert into LABEL (LABEL_NO,PROJ_NO,LABEL_NM,LABEL_ICON,LABEL_COLOR) values (27,81,'버그','icon-close','#f7ca88');
Insert into LABEL (LABEL_NO,PROJ_NO,LABEL_NM,LABEL_ICON,LABEL_COLOR) values (52,103,'결함','icon-close','#000000');
Insert into LABEL (LABEL_NO,PROJ_NO,LABEL_NM,LABEL_ICON,LABEL_COLOR) values (5,1,'일감','icon-present','#f0f413');
Insert into LABEL (LABEL_NO,PROJ_NO,LABEL_NM,LABEL_ICON,LABEL_COLOR) values (28,81,'도움요청','icon-pin','#d8d8d8');
Insert into LABEL (LABEL_NO,PROJ_NO,LABEL_NM,LABEL_ICON,LABEL_COLOR) values (7,1,'도움요청','icon-credit-card','#acf413');
Insert into LABEL (LABEL_NO,PROJ_NO,LABEL_NM,LABEL_ICON,LABEL_COLOR) values (53,103,'새로운 등록','icon-bell','#b0ec0c');
Insert into LABEL (LABEL_NO,PROJ_NO,LABEL_NM,LABEL_ICON,LABEL_COLOR) values (41,104,'일감','icon-star','#f8f8f8');
Insert into LABEL (LABEL_NO,PROJ_NO,LABEL_NM,LABEL_ICON,LABEL_COLOR) values (42,104,'버그','icon-close','#f7ca88');
Insert into LABEL (LABEL_NO,PROJ_NO,LABEL_NM,LABEL_ICON,LABEL_COLOR) values (11,1,'질문','icon-emotsmile','#a6dcf0');
Insert into LABEL (LABEL_NO,PROJ_NO,LABEL_NM,LABEL_ICON,LABEL_COLOR) values (43,104,'도움요청','icon-pin','#d8d8d8');
Insert into LABEL (LABEL_NO,PROJ_NO,LABEL_NM,LABEL_ICON,LABEL_COLOR) values (54,103,'새기능','icon-like','#e7d4d4');
Insert into LABEL (LABEL_NO,PROJ_NO,LABEL_NM,LABEL_ICON,LABEL_COLOR) values (16,1,'버그','icon-pin','#f0d9d9');
Insert into LABEL (LABEL_NO,PROJ_NO,LABEL_NM,LABEL_ICON,LABEL_COLOR) values (44,1,'일일업무보고','icon-printer','#f7ca88');
Insert into LABEL (LABEL_NO,PROJ_NO,LABEL_NM,LABEL_ICON,LABEL_COLOR) values (48,141,'일감','icon-star','#f8f8f8');
Insert into LABEL (LABEL_NO,PROJ_NO,LABEL_NM,LABEL_ICON,LABEL_COLOR) values (33,101,'버그','icon-close','#f7ca88');
Insert into LABEL (LABEL_NO,PROJ_NO,LABEL_NM,LABEL_ICON,LABEL_COLOR) values (49,141,'버그','icon-close','#f7ca88');
Insert into LABEL (LABEL_NO,PROJ_NO,LABEL_NM,LABEL_ICON,LABEL_COLOR) values (32,101,'일감','icon-star','#f8f8f8');
Insert into LABEL (LABEL_NO,PROJ_NO,LABEL_NM,LABEL_ICON,LABEL_COLOR) values (34,101,'도움요청','icon-pin','#d8d8d8');
Insert into LABEL (LABEL_NO,PROJ_NO,LABEL_NM,LABEL_ICON,LABEL_COLOR) values (35,102,'일감','icon-star','#f8f8f8');
Insert into LABEL (LABEL_NO,PROJ_NO,LABEL_NM,LABEL_ICON,LABEL_COLOR) values (36,102,'버그','icon-close','#f7ca88');
Insert into LABEL (LABEL_NO,PROJ_NO,LABEL_NM,LABEL_ICON,LABEL_COLOR) values (37,102,'도움요청','icon-pin','#d8d8d8');
Insert into LABEL (LABEL_NO,PROJ_NO,LABEL_NM,LABEL_ICON,LABEL_COLOR) values (50,141,'도움요청','icon-pin','#d8d8d8');
REM INSERTING into MEMBER
SET DEFINE OFF;
Insert into MEMBER (MEM_NO,MEM_ID,MEM_PASS,MEM_NICK,MEM_TEL,MEM_PIC_FILE_NAME,MEM_SIGN_DATE,MEM_QUIT_DATE,MEM_NM,MEM_BIO,MEM_WORKING_CITY,MEM_STATUS) values (41,'exam','{bcrypt}$2a$10$A32fPVKOKFyVa4z/.rGMGeaKR0i2aFc.xAN/sELk0x2F.IVOLx0mq','exam',null,'41',to_date('2021/05/25','RRRR/MM/DD'),null,'이동욱','회원 자기소개 입니다. 자기를 소개해봅니다. 저는 누구인가요 누구일까요 아하하하하ㅏㅏㅏ','대전','ON');
Insert into MEMBER (MEM_NO,MEM_ID,MEM_PASS,MEM_NICK,MEM_TEL,MEM_PIC_FILE_NAME,MEM_SIGN_DATE,MEM_QUIT_DATE,MEM_NM,MEM_BIO,MEM_WORKING_CITY,MEM_STATUS) values (42,'tester','{bcrypt}$2a$10$A32fPVKOKFyVa4z/.rGMGeaKR0i2aFc.xAN/sELk0x2F.IVOLx0mq','tester',null,'42',to_date('2021/05/25','RRRR/MM/DD'),null,'김두한','회원 자기소개 입니다. 자기를 소개해봅니다. 저는 누구인가요 누구일까요 아하하하하ㅏㅏㅏ','대전','ON');
Insert into MEMBER (MEM_NO,MEM_ID,MEM_PASS,MEM_NICK,MEM_TEL,MEM_PIC_FILE_NAME,MEM_SIGN_DATE,MEM_QUIT_DATE,MEM_NM,MEM_BIO,MEM_WORKING_CITY,MEM_STATUS) values (123,'alpha3','{bcrypt}$2a$10$A32fPVKOKFyVa4z/.rGMGeaKR0i2aFc.xAN/sELk0x2F.IVOLx0mq','alpha3',null,'123',to_date('2021/05/31','RRRR/MM/DD'),null,'김봉진','회원 자기소개 입니다. 자기를 소개해봅니다. 저는 누구인가요 누구일까요 아하하하하ㅏㅏㅏ','서울','ON');
Insert into MEMBER (MEM_NO,MEM_ID,MEM_PASS,MEM_NICK,MEM_TEL,MEM_PIC_FILE_NAME,MEM_SIGN_DATE,MEM_QUIT_DATE,MEM_NM,MEM_BIO,MEM_WORKING_CITY,MEM_STATUS) values (183,'kkobul','{bcrypt}$2a$10$wL/s53tXgxoCDsluuOqRLO8JgHHQvvJ1X1RIDjwUdG72yS1vGUDRy','꼬불',null,'183',to_date('2021/06/16','RRRR/MM/DD'),null,null,'회원 자기소개 입니다. 자기를 소개해봅니다. 저는 누구인가요 누구일까요 아하하하하ㅏㅏㅏ',null,'ON');
Insert into MEMBER (MEM_NO,MEM_ID,MEM_PASS,MEM_NICK,MEM_TEL,MEM_PIC_FILE_NAME,MEM_SIGN_DATE,MEM_QUIT_DATE,MEM_NM,MEM_BIO,MEM_WORKING_CITY,MEM_STATUS) values (161,'testman','{bcrypt}$2a$10$l3kafwUh2zz8Qj8i52KASuFIKE8Y8w4mVkPaKdqNlRs9XprgNm6Wi','kimusan',null,'161',to_date('2021/06/12','RRRR/MM/DD'),null,'박코딩','회원 자기소개 입니다. 자기를 소개해봅니다. 저는 누구인가요 누구일까요 아하하하하ㅏㅏㅏ','판교','ON');
Insert into MEMBER (MEM_NO,MEM_ID,MEM_PASS,MEM_NICK,MEM_TEL,MEM_PIC_FILE_NAME,MEM_SIGN_DATE,MEM_QUIT_DATE,MEM_NM,MEM_BIO,MEM_WORKING_CITY,MEM_STATUS) values (43,'gaia','{bcrypt}$2a$10$A32fPVKOKFyVa4z/.rGMGeaKR0i2aFc.xAN/sELk0x2F.IVOLx0mq','gaia',null,'43',to_date('2021/05/26','RRRR/MM/DD'),null,'김범수','회원 자기소개 입니다. 자기를 소개해봅니다. 저는 누구인가요 누구일까요 아하하하하ㅏㅏㅏ','대전','ON');
Insert into MEMBER (MEM_NO,MEM_ID,MEM_PASS,MEM_NICK,MEM_TEL,MEM_PIC_FILE_NAME,MEM_SIGN_DATE,MEM_QUIT_DATE,MEM_NM,MEM_BIO,MEM_WORKING_CITY,MEM_STATUS) values (201,'admin','{bcrypt}$2a$10$LX9JV1QWP3hSkcf19trFQuGAGrLr7IEZUl9Q.xgBiy96A2dCrCQYC','김관리',null,'201',to_date('2021/06/17','RRRR/MM/DD'),null,null,'회원 자기소개 입니다. 자기를 소개해봅니다. 저는 누구인가요 누구일까요 아하하하하ㅏㅏㅏ',null,'ON');
Insert into MEMBER (MEM_NO,MEM_ID,MEM_PASS,MEM_NICK,MEM_TEL,MEM_PIC_FILE_NAME,MEM_SIGN_DATE,MEM_QUIT_DATE,MEM_NM,MEM_BIO,MEM_WORKING_CITY,MEM_STATUS) values (223,'test999','{bcrypt}$2a$10$nhcUpp1PXwXhOE5ORUacqu4DDNpZwfU6Gh140blyMv9dS7aw5xnjG','테스트',null,'223',to_date('2021/06/20','RRRR/MM/DD'),null,null,null,null,'ON');
Insert into MEMBER (MEM_NO,MEM_ID,MEM_PASS,MEM_NICK,MEM_TEL,MEM_PIC_FILE_NAME,MEM_SIGN_DATE,MEM_QUIT_DATE,MEM_NM,MEM_BIO,MEM_WORKING_CITY,MEM_STATUS) values (127,'alpha7','{bcrypt}$2a$10$A32fPVKOKFyVa4z/.rGMGeaKR0i2aFc.xAN/sELk0x2F.IVOLx0mq','alpha7',null,'127',to_date('2021/05/31','RRRR/MM/DD'),null,'김해커','회원 자기소개 입니다. 자기를 소개해봅니다. 저는 누구인가요 누구일까요 아하하하하ㅏㅏㅏ','판교','ON');
Insert into MEMBER (MEM_NO,MEM_ID,MEM_PASS,MEM_NICK,MEM_TEL,MEM_PIC_FILE_NAME,MEM_SIGN_DATE,MEM_QUIT_DATE,MEM_NM,MEM_BIO,MEM_WORKING_CITY,MEM_STATUS) values (1,'eisen','{bcrypt}$2a$10$A32fPVKOKFyVa4z/.rGMGeaKR0i2aFc.xAN/sELk0x2F.IVOLx0mq','eisen','123','1',to_date('2021/05/20','RRRR/MM/DD'),null,'장병길','123123','판교','ON');
Insert into MEMBER (MEM_NO,MEM_ID,MEM_PASS,MEM_NICK,MEM_TEL,MEM_PIC_FILE_NAME,MEM_SIGN_DATE,MEM_QUIT_DATE,MEM_NM,MEM_BIO,MEM_WORKING_CITY,MEM_STATUS) values (2,'ex','{bcrypt}$2a$10$A32fPVKOKFyVa4z/.rGMGeaKR0i2aFc.xAN/sELk0x2F.IVOLx0mq','ex',null,'2',to_date('2021/05/20','RRRR/MM/DD'),to_date('2021/05/20','RRRR/MM/DD'),'장발장','회원 자기소개 입니다. 자기를 소개해봅니다. 저는 누구인가요 누구일까요 아하하하하ㅏㅏㅏ','서울','ON');
Insert into MEMBER (MEM_NO,MEM_ID,MEM_PASS,MEM_NICK,MEM_TEL,MEM_PIC_FILE_NAME,MEM_SIGN_DATE,MEM_QUIT_DATE,MEM_NM,MEM_BIO,MEM_WORKING_CITY,MEM_STATUS) values (3,'josh','{bcrypt}$2a$10$A32fPVKOKFyVa4z/.rGMGeaKR0i2aFc.xAN/sELk0x2F.IVOLx0mq','josh',null,'3',to_date('2021/05/20','RRRR/MM/DD'),null,'원정훈','회원 자기소개 입니다. 자기를 소개해봅니다. 저는 누구인가요 누구일까요 아하하하하ㅏㅏㅏ','대전','ON');
Insert into MEMBER (MEM_NO,MEM_ID,MEM_PASS,MEM_NICK,MEM_TEL,MEM_PIC_FILE_NAME,MEM_SIGN_DATE,MEM_QUIT_DATE,MEM_NM,MEM_BIO,MEM_WORKING_CITY,MEM_STATUS) values (4,'kkobuk','{bcrypt}$2a$10$0KS1FIGzr7wsztPx9Ql.KeN3Ir.FSlVjIuPlBIWWJYtAI2saf705K','꼬부기',null,'4',to_date('2021/05/20','RRRR/MM/DD'),null,'박세현','asd','Cupertino','ON');
Insert into MEMBER (MEM_NO,MEM_ID,MEM_PASS,MEM_NICK,MEM_TEL,MEM_PIC_FILE_NAME,MEM_SIGN_DATE,MEM_QUIT_DATE,MEM_NM,MEM_BIO,MEM_WORKING_CITY,MEM_STATUS) values (5,'robin','{bcrypt}$2a$10$A32fPVKOKFyVa4z/.rGMGeaKR0i2aFc.xAN/sELk0x2F.IVOLx0mq','robin',null,'5',to_date('2021/05/20','RRRR/MM/DD'),null,'정지수','회원 자기소개 입니다. 자기를 소개해봅니다. 저는 누구인가요 누구일까요 아하하하하ㅏㅏㅏ','NewYork','ON');
Insert into MEMBER (MEM_NO,MEM_ID,MEM_PASS,MEM_NICK,MEM_TEL,MEM_PIC_FILE_NAME,MEM_SIGN_DATE,MEM_QUIT_DATE,MEM_NM,MEM_BIO,MEM_WORKING_CITY,MEM_STATUS) values (6,'shane','{bcrypt}$2a$10$A32fPVKOKFyVa4z/.rGMGeaKR0i2aFc.xAN/sELk0x2F.IVOLx0mq','shane','12345','6',to_date('2021/05/20','RRRR/MM/DD'),null,'박세현','하하 !!','California','VA');
Insert into MEMBER (MEM_NO,MEM_ID,MEM_PASS,MEM_NICK,MEM_TEL,MEM_PIC_FILE_NAME,MEM_SIGN_DATE,MEM_QUIT_DATE,MEM_NM,MEM_BIO,MEM_WORKING_CITY,MEM_STATUS) values (105,'leehj','{bcrypt}$2a$10$A32fPVKOKFyVa4z/.rGMGeaKR0i2aFc.xAN/sELk0x2F.IVOLx0mq','이준영',null,'105',to_date('2021/05/31','RRRR/MM/DD'),null,'이해진','회원 자기소개 입니다. 자기를 소개해봅니다. 저는 누구인가요 누구일까요 아하하하하ㅏㅏㅏ','서울','ON');
Insert into MEMBER (MEM_NO,MEM_ID,MEM_PASS,MEM_NICK,MEM_TEL,MEM_PIC_FILE_NAME,MEM_SIGN_DATE,MEM_QUIT_DATE,MEM_NM,MEM_BIO,MEM_WORKING_CITY,MEM_STATUS) values (241,'KDY','{bcrypt}$2a$10$A32fPVKOKFyVa4z/.rGMGeaKR0i2aFc.xAN/sELk0x2F.IVOLx0mq','김도윤',null,'241',to_date('2021/06/22','RRRR/MM/DD'),null,null,'전자정부 표준 프레임워크 풀-스택 개발자 대덕인재개발원 302','대전','ON');
Insert into MEMBER (MEM_NO,MEM_ID,MEM_PASS,MEM_NICK,MEM_TEL,MEM_PIC_FILE_NAME,MEM_SIGN_DATE,MEM_QUIT_DATE,MEM_NM,MEM_BIO,MEM_WORKING_CITY,MEM_STATUS) values (125,'alpha5','{bcrypt}$2a$10$A32fPVKOKFyVa4z/.rGMGeaKR0i2aFc.xAN/sELk0x2F.IVOLx0mq','alpha5',null,'125',to_date('2021/05/31','RRRR/MM/DD'),null,'고길동','회원 자기소개 입니다. 자기를 소개해봅니다. 저는 누구인가요 누구일까요 아하하하하ㅏㅏㅏ','서울','ON');
Insert into MEMBER (MEM_NO,MEM_ID,MEM_PASS,MEM_NICK,MEM_TEL,MEM_PIC_FILE_NAME,MEM_SIGN_DATE,MEM_QUIT_DATE,MEM_NM,MEM_BIO,MEM_WORKING_CITY,MEM_STATUS) values (117,'1234','{bcrypt}$2a$10$A32fPVKOKFyVa4z/.rGMGeaKR0i2aFc.xAN/sELk0x2F.IVOLx0mq','1234',null,'117',to_date('2021/05/31','RRRR/MM/DD'),null,'신봉선','회원 자기소개 입니다. 자기를 소개해봅니다. 저는 누구인가요 누구일까요 아하하하하ㅏㅏㅏ','판교','ON');
Insert into MEMBER (MEM_NO,MEM_ID,MEM_PASS,MEM_NICK,MEM_TEL,MEM_PIC_FILE_NAME,MEM_SIGN_DATE,MEM_QUIT_DATE,MEM_NM,MEM_BIO,MEM_WORKING_CITY,MEM_STATUS) values (242,'KDI','{bcrypt}$2a$10$A32fPVKOKFyVa4z/.rGMGeaKR0i2aFc.xAN/sELk0x2F.IVOLx0mq','김동익',null,'242',to_date('2021/06/22','RRRR/MM/DD'),null,null,'전자정부 표준 프레임워크 풀-스택 개발자 대덕인재개발원 302','대전','ON');
Insert into MEMBER (MEM_NO,MEM_ID,MEM_PASS,MEM_NICK,MEM_TEL,MEM_PIC_FILE_NAME,MEM_SIGN_DATE,MEM_QUIT_DATE,MEM_NM,MEM_BIO,MEM_WORKING_CITY,MEM_STATUS) values (243,'KBM','{bcrypt}$2a$10$A32fPVKOKFyVa4z/.rGMGeaKR0i2aFc.xAN/sELk0x2F.IVOLx0mq','김보미',null,'243',to_date('2020/11/16','RRRR/MM/DD'),null,'김보미','전자정부 표준 프레임워크 풀-스택 개발자 대덕인재개발원 302','대전','ON');
Insert into MEMBER (MEM_NO,MEM_ID,MEM_PASS,MEM_NICK,MEM_TEL,MEM_PIC_FILE_NAME,MEM_SIGN_DATE,MEM_QUIT_DATE,MEM_NM,MEM_BIO,MEM_WORKING_CITY,MEM_STATUS) values (244,'KBH','{bcrypt}$2a$10$A32fPVKOKFyVa4z/.rGMGeaKR0i2aFc.xAN/sELk0x2F.IVOLx0mq','김보현',null,'244',to_date('2020/11/16','RRRR/MM/DD'),null,'김보현','전자정부 표준 프레임워크 풀-스택 개발자 대덕인재개발원 302','대전','ON');
Insert into MEMBER (MEM_NO,MEM_ID,MEM_PASS,MEM_NICK,MEM_TEL,MEM_PIC_FILE_NAME,MEM_SIGN_DATE,MEM_QUIT_DATE,MEM_NM,MEM_BIO,MEM_WORKING_CITY,MEM_STATUS) values (245,'KJH','{bcrypt}$2a$10$A32fPVKOKFyVa4z/.rGMGeaKR0i2aFc.xAN/sELk0x2F.IVOLx0mq','김지훈',null,'245',to_date('2020/11/16','RRRR/MM/DD'),null,'김지훈','전자정부 표준 프레임워크 풀-스택 개발자 대덕인재개발원 302','대전','ON');
Insert into MEMBER (MEM_NO,MEM_ID,MEM_PASS,MEM_NICK,MEM_TEL,MEM_PIC_FILE_NAME,MEM_SIGN_DATE,MEM_QUIT_DATE,MEM_NM,MEM_BIO,MEM_WORKING_CITY,MEM_STATUS) values (246,'KHJ','{bcrypt}$2a$10$A32fPVKOKFyVa4z/.rGMGeaKR0i2aFc.xAN/sELk0x2F.IVOLx0mq','김혜정',null,'246',to_date('2020/11/16','RRRR/MM/DD'),null,'김혜정','전자정부 표준 프레임워크 풀-스택 개발자 대덕인재개발원 302','대전','ON');
Insert into MEMBER (MEM_NO,MEM_ID,MEM_PASS,MEM_NICK,MEM_TEL,MEM_PIC_FILE_NAME,MEM_SIGN_DATE,MEM_QUIT_DATE,MEM_NM,MEM_BIO,MEM_WORKING_CITY,MEM_STATUS) values (247,'MSJ','{bcrypt}$2a$10$A32fPVKOKFyVa4z/.rGMGeaKR0i2aFc.xAN/sELk0x2F.IVOLx0mq','문선준',null,'247',to_date('2020/11/16','RRRR/MM/DD'),null,'문선준','전자정부 표준 프레임워크 풀-스택 개발자 대덕인재개발원 302','대전','ON');
Insert into MEMBER (MEM_NO,MEM_ID,MEM_PASS,MEM_NICK,MEM_TEL,MEM_PIC_FILE_NAME,MEM_SIGN_DATE,MEM_QUIT_DATE,MEM_NM,MEM_BIO,MEM_WORKING_CITY,MEM_STATUS) values (249,'PCW','{bcrypt}$2a$10$A32fPVKOKFyVa4z/.rGMGeaKR0i2aFc.xAN/sELk0x2F.IVOLx0mq','박초원',null,'249',to_date('2020/11/16','RRRR/MM/DD'),null,'박초원','전자정부 표준 프레임워크 풀-스택 개발자 대덕인재개발원 302','대전','ON');
Insert into MEMBER (MEM_NO,MEM_ID,MEM_PASS,MEM_NICK,MEM_TEL,MEM_PIC_FILE_NAME,MEM_SIGN_DATE,MEM_QUIT_DATE,MEM_NM,MEM_BIO,MEM_WORKING_CITY,MEM_STATUS) values (250,'BSJ','{bcrypt}$2a$10$A32fPVKOKFyVa4z/.rGMGeaKR0i2aFc.xAN/sELk0x2F.IVOLx0mq','배수진',null,'250',to_date('2020/11/16','RRRR/MM/DD'),null,'배수진','전자정부 표준 프레임워크 풀-스택 개발자 대덕인재개발원 302','대전','ON');
Insert into MEMBER (MEM_NO,MEM_ID,MEM_PASS,MEM_NICK,MEM_TEL,MEM_PIC_FILE_NAME,MEM_SIGN_DATE,MEM_QUIT_DATE,MEM_NM,MEM_BIO,MEM_WORKING_CITY,MEM_STATUS) values (251,'SSM','{bcrypt}$2a$10$A32fPVKOKFyVa4z/.rGMGeaKR0i2aFc.xAN/sELk0x2F.IVOLx0mq','송수미',null,'251',to_date('2020/11/16','RRRR/MM/DD'),null,'송수미','전자정부 표준 프레임워크 풀-스택 개발자 대덕인재개발원 302','대전','ON');
Insert into MEMBER (MEM_NO,MEM_ID,MEM_PASS,MEM_NICK,MEM_TEL,MEM_PIC_FILE_NAME,MEM_SIGN_DATE,MEM_QUIT_DATE,MEM_NM,MEM_BIO,MEM_WORKING_CITY,MEM_STATUS) values (252,'YJS','{bcrypt}$2a$10$A32fPVKOKFyVa4z/.rGMGeaKR0i2aFc.xAN/sELk0x2F.IVOLx0mq','양지수',null,'252',to_date('2020/11/16','RRRR/MM/DD'),null,'양지수','전자정부 표준 프레임워크 풀-스택 개발자 대덕인재개발원 302','대전','ON');
Insert into MEMBER (MEM_NO,MEM_ID,MEM_PASS,MEM_NICK,MEM_TEL,MEM_PIC_FILE_NAME,MEM_SIGN_DATE,MEM_QUIT_DATE,MEM_NM,MEM_BIO,MEM_WORKING_CITY,MEM_STATUS) values (253,'OSI','{bcrypt}$2a$10$A32fPVKOKFyVa4z/.rGMGeaKR0i2aFc.xAN/sELk0x2F.IVOLx0mq','오세일',null,'253',to_date('2020/11/16','RRRR/MM/DD'),null,'오세일','전자정부 표준 프레임워크 풀-스택 개발자 대덕인재개발원 302','대전','ON');
Insert into MEMBER (MEM_NO,MEM_ID,MEM_PASS,MEM_NICK,MEM_TEL,MEM_PIC_FILE_NAME,MEM_SIGN_DATE,MEM_QUIT_DATE,MEM_NM,MEM_BIO,MEM_WORKING_CITY,MEM_STATUS) values (254,'YJH','{bcrypt}$2a$10$A32fPVKOKFyVa4z/.rGMGeaKR0i2aFc.xAN/sELk0x2F.IVOLx0mq','윤지혜',null,'254',to_date('2020/11/16','RRRR/MM/DD'),null,'윤지혜','전자정부 표준 프레임워크 풀-스택 개발자 대덕인재개발원 302','대전','ON');
Insert into MEMBER (MEM_NO,MEM_ID,MEM_PASS,MEM_NICK,MEM_TEL,MEM_PIC_FILE_NAME,MEM_SIGN_DATE,MEM_QUIT_DATE,MEM_NM,MEM_BIO,MEM_WORKING_CITY,MEM_STATUS) values (255,'LJS','{bcrypt}$2a$10$A32fPVKOKFyVa4z/.rGMGeaKR0i2aFc.xAN/sELk0x2F.IVOLx0mq','이진수',null,'255',to_date('2020/11/16','RRRR/MM/DD'),null,'이진수','전자정부 표준 프레임워크 풀-스택 개발자 대덕인재개발원 302','대전','ON');
Insert into MEMBER (MEM_NO,MEM_ID,MEM_PASS,MEM_NICK,MEM_TEL,MEM_PIC_FILE_NAME,MEM_SIGN_DATE,MEM_QUIT_DATE,MEM_NM,MEM_BIO,MEM_WORKING_CITY,MEM_STATUS) values (256,'LHG','{bcrypt}$2a$10$A32fPVKOKFyVa4z/.rGMGeaKR0i2aFc.xAN/sELk0x2F.IVOLx0mq','이현기',null,'256',to_date('2020/11/16','RRRR/MM/DD'),null,'이현기','전자정부 표준 프레임워크 풀-스택 개발자 대덕인재개발원 302','대전','ON');
Insert into MEMBER (MEM_NO,MEM_ID,MEM_PASS,MEM_NICK,MEM_TEL,MEM_PIC_FILE_NAME,MEM_SIGN_DATE,MEM_QUIT_DATE,MEM_NM,MEM_BIO,MEM_WORKING_CITY,MEM_STATUS) values (257,'LTJ','{bcrypt}$2a$10$A32fPVKOKFyVa4z/.rGMGeaKR0i2aFc.xAN/sELk0x2F.IVOLx0mq','임태준',null,'257',to_date('2020/11/16','RRRR/MM/DD'),null,'임태준','전자정부 표준 프레임워크 풀-스택 개발자 대덕인재개발원 302','대전','ON');
Insert into MEMBER (MEM_NO,MEM_ID,MEM_PASS,MEM_NICK,MEM_TEL,MEM_PIC_FILE_NAME,MEM_SIGN_DATE,MEM_QUIT_DATE,MEM_NM,MEM_BIO,MEM_WORKING_CITY,MEM_STATUS) values (259,'JHS','{bcrypt}$2a$10$A32fPVKOKFyVa4z/.rGMGeaKR0i2aFc.xAN/sELk0x2F.IVOLx0mq','전형섭',null,'259',to_date('2020/11/16','RRRR/MM/DD'),null,'전형섭','전자정부 표준 프레임워크 풀-스택 개발자 대덕인재개발원 302','대전','ON');
Insert into MEMBER (MEM_NO,MEM_ID,MEM_PASS,MEM_NICK,MEM_TEL,MEM_PIC_FILE_NAME,MEM_SIGN_DATE,MEM_QUIT_DATE,MEM_NM,MEM_BIO,MEM_WORKING_CITY,MEM_STATUS) values (260,'JLS','{bcrypt}$2a$10$A32fPVKOKFyVa4z/.rGMGeaKR0i2aFc.xAN/sELk0x2F.IVOLx0mq','정이삭',null,'260',to_date('2020/11/16','RRRR/MM/DD'),null,'정이삭','전자정부 표준 프레임워크 풀-스택 개발자 대덕인재개발원 302','대전','ON');
Insert into MEMBER (MEM_NO,MEM_ID,MEM_PASS,MEM_NICK,MEM_TEL,MEM_PIC_FILE_NAME,MEM_SIGN_DATE,MEM_QUIT_DATE,MEM_NM,MEM_BIO,MEM_WORKING_CITY,MEM_STATUS) values (262,'JYE','{bcrypt}$2a$10$A32fPVKOKFyVa4z/.rGMGeaKR0i2aFc.xAN/sELk0x2F.IVOLx0mq','진예은',null,'262',to_date('2020/11/16','RRRR/MM/DD'),null,'진예은','전자정부 표준 프레임워크 풀-스택 개발자 대덕인재개발원 302','대전','ON');
Insert into MEMBER (MEM_NO,MEM_ID,MEM_PASS,MEM_NICK,MEM_TEL,MEM_PIC_FILE_NAME,MEM_SIGN_DATE,MEM_QUIT_DATE,MEM_NM,MEM_BIO,MEM_WORKING_CITY,MEM_STATUS) values (263,'JYR','{bcrypt}$2a$10$A32fPVKOKFyVa4z/.rGMGeaKR0i2aFc.xAN/sELk0x2F.IVOLx0mq','진유리',null,'263',to_date('2020/11/16','RRRR/MM/DD'),null,'진유리','전자정부 표준 프레임워크 풀-스택 개발자 대덕인재개발원 302','대전','ON');
Insert into MEMBER (MEM_NO,MEM_ID,MEM_PASS,MEM_NICK,MEM_TEL,MEM_PIC_FILE_NAME,MEM_SIGN_DATE,MEM_QUIT_DATE,MEM_NM,MEM_BIO,MEM_WORKING_CITY,MEM_STATUS) values (264,'CHS','{bcrypt}$2a$10$A32fPVKOKFyVa4z/.rGMGeaKR0i2aFc.xAN/sELk0x2F.IVOLx0mq','최희수',null,'264',to_date('2020/11/16','RRRR/MM/DD'),null,'최희수','전자정부 표준 프레임워크 풀-스택 개발자 대덕인재개발원 302','대전','ON');
Insert into MEMBER (MEM_NO,MEM_ID,MEM_PASS,MEM_NICK,MEM_TEL,MEM_PIC_FILE_NAME,MEM_SIGN_DATE,MEM_QUIT_DATE,MEM_NM,MEM_BIO,MEM_WORKING_CITY,MEM_STATUS) values (81,'test123','{bcrypt}$2a$10$A32fPVKOKFyVa4z/.rGMGeaKR0i2aFc.xAN/sELk0x2F.IVOLx0mq','test123',null,'81',to_date('2021/05/28','RRRR/MM/DD'),null,'이찬진','회원 자기소개 입니다. 자기를 소개해봅니다. 저는 누구인가요 누구일까요 아하하하하ㅏㅏㅏ','대전','ON');
Insert into MEMBER (MEM_NO,MEM_ID,MEM_PASS,MEM_NICK,MEM_TEL,MEM_PIC_FILE_NAME,MEM_SIGN_DATE,MEM_QUIT_DATE,MEM_NM,MEM_BIO,MEM_WORKING_CITY,MEM_STATUS) values (82,'test1234','{bcrypt}$2a$10$A32fPVKOKFyVa4z/.rGMGeaKR0i2aFc.xAN/sELk0x2F.IVOLx0mq','test1234',null,'82',to_date('2021/05/28','RRRR/MM/DD'),null,'김민수','회원 자기소개 입니다. 자기를 소개해봅니다. 저는 누구인가요 누구일까요 아하하하하ㅏㅏㅏ','대전','ON');
REM INSERTING into MEM_CHAT
SET DEFINE OFF;
Insert into MEM_CHAT (MEM_NO,CHATROOM_NO) values (1,1);
Insert into MEM_CHAT (MEM_NO,CHATROOM_NO) values (1,2);
Insert into MEM_CHAT (MEM_NO,CHATROOM_NO) values (1,3);
Insert into MEM_CHAT (MEM_NO,CHATROOM_NO) values (1,25);
Insert into MEM_CHAT (MEM_NO,CHATROOM_NO) values (1,27);
Insert into MEM_CHAT (MEM_NO,CHATROOM_NO) values (1,28);
Insert into MEM_CHAT (MEM_NO,CHATROOM_NO) values (1,30);
Insert into MEM_CHAT (MEM_NO,CHATROOM_NO) values (1,31);
Insert into MEM_CHAT (MEM_NO,CHATROOM_NO) values (1,32);
Insert into MEM_CHAT (MEM_NO,CHATROOM_NO) values (1,33);
Insert into MEM_CHAT (MEM_NO,CHATROOM_NO) values (1,34);
Insert into MEM_CHAT (MEM_NO,CHATROOM_NO) values (1,35);
Insert into MEM_CHAT (MEM_NO,CHATROOM_NO) values (2,1);
Insert into MEM_CHAT (MEM_NO,CHATROOM_NO) values (2,2);
Insert into MEM_CHAT (MEM_NO,CHATROOM_NO) values (2,3);
Insert into MEM_CHAT (MEM_NO,CHATROOM_NO) values (3,1);
Insert into MEM_CHAT (MEM_NO,CHATROOM_NO) values (3,2);
Insert into MEM_CHAT (MEM_NO,CHATROOM_NO) values (3,25);
Insert into MEM_CHAT (MEM_NO,CHATROOM_NO) values (4,1);
Insert into MEM_CHAT (MEM_NO,CHATROOM_NO) values (4,27);
Insert into MEM_CHAT (MEM_NO,CHATROOM_NO) values (4,41);
Insert into MEM_CHAT (MEM_NO,CHATROOM_NO) values (4,42);
Insert into MEM_CHAT (MEM_NO,CHATROOM_NO) values (4,43);
Insert into MEM_CHAT (MEM_NO,CHATROOM_NO) values (4,44);
Insert into MEM_CHAT (MEM_NO,CHATROOM_NO) values (4,61);
Insert into MEM_CHAT (MEM_NO,CHATROOM_NO) values (5,34);
Insert into MEM_CHAT (MEM_NO,CHATROOM_NO) values (41,32);
Insert into MEM_CHAT (MEM_NO,CHATROOM_NO) values (41,41);
Insert into MEM_CHAT (MEM_NO,CHATROOM_NO) values (42,30);
Insert into MEM_CHAT (MEM_NO,CHATROOM_NO) values (103,35);
Insert into MEM_CHAT (MEM_NO,CHATROOM_NO) values (123,33);
Insert into MEM_CHAT (MEM_NO,CHATROOM_NO) values (123,43);
Insert into MEM_CHAT (MEM_NO,CHATROOM_NO) values (161,28);
Insert into MEM_CHAT (MEM_NO,CHATROOM_NO) values (161,44);
Insert into MEM_CHAT (MEM_NO,CHATROOM_NO) values (183,31);
Insert into MEM_CHAT (MEM_NO,CHATROOM_NO) values (183,42);
Insert into MEM_CHAT (MEM_NO,CHATROOM_NO) values (221,61);
REM INSERTING into MEM_ROLE
SET DEFINE OFF;
Insert into MEM_ROLE (MEM_ROLE_NO,PROJ_NO,MEM_ROLE_NM,AUTHORITY) values (23,41,'admin',4095);
Insert into MEM_ROLE (MEM_ROLE_NO,PROJ_NO,MEM_ROLE_NM,AUTHORITY) values (24,41,'member',4095);
Insert into MEM_ROLE (MEM_ROLE_NO,PROJ_NO,MEM_ROLE_NM,AUTHORITY) values (29,62,'admin',4095);
Insert into MEM_ROLE (MEM_ROLE_NO,PROJ_NO,MEM_ROLE_NM,AUTHORITY) values (30,62,'member',4095);
Insert into MEM_ROLE (MEM_ROLE_NO,PROJ_NO,MEM_ROLE_NM,AUTHORITY) values (35,65,'admin',4095);
Insert into MEM_ROLE (MEM_ROLE_NO,PROJ_NO,MEM_ROLE_NM,AUTHORITY) values (36,65,'member',4095);
Insert into MEM_ROLE (MEM_ROLE_NO,PROJ_NO,MEM_ROLE_NM,AUTHORITY) values (39,67,'admin',4095);
Insert into MEM_ROLE (MEM_ROLE_NO,PROJ_NO,MEM_ROLE_NM,AUTHORITY) values (40,67,'member',2998);
Insert into MEM_ROLE (MEM_ROLE_NO,PROJ_NO,MEM_ROLE_NM,AUTHORITY) values (41,68,'관리자',4095);
Insert into MEM_ROLE (MEM_ROLE_NO,PROJ_NO,MEM_ROLE_NM,AUTHORITY) values (42,68,'회원',2998);
Insert into MEM_ROLE (MEM_ROLE_NO,PROJ_NO,MEM_ROLE_NM,AUTHORITY) values (61,121,'관리자',4095);
Insert into MEM_ROLE (MEM_ROLE_NO,PROJ_NO,MEM_ROLE_NM,AUTHORITY) values (62,121,'회원',2998);
Insert into MEM_ROLE (MEM_ROLE_NO,PROJ_NO,MEM_ROLE_NM,AUTHORITY) values (7,24,'admin',4095);
Insert into MEM_ROLE (MEM_ROLE_NO,PROJ_NO,MEM_ROLE_NM,AUTHORITY) values (8,24,'member',4095);
Insert into MEM_ROLE (MEM_ROLE_NO,PROJ_NO,MEM_ROLE_NM,AUTHORITY) values (9,25,'admin',4095);
Insert into MEM_ROLE (MEM_ROLE_NO,PROJ_NO,MEM_ROLE_NM,AUTHORITY) values (10,25,'member',4095);
Insert into MEM_ROLE (MEM_ROLE_NO,PROJ_NO,MEM_ROLE_NM,AUTHORITY) values (11,26,'admin',4095);
Insert into MEM_ROLE (MEM_ROLE_NO,PROJ_NO,MEM_ROLE_NM,AUTHORITY) values (12,26,'member',4095);
Insert into MEM_ROLE (MEM_ROLE_NO,PROJ_NO,MEM_ROLE_NM,AUTHORITY) values (45,82,'관리자',4095);
Insert into MEM_ROLE (MEM_ROLE_NO,PROJ_NO,MEM_ROLE_NM,AUTHORITY) values (26,1,'UA',2559);
Insert into MEM_ROLE (MEM_ROLE_NO,PROJ_NO,MEM_ROLE_NM,AUTHORITY) values (46,82,'회원',2998);
Insert into MEM_ROLE (MEM_ROLE_NO,PROJ_NO,MEM_ROLE_NM,AUTHORITY) values (57,103,'반장',4095);
Insert into MEM_ROLE (MEM_ROLE_NO,PROJ_NO,MEM_ROLE_NM,AUTHORITY) values (51,4,'UA',4095);
Insert into MEM_ROLE (MEM_ROLE_NO,PROJ_NO,MEM_ROLE_NM,AUTHORITY) values (52,4,'AA',4095);
Insert into MEM_ROLE (MEM_ROLE_NO,PROJ_NO,MEM_ROLE_NM,AUTHORITY) values (50,4,'DA',4095);
Insert into MEM_ROLE (MEM_ROLE_NO,PROJ_NO,MEM_ROLE_NM,AUTHORITY) values (58,103,'학생',4095);
Insert into MEM_ROLE (MEM_ROLE_NO,PROJ_NO,MEM_ROLE_NM,AUTHORITY) values (13,27,'admin',4095);
Insert into MEM_ROLE (MEM_ROLE_NO,PROJ_NO,MEM_ROLE_NM,AUTHORITY) values (14,27,'member',4095);
Insert into MEM_ROLE (MEM_ROLE_NO,PROJ_NO,MEM_ROLE_NM,AUTHORITY) values (65,161,'PL',4095);
Insert into MEM_ROLE (MEM_ROLE_NO,PROJ_NO,MEM_ROLE_NM,AUTHORITY) values (66,161,'AA',2998);
Insert into MEM_ROLE (MEM_ROLE_NO,PROJ_NO,MEM_ROLE_NM,AUTHORITY) values (67,161,'DA',4095);
Insert into MEM_ROLE (MEM_ROLE_NO,PROJ_NO,MEM_ROLE_NM,AUTHORITY) values (68,161,'UA',4095);
Insert into MEM_ROLE (MEM_ROLE_NO,PROJ_NO,MEM_ROLE_NM,AUTHORITY) values (1,1,'PL',4095);
Insert into MEM_ROLE (MEM_ROLE_NO,PROJ_NO,MEM_ROLE_NM,AUTHORITY) values (2,1,'AA',3071);
Insert into MEM_ROLE (MEM_ROLE_NO,PROJ_NO,MEM_ROLE_NM,AUTHORITY) values (3,1,'TA',1535);
Insert into MEM_ROLE (MEM_ROLE_NO,PROJ_NO,MEM_ROLE_NM,AUTHORITY) values (4,1,'DA',2815);
Insert into MEM_ROLE (MEM_ROLE_NO,PROJ_NO,MEM_ROLE_NM,AUTHORITY) values (43,81,'관리자',4095);
Insert into MEM_ROLE (MEM_ROLE_NO,PROJ_NO,MEM_ROLE_NM,AUTHORITY) values (44,81,'회원',2998);
Insert into MEM_ROLE (MEM_ROLE_NO,PROJ_NO,MEM_ROLE_NM,AUTHORITY) values (59,104,'관리자',4095);
Insert into MEM_ROLE (MEM_ROLE_NO,PROJ_NO,MEM_ROLE_NM,AUTHORITY) values (60,104,'회원',2998);
Insert into MEM_ROLE (MEM_ROLE_NO,PROJ_NO,MEM_ROLE_NM,AUTHORITY) values (5,23,'admin',4095);
Insert into MEM_ROLE (MEM_ROLE_NO,PROJ_NO,MEM_ROLE_NM,AUTHORITY) values (6,23,'member',4095);
Insert into MEM_ROLE (MEM_ROLE_NO,PROJ_NO,MEM_ROLE_NM,AUTHORITY) values (15,2,'admin',4095);
Insert into MEM_ROLE (MEM_ROLE_NO,PROJ_NO,MEM_ROLE_NM,AUTHORITY) values (16,2,'member',4095);
Insert into MEM_ROLE (MEM_ROLE_NO,PROJ_NO,MEM_ROLE_NM,AUTHORITY) values (17,3,'admin',4095);
Insert into MEM_ROLE (MEM_ROLE_NO,PROJ_NO,MEM_ROLE_NM,AUTHORITY) values (18,3,'member',4095);
Insert into MEM_ROLE (MEM_ROLE_NO,PROJ_NO,MEM_ROLE_NM,AUTHORITY) values (54,101,'회원',2998);
Insert into MEM_ROLE (MEM_ROLE_NO,PROJ_NO,MEM_ROLE_NM,AUTHORITY) values (20,4,'PL',4095);
Insert into MEM_ROLE (MEM_ROLE_NO,PROJ_NO,MEM_ROLE_NM,AUTHORITY) values (21,5,'admin',4095);
Insert into MEM_ROLE (MEM_ROLE_NO,PROJ_NO,MEM_ROLE_NM,AUTHORITY) values (22,5,'member',4095);
Insert into MEM_ROLE (MEM_ROLE_NO,PROJ_NO,MEM_ROLE_NM,AUTHORITY) values (27,61,'admin',4095);
Insert into MEM_ROLE (MEM_ROLE_NO,PROJ_NO,MEM_ROLE_NM,AUTHORITY) values (28,61,'member',4095);
Insert into MEM_ROLE (MEM_ROLE_NO,PROJ_NO,MEM_ROLE_NM,AUTHORITY) values (31,63,'admin',4095);
Insert into MEM_ROLE (MEM_ROLE_NO,PROJ_NO,MEM_ROLE_NM,AUTHORITY) values (32,63,'member',4095);
Insert into MEM_ROLE (MEM_ROLE_NO,PROJ_NO,MEM_ROLE_NM,AUTHORITY) values (33,64,'admin',4095);
Insert into MEM_ROLE (MEM_ROLE_NO,PROJ_NO,MEM_ROLE_NM,AUTHORITY) values (34,64,'member',4095);
Insert into MEM_ROLE (MEM_ROLE_NO,PROJ_NO,MEM_ROLE_NM,AUTHORITY) values (37,66,'admin',4095);
Insert into MEM_ROLE (MEM_ROLE_NO,PROJ_NO,MEM_ROLE_NM,AUTHORITY) values (38,66,'member',4095);
Insert into MEM_ROLE (MEM_ROLE_NO,PROJ_NO,MEM_ROLE_NM,AUTHORITY) values (53,101,'관리자',4095);
Insert into MEM_ROLE (MEM_ROLE_NO,PROJ_NO,MEM_ROLE_NM,AUTHORITY) values (55,102,'관리자',4095);
Insert into MEM_ROLE (MEM_ROLE_NO,PROJ_NO,MEM_ROLE_NM,AUTHORITY) values (56,102,'회원',2998);
Insert into MEM_ROLE (MEM_ROLE_NO,PROJ_NO,MEM_ROLE_NM,AUTHORITY) values (63,141,'관리자',4095);
Insert into MEM_ROLE (MEM_ROLE_NO,PROJ_NO,MEM_ROLE_NM,AUTHORITY) values (64,141,'회원',2998);
REM INSERTING into MENU
SET DEFINE OFF;
Insert into MENU (MENU_NO,MENU_ICON,MENU_DATA,MENU_SET_INDEX,MENU_NM_ENG,MENU_NM_KOR,MENU_PARENT,MENU_CODE,MENU_NM_GER,MENU_NM_JAP,MENU_NM_CHI) values (1,'icon-screen-desktop','code',null,'Code','코드',null,'code','Code','コード','码');
Insert into MENU (MENU_NO,MENU_ICON,MENU_DATA,MENU_SET_INDEX,MENU_NM_ENG,MENU_NM_KOR,MENU_PARENT,MENU_CODE,MENU_NM_GER,MENU_NM_JAP,MENU_NM_CHI) values (2,'icon-directions','milestone',0,'Milestone','마일스톤',null,'milestone','Milenstein','マイルストーン','里程碑');
Insert into MENU (MENU_NO,MENU_ICON,MENU_DATA,MENU_SET_INDEX,MENU_NM_ENG,MENU_NM_KOR,MENU_PARENT,MENU_CODE,MENU_NM_GER,MENU_NM_JAP,MENU_NM_CHI) values (3,'icon-fire','issue',1,'Issue','이슈',null,'issue','Problem','仕事','问题');
Insert into MENU (MENU_NO,MENU_ICON,MENU_DATA,MENU_SET_INDEX,MENU_NM_ENG,MENU_NM_KOR,MENU_PARENT,MENU_CODE,MENU_NM_GER,MENU_NM_JAP,MENU_NM_CHI) values (4,'icon-chart','ganttchart',2,'Gantt','간트차트',null,'ganttchart','Zeitablaufplan','ガントチャート','甘特图');
Insert into MENU (MENU_NO,MENU_ICON,MENU_DATA,MENU_SET_INDEX,MENU_NM_ENG,MENU_NM_KOR,MENU_PARENT,MENU_CODE,MENU_NM_GER,MENU_NM_JAP,MENU_NM_CHI) values (5,'icon-calender','calendar',3,'Calendar','캘린더',null,'calendar','Kalender','カレンダー','日历');
Insert into MENU (MENU_NO,MENU_ICON,MENU_DATA,MENU_SET_INDEX,MENU_NM_ENG,MENU_NM_KOR,MENU_PARENT,MENU_CODE,MENU_NM_GER,MENU_NM_JAP,MENU_NM_CHI) values (6,'icon-cursor-move','kanbanboard',4,'Kanban','칸반',null,'kanbanboard','Kanban','かんばん','看板');
Insert into MENU (MENU_NO,MENU_ICON,MENU_DATA,MENU_SET_INDEX,MENU_NM_ENG,MENU_NM_KOR,MENU_PARENT,MENU_CODE,MENU_NM_GER,MENU_NM_JAP,MENU_NM_CHI) values (9,'icon-chart','analytics',7,'Analytics','통계',null,'analytics','Statik','静力学','靜力學');
Insert into MENU (MENU_NO,MENU_ICON,MENU_DATA,MENU_SET_INDEX,MENU_NM_ENG,MENU_NM_KOR,MENU_PARENT,MENU_CODE,MENU_NM_GER,MENU_NM_JAP,MENU_NM_CHI) values (7,'icon-book-open','news',5,'News','뉴스',null,'news','Nachricht','新報','消息');
Insert into MENU (MENU_NO,MENU_ICON,MENU_DATA,MENU_SET_INDEX,MENU_NM_ENG,MENU_NM_KOR,MENU_PARENT,MENU_CODE,MENU_NM_GER,MENU_NM_JAP,MENU_NM_CHI) values (8,'icon-graduation','wiki',6,'Wiki','위키',null,'wiki','Wiki','ウィッキー','维基');
Insert into MENU (MENU_NO,MENU_ICON,MENU_DATA,MENU_SET_INDEX,MENU_NM_ENG,MENU_NM_KOR,MENU_PARENT,MENU_CODE,MENU_NM_GER,MENU_NM_JAP,MENU_NM_CHI) values (10,'icon-menu',null,null,'Setting','설정',null,'setting','Einstellung','設定','环境');
Insert into MENU (MENU_NO,MENU_ICON,MENU_DATA,MENU_SET_INDEX,MENU_NM_ENG,MENU_NM_KOR,MENU_PARENT,MENU_CODE,MENU_NM_GER,MENU_NM_JAP,MENU_NM_CHI) values (11,'icon-user','member',null,'Member','멤버관리',10,'member','Mitglieder','会員管理','成员');
Insert into MENU (MENU_NO,MENU_ICON,MENU_DATA,MENU_SET_INDEX,MENU_NM_ENG,MENU_NM_KOR,MENU_PARENT,MENU_CODE,MENU_NM_GER,MENU_NM_JAP,MENU_NM_CHI) values (12,'icon-settings','management',null,'Management','프로젝트관리',10,'management','Verwaltung','プロジェクト','管理');
REM INSERTING into MENU_ASSIGN
SET DEFINE OFF;
REM INSERTING into MILESTONE
SET DEFINE OFF;
Insert into MILESTONE (MILEST_SID,MEM_NO,PROJ_NO,MILEST_NO,MILEST_TITLE,MILEST_CONT,MILEST_DATE,MILEST_START_DATE,MILEST_END_DATE,MILEST_STATUS) values (16,4,1,11,'기능 추가','기능 추가해야 할 내용들',to_date('2021/06/21','RRRR/MM/DD'),to_date('2021/06/21','RRRR/MM/DD'),to_date('2021/06/28','RRRR/MM/DD'),'0');
Insert into MILESTONE (MILEST_SID,MEM_NO,PROJ_NO,MILEST_NO,MILEST_TITLE,MILEST_CONT,MILEST_DATE,MILEST_START_DATE,MILEST_END_DATE,MILEST_STATUS) values (14,4,1,9,'기능 개선','기능 개선해야 할 내용들',to_date('2021/06/21','RRRR/MM/DD'),to_date('2021/06/21','RRRR/MM/DD'),to_date('2021/06/28','RRRR/MM/DD'),'1');
Insert into MILESTONE (MILEST_SID,MEM_NO,PROJ_NO,MILEST_NO,MILEST_TITLE,MILEST_CONT,MILEST_DATE,MILEST_START_DATE,MILEST_END_DATE,MILEST_STATUS) values (15,4,1,10,'발표 준비','발표 준비 할 내용들',to_date('2021/06/21','RRRR/MM/DD'),to_date('2021/06/21','RRRR/MM/DD'),to_date('2021/06/28','RRRR/MM/DD'),'0');
Insert into MILESTONE (MILEST_SID,MEM_NO,PROJ_NO,MILEST_NO,MILEST_TITLE,MILEST_CONT,MILEST_DATE,MILEST_START_DATE,MILEST_END_DATE,MILEST_STATUS) values (9,4,23,1,'마일스톤 테스트','ㅎㅎ',to_date('2021/06/14','RRRR/MM/DD'),null,null,'0');
Insert into MILESTONE (MILEST_SID,MEM_NO,PROJ_NO,MILEST_NO,MILEST_TITLE,MILEST_CONT,MILEST_DATE,MILEST_START_DATE,MILEST_END_DATE,MILEST_STATUS) values (20,3,104,1,'날짜 테스트','날짜 테스트',to_date('2021/06/22','RRRR/MM/DD'),to_date('2021/06/26','RRRR/MM/DD'),to_date('2021/06/29','RRRR/MM/DD'),null);
Insert into MILESTONE (MILEST_SID,MEM_NO,PROJ_NO,MILEST_NO,MILEST_TITLE,MILEST_CONT,MILEST_DATE,MILEST_START_DATE,MILEST_END_DATE,MILEST_STATUS) values (10,3,27,1,'new milestone','asfasf',to_date('2021/06/14','RRRR/MM/DD'),to_date('2021/06/24','RRRR/MM/DD'),null,'0');
Insert into MILESTONE (MILEST_SID,MEM_NO,PROJ_NO,MILEST_NO,MILEST_TITLE,MILEST_CONT,MILEST_DATE,MILEST_START_DATE,MILEST_END_DATE,MILEST_STATUS) values (17,3,103,1,'Java-RDBMS 연계 프로젝트','초급 프로젝트 진행',to_date('2021/06/22','RRRR/MM/DD'),to_date('2020/12/24','RRRR/MM/DD'),to_date('2020/12/31','RRRR/MM/DD'),'0');
Insert into MILESTONE (MILEST_SID,MEM_NO,PROJ_NO,MILEST_NO,MILEST_TITLE,MILEST_CONT,MILEST_DATE,MILEST_START_DATE,MILEST_END_DATE,MILEST_STATUS) values (18,3,103,2,'Java-WEB 연계프로젝트','중급 프로젝트',to_date('2021/06/22','RRRR/MM/DD'),to_date('2021/02/25','RRRR/MM/DD'),to_date('2021/03/08','RRRR/MM/DD'),null);
Insert into MILESTONE (MILEST_SID,MEM_NO,PROJ_NO,MILEST_NO,MILEST_TITLE,MILEST_CONT,MILEST_DATE,MILEST_START_DATE,MILEST_END_DATE,MILEST_STATUS) values (3,7,2,1,'2번 프로젝트의 첫번째 마일스톤 제목','2번 프로젝트의 첫번째 마일스톤 내용',to_date('2021/05/27','RRRR/MM/DD'),to_date('2021/05/28','RRRR/MM/DD'),to_date('2021/05/30','RRRR/MM/DD'),'0');
Insert into MILESTONE (MILEST_SID,MEM_NO,PROJ_NO,MILEST_NO,MILEST_TITLE,MILEST_CONT,MILEST_DATE,MILEST_START_DATE,MILEST_END_DATE,MILEST_STATUS) values (11,3,27,2,'두번째 마일스톤','두번째',to_date('2021/06/15','RRRR/MM/DD'),to_date('2021/06/02','RRRR/MM/DD'),to_date('2021/06/21','RRRR/MM/DD'),'1');
Insert into MILESTONE (MILEST_SID,MEM_NO,PROJ_NO,MILEST_NO,MILEST_TITLE,MILEST_CONT,MILEST_DATE,MILEST_START_DATE,MILEST_END_DATE,MILEST_STATUS) values (19,3,103,3,'현업실무프로젝트','최종프로젝트',to_date('2021/06/22','RRRR/MM/DD'),to_date('2021/05/04','RRRR/MM/DD'),to_date('2021/06/29','RRRR/MM/DD'),'0');
Insert into MILESTONE (MILEST_SID,MEM_NO,PROJ_NO,MILEST_NO,MILEST_TITLE,MILEST_CONT,MILEST_DATE,MILEST_START_DATE,MILEST_END_DATE,MILEST_STATUS) values (12,3,27,3,'세번째 마일스톤','세번째
',to_date('2021/06/19','RRRR/MM/DD'),null,null,'1');
REM INSERTING into NEWS
SET DEFINE OFF;
Insert into NEWS (NEWS_SID,PROJ_NO,MEM_NO,NEWS_NO,NEWS_TITLE,NEWS_CONT,NEWS_WRITE_DATE,ATCH_FILE_SID) values (28,1,4,27,'제발 성공좀','## 성공 한 줄 알았지 모야~~ ## 성공 한 줄 알았지 모야~~ ## 성공 한 줄 알았지 모야~~ ## 성공 한 줄 알았지 모야~~ ## 성공 한 줄 알았지 모야~~ ## 성공 한 줄 알았지 모야~~ ## 성공 한 줄 알았지 모야~~ ## 성공 한 줄 알았지 모야~~ ## 성공 한 줄 알았지 모야~~ ## 성공 한 줄 알았지 모야~~ ## 성공 한 줄 알았지 모야~~ ## 성공 한 줄 알았지 모야~~ ## 성공 한 줄 알았지 모야~~ ## 성공 한 줄 알았지 모야~~## 성공 한 줄 알았지 모야~~ ## 성공 한 줄 알았지 모야~~ ## 성공 한 줄 알았지 모야~~ ## 성공 한 줄 알았지 모야~~ ## 성공 한 줄 알았지 모야~~ ## 성공 한 줄 알았지 모야~~ ## 성공 한 줄 알았지 모야~~ ## 성공 한 줄 알았지 모야~~ ## 성공 한 줄 알았지 모야~~ ## 성공 한 줄 알았지 모야~~ ## 성공 한 줄 알았지 모야~~ ## 성공 한 줄 알았지 모야~~ ## 성공 한 줄 알았지 모야~~ ## 성공 한 줄 알았지 모야~~',to_date('2021/06/04','RRRR/MM/DD'),null);
Insert into NEWS (NEWS_SID,PROJ_NO,MEM_NO,NEWS_NO,NEWS_TITLE,NEWS_CONT,NEWS_WRITE_DATE,ATCH_FILE_SID) values (35,1,4,34,'쿠키에서 작성자 잘 받는지 테스트','테스트의 테스트',to_date('2021/06/04','RRRR/MM/DD'),null);
Insert into NEWS (NEWS_SID,PROJ_NO,MEM_NO,NEWS_NO,NEWS_TITLE,NEWS_CONT,NEWS_WRITE_DATE,ATCH_FILE_SID) values (39,1,4,38,'테스트',' # 테스트 맨 ~',to_date('2021/06/11','RRRR/MM/DD'),'2');
Insert into NEWS (NEWS_SID,PROJ_NO,MEM_NO,NEWS_NO,NEWS_TITLE,NEWS_CONT,NEWS_WRITE_DATE,ATCH_FILE_SID) values (48,103,3,2,'중간 프로젝트를 진행하기 위한 조 선정','# 중간 프로젝트는 각 조당 4명으로 진행됩니다.

# 담임선생님께서 조 편성 해주시니 조금만 기다려주세요!',to_date('2021/06/22','RRRR/MM/DD'),null);
Insert into NEWS (NEWS_SID,PROJ_NO,MEM_NO,NEWS_NO,NEWS_TITLE,NEWS_CONT,NEWS_WRITE_DATE,ATCH_FILE_SID) values (29,1,4,28,'성공좀 시켜주세요','아 제발좀~',to_date('2021/06/04','RRRR/MM/DD'),null);
Insert into NEWS (NEWS_SID,PROJ_NO,MEM_NO,NEWS_NO,NEWS_TITLE,NEWS_CONT,NEWS_WRITE_DATE,ATCH_FILE_SID) values (30,1,4,29,'이제 진짜 된거같다','진짜로',to_date('2021/06/04','RRRR/MM/DD'),null);
Insert into NEWS (NEWS_SID,PROJ_NO,MEM_NO,NEWS_NO,NEWS_TITLE,NEWS_CONT,NEWS_WRITE_DATE,ATCH_FILE_SID) values (31,1,4,30,'뉴스 작성은 했는데','여기저기 뜯어 고치는데가 참 많네',to_date('2021/06/04','RRRR/MM/DD'),null);
Insert into NEWS (NEWS_SID,PROJ_NO,MEM_NO,NEWS_NO,NEWS_TITLE,NEWS_CONT,NEWS_WRITE_DATE,ATCH_FILE_SID) values (32,1,4,31,'뉴스 작성 잘됩니다.','## 마크다운 
> 마크다운 지원 잘 합니다

|표|만들어|볼까|
|--|--|--|
|성공|실패|뭐지|',to_date('2021/06/04','RRRR/MM/DD'),'7');
Insert into NEWS (NEWS_SID,PROJ_NO,MEM_NO,NEWS_NO,NEWS_TITLE,NEWS_CONT,NEWS_WRITE_DATE,ATCH_FILE_SID) values (33,1,4,32,'테스트 한번','더',to_date('2021/06/04','RRRR/MM/DD'),'6');
Insert into NEWS (NEWS_SID,PROJ_NO,MEM_NO,NEWS_NO,NEWS_TITLE,NEWS_CONT,NEWS_WRITE_DATE,ATCH_FILE_SID) values (34,1,4,33,'뉴스 등록 테스트','토스트 
- 토스트',to_date('2021/06/04','RRRR/MM/DD'),'5');
Insert into NEWS (NEWS_SID,PROJ_NO,MEM_NO,NEWS_NO,NEWS_TITLE,NEWS_CONT,NEWS_WRITE_DATE,ATCH_FILE_SID) values (40,1,4,39,'추가','# 123 # 123 # 123 # 123 # 123 # 123 # 123 # 123 # 123 # 123 # 123 # 123 # 123 ',to_date('2021/06/21','RRRR/MM/DD'),'1');
Insert into NEWS (NEWS_SID,PROJ_NO,MEM_NO,NEWS_NO,NEWS_TITLE,NEWS_CONT,NEWS_WRITE_DATE,ATCH_FILE_SID) values (44,104,4,3,'사진 없는 테스트','# 오케이',to_date('2021/06/21','RRRR/MM/DD'),null);
Insert into NEWS (NEWS_SID,PROJ_NO,MEM_NO,NEWS_NO,NEWS_TITLE,NEWS_CONT,NEWS_WRITE_DATE,ATCH_FILE_SID) values (45,104,4,4,'사진 있는 테스트','휴휴',to_date('2021/06/21','RRRR/MM/DD'),'104/a569af42-6d98-4fc2-8afd-183493051c9f_Screenshot 2021-06-21 at 10.40.12 AM.png');
Insert into NEWS (NEWS_SID,PROJ_NO,MEM_NO,NEWS_NO,NEWS_TITLE,NEWS_CONT,NEWS_WRITE_DATE,ATCH_FILE_SID) values (46,104,4,5,'뉴스 작성 테스트','# 사진은 없다.',to_date('2021/06/20','RRRR/MM/DD'),null);
Insert into NEWS (NEWS_SID,PROJ_NO,MEM_NO,NEWS_NO,NEWS_TITLE,NEWS_CONT,NEWS_WRITE_DATE,ATCH_FILE_SID) values (47,103,3,1,'초급 프로젝트 종료 후 자리 바꿈','초급 프로젝트 종료 후 자리를 바꾸려고합니다.
렌덤으로 돌려서 
자리 선정하려고해요.
이번주 금요일에 자리선정 후 진행하겠습니다 !',to_date('2021/06/22','RRRR/MM/DD'),null);
Insert into NEWS (NEWS_SID,PROJ_NO,MEM_NO,NEWS_NO,NEWS_TITLE,NEWS_CONT,NEWS_WRITE_DATE,ATCH_FILE_SID) values (22,1,4,21,'뉴스 작성 기도 메타','# 도전',to_date('2021/06/04','RRRR/MM/DD'),null);
Insert into NEWS (NEWS_SID,PROJ_NO,MEM_NO,NEWS_NO,NEWS_TITLE,NEWS_CONT,NEWS_WRITE_DATE,ATCH_FILE_SID) values (23,1,4,22,'뉴스 작성 된다.','## 된다궁~',to_date('2021/06/04','RRRR/MM/DD'),null);
Insert into NEWS (NEWS_SID,PROJ_NO,MEM_NO,NEWS_NO,NEWS_TITLE,NEWS_CONT,NEWS_WRITE_DATE,ATCH_FILE_SID) values (24,1,4,23,'뉴스 만들기','~~',to_date('2021/06/04','RRRR/MM/DD'),null);
Insert into NEWS (NEWS_SID,PROJ_NO,MEM_NO,NEWS_NO,NEWS_TITLE,NEWS_CONT,NEWS_WRITE_DATE,ATCH_FILE_SID) values (25,1,4,24,'뉴스 작성 또하기','ㅇㅇㅇㅇ',to_date('2021/06/04','RRRR/MM/DD'),null);
Insert into NEWS (NEWS_SID,PROJ_NO,MEM_NO,NEWS_NO,NEWS_TITLE,NEWS_CONT,NEWS_WRITE_DATE,ATCH_FILE_SID) values (26,1,4,25,'뉴스 작성 테스트','이제 성공',to_date('2021/06/04','RRRR/MM/DD'),null);
Insert into NEWS (NEWS_SID,PROJ_NO,MEM_NO,NEWS_NO,NEWS_TITLE,NEWS_CONT,NEWS_WRITE_DATE,ATCH_FILE_SID) values (27,1,4,26,'뉴스 작성','## 성공 한 줄 알았지 모야~~
## 성공 한 줄 알았지 모야~~
## 성공 한 줄 알았지 모야~~
## 성공 한 줄 알았지 모야~~
## 성공 한 줄 알았지 모야~~
## 성공 한 줄 알았지 모야~~
## 성공 한 줄 알았지 모야~~
## 성공 한 줄 알았지 모야~~
## 성공 한 줄 알았지 모야~~
## 성공 한 줄 알았지 모야~~
## 성공 한 줄 알았지 모야~~
## 성공 한 줄 알았지 모야~~
## 성공 한 줄 알았지 모야~~
## 성공 한 줄 알았지 모야~~
',to_date('2021/06/04','RRRR/MM/DD'),null);
Insert into NEWS (NEWS_SID,PROJ_NO,MEM_NO,NEWS_NO,NEWS_TITLE,NEWS_CONT,NEWS_WRITE_DATE,ATCH_FILE_SID) values (41,1,4,40,'뉴스 추가 테스트','테스트 해본다.',to_date('2021/06/20','RRRR/MM/DD'),null);
Insert into NEWS (NEWS_SID,PROJ_NO,MEM_NO,NEWS_NO,NEWS_TITLE,NEWS_CONT,NEWS_WRITE_DATE,ATCH_FILE_SID) values (42,104,4,1,'제목','내용',to_date('2021/06/21','RRRR/MM/DD'),'104/a37acb70-9d28-4d1d-87c1-7dad89e8dad9_Screenshot 2021-06-21 at 10.40.12 AM.png');
Insert into NEWS (NEWS_SID,PROJ_NO,MEM_NO,NEWS_NO,NEWS_TITLE,NEWS_CONT,NEWS_WRITE_DATE,ATCH_FILE_SID) values (43,104,4,2,'뉴스 추가 또 테스트','# 이번엔 사진 없고',to_date('2021/06/21','RRRR/MM/DD'),'104/2034329b-d51f-461b-86cd-6ab967b800ee_');
Insert into NEWS (NEWS_SID,PROJ_NO,MEM_NO,NEWS_NO,NEWS_TITLE,NEWS_CONT,NEWS_WRITE_DATE,ATCH_FILE_SID) values (1,1,4,1,'뉴스 타이틀 1 ','뉴스 내용 1',to_date('2021/05/03','RRRR/MM/DD'),null);
Insert into NEWS (NEWS_SID,PROJ_NO,MEM_NO,NEWS_NO,NEWS_TITLE,NEWS_CONT,NEWS_WRITE_DATE,ATCH_FILE_SID) values (2,1,3,2,'뉴스 타이틀 2','뉴스 내용 2',to_date('2021/05/04','RRRR/MM/DD'),null);
Insert into NEWS (NEWS_SID,PROJ_NO,MEM_NO,NEWS_NO,NEWS_TITLE,NEWS_CONT,NEWS_WRITE_DATE,ATCH_FILE_SID) values (3,1,2,3,'뉴스 타이틀 3','뉴스 내용 3',to_date('2021/05/05','RRRR/MM/DD'),null);
Insert into NEWS (NEWS_SID,PROJ_NO,MEM_NO,NEWS_NO,NEWS_TITLE,NEWS_CONT,NEWS_WRITE_DATE,ATCH_FILE_SID) values (4,1,1,4,'뉴스 타이틀 4','뉴스 내용 4',to_date('2021/05/06','RRRR/MM/DD'),null);
Insert into NEWS (NEWS_SID,PROJ_NO,MEM_NO,NEWS_NO,NEWS_TITLE,NEWS_CONT,NEWS_WRITE_DATE,ATCH_FILE_SID) values (5,1,4,5,'뉴스 타이틀 5','뉴스 내용 5',to_date('2021/05/07','RRRR/MM/DD'),null);
Insert into NEWS (NEWS_SID,PROJ_NO,MEM_NO,NEWS_NO,NEWS_TITLE,NEWS_CONT,NEWS_WRITE_DATE,ATCH_FILE_SID) values (6,1,3,6,'뉴스 타이틀 6','뉴스 내용 6',to_date('2021/05/03','RRRR/MM/DD'),null);
Insert into NEWS (NEWS_SID,PROJ_NO,MEM_NO,NEWS_NO,NEWS_TITLE,NEWS_CONT,NEWS_WRITE_DATE,ATCH_FILE_SID) values (7,1,2,7,'뉴스 타이틀 7','뉴스 내용 7',to_date('2021/05/04','RRRR/MM/DD'),null);
Insert into NEWS (NEWS_SID,PROJ_NO,MEM_NO,NEWS_NO,NEWS_TITLE,NEWS_CONT,NEWS_WRITE_DATE,ATCH_FILE_SID) values (8,1,1,8,'뉴스 타이틀 8','뉴스 내용 8',to_date('2021/05/05','RRRR/MM/DD'),null);
Insert into NEWS (NEWS_SID,PROJ_NO,MEM_NO,NEWS_NO,NEWS_TITLE,NEWS_CONT,NEWS_WRITE_DATE,ATCH_FILE_SID) values (9,1,4,9,'뉴스 타이틀 9','뉴스 내용 9',to_date('2021/05/06','RRRR/MM/DD'),null);
Insert into NEWS (NEWS_SID,PROJ_NO,MEM_NO,NEWS_NO,NEWS_TITLE,NEWS_CONT,NEWS_WRITE_DATE,ATCH_FILE_SID) values (10,1,3,10,'뉴스 타이틀 10','뉴스 내용 10',to_date('2021/05/07','RRRR/MM/DD'),null);
Insert into NEWS (NEWS_SID,PROJ_NO,MEM_NO,NEWS_NO,NEWS_TITLE,NEWS_CONT,NEWS_WRITE_DATE,ATCH_FILE_SID) values (11,1,2,11,'뉴스 타이틀 11','뉴스 내용 11',to_date('2021/05/03','RRRR/MM/DD'),null);
Insert into NEWS (NEWS_SID,PROJ_NO,MEM_NO,NEWS_NO,NEWS_TITLE,NEWS_CONT,NEWS_WRITE_DATE,ATCH_FILE_SID) values (12,1,1,12,'뉴스 타이틀 12','뉴스 내용 12',to_date('2021/05/04','RRRR/MM/DD'),null);
Insert into NEWS (NEWS_SID,PROJ_NO,MEM_NO,NEWS_NO,NEWS_TITLE,NEWS_CONT,NEWS_WRITE_DATE,ATCH_FILE_SID) values (13,1,4,13,'뉴스 타이틀 13','뉴스 내용 13',to_date('2021/05/05','RRRR/MM/DD'),null);
Insert into NEWS (NEWS_SID,PROJ_NO,MEM_NO,NEWS_NO,NEWS_TITLE,NEWS_CONT,NEWS_WRITE_DATE,ATCH_FILE_SID) values (14,1,3,14,'뉴스 타이틀 14','뉴스 내용 14',to_date('2021/05/06','RRRR/MM/DD'),null);
Insert into NEWS (NEWS_SID,PROJ_NO,MEM_NO,NEWS_NO,NEWS_TITLE,NEWS_CONT,NEWS_WRITE_DATE,ATCH_FILE_SID) values (15,1,4,15,'뉴스 타이틀 15','뉴스 내용 15',to_date('2021/05/07','RRRR/MM/DD'),null);
Insert into NEWS (NEWS_SID,PROJ_NO,MEM_NO,NEWS_NO,NEWS_TITLE,NEWS_CONT,NEWS_WRITE_DATE,ATCH_FILE_SID) values (16,1,3,16,'뉴스 타이틀 16','뉴스 내용 16',to_date('2021/05/03','RRRR/MM/DD'),null);
Insert into NEWS (NEWS_SID,PROJ_NO,MEM_NO,NEWS_NO,NEWS_TITLE,NEWS_CONT,NEWS_WRITE_DATE,ATCH_FILE_SID) values (17,1,2,17,'뉴스 타이틀 17','뉴스 내용 17',to_date('2021/05/04','RRRR/MM/DD'),null);
Insert into NEWS (NEWS_SID,PROJ_NO,MEM_NO,NEWS_NO,NEWS_TITLE,NEWS_CONT,NEWS_WRITE_DATE,ATCH_FILE_SID) values (18,1,1,18,'뉴스 타이틀 18','뉴스 내용 18 이 글은 뉴ㅡ스에 사진이 없을 경우에는 어떻게 보여질지 알 수 있는 아주 좋은 글입니다~~~~~~~~~',to_date('2021/05/05','RRRR/MM/DD'),null);
Insert into NEWS (NEWS_SID,PROJ_NO,MEM_NO,NEWS_NO,NEWS_TITLE,NEWS_CONT,NEWS_WRITE_DATE,ATCH_FILE_SID) values (19,1,4,19,'뉴스 타이틀 19','뉴스 내용 19',to_date('2021/05/06','RRRR/MM/DD'),null);
Insert into NEWS (NEWS_SID,PROJ_NO,MEM_NO,NEWS_NO,NEWS_TITLE,NEWS_CONT,NEWS_WRITE_DATE,ATCH_FILE_SID) values (20,1,3,20,'뉴스 타이틀 20','뉴스 내용 20',to_date('2021/05/07','RRRR/MM/DD'),null);
Insert into NEWS (NEWS_SID,PROJ_NO,MEM_NO,NEWS_NO,NEWS_TITLE,NEWS_CONT,NEWS_WRITE_DATE,ATCH_FILE_SID) values (36,1,4,35,'뉴스 작성','프로필 사진 쿠키에서 잘 받아오는지',to_date('2021/06/05','RRRR/MM/DD'),'4');
Insert into NEWS (NEWS_SID,PROJ_NO,MEM_NO,NEWS_NO,NEWS_TITLE,NEWS_CONT,NEWS_WRITE_DATE,ATCH_FILE_SID) values (37,1,3,36,'뉴스 추가 해봅니당','### 이건 마크다운 ',to_date('2021/06/06','RRRR/MM/DD'),null);
Insert into NEWS (NEWS_SID,PROJ_NO,MEM_NO,NEWS_NO,NEWS_TITLE,NEWS_CONT,NEWS_WRITE_DATE,ATCH_FILE_SID) values (21,2,1,1,'뉴스 21','ㄴ뉴스 내용',to_date('2021/05/07','RRRR/MM/DD'),null);
Insert into NEWS (NEWS_SID,PROJ_NO,MEM_NO,NEWS_NO,NEWS_TITLE,NEWS_CONT,NEWS_WRITE_DATE,ATCH_FILE_SID) values (38,1,3,37,'sss','ssss',to_date('2021/06/07','RRRR/MM/DD'),'3');
REM INSERTING into NEWS_COMMENT
SET DEFINE OFF;
Insert into NEWS_COMMENT (NEWS_COM_NO,NEWS_SID,MEM_NO,NEWS_COM_CONT,NEWS_COM_DATE) values (28,34,4,'쿠키에서 닉네임 받아옴',to_date('2021/06/04','RRRR/MM/DD'));
Insert into NEWS_COMMENT (NEWS_COM_NO,NEWS_SID,MEM_NO,NEWS_COM_CONT,NEWS_COM_DATE) values (29,33,4,'쿠키에서 작성자 받기',to_date('2021/06/04','RRRR/MM/DD'));
Insert into NEWS_COMMENT (NEWS_COM_NO,NEWS_SID,MEM_NO,NEWS_COM_CONT,NEWS_COM_DATE) values (30,35,4,'ok',to_date('2021/06/05','RRRR/MM/DD'));
Insert into NEWS_COMMENT (NEWS_COM_NO,NEWS_SID,MEM_NO,NEWS_COM_CONT,NEWS_COM_DATE) values (34,1,4,'오키 댓글~',to_date('2021/06/05','RRRR/MM/DD'));
Insert into NEWS_COMMENT (NEWS_COM_NO,NEWS_SID,MEM_NO,NEWS_COM_CONT,NEWS_COM_DATE) values (48,39,4,'댓글',to_date('2021/06/21','RRRR/MM/DD'));
Insert into NEWS_COMMENT (NEWS_COM_NO,NEWS_SID,MEM_NO,NEWS_COM_CONT,NEWS_COM_DATE) values (51,40,4,'댓글ㄷ ㅏㄹ기',to_date('2021/06/21','RRRR/MM/DD'));
Insert into NEWS_COMMENT (NEWS_COM_NO,NEWS_SID,MEM_NO,NEWS_COM_CONT,NEWS_COM_DATE) values (52,40,4,'gg',to_date('2021/06/21','RRRR/MM/DD'));
Insert into NEWS_COMMENT (NEWS_COM_NO,NEWS_SID,MEM_NO,NEWS_COM_CONT,NEWS_COM_DATE) values (53,39,4,'zz',to_date('2021/06/21','RRRR/MM/DD'));
Insert into NEWS_COMMENT (NEWS_COM_NO,NEWS_SID,MEM_NO,NEWS_COM_CONT,NEWS_COM_DATE) values (54,40,4,'dzdz',to_date('2021/06/21','RRRR/MM/DD'));
Insert into NEWS_COMMENT (NEWS_COM_NO,NEWS_SID,MEM_NO,NEWS_COM_CONT,NEWS_COM_DATE) values (56,41,4,'ㅇㅋㅇㅋ',to_date('2021/06/22','RRRR/MM/DD'));
Insert into NEWS_COMMENT (NEWS_COM_NO,NEWS_SID,MEM_NO,NEWS_COM_CONT,NEWS_COM_DATE) values (57,46,4,'댓글 테스트',to_date('2021/06/22','RRRR/MM/DD'));
Insert into NEWS_COMMENT (NEWS_COM_NO,NEWS_SID,MEM_NO,NEWS_COM_CONT,NEWS_COM_DATE) values (58,41,4,'dzdz',to_date('2021/06/22','RRRR/MM/DD'));
Insert into NEWS_COMMENT (NEWS_COM_NO,NEWS_SID,MEM_NO,NEWS_COM_CONT,NEWS_COM_DATE) values (59,38,4,'댓글 길게 댓글 길게 댓글 길게 댓글 길게 댓글 길게 댓글 길게 댓글 길게 댓글 길게 댓글 길게 댓글 길게 댓글 길게 댓글 길게 댓글 길게 ',to_date('2021/06/22','RRRR/MM/DD'));
Insert into NEWS_COMMENT (NEWS_COM_NO,NEWS_SID,MEM_NO,NEWS_COM_CONT,NEWS_COM_DATE) values (11,20,1,'뉴스좀 달아보자~~~',to_date('2021/05/03','RRRR/MM/DD'));
Insert into NEWS_COMMENT (NEWS_COM_NO,NEWS_SID,MEM_NO,NEWS_COM_CONT,NEWS_COM_DATE) values (12,20,2,'댓글 달아보자~~~~₩',to_date('2021/05/03','RRRR/MM/DD'));
Insert into NEWS_COMMENT (NEWS_COM_NO,NEWS_SID,MEM_NO,NEWS_COM_CONT,NEWS_COM_DATE) values (13,20,3,'힘들어~~~~~~~~~~~~~~~~~~~~~~~~~~~~~~~하~~~~~~~~~~~~~휴/~~~~₩₩뭏야호',to_date('2021/05/03','RRRR/MM/DD'));
Insert into NEWS_COMMENT (NEWS_COM_NO,NEWS_SID,MEM_NO,NEWS_COM_CONT,NEWS_COM_DATE) values (14,20,4,'뉴스에 댓글 좀 달아보자~~~',to_date('2021/05/03','RRRR/MM/DD'));
Insert into NEWS_COMMENT (NEWS_COM_NO,NEWS_SID,MEM_NO,NEWS_COM_CONT,NEWS_COM_DATE) values (15,19,5,'여러분 이거 다 거짓말인거 아시죠~~~~~~₩',to_date('2021/05/03','RRRR/MM/DD'));
Insert into NEWS_COMMENT (NEWS_COM_NO,NEWS_SID,MEM_NO,NEWS_COM_CONT,NEWS_COM_DATE) values (24,34,4,'gg',to_date('2021/06/04','RRRR/MM/DD'));
Insert into NEWS_COMMENT (NEWS_COM_NO,NEWS_SID,MEM_NO,NEWS_COM_CONT,NEWS_COM_DATE) values (32,35,4,'오우 하이',to_date('2021/06/05','RRRR/MM/DD'));
Insert into NEWS_COMMENT (NEWS_COM_NO,NEWS_SID,MEM_NO,NEWS_COM_CONT,NEWS_COM_DATE) values (33,3,4,'수공~',to_date('2021/06/05','RRRR/MM/DD'));
Insert into NEWS_COMMENT (NEWS_COM_NO,NEWS_SID,MEM_NO,NEWS_COM_CONT,NEWS_COM_DATE) values (44,37,4,'gg',to_date('2021/06/07','RRRR/MM/DD'));
Insert into NEWS_COMMENT (NEWS_COM_NO,NEWS_SID,MEM_NO,NEWS_COM_CONT,NEWS_COM_DATE) values (45,38,4,'abc',to_date('2021/06/07','RRRR/MM/DD'));
Insert into NEWS_COMMENT (NEWS_COM_NO,NEWS_SID,MEM_NO,NEWS_COM_CONT,NEWS_COM_DATE) values (47,39,4,'테ㅡ트~',to_date('2021/06/13','RRRR/MM/DD'));
Insert into NEWS_COMMENT (NEWS_COM_NO,NEWS_SID,MEM_NO,NEWS_COM_CONT,NEWS_COM_DATE) values (49,40,4,'asdf',to_date('2021/06/21','RRRR/MM/DD'));
Insert into NEWS_COMMENT (NEWS_COM_NO,NEWS_SID,MEM_NO,NEWS_COM_CONT,NEWS_COM_DATE) values (50,40,4,'ddd',to_date('2021/06/21','RRRR/MM/DD'));
Insert into NEWS_COMMENT (NEWS_COM_NO,NEWS_SID,MEM_NO,NEWS_COM_CONT,NEWS_COM_DATE) values (55,41,4,'ㅇㅋ',to_date('2021/06/21','RRRR/MM/DD'));
Insert into NEWS_COMMENT (NEWS_COM_NO,NEWS_SID,MEM_NO,NEWS_COM_CONT,NEWS_COM_DATE) values (1,1,1,'첫번째 뉴스 의 첫번째 댓글',to_date('2021/05/03','RRRR/MM/DD'));
Insert into NEWS_COMMENT (NEWS_COM_NO,NEWS_SID,MEM_NO,NEWS_COM_CONT,NEWS_COM_DATE) values (2,1,4,'첫번째 뉴스의 두번째 댓글',to_date('2021/05/03','RRRR/MM/DD'));
Insert into NEWS_COMMENT (NEWS_COM_NO,NEWS_SID,MEM_NO,NEWS_COM_CONT,NEWS_COM_DATE) values (3,1,3,'첫번째 뉴스의 세번째 댓글',to_date('2021/05/03','RRRR/MM/DD'));
Insert into NEWS_COMMENT (NEWS_COM_NO,NEWS_SID,MEM_NO,NEWS_COM_CONT,NEWS_COM_DATE) values (4,1,2,'첫번째 뉴스의 네번째 댓글',to_date('2021/05/03','RRRR/MM/DD'));
Insert into NEWS_COMMENT (NEWS_COM_NO,NEWS_SID,MEM_NO,NEWS_COM_CONT,NEWS_COM_DATE) values (5,2,1,'두번째 뉴스의 첫번째 댓글',to_date('2021/05/03','RRRR/MM/DD'));
Insert into NEWS_COMMENT (NEWS_COM_NO,NEWS_SID,MEM_NO,NEWS_COM_CONT,NEWS_COM_DATE) values (6,2,4,'두번째 뉴스의 두번째 댓글',to_date('2021/05/03','RRRR/MM/DD'));
Insert into NEWS_COMMENT (NEWS_COM_NO,NEWS_SID,MEM_NO,NEWS_COM_CONT,NEWS_COM_DATE) values (7,3,3,'세번재 뉴스의 첫번째 댓글',to_date('2021/05/03','RRRR/MM/DD'));
Insert into NEWS_COMMENT (NEWS_COM_NO,NEWS_SID,MEM_NO,NEWS_COM_CONT,NEWS_COM_DATE) values (8,5,2,'다섯번째 뉴스의 첫번째 댓글',to_date('2021/05/03','RRRR/MM/DD'));
Insert into NEWS_COMMENT (NEWS_COM_NO,NEWS_SID,MEM_NO,NEWS_COM_CONT,NEWS_COM_DATE) values (9,5,1,'다섯번째 뉴스의 두번째 댓글',to_date('2021/05/03','RRRR/MM/DD'));
Insert into NEWS_COMMENT (NEWS_COM_NO,NEWS_SID,MEM_NO,NEWS_COM_CONT,NEWS_COM_DATE) values (10,9,4,'아홉번째 뉴스의 첫번째 댓글',to_date('2021/05/03','RRRR/MM/DD'));
Insert into NEWS_COMMENT (NEWS_COM_NO,NEWS_SID,MEM_NO,NEWS_COM_CONT,NEWS_COM_DATE) values (16,34,4,'뉴스에 댓글 작성하는 테스트',to_date('2021/06/04','RRRR/MM/DD'));
Insert into NEWS_COMMENT (NEWS_COM_NO,NEWS_SID,MEM_NO,NEWS_COM_CONT,NEWS_COM_DATE) values (17,34,4,'ㅎㅎㅎ',to_date('2021/06/04','RRRR/MM/DD'));
Insert into NEWS_COMMENT (NEWS_COM_NO,NEWS_SID,MEM_NO,NEWS_COM_CONT,NEWS_COM_DATE) values (18,34,4,'또 테스트',to_date('2021/06/04','RRRR/MM/DD'));
Insert into NEWS_COMMENT (NEWS_COM_NO,NEWS_SID,MEM_NO,NEWS_COM_CONT,NEWS_COM_DATE) values (19,34,4,'댓글 이제 잘 달린다',to_date('2021/06/04','RRRR/MM/DD'));
Insert into NEWS_COMMENT (NEWS_COM_NO,NEWS_SID,MEM_NO,NEWS_COM_CONT,NEWS_COM_DATE) values (20,34,4,'~~~',to_date('2021/06/04','RRRR/MM/DD'));
Insert into NEWS_COMMENT (NEWS_COM_NO,NEWS_SID,MEM_NO,NEWS_COM_CONT,NEWS_COM_DATE) values (21,34,4,'댓글 맨~',to_date('2021/06/04','RRRR/MM/DD'));
Insert into NEWS_COMMENT (NEWS_COM_NO,NEWS_SID,MEM_NO,NEWS_COM_CONT,NEWS_COM_DATE) values (22,33,4,'댓글 또 달고간다',to_date('2021/06/04','RRRR/MM/DD'));
Insert into NEWS_COMMENT (NEWS_COM_NO,NEWS_SID,MEM_NO,NEWS_COM_CONT,NEWS_COM_DATE) values (23,33,4,'댓글 짱놔~',to_date('2021/06/04','RRRR/MM/DD'));
Insert into NEWS_COMMENT (NEWS_COM_NO,NEWS_SID,MEM_NO,NEWS_COM_CONT,NEWS_COM_DATE) values (35,35,4,'뉴스 댓글',to_date('2021/06/05','RRRR/MM/DD'));
Insert into NEWS_COMMENT (NEWS_COM_NO,NEWS_SID,MEM_NO,NEWS_COM_CONT,NEWS_COM_DATE) values (36,35,4,'ddd',to_date('2021/06/05','RRRR/MM/DD'));
Insert into NEWS_COMMENT (NEWS_COM_NO,NEWS_SID,MEM_NO,NEWS_COM_CONT,NEWS_COM_DATE) values (37,35,4,'gg',to_date('2021/06/05','RRRR/MM/DD'));
Insert into NEWS_COMMENT (NEWS_COM_NO,NEWS_SID,MEM_NO,NEWS_COM_CONT,NEWS_COM_DATE) values (38,35,4,'ddd',to_date('2021/06/05','RRRR/MM/DD'));
Insert into NEWS_COMMENT (NEWS_COM_NO,NEWS_SID,MEM_NO,NEWS_COM_CONT,NEWS_COM_DATE) values (39,35,4,'댓글 또 등록',to_date('2021/06/05','RRRR/MM/DD'));
Insert into NEWS_COMMENT (NEWS_COM_NO,NEWS_SID,MEM_NO,NEWS_COM_CONT,NEWS_COM_DATE) values (40,36,4,'ㅅ ㅅ',to_date('2021/06/05','RRRR/MM/DD'));
Insert into NEWS_COMMENT (NEWS_COM_NO,NEWS_SID,MEM_NO,NEWS_COM_CONT,NEWS_COM_DATE) values (41,36,4,'잘 받아온다',to_date('2021/06/05','RRRR/MM/DD'));
Insert into NEWS_COMMENT (NEWS_COM_NO,NEWS_SID,MEM_NO,NEWS_COM_CONT,NEWS_COM_DATE) values (42,37,3,'댓글도',to_date('2021/06/06','RRRR/MM/DD'));
Insert into NEWS_COMMENT (NEWS_COM_NO,NEWS_SID,MEM_NO,NEWS_COM_CONT,NEWS_COM_DATE) values (46,38,4,'465',to_date('2021/06/11','RRRR/MM/DD'));
Insert into NEWS_COMMENT (NEWS_COM_NO,NEWS_SID,MEM_NO,NEWS_COM_CONT,NEWS_COM_DATE) values (25,33,4,'dd',to_date('2021/06/04','RRRR/MM/DD'));
Insert into NEWS_COMMENT (NEWS_COM_NO,NEWS_SID,MEM_NO,NEWS_COM_CONT,NEWS_COM_DATE) values (26,34,4,'gggg',to_date('2021/06/04','RRRR/MM/DD'));
Insert into NEWS_COMMENT (NEWS_COM_NO,NEWS_SID,MEM_NO,NEWS_COM_CONT,NEWS_COM_DATE) values (27,33,4,'댓글 엄청 달았따~~',to_date('2021/06/04','RRRR/MM/DD'));
Insert into NEWS_COMMENT (NEWS_COM_NO,NEWS_SID,MEM_NO,NEWS_COM_CONT,NEWS_COM_DATE) values (31,35,4,'헬로우~',to_date('2021/06/05','RRRR/MM/DD'));
Insert into NEWS_COMMENT (NEWS_COM_NO,NEWS_SID,MEM_NO,NEWS_COM_CONT,NEWS_COM_DATE) values (43,38,3,'sss',to_date('2021/06/07','RRRR/MM/DD'));
REM INSERTING into PAYMENT
SET DEFINE OFF;
REM INSERTING into PAY_PLAN
SET DEFINE OFF;
REM INSERTING into PROJECT
SET DEFINE OFF;
Insert into PROJECT (PROJ_NO,MEM_NO,PROJ_TITLE,PROJ_CONT,PROJ_START_DATE,PROJ_EST_END_DATE,ISSUE_PRIORITY_SET,PROJ_MODULE_SET,PROJ_STATUS) values (41,1,'GilsTestProject','test',to_date('2021/06/16','RRRR/MM/DD'),null,63,255,'0');
Insert into PROJECT (PROJ_NO,MEM_NO,PROJ_TITLE,PROJ_CONT,PROJ_START_DATE,PROJ_EST_END_DATE,ISSUE_PRIORITY_SET,PROJ_MODULE_SET,PROJ_STATUS) values (62,125,'test','테스트용',to_date('2021/06/17','RRRR/MM/DD'),null,63,255,'0');
Insert into PROJECT (PROJ_NO,MEM_NO,PROJ_TITLE,PROJ_CONT,PROJ_START_DATE,PROJ_EST_END_DATE,ISSUE_PRIORITY_SET,PROJ_MODULE_SET,PROJ_STATUS) values (65,125,'test4','test4',to_date('2021/06/17','RRRR/MM/DD'),null,63,255,'0');
Insert into PROJECT (PROJ_NO,MEM_NO,PROJ_TITLE,PROJ_CONT,PROJ_START_DATE,PROJ_EST_END_DATE,ISSUE_PRIORITY_SET,PROJ_MODULE_SET,PROJ_STATUS) values (67,125,'test6','gg',to_date('2021/06/17','RRRR/MM/DD'),to_date('2021/06/18','RRRR/MM/DD'),63,255,'0');
Insert into PROJECT (PROJ_NO,MEM_NO,PROJ_TITLE,PROJ_CONT,PROJ_START_DATE,PROJ_EST_END_DATE,ISSUE_PRIORITY_SET,PROJ_MODULE_SET,PROJ_STATUS) values (68,125,'test7','test7',to_date('2021/06/17','RRRR/MM/DD'),null,63,255,'0');
Insert into PROJECT (PROJ_NO,MEM_NO,PROJ_TITLE,PROJ_CONT,PROJ_START_DATE,PROJ_EST_END_DATE,ISSUE_PRIORITY_SET,PROJ_MODULE_SET,PROJ_STATUS) values (121,4,'kanbantest','123',to_date('2021/06/21','RRRR/MM/DD'),null,63,255,'1');
Insert into PROJECT (PROJ_NO,MEM_NO,PROJ_TITLE,PROJ_CONT,PROJ_START_DATE,PROJ_EST_END_DATE,ISSUE_PRIORITY_SET,PROJ_MODULE_SET,PROJ_STATUS) values (2,3,'testproject22','더미 테스트 입니다',to_date('2021/05/03','RRRR/MM/DD'),to_date('2021/06/28','RRRR/MM/DD'),63,255,'0');
Insert into PROJECT (PROJ_NO,MEM_NO,PROJ_TITLE,PROJ_CONT,PROJ_START_DATE,PROJ_EST_END_DATE,ISSUE_PRIORITY_SET,PROJ_MODULE_SET,PROJ_STATUS) values (24,4,'btest','프로젝트 생성 테스트',to_date('2021/06/14','RRRR/MM/DD'),null,63,170,'1');
Insert into PROJECT (PROJ_NO,MEM_NO,PROJ_TITLE,PROJ_CONT,PROJ_START_DATE,PROJ_EST_END_DATE,ISSUE_PRIORITY_SET,PROJ_MODULE_SET,PROJ_STATUS) values (25,4,'ctest',null,to_date('2021/06/14','RRRR/MM/DD'),to_date('2021/06/20','RRRR/MM/DD'),63,0,'1');
Insert into PROJECT (PROJ_NO,MEM_NO,PROJ_TITLE,PROJ_CONT,PROJ_START_DATE,PROJ_EST_END_DATE,ISSUE_PRIORITY_SET,PROJ_MODULE_SET,PROJ_STATUS) values (26,4,'dtest','zz',to_date('2021/06/14','RRRR/MM/DD'),null,63,255,'0');
Insert into PROJECT (PROJ_NO,MEM_NO,PROJ_TITLE,PROJ_CONT,PROJ_START_DATE,PROJ_EST_END_DATE,ISSUE_PRIORITY_SET,PROJ_MODULE_SET,PROJ_STATUS) values (82,4,'ttest',null,to_date('2021/06/19','RRRR/MM/DD'),null,63,255,'0');
Insert into PROJECT (PROJ_NO,MEM_NO,PROJ_TITLE,PROJ_CONT,PROJ_START_DATE,PROJ_EST_END_DATE,ISSUE_PRIORITY_SET,PROJ_MODULE_SET,PROJ_STATUS) values (103,4,'ddit302','대덕인재 개발원 302호',to_date('2020/11/16','RRRR/MM/DD'),to_date('2021/06/29','RRRR/MM/DD'),63,255,'0');
Insert into PROJECT (PROJ_NO,MEM_NO,PROJ_TITLE,PROJ_CONT,PROJ_START_DATE,PROJ_EST_END_DATE,ISSUE_PRIORITY_SET,PROJ_MODULE_SET,PROJ_STATUS) values (27,3,'testa','testa',to_date('2021/06/14','RRRR/MM/DD'),null,63,254,'1');
Insert into PROJECT (PROJ_NO,MEM_NO,PROJ_TITLE,PROJ_CONT,PROJ_START_DATE,PROJ_EST_END_DATE,ISSUE_PRIORITY_SET,PROJ_MODULE_SET,PROJ_STATUS) values (161,264,'shms','shms는 학사 관리 시스템 입니다.
학사관리자 : 그룹웨어 기능을 바탕으로 학교의 전반적인 사항 관리, 교수 및 학생 관리를 더 효율적이고 편리하게 온라인 웹 서비스를 제공합니다.
교수 및 학생 : 그룹웨어 기능을 바탕으로 편리하게 학교 시설을 이용하고 본인의 정보를 관리합니다.',to_date('2021/06/22','RRRR/MM/DD'),to_date('2021/06/28','RRRR/MM/DD'),63,255,'0');
Insert into PROJECT (PROJ_NO,MEM_NO,PROJ_TITLE,PROJ_CONT,PROJ_START_DATE,PROJ_EST_END_DATE,ISSUE_PRIORITY_SET,PROJ_MODULE_SET,PROJ_STATUS) values (1,4,'gaia','Project Management System 을 만드는 프로젝트입니다.
프로젝트를 관리하는 프로젝트를 관리하는 프로젝트를  최종 프로젝트로 진행중 입니다.',to_date('2021/05/12','RRRR/MM/DD'),to_date('2021/06/28','RRRR/MM/DD'),60,255,'0');
Insert into PROJECT (PROJ_NO,MEM_NO,PROJ_TITLE,PROJ_CONT,PROJ_START_DATE,PROJ_EST_END_DATE,ISSUE_PRIORITY_SET,PROJ_MODULE_SET,PROJ_STATUS) values (4,4,'playddit','playddit 중간 프로젝트',to_date('2021/02/01','RRRR/MM/DD'),to_date('2021/03/08','RRRR/MM/DD'),63,255,'0');
Insert into PROJECT (PROJ_NO,MEM_NO,PROJ_TITLE,PROJ_CONT,PROJ_START_DATE,PROJ_EST_END_DATE,ISSUE_PRIORITY_SET,PROJ_MODULE_SET,PROJ_STATUS) values (5,3,'helloworld','어떤 프로젝트',to_date('2021/02/01','RRRR/MM/DD'),to_date('2021/03/08','RRRR/MM/DD'),63,255,'0');
Insert into PROJECT (PROJ_NO,MEM_NO,PROJ_TITLE,PROJ_CONT,PROJ_START_DATE,PROJ_EST_END_DATE,ISSUE_PRIORITY_SET,PROJ_MODULE_SET,PROJ_STATUS) values (6,1,'omm','오늘 뭐먹지?',to_date('2021/02/01','RRRR/MM/DD'),to_date('2021/03/08','RRRR/MM/DD'),63,255,'0');
Insert into PROJECT (PROJ_NO,MEM_NO,PROJ_TITLE,PROJ_CONT,PROJ_START_DATE,PROJ_EST_END_DATE,ISSUE_PRIORITY_SET,PROJ_MODULE_SET,PROJ_STATUS) values (81,4,'tttest',null,to_date('2021/06/19','RRRR/MM/DD'),null,63,255,'0');
Insert into PROJECT (PROJ_NO,MEM_NO,PROJ_TITLE,PROJ_CONT,PROJ_START_DATE,PROJ_EST_END_DATE,ISSUE_PRIORITY_SET,PROJ_MODULE_SET,PROJ_STATUS) values (104,4,'testproject','테스트는 여기에서 해주세요',to_date('2021/06/21','RRRR/MM/DD'),to_date('2021/06/30','RRRR/MM/DD'),62,254,'0');
Insert into PROJECT (PROJ_NO,MEM_NO,PROJ_TITLE,PROJ_CONT,PROJ_START_DATE,PROJ_EST_END_DATE,ISSUE_PRIORITY_SET,PROJ_MODULE_SET,PROJ_STATUS) values (3,41,'pro','project initialized',to_date('2021/06/03','RRRR/MM/DD'),to_date('2021/08/03','RRRR/MM/DD'),63,255,'0');
Insert into PROJECT (PROJ_NO,MEM_NO,PROJ_TITLE,PROJ_CONT,PROJ_START_DATE,PROJ_EST_END_DATE,ISSUE_PRIORITY_SET,PROJ_MODULE_SET,PROJ_STATUS) values (23,4,'A','점점 성공에 가까워진다.',to_date('2021/06/14','RRRR/MM/DD'),null,63,255,'1');
Insert into PROJECT (PROJ_NO,MEM_NO,PROJ_TITLE,PROJ_CONT,PROJ_START_DATE,PROJ_EST_END_DATE,ISSUE_PRIORITY_SET,PROJ_MODULE_SET,PROJ_STATUS) values (61,4,'Etest','또 테스트 해본다.',to_date('2021/06/17','RRRR/MM/DD'),null,63,255,'0');
Insert into PROJECT (PROJ_NO,MEM_NO,PROJ_TITLE,PROJ_CONT,PROJ_START_DATE,PROJ_EST_END_DATE,ISSUE_PRIORITY_SET,PROJ_MODULE_SET,PROJ_STATUS) values (63,125,'test2','또 테스트',to_date('2021/06/17','RRRR/MM/DD'),null,63,255,'0');
Insert into PROJECT (PROJ_NO,MEM_NO,PROJ_TITLE,PROJ_CONT,PROJ_START_DATE,PROJ_EST_END_DATE,ISSUE_PRIORITY_SET,PROJ_MODULE_SET,PROJ_STATUS) values (64,125,'test3','test3',to_date('2021/06/17','RRRR/MM/DD'),null,63,255,'0');
Insert into PROJECT (PROJ_NO,MEM_NO,PROJ_TITLE,PROJ_CONT,PROJ_START_DATE,PROJ_EST_END_DATE,ISSUE_PRIORITY_SET,PROJ_MODULE_SET,PROJ_STATUS) values (66,125,'test5','5번 테스트',to_date('2021/06/17','RRRR/MM/DD'),null,63,255,'0');
Insert into PROJECT (PROJ_NO,MEM_NO,PROJ_TITLE,PROJ_CONT,PROJ_START_DATE,PROJ_EST_END_DATE,ISSUE_PRIORITY_SET,PROJ_MODULE_SET,PROJ_STATUS) values (101,4,'test1','test1',to_date('2021/06/21','RRRR/MM/DD'),null,63,255,'1');
Insert into PROJECT (PROJ_NO,MEM_NO,PROJ_TITLE,PROJ_CONT,PROJ_START_DATE,PROJ_EST_END_DATE,ISSUE_PRIORITY_SET,PROJ_MODULE_SET,PROJ_STATUS) values (102,4,'test2','test2',to_date('2021/06/21','RRRR/MM/DD'),null,63,255,'1');
Insert into PROJECT (PROJ_NO,MEM_NO,PROJ_TITLE,PROJ_CONT,PROJ_START_DATE,PROJ_EST_END_DATE,ISSUE_PRIORITY_SET,PROJ_MODULE_SET,PROJ_STATUS) values (141,5,'ProjectAvenue','456',to_date('2021/06/22','RRRR/MM/DD'),null,63,255,'0');
REM INSERTING into PROJ_MEM
SET DEFINE OFF;
Insert into PROJ_MEM (MEM_NO,PROJ_NO,MEM_ROLE_NO,PROJ_JOIN_DATE,PROJ_DROP_DATE,PROJ_USER_NICK) values (1,41,23,to_date('2021/06/16','RRRR/MM/DD'),null,'관리자');
Insert into PROJ_MEM (MEM_NO,PROJ_NO,MEM_ROLE_NO,PROJ_JOIN_DATE,PROJ_DROP_DATE,PROJ_USER_NICK) values (125,62,29,to_date('2021/06/17','RRRR/MM/DD'),null,'관리자');
Insert into PROJ_MEM (MEM_NO,PROJ_NO,MEM_ROLE_NO,PROJ_JOIN_DATE,PROJ_DROP_DATE,PROJ_USER_NICK) values (125,65,35,to_date('2021/06/17','RRRR/MM/DD'),null,'관리자');
Insert into PROJ_MEM (MEM_NO,PROJ_NO,MEM_ROLE_NO,PROJ_JOIN_DATE,PROJ_DROP_DATE,PROJ_USER_NICK) values (125,67,39,to_date('2021/06/17','RRRR/MM/DD'),null,'관리자');
Insert into PROJ_MEM (MEM_NO,PROJ_NO,MEM_ROLE_NO,PROJ_JOIN_DATE,PROJ_DROP_DATE,PROJ_USER_NICK) values (125,68,41,to_date('2021/06/17','RRRR/MM/DD'),null,'관리자');
Insert into PROJ_MEM (MEM_NO,PROJ_NO,MEM_ROLE_NO,PROJ_JOIN_DATE,PROJ_DROP_DATE,PROJ_USER_NICK) values (4,121,61,to_date('2021/06/21','RRRR/MM/DD'),null,'꼬부기');
Insert into PROJ_MEM (MEM_NO,PROJ_NO,MEM_ROLE_NO,PROJ_JOIN_DATE,PROJ_DROP_DATE,PROJ_USER_NICK) values (2,1,3,to_date('2021/05/03','RRRR/MM/DD'),to_date('2021/06/21','RRRR/MM/DD'),'아조씨');
Insert into PROJ_MEM (MEM_NO,PROJ_NO,MEM_ROLE_NO,PROJ_JOIN_DATE,PROJ_DROP_DATE,PROJ_USER_NICK) values (3,1,4,to_date('2021/05/03','RRRR/MM/DD'),null,'사장 조시');
Insert into PROJ_MEM (MEM_NO,PROJ_NO,MEM_ROLE_NO,PROJ_JOIN_DATE,PROJ_DROP_DATE,PROJ_USER_NICK) values (4,24,7,to_date('2021/06/14','RRRR/MM/DD'),null,'관리자');
Insert into PROJ_MEM (MEM_NO,PROJ_NO,MEM_ROLE_NO,PROJ_JOIN_DATE,PROJ_DROP_DATE,PROJ_USER_NICK) values (4,25,9,to_date('2021/06/14','RRRR/MM/DD'),null,'관리자');
Insert into PROJ_MEM (MEM_NO,PROJ_NO,MEM_ROLE_NO,PROJ_JOIN_DATE,PROJ_DROP_DATE,PROJ_USER_NICK) values (4,26,11,to_date('2021/06/14','RRRR/MM/DD'),to_date('2021/06/18','RRRR/MM/DD'),'관리자');
Insert into PROJ_MEM (MEM_NO,PROJ_NO,MEM_ROLE_NO,PROJ_JOIN_DATE,PROJ_DROP_DATE,PROJ_USER_NICK) values (125,1,2,to_date('2021/06/15','RRRR/MM/DD'),to_date('2021/06/17','RRRR/MM/DD'),'고길동');
Insert into PROJ_MEM (MEM_NO,PROJ_NO,MEM_ROLE_NO,PROJ_JOIN_DATE,PROJ_DROP_DATE,PROJ_USER_NICK) values (2,41,24,to_date('2021/06/17','RRRR/MM/DD'),null,'조쉬');
Insert into PROJ_MEM (MEM_NO,PROJ_NO,MEM_ROLE_NO,PROJ_JOIN_DATE,PROJ_DROP_DATE,PROJ_USER_NICK) values (4,82,45,to_date('2021/06/19','RRRR/MM/DD'),to_date('2021/06/19','RRRR/MM/DD'),'관리자');
Insert into PROJ_MEM (MEM_NO,PROJ_NO,MEM_ROLE_NO,PROJ_JOIN_DATE,PROJ_DROP_DATE,PROJ_USER_NICK) values (105,1,26,to_date('2021/06/21','RRRR/MM/DD'),to_date('2021/06/21','RRRR/MM/DD'),'이준영');
Insert into PROJ_MEM (MEM_NO,PROJ_NO,MEM_ROLE_NO,PROJ_JOIN_DATE,PROJ_DROP_DATE,PROJ_USER_NICK) values (4,103,58,to_date('2021/06/21','RRRR/MM/DD'),null,'박세현');
Insert into PROJ_MEM (MEM_NO,PROJ_NO,MEM_ROLE_NO,PROJ_JOIN_DATE,PROJ_DROP_DATE,PROJ_USER_NICK) values (247,104,60,to_date('2021/06/22','RRRR/MM/DD'),null,'문선준');
Insert into PROJ_MEM (MEM_NO,PROJ_NO,MEM_ROLE_NO,PROJ_JOIN_DATE,PROJ_DROP_DATE,PROJ_USER_NICK) values (3,27,13,to_date('2021/06/14','RRRR/MM/DD'),null,'관리자');
Insert into PROJ_MEM (MEM_NO,PROJ_NO,MEM_ROLE_NO,PROJ_JOIN_DATE,PROJ_DROP_DATE,PROJ_USER_NICK) values (4,41,24,to_date('2021/06/17','RRRR/MM/DD'),to_date('2021/06/18','RRRR/MM/DD'),'박세현');
Insert into PROJ_MEM (MEM_NO,PROJ_NO,MEM_ROLE_NO,PROJ_JOIN_DATE,PROJ_DROP_DATE,PROJ_USER_NICK) values (264,161,65,to_date('2021/06/22','RRRR/MM/DD'),null,'최희수');
Insert into PROJ_MEM (MEM_NO,PROJ_NO,MEM_ROLE_NO,PROJ_JOIN_DATE,PROJ_DROP_DATE,PROJ_USER_NICK) values (4,161,68,to_date('2021/06/22','RRRR/MM/DD'),null,'꼬부기');
Insert into PROJ_MEM (MEM_NO,PROJ_NO,MEM_ROLE_NO,PROJ_JOIN_DATE,PROJ_DROP_DATE,PROJ_USER_NICK) values (249,161,68,to_date('2021/06/22','RRRR/MM/DD'),null,'박초원');
Insert into PROJ_MEM (MEM_NO,PROJ_NO,MEM_ROLE_NO,PROJ_JOIN_DATE,PROJ_DROP_DATE,PROJ_USER_NICK) values (243,161,68,to_date('2021/06/22','RRRR/MM/DD'),null,'김보미');
Insert into PROJ_MEM (MEM_NO,PROJ_NO,MEM_ROLE_NO,PROJ_JOIN_DATE,PROJ_DROP_DATE,PROJ_USER_NICK) values (4,1,1,to_date('2021/05/03','RRRR/MM/DD'),null,'팀장 꼬북');
Insert into PROJ_MEM (MEM_NO,PROJ_NO,MEM_ROLE_NO,PROJ_JOIN_DATE,PROJ_DROP_DATE,PROJ_USER_NICK) values (6,1,2,to_date('2021/05/03','RRRR/MM/DD'),to_date('2021/06/21','RRRR/MM/DD'),'대리 쉐인');
Insert into PROJ_MEM (MEM_NO,PROJ_NO,MEM_ROLE_NO,PROJ_JOIN_DATE,PROJ_DROP_DATE,PROJ_USER_NICK) values (5,1,2,to_date('2021/05/03','RRRR/MM/DD'),null,'사원 로빈');
Insert into PROJ_MEM (MEM_NO,PROJ_NO,MEM_ROLE_NO,PROJ_JOIN_DATE,PROJ_DROP_DATE,PROJ_USER_NICK) values (1,1,3,to_date('2021/05/03','RRRR/MM/DD'),null,'사원 아이젠');
Insert into PROJ_MEM (MEM_NO,PROJ_NO,MEM_ROLE_NO,PROJ_JOIN_DATE,PROJ_DROP_DATE,PROJ_USER_NICK) values (4,2,1,to_date('2021/05/27','RRRR/MM/DD'),to_date('2021/06/18','RRRR/MM/DD'),'프로젝트2 팀장 꼬북');
Insert into PROJ_MEM (MEM_NO,PROJ_NO,MEM_ROLE_NO,PROJ_JOIN_DATE,PROJ_DROP_DATE,PROJ_USER_NICK) values (1,2,1,to_date('2021/05/28','RRRR/MM/DD'),null,'해적왕 아이젠');
Insert into PROJ_MEM (MEM_NO,PROJ_NO,MEM_ROLE_NO,PROJ_JOIN_DATE,PROJ_DROP_DATE,PROJ_USER_NICK) values (4,4,20,to_date('2021/05/28','RRRR/MM/DD'),null,'SHANE');
Insert into PROJ_MEM (MEM_NO,PROJ_NO,MEM_ROLE_NO,PROJ_JOIN_DATE,PROJ_DROP_DATE,PROJ_USER_NICK) values (161,1,3,to_date('2021/05/28','RRRR/MM/DD'),to_date('2021/06/15','RRRR/MM/DD'),'뉴저');
Insert into PROJ_MEM (MEM_NO,PROJ_NO,MEM_ROLE_NO,PROJ_JOIN_DATE,PROJ_DROP_DATE,PROJ_USER_NICK) values (1,4,52,to_date('2021/06/15','RRRR/MM/DD'),to_date('2021/06/22','RRRR/MM/DD'),'장병길');
Insert into PROJ_MEM (MEM_NO,PROJ_NO,MEM_ROLE_NO,PROJ_JOIN_DATE,PROJ_DROP_DATE,PROJ_USER_NICK) values (3,4,50,to_date('2021/06/15','RRRR/MM/DD'),null,'원정훈');
Insert into PROJ_MEM (MEM_NO,PROJ_NO,MEM_ROLE_NO,PROJ_JOIN_DATE,PROJ_DROP_DATE,PROJ_USER_NICK) values (5,4,51,to_date('2021/06/15','RRRR/MM/DD'),to_date('2021/06/20','RRRR/MM/DD'),'정지수');
Insert into PROJ_MEM (MEM_NO,PROJ_NO,MEM_ROLE_NO,PROJ_JOIN_DATE,PROJ_DROP_DATE,PROJ_USER_NICK) values (1,26,12,to_date('2021/06/15','RRRR/MM/DD'),null,'장병길');
Insert into PROJ_MEM (MEM_NO,PROJ_NO,MEM_ROLE_NO,PROJ_JOIN_DATE,PROJ_DROP_DATE,PROJ_USER_NICK) values (5,26,12,to_date('2021/06/15','RRRR/MM/DD'),null,'정지수');
Insert into PROJ_MEM (MEM_NO,PROJ_NO,MEM_ROLE_NO,PROJ_JOIN_DATE,PROJ_DROP_DATE,PROJ_USER_NICK) values (42,1,26,to_date('2021/06/17','RRRR/MM/DD'),to_date('2021/06/21','RRRR/MM/DD'),'김두한');
Insert into PROJ_MEM (MEM_NO,PROJ_NO,MEM_ROLE_NO,PROJ_JOIN_DATE,PROJ_DROP_DATE,PROJ_USER_NICK) values (4,81,43,to_date('2021/06/19','RRRR/MM/DD'),to_date('2021/06/19','RRRR/MM/DD'),'관리자');
Insert into PROJ_MEM (MEM_NO,PROJ_NO,MEM_ROLE_NO,PROJ_JOIN_DATE,PROJ_DROP_DATE,PROJ_USER_NICK) values (4,104,59,to_date('2021/06/21','RRRR/MM/DD'),null,'테스터꼬부기');
Insert into PROJ_MEM (MEM_NO,PROJ_NO,MEM_ROLE_NO,PROJ_JOIN_DATE,PROJ_DROP_DATE,PROJ_USER_NICK) values (2,104,60,to_date('2021/06/21','RRRR/MM/DD'),null,'ex');
Insert into PROJ_MEM (MEM_NO,PROJ_NO,MEM_ROLE_NO,PROJ_JOIN_DATE,PROJ_DROP_DATE,PROJ_USER_NICK) values (3,104,60,to_date('2021/06/21','RRRR/MM/DD'),null,'josh');
Insert into PROJ_MEM (MEM_NO,PROJ_NO,MEM_ROLE_NO,PROJ_JOIN_DATE,PROJ_DROP_DATE,PROJ_USER_NICK) values (1,104,60,to_date('2021/06/21','RRRR/MM/DD'),null,'eisen');
Insert into PROJ_MEM (MEM_NO,PROJ_NO,MEM_ROLE_NO,PROJ_JOIN_DATE,PROJ_DROP_DATE,PROJ_USER_NICK) values (5,104,60,to_date('2021/06/21','RRRR/MM/DD'),null,'robin');
Insert into PROJ_MEM (MEM_NO,PROJ_NO,MEM_ROLE_NO,PROJ_JOIN_DATE,PROJ_DROP_DATE,PROJ_USER_NICK) values (264,103,58,to_date('2021/06/22','RRRR/MM/DD'),null,'최희수');
Insert into PROJ_MEM (MEM_NO,PROJ_NO,MEM_ROLE_NO,PROJ_JOIN_DATE,PROJ_DROP_DATE,PROJ_USER_NICK) values (241,103,58,to_date('2021/06/22','RRRR/MM/DD'),null,'김도윤');
Insert into PROJ_MEM (MEM_NO,PROJ_NO,MEM_ROLE_NO,PROJ_JOIN_DATE,PROJ_DROP_DATE,PROJ_USER_NICK) values (242,103,58,to_date('2021/06/22','RRRR/MM/DD'),null,'김동익');
Insert into PROJ_MEM (MEM_NO,PROJ_NO,MEM_ROLE_NO,PROJ_JOIN_DATE,PROJ_DROP_DATE,PROJ_USER_NICK) values (243,103,58,to_date('2021/06/22','RRRR/MM/DD'),null,'김보미');
Insert into PROJ_MEM (MEM_NO,PROJ_NO,MEM_ROLE_NO,PROJ_JOIN_DATE,PROJ_DROP_DATE,PROJ_USER_NICK) values (244,103,58,to_date('2021/06/22','RRRR/MM/DD'),null,'김보현');
Insert into PROJ_MEM (MEM_NO,PROJ_NO,MEM_ROLE_NO,PROJ_JOIN_DATE,PROJ_DROP_DATE,PROJ_USER_NICK) values (245,103,58,to_date('2021/06/22','RRRR/MM/DD'),null,'김지훈');
Insert into PROJ_MEM (MEM_NO,PROJ_NO,MEM_ROLE_NO,PROJ_JOIN_DATE,PROJ_DROP_DATE,PROJ_USER_NICK) values (246,103,58,to_date('2021/06/22','RRRR/MM/DD'),null,'김혜정');
Insert into PROJ_MEM (MEM_NO,PROJ_NO,MEM_ROLE_NO,PROJ_JOIN_DATE,PROJ_DROP_DATE,PROJ_USER_NICK) values (247,103,58,to_date('2021/06/22','RRRR/MM/DD'),null,'문선준');
Insert into PROJ_MEM (MEM_NO,PROJ_NO,MEM_ROLE_NO,PROJ_JOIN_DATE,PROJ_DROP_DATE,PROJ_USER_NICK) values (249,103,58,to_date('2021/06/22','RRRR/MM/DD'),null,'박초원');
Insert into PROJ_MEM (MEM_NO,PROJ_NO,MEM_ROLE_NO,PROJ_JOIN_DATE,PROJ_DROP_DATE,PROJ_USER_NICK) values (250,103,58,to_date('2021/06/22','RRRR/MM/DD'),null,'배수진');
Insert into PROJ_MEM (MEM_NO,PROJ_NO,MEM_ROLE_NO,PROJ_JOIN_DATE,PROJ_DROP_DATE,PROJ_USER_NICK) values (251,103,58,to_date('2021/06/22','RRRR/MM/DD'),null,'송수미');
Insert into PROJ_MEM (MEM_NO,PROJ_NO,MEM_ROLE_NO,PROJ_JOIN_DATE,PROJ_DROP_DATE,PROJ_USER_NICK) values (252,103,58,to_date('2021/06/22','RRRR/MM/DD'),null,'양지수');
Insert into PROJ_MEM (MEM_NO,PROJ_NO,MEM_ROLE_NO,PROJ_JOIN_DATE,PROJ_DROP_DATE,PROJ_USER_NICK) values (253,103,58,to_date('2021/06/22','RRRR/MM/DD'),null,'오세일');
Insert into PROJ_MEM (MEM_NO,PROJ_NO,MEM_ROLE_NO,PROJ_JOIN_DATE,PROJ_DROP_DATE,PROJ_USER_NICK) values (254,103,58,to_date('2021/06/22','RRRR/MM/DD'),null,'윤지혜');
Insert into PROJ_MEM (MEM_NO,PROJ_NO,MEM_ROLE_NO,PROJ_JOIN_DATE,PROJ_DROP_DATE,PROJ_USER_NICK) values (255,103,58,to_date('2021/06/22','RRRR/MM/DD'),null,'이진수');
Insert into PROJ_MEM (MEM_NO,PROJ_NO,MEM_ROLE_NO,PROJ_JOIN_DATE,PROJ_DROP_DATE,PROJ_USER_NICK) values (256,103,58,to_date('2021/06/22','RRRR/MM/DD'),null,'이현기');
Insert into PROJ_MEM (MEM_NO,PROJ_NO,MEM_ROLE_NO,PROJ_JOIN_DATE,PROJ_DROP_DATE,PROJ_USER_NICK) values (257,103,58,to_date('2021/06/22','RRRR/MM/DD'),null,'임태준');
Insert into PROJ_MEM (MEM_NO,PROJ_NO,MEM_ROLE_NO,PROJ_JOIN_DATE,PROJ_DROP_DATE,PROJ_USER_NICK) values (259,103,58,to_date('2021/06/22','RRRR/MM/DD'),null,'전형섭');
Insert into PROJ_MEM (MEM_NO,PROJ_NO,MEM_ROLE_NO,PROJ_JOIN_DATE,PROJ_DROP_DATE,PROJ_USER_NICK) values (260,103,58,to_date('2021/06/22','RRRR/MM/DD'),null,'정이삭');
Insert into PROJ_MEM (MEM_NO,PROJ_NO,MEM_ROLE_NO,PROJ_JOIN_DATE,PROJ_DROP_DATE,PROJ_USER_NICK) values (262,103,58,to_date('2021/06/22','RRRR/MM/DD'),null,'진예은');
Insert into PROJ_MEM (MEM_NO,PROJ_NO,MEM_ROLE_NO,PROJ_JOIN_DATE,PROJ_DROP_DATE,PROJ_USER_NICK) values (263,103,58,to_date('2021/06/22','RRRR/MM/DD'),null,'진유리');
Insert into PROJ_MEM (MEM_NO,PROJ_NO,MEM_ROLE_NO,PROJ_JOIN_DATE,PROJ_DROP_DATE,PROJ_USER_NICK) values (4,23,5,to_date('2021/06/14','RRRR/MM/DD'),null,'관리자');
Insert into PROJ_MEM (MEM_NO,PROJ_NO,MEM_ROLE_NO,PROJ_JOIN_DATE,PROJ_DROP_DATE,PROJ_USER_NICK) values (4,61,27,to_date('2021/06/17','RRRR/MM/DD'),to_date('2021/06/18','RRRR/MM/DD'),'관리자');
Insert into PROJ_MEM (MEM_NO,PROJ_NO,MEM_ROLE_NO,PROJ_JOIN_DATE,PROJ_DROP_DATE,PROJ_USER_NICK) values (125,63,31,to_date('2021/06/17','RRRR/MM/DD'),null,'관리자');
Insert into PROJ_MEM (MEM_NO,PROJ_NO,MEM_ROLE_NO,PROJ_JOIN_DATE,PROJ_DROP_DATE,PROJ_USER_NICK) values (125,64,33,to_date('2021/06/17','RRRR/MM/DD'),null,'관리자');
Insert into PROJ_MEM (MEM_NO,PROJ_NO,MEM_ROLE_NO,PROJ_JOIN_DATE,PROJ_DROP_DATE,PROJ_USER_NICK) values (125,66,37,to_date('2021/06/17','RRRR/MM/DD'),null,'관리자');
Insert into PROJ_MEM (MEM_NO,PROJ_NO,MEM_ROLE_NO,PROJ_JOIN_DATE,PROJ_DROP_DATE,PROJ_USER_NICK) values (4,101,53,to_date('2021/06/21','RRRR/MM/DD'),null,'관리자');
Insert into PROJ_MEM (MEM_NO,PROJ_NO,MEM_ROLE_NO,PROJ_JOIN_DATE,PROJ_DROP_DATE,PROJ_USER_NICK) values (4,102,55,to_date('2021/06/21','RRRR/MM/DD'),null,'꼬부기');
Insert into PROJ_MEM (MEM_NO,PROJ_NO,MEM_ROLE_NO,PROJ_JOIN_DATE,PROJ_DROP_DATE,PROJ_USER_NICK) values (3,103,57,to_date('2021/06/21','RRRR/MM/DD'),null,'josh');
Insert into PROJ_MEM (MEM_NO,PROJ_NO,MEM_ROLE_NO,PROJ_JOIN_DATE,PROJ_DROP_DATE,PROJ_USER_NICK) values (243,4,52,to_date('2021/06/22','RRRR/MM/DD'),null,'김보미');
Insert into PROJ_MEM (MEM_NO,PROJ_NO,MEM_ROLE_NO,PROJ_JOIN_DATE,PROJ_DROP_DATE,PROJ_USER_NICK) values (249,4,51,to_date('2021/06/22','RRRR/MM/DD'),null,'박초원');
Insert into PROJ_MEM (MEM_NO,PROJ_NO,MEM_ROLE_NO,PROJ_JOIN_DATE,PROJ_DROP_DATE,PROJ_USER_NICK) values (5,141,63,to_date('2021/06/22','RRRR/MM/DD'),null,'robin');
Insert into PROJ_MEM (MEM_NO,PROJ_NO,MEM_ROLE_NO,PROJ_JOIN_DATE,PROJ_DROP_DATE,PROJ_USER_NICK) values (251,161,68,to_date('2021/06/22','RRRR/MM/DD'),null,'송수미');
REM INSERTING into PROPTIS
SET DEFINE OFF;
REM INSERTING into PROPTIS_ROLE
SET DEFINE OFF;
REM INSERTING into PROVIDER
SET DEFINE OFF;
Insert into PROVIDER (PROV_ID,PROV_PASS,PROV_NM) values ('admin1','{bcrypt}$2a$10$A32fPVKOKFyVa4z/.rGMGeaKR0i2aFc.xAN/sELk0x2F.IVOLx0mq','운영자1');
Insert into PROVIDER (PROV_ID,PROV_PASS,PROV_NM) values ('admin2','{bcrypt}$2a$10$A32fPVKOKFyVa4z/.rGMGeaKR0i2aFc.xAN/sELk0x2F.IVOLx0mq','운영자2');
Insert into PROVIDER (PROV_ID,PROV_PASS,PROV_NM) values ('admin3','{bcrypt}$2a$10$A32fPVKOKFyVa4z/.rGMGeaKR0i2aFc.xAN/sELk0x2F.IVOLx0mq','운영자3');
Insert into PROVIDER (PROV_ID,PROV_PASS,PROV_NM) values ('admin4','{bcrypt}$2a$10$A32fPVKOKFyVa4z/.rGMGeaKR0i2aFc.xAN/sELk0x2F.IVOLx0mq','운영자4');
REM INSERTING into REFUND
SET DEFINE OFF;
REM INSERTING into REPOSITORY
SET DEFINE OFF;
Insert into REPOSITORY (PROJ_NO,REPO_URL,REPO_TOKEN,REPO_TYPE) values (1,'ddit301/gaia',null,'git');
Insert into REPOSITORY (PROJ_NO,REPO_URL,REPO_TOKEN,REPO_TYPE) values (4,'Shane-Park/playddit',null,'git');
REM INSERTING into USER_AUTH
SET DEFINE OFF;
REM INSERTING into WIKI
SET DEFINE OFF;
Insert into WIKI (WIKI_SID,PARENT_WIKI,MEM_NO,PROJ_NO,WIKI_NO,WIKI_CONT,WIKI_WRITE_DATE,WIKI_TITLE) values (34,26,3,1,33,'신규 위키 등록 내용1 수정',to_date('2021/06/19','RRRR/MM/DD'),'신규 위키 등록1');
Insert into WIKI (WIKI_SID,PARENT_WIKI,MEM_NO,PROJ_NO,WIKI_NO,WIKI_CONT,WIKI_WRITE_DATE,WIKI_TITLE) values (35,34,3,1,34,'신규 위키 등록 내용1 수정ㄴㄴ',to_date('2021/06/19','RRRR/MM/DD'),'신규 위키 등록1');
Insert into WIKI (WIKI_SID,PARENT_WIKI,MEM_NO,PROJ_NO,WIKI_NO,WIKI_CONT,WIKI_WRITE_DATE,WIKI_TITLE) values (37,null,246,103,2,'자바(영어: Java, 문화어: 쟈바)는 썬 마이크로시스템즈의 제임스 고슬링(James Gosling)과 다른 연구원들이 개발한 객체 지향적 프로그래밍 언어이다. 1991년 그린 프로젝트(Green Project)라는 이름으로 시작해 1995년에 발표했다. 처음에는 가전제품 내에 탑재해 동작하는 프로그램을 위해 개발했지만 현재 웹 애플리케이션 개발에 가장 많이 사용하는 언어 가운데 하나이고, 모바일 기기용 소프트웨어 개발에도 널리 사용하고 있다. 현재 버전 16까지 출시했다.

자바의 개발자들은 유닉스 기반의 배경을 가지고 있었기 때문에 문법적인 특성은 파스칼이 아닌 C++의 조상인 C 언어와 비슷하다.[1] 자바를 다른 컴파일언어와 구분 짓는 가장 큰 특징은 컴파일된 코드가 플랫폼 독립적이라는 점이다. 자바 컴파일러는 자바 언어로 작성된 프로그램을 바이트코드라는 특수한 바이너리 형태로 변환한다. 바이트코드를 실행하기 위해서는 JVM(자바 가상 머신, Java Virtual Machine)이라는 특수한 가상 머신이 필요한데, 이 가상 머신은 자바 바이트코드를 어느 플랫폼에서나 동일한 형태로 실행시킨다. 때문에 자바로 개발된 프로그램은 CPU나 운영 체제의 종류에 관계없이 JVM을 설치할 수 있는 시스템에서는 어디서나 실행할 수 있으며, 이 점이 웹 애플리케이션의 특성과 맞아떨어져 폭발적인 인기를 끌게 되었다.',to_date('2021/06/22','RRRR/MM/DD'),'자바 (프로그래밍 언어)');
Insert into WIKI (WIKI_SID,PARENT_WIKI,MEM_NO,PROJ_NO,WIKI_NO,WIKI_CONT,WIKI_WRITE_DATE,WIKI_TITLE) values (38,null,3,103,3,'### js 파일 활용하기

학원에서 프로젝트를 진행하고 있는데 기존의 jsp 페이지에서 작성하던 ajax 와 함수들을 js 페이지를 만들어 함수를 호출 받아서 사용하기로했다.

jsp 페이지에서 작성해도 되지만 함수를 js 파일로 정리를 해두면 더욱 깔끔한 코딩을 짜고 나중에 유지보수에도 유용하다.  
또한 기존 jsp 페이지에선 함수안에서 다른 함수를 호출하면 너무 긴 코드가 되는데 js 에선 함수만 불러오면 된다.

### wiki-btn on click 처리

가장먼저 버튼을 누를 경우에 진행되는 이벤트를 처리했다.

예시로, 불러온 위키 제목을 누르면 해당 위키의 내용이 화면에 출력되는 기능을 만들었다.

```
$(function(){

    // 특정 위키 클릭시 불러오는 메서드
    $(''.content-body'').on(''click'',''.wiki-btn'',function(){

        //특정 위키의 wiki_no 불러옴. 
        let wiki_no = $(this).siblings(''input'').val();
        wikiView(wiki_no);

    })

})

```

on click 이벤트는 $(function() 내부에서 진행시켜야 한다.

위의 내용은

class 가 content-body 인 div 안에 있는 class 가 wiki-btn 인 버튼을 누르면 let wiki\_no 라고 선언한 변수에 input 에 들어가있는 value 값을 찾아 넣어주고 wikiView 함수에 value 를 넣어 준다는 의미이다.

또한 동적 자원 처리를 위해 delegate 형식으로 처리했다.  
그냥 on click 이라면 $(''.wiki-btn'').on(''click'',function(){  
으로 작성 할 수 있다.

### wikiView(wiki\_no) 함수

다음은 wikiView 함수 생성을 해야한다.

클릭을 하면 이 함수가 실행된다.

const 로 함수를 지정해준다.

```
// 특정 위키 불러오는 함수
const wikiView = function(wiki_no){
        window.scrollTo({top:0, left:0, behavior:''auto''});

        data = ''wikiView''+wiki_no;
        title = '''';
        url = getContextPath()+''/''+manager_id+''/''+project_title+''/wiki/''+wiki_no;
        history.pushState(data,title,url);

        $.ajax({
            url : getContextPath() + ''/restapi/project/wikis/''+ wiki_no
            , type : ''get''
            , data : {

            },
            success : function(res) {

                $(''.title-wiki'').children(''span'').text(res.wiki_title);
                $(''.wiki-writer'').children(''span:first'').text(res.proj_user_nick);
                $(''.wiki-writer'').children(''span:last'').text(moment(res.wiki_write_date).fromNow());
                $(''.wiki-content'').children(''span'').text(res.wiki_cont);

                $.each(res, function(i, v) {
                })
            },
            error : function(xhr, error, msg) {
                // 조회중인 프로젝트 번호를 세션에서 못 받아 올 경우, 메인 홈페이지로 보낸다.
                if(xhr.status == 400){
                    window.location.href = getContextPath();
                }
                console.log(xhr);
                console.log(error);
                console.log(msg);
            },
            dataType : ''json''
        })

```

on click 이벤트를 처리할 때 넣어준 wiki\_no 를 사용한다. 특정 위키를 불러오기 떄문에 ajax 의 타입은 get 으로 적어준다.  
성공시 각 class 에 있는 span 에 값들을 넣어주게 된다.',to_date('2021/06/22','RRRR/MM/DD'),'JS 파일로 함수 호출');
Insert into WIKI (WIKI_SID,PARENT_WIKI,MEM_NO,PROJ_NO,WIKI_NO,WIKI_CONT,WIKI_WRITE_DATE,WIKI_TITLE) values (36,null,3,103,1,'### 환영합니다 ddit302  여러분!! 친구들과 공유할수 있는 정보를 올려주세요!!

        - ddit302 학생 모두가 볼 수 있으며 수정 가능합니다 :)
        - 함께 성장해나가요!',to_date('2021/06/22','RRRR/MM/DD'),'Home');
Insert into WIKI (WIKI_SID,PARENT_WIKI,MEM_NO,PROJ_NO,WIKI_NO,WIKI_CONT,WIKI_WRITE_DATE,WIKI_TITLE) values (26,1,4,1,26,'신규 위키 등록 내용1',to_date('2021/06/18','RRRR/MM/DD'),'신규 위키 등록1');
Insert into WIKI (WIKI_SID,PARENT_WIKI,MEM_NO,PROJ_NO,WIKI_NO,WIKI_CONT,WIKI_WRITE_DATE,WIKI_TITLE) values (39,null,3,103,4,'### java 에서 date와 timestamp 차이

java.util.date

-   일반적으로 날짜와 시간을 저장할 때 사용함.

java.sql.Timestamp

-   date 보다 정밀한 시간을 요구 할 때 사용.
-   시스템간의 프로세스 시간, 우선순위 정하거나 밀리세컨드 이하까지 사용하기 위해 씀.

### database 에서의 date 와 timestamp 차이

### DATE

yyyy-mm-dd

### DATETIME

yyyy-mm-dd hh:mm:ss

-   ''1000-01-01 00:00:00'' to ''9999-12-31 23:59:59''
    
-   문자형으로 저장
    
-   8byte
    
-   수정 시 날짜 시간 직접 입력
    
-   글 등록 예약 날짜
    

### TIMESTAMP

yyyy-mm-dd hh:mm:ss

-   ''1970-01-01 00:00:01'' to ''2038-01-19 03:14:07'' (UTC : 국제 표준 시)
    
-   숫자형으로 저장
    
-   4byte
    
-   current\_timestamp 사용시 자동으로 입력
    
-   자동으로 수정날짜를 저장할 수 있다.',to_date('2021/06/22','RRRR/MM/DD'),'DATE 와 TIMESTAMP 차이');
--------------------------------------------------------
--  DDL for Index PK_KANBAN_COL
--------------------------------------------------------

  CREATE UNIQUE INDEX "PK_KANBAN_COL" ON "KANBAN_COL" ("KB_COL_NO") 
  PCTFREE 10 INITRANS 2 MAXTRANS 255 COMPUTE STATISTICS 
  STORAGE(INITIAL 65536 NEXT 1048576 MINEXTENTS 1 MAXEXTENTS 2147483645
  PCTINCREASE 0 FREELISTS 1 FREELIST GROUPS 1 BUFFER_POOL DEFAULT FLASH_CACHE DEFAULT CELL_FLASH_CACHE DEFAULT);
--------------------------------------------------------
--  DDL for Index BIN$DPCTveKyQiKML1CykMZ2pg==$0
--------------------------------------------------------

  CREATE UNIQUE INDEX "BIN$DPCTveKyQiKML1CykMZ2pg==$0" ON "ISSUE_ASSIGNEE" ("MEM_NO", "ISSUE_SID") 
  PCTFREE 10 INITRANS 2 MAXTRANS 255 COMPUTE STATISTICS 
  STORAGE(INITIAL 65536 NEXT 1048576 MINEXTENTS 1 MAXEXTENTS 2147483645
  PCTINCREASE 0 FREELISTS 1 FREELIST GROUPS 1 BUFFER_POOL DEFAULT FLASH_CACHE DEFAULT CELL_FLASH_CACHE DEFAULT);
--------------------------------------------------------
--  DDL for Index MENU_PK
--------------------------------------------------------

  CREATE UNIQUE INDEX "MENU_PK" ON "MENU" ("MENU_NO") 
  PCTFREE 10 INITRANS 2 MAXTRANS 255 COMPUTE STATISTICS 
  STORAGE(INITIAL 65536 NEXT 1048576 MINEXTENTS 1 MAXEXTENTS 2147483645
  PCTINCREASE 0 FREELISTS 1 FREELIST GROUPS 1 BUFFER_POOL DEFAULT FLASH_CACHE DEFAULT CELL_FLASH_CACHE DEFAULT);
--------------------------------------------------------
--  DDL for Index BIN$bJ9ziVQhTgKQn4eChmigBg==$0
--------------------------------------------------------

  CREATE UNIQUE INDEX "BIN$bJ9ziVQhTgKQn4eChmigBg==$0" ON "MILESTONE" ("MILEST_SID") 
  PCTFREE 10 INITRANS 2 MAXTRANS 255 COMPUTE STATISTICS 
  STORAGE(INITIAL 65536 NEXT 1048576 MINEXTENTS 1 MAXEXTENTS 2147483645
  PCTINCREASE 0 FREELISTS 1 FREELIST GROUPS 1 BUFFER_POOL DEFAULT FLASH_CACHE DEFAULT CELL_FLASH_CACHE DEFAULT);
--------------------------------------------------------
--  DDL for Index BIN$6fehSytFTY6igCwH6ULRyg==$0
--------------------------------------------------------

  CREATE UNIQUE INDEX "BIN$6fehSytFTY6igCwH6ULRyg==$0" ON "WIKI" ("WIKI_SID") 
  PCTFREE 10 INITRANS 2 MAXTRANS 255 COMPUTE STATISTICS 
  STORAGE(INITIAL 65536 NEXT 1048576 MINEXTENTS 1 MAXEXTENTS 2147483645
  PCTINCREASE 0 FREELISTS 1 FREELIST GROUPS 1 BUFFER_POOL DEFAULT FLASH_CACHE DEFAULT CELL_FLASH_CACHE DEFAULT);
--------------------------------------------------------
--  DDL for Index BIN$u2RkGkcZS0e5Mn4CK0oK+A==$0
--------------------------------------------------------

  CREATE UNIQUE INDEX "BIN$u2RkGkcZS0e5Mn4CK0oK+A==$0" ON "ISSUE_HISTORY" ("ISSUE_HIS_NO") 
  PCTFREE 10 INITRANS 2 MAXTRANS 255 COMPUTE STATISTICS 
  STORAGE(INITIAL 65536 NEXT 1048576 MINEXTENTS 1 MAXEXTENTS 2147483645
  PCTINCREASE 0 FREELISTS 1 FREELIST GROUPS 1 BUFFER_POOL DEFAULT FLASH_CACHE DEFAULT CELL_FLASH_CACHE DEFAULT);
--------------------------------------------------------
--  DDL for Index BIN$9WJ7y5MsTD2tcAYMcIpaTg==$0
--------------------------------------------------------

  CREATE UNIQUE INDEX "BIN$9WJ7y5MsTD2tcAYMcIpaTg==$0" ON "LABEL" ("LABEL_NO") 
  PCTFREE 10 INITRANS 2 MAXTRANS 255 COMPUTE STATISTICS 
  STORAGE(INITIAL 65536 NEXT 1048576 MINEXTENTS 1 MAXEXTENTS 2147483645
  PCTINCREASE 0 FREELISTS 1 FREELIST GROUPS 1 BUFFER_POOL DEFAULT FLASH_CACHE DEFAULT CELL_FLASH_CACHE DEFAULT);
--------------------------------------------------------
--  DDL for Index BIN$aicNvteaSKGObOaEZOBYgA==$0
--------------------------------------------------------

  CREATE UNIQUE INDEX "BIN$aicNvteaSKGObOaEZOBYgA==$0" ON "ISSUE" ("ISSUE_SID") 
  PCTFREE 10 INITRANS 2 MAXTRANS 255 COMPUTE STATISTICS 
  STORAGE(INITIAL 65536 NEXT 1048576 MINEXTENTS 1 MAXEXTENTS 2147483645
  PCTINCREASE 0 FREELISTS 1 FREELIST GROUPS 1 BUFFER_POOL DEFAULT FLASH_CACHE DEFAULT CELL_FLASH_CACHE DEFAULT);
--------------------------------------------------------
--  DDL for Index PK_PROJECT
--------------------------------------------------------

  CREATE UNIQUE INDEX "PK_PROJECT" ON "PROJECT" ("PROJ_NO") 
  PCTFREE 10 INITRANS 2 MAXTRANS 255 COMPUTE STATISTICS 
  STORAGE(INITIAL 65536 NEXT 1048576 MINEXTENTS 1 MAXEXTENTS 2147483645
  PCTINCREASE 0 FREELISTS 1 FREELIST GROUPS 1 BUFFER_POOL DEFAULT FLASH_CACHE DEFAULT CELL_FLASH_CACHE DEFAULT);
--------------------------------------------------------
--  DDL for Index PK_USER_AUTH
--------------------------------------------------------

  CREATE UNIQUE INDEX "PK_USER_AUTH" ON "USER_AUTH" ("AUTH_GRP_CODE", "MEM_NO") 
  PCTFREE 10 INITRANS 2 MAXTRANS 255 COMPUTE STATISTICS 
  STORAGE(INITIAL 65536 NEXT 1048576 MINEXTENTS 1 MAXEXTENTS 2147483645
  PCTINCREASE 0 FREELISTS 1 FREELIST GROUPS 1 BUFFER_POOL DEFAULT FLASH_CACHE DEFAULT CELL_FLASH_CACHE DEFAULT);
--------------------------------------------------------
--  DDL for Index BIN$U3JkzcexSdOCNK0XB0s/aA==$0
--------------------------------------------------------

  CREATE UNIQUE INDEX "BIN$U3JkzcexSdOCNK0XB0s/aA==$0" ON "PROPTIS" ("PROPTIS_NO") 
  PCTFREE 10 INITRANS 2 MAXTRANS 255 COMPUTE STATISTICS 
  STORAGE(INITIAL 65536 NEXT 1048576 MINEXTENTS 1 MAXEXTENTS 2147483645
  PCTINCREASE 0 FREELISTS 1 FREELIST GROUPS 1 BUFFER_POOL DEFAULT FLASH_CACHE DEFAULT CELL_FLASH_CACHE DEFAULT);
--------------------------------------------------------
--  DDL for Index BIN$ycTyBm/qTcuvH4P6dVwpNQ==$0
--------------------------------------------------------

  CREATE UNIQUE INDEX "BIN$ycTyBm/qTcuvH4P6dVwpNQ==$0" ON "FAQ" ("FAQ_NO") 
  PCTFREE 10 INITRANS 2 MAXTRANS 255 COMPUTE STATISTICS 
  STORAGE(INITIAL 65536 NEXT 1048576 MINEXTENTS 1 MAXEXTENTS 2147483645
  PCTINCREASE 0 FREELISTS 1 FREELIST GROUPS 1 BUFFER_POOL DEFAULT FLASH_CACHE DEFAULT CELL_FLASH_CACHE DEFAULT);
--------------------------------------------------------
--  DDL for Index REPOSITORY_PK
--------------------------------------------------------

  CREATE UNIQUE INDEX "REPOSITORY_PK" ON "REPOSITORY" ("PROJ_NO", "REPO_TYPE") 
  PCTFREE 10 INITRANS 2 MAXTRANS 255 COMPUTE STATISTICS 
  STORAGE(INITIAL 65536 NEXT 1048576 MINEXTENTS 1 MAXEXTENTS 2147483645
  PCTINCREASE 0 FREELISTS 1 FREELIST GROUPS 1 BUFFER_POOL DEFAULT FLASH_CACHE DEFAULT CELL_FLASH_CACHE DEFAULT);
--------------------------------------------------------
--  DDL for Index BIN$eFu8SNlgR/6A8KhgqvV28w==$0
--------------------------------------------------------

  CREATE UNIQUE INDEX "BIN$eFu8SNlgR/6A8KhgqvV28w==$0" ON "AUTH_CODE" ("AUTH_GRP_CODE") 
  PCTFREE 10 INITRANS 2 MAXTRANS 255 COMPUTE STATISTICS 
  STORAGE(INITIAL 65536 NEXT 1048576 MINEXTENTS 1 MAXEXTENTS 2147483645
  PCTINCREASE 0 FREELISTS 1 FREELIST GROUPS 1 BUFFER_POOL DEFAULT FLASH_CACHE DEFAULT CELL_FLASH_CACHE DEFAULT);
--------------------------------------------------------
--  DDL for Index BIN$VWMVKdHJTRuqfY5t3CYsog==$0
--------------------------------------------------------

  CREATE UNIQUE INDEX "BIN$VWMVKdHJTRuqfY5t3CYsog==$0" ON "REFUND" ("REFUND_NO") 
  PCTFREE 10 INITRANS 2 MAXTRANS 255 COMPUTE STATISTICS 
  STORAGE(INITIAL 65536 NEXT 1048576 MINEXTENTS 1 MAXEXTENTS 2147483645
  PCTINCREASE 0 FREELISTS 1 FREELIST GROUPS 1 BUFFER_POOL DEFAULT FLASH_CACHE DEFAULT CELL_FLASH_CACHE DEFAULT);
--------------------------------------------------------
--  DDL for Index BIN$UWFop/uXSXifWJnoxjX1rQ==$0
--------------------------------------------------------

  CREATE UNIQUE INDEX "BIN$UWFop/uXSXifWJnoxjX1rQ==$0" ON "PAY_PLAN" ("PAY_PLAN_NO") 
  PCTFREE 10 INITRANS 2 MAXTRANS 255 COMPUTE STATISTICS 
  STORAGE(INITIAL 65536 NEXT 1048576 MINEXTENTS 1 MAXEXTENTS 2147483645
  PCTINCREASE 0 FREELISTS 1 FREELIST GROUPS 1 BUFFER_POOL DEFAULT FLASH_CACHE DEFAULT CELL_FLASH_CACHE DEFAULT);
--------------------------------------------------------
--  DDL for Index PK_MEMBER
--------------------------------------------------------

  CREATE UNIQUE INDEX "PK_MEMBER" ON "MEMBER" ("MEM_NO") 
  PCTFREE 10 INITRANS 2 MAXTRANS 255 COMPUTE STATISTICS 
  STORAGE(INITIAL 65536 NEXT 1048576 MINEXTENTS 1 MAXEXTENTS 2147483645
  PCTINCREASE 0 FREELISTS 1 FREELIST GROUPS 1 BUFFER_POOL DEFAULT FLASH_CACHE DEFAULT CELL_FLASH_CACHE DEFAULT);
--------------------------------------------------------
--  DDL for Index FORBIDDEN_PROJ_TITLE_PK
--------------------------------------------------------

  CREATE UNIQUE INDEX "FORBIDDEN_PROJ_TITLE_PK" ON "FORBIDDEN_PROJ_TITLE" ("FORBIDDEN_PROJ_TITLE") 
  PCTFREE 10 INITRANS 2 MAXTRANS 255 COMPUTE STATISTICS 
  STORAGE(INITIAL 65536 NEXT 1048576 MINEXTENTS 1 MAXEXTENTS 2147483645
  PCTINCREASE 0 FREELISTS 1 FREELIST GROUPS 1 BUFFER_POOL DEFAULT FLASH_CACHE DEFAULT CELL_FLASH_CACHE DEFAULT);
--------------------------------------------------------
--  DDL for Index BIN$7XhzfYl7S7qlm7CKdQY2wg==$0
--------------------------------------------------------

  CREATE UNIQUE INDEX "BIN$7XhzfYl7S7qlm7CKdQY2wg==$0" ON "CHAT_ROOM" ("CHATROOM_NO") 
  PCTFREE 10 INITRANS 2 MAXTRANS 255 COMPUTE STATISTICS 
  STORAGE(INITIAL 65536 NEXT 1048576 MINEXTENTS 1 MAXEXTENTS 2147483645
  PCTINCREASE 0 FREELISTS 1 FREELIST GROUPS 1 BUFFER_POOL DEFAULT FLASH_CACHE DEFAULT CELL_FLASH_CACHE DEFAULT);
--------------------------------------------------------
--  DDL for Index PK_PROJ_MEM
--------------------------------------------------------

  CREATE UNIQUE INDEX "PK_PROJ_MEM" ON "PROJ_MEM" ("MEM_NO", "PROJ_NO") 
  PCTFREE 10 INITRANS 2 MAXTRANS 255 COMPUTE STATISTICS 
  STORAGE(INITIAL 65536 NEXT 1048576 MINEXTENTS 1 MAXEXTENTS 2147483645
  PCTINCREASE 0 FREELISTS 1 FREELIST GROUPS 1 BUFFER_POOL DEFAULT FLASH_CACHE DEFAULT CELL_FLASH_CACHE DEFAULT);
--------------------------------------------------------
--  DDL for Index BIN$s8CWX3cfQvyaApJikNz1iQ==$0
--------------------------------------------------------

  CREATE UNIQUE INDEX "BIN$s8CWX3cfQvyaApJikNz1iQ==$0" ON "COM_CODE_GRP" ("COM_CODE_GRP") 
  PCTFREE 10 INITRANS 2 MAXTRANS 255 COMPUTE STATISTICS 
  STORAGE(INITIAL 65536 NEXT 1048576 MINEXTENTS 1 MAXEXTENTS 2147483645
  PCTINCREASE 0 FREELISTS 1 FREELIST GROUPS 1 BUFFER_POOL DEFAULT FLASH_CACHE DEFAULT CELL_FLASH_CACHE DEFAULT);
--------------------------------------------------------
--  DDL for Index BIN$pzvWFQuXQ3mWT9i5irmakg==$0
--------------------------------------------------------

  CREATE UNIQUE INDEX "BIN$pzvWFQuXQ3mWT9i5irmakg==$0" ON "NEWS" ("NEWS_SID") 
  PCTFREE 10 INITRANS 2 MAXTRANS 255 COMPUTE STATISTICS 
  STORAGE(INITIAL 65536 NEXT 1048576 MINEXTENTS 1 MAXEXTENTS 2147483645
  PCTINCREASE 0 FREELISTS 1 FREELIST GROUPS 1 BUFFER_POOL DEFAULT FLASH_CACHE DEFAULT CELL_FLASH_CACHE DEFAULT);
--------------------------------------------------------
--  DDL for Index BIN$dfU3iJCuRcC0FVxUanam6A==$0
--------------------------------------------------------

  CREATE UNIQUE INDEX "BIN$dfU3iJCuRcC0FVxUanam6A==$0" ON "ALARM" ("ALARM_NO") 
  PCTFREE 10 INITRANS 2 MAXTRANS 255 COMPUTE STATISTICS 
  STORAGE(INITIAL 65536 NEXT 1048576 MINEXTENTS 1 MAXEXTENTS 2147483645
  PCTINCREASE 0 FREELISTS 1 FREELIST GROUPS 1 BUFFER_POOL DEFAULT FLASH_CACHE DEFAULT CELL_FLASH_CACHE DEFAULT);
--------------------------------------------------------
--  DDL for Index BIN$gZzepBsTSDCiVwE9e1pZeQ==$0
--------------------------------------------------------

  CREATE UNIQUE INDEX "BIN$gZzepBsTSDCiVwE9e1pZeQ==$0" ON "NEWS_COMMENT" ("NEWS_COM_NO") 
  PCTFREE 10 INITRANS 2 MAXTRANS 255 COMPUTE STATISTICS 
  STORAGE(INITIAL 65536 NEXT 1048576 MINEXTENTS 1 MAXEXTENTS 2147483645
  PCTINCREASE 0 FREELISTS 1 FREELIST GROUPS 1 BUFFER_POOL DEFAULT FLASH_CACHE DEFAULT CELL_FLASH_CACHE DEFAULT);
--------------------------------------------------------
--  DDL for Index BIN$T9dqFin1R06YX44Bimx6vg==$0
--------------------------------------------------------

  CREATE UNIQUE INDEX "BIN$T9dqFin1R06YX44Bimx6vg==$0" ON "MENU_ASSIGN" ("AUTH_GRP_CODE", "MENU_ID") 
  PCTFREE 10 INITRANS 2 MAXTRANS 255 COMPUTE STATISTICS 
  STORAGE(INITIAL 65536 NEXT 1048576 MINEXTENTS 1 MAXEXTENTS 2147483645
  PCTINCREASE 0 FREELISTS 1 FREELIST GROUPS 1 BUFFER_POOL DEFAULT FLASH_CACHE DEFAULT CELL_FLASH_CACHE DEFAULT);
--------------------------------------------------------
--  DDL for Index BIN$BdRd+A+BSeS1Roakg74Uzw==$0
--------------------------------------------------------

  CREATE UNIQUE INDEX "BIN$BdRd+A+BSeS1Roakg74Uzw==$0" ON "ATTACH_FILE" ("ATCH_FILE_SID", "ATCH_FILE_NO") 
  PCTFREE 10 INITRANS 2 MAXTRANS 255 COMPUTE STATISTICS 
  STORAGE(INITIAL 65536 NEXT 1048576 MINEXTENTS 1 MAXEXTENTS 2147483645
  PCTINCREASE 0 FREELISTS 1 FREELIST GROUPS 1 BUFFER_POOL DEFAULT FLASH_CACHE DEFAULT CELL_FLASH_CACHE DEFAULT);
--------------------------------------------------------
--  DDL for Index PK_MEM_ROLE
--------------------------------------------------------

  CREATE UNIQUE INDEX "PK_MEM_ROLE" ON "MEM_ROLE" ("MEM_ROLE_NO") 
  PCTFREE 10 INITRANS 2 MAXTRANS 255 COMPUTE STATISTICS 
  STORAGE(INITIAL 65536 NEXT 1048576 MINEXTENTS 1 MAXEXTENTS 2147483645
  PCTINCREASE 0 FREELISTS 1 FREELIST GROUPS 1 BUFFER_POOL DEFAULT FLASH_CACHE DEFAULT CELL_FLASH_CACHE DEFAULT);
--------------------------------------------------------
--  DDL for Index BIN$QJl2DCSvS86hrkPSWyxQLw==$0
--------------------------------------------------------

  CREATE UNIQUE INDEX "BIN$QJl2DCSvS86hrkPSWyxQLw==$0" ON "PROVIDER" ("PROV_ID") 
  PCTFREE 10 INITRANS 2 MAXTRANS 255 COMPUTE STATISTICS 
  STORAGE(INITIAL 65536 NEXT 1048576 MINEXTENTS 1 MAXEXTENTS 2147483645
  PCTINCREASE 0 FREELISTS 1 FREELIST GROUPS 1 BUFFER_POOL DEFAULT FLASH_CACHE DEFAULT CELL_FLASH_CACHE DEFAULT);
--------------------------------------------------------
--  DDL for Index BIN$081ZOStBSz2eYp9X8Q0snw==$0
--------------------------------------------------------

  CREATE UNIQUE INDEX "BIN$081ZOStBSz2eYp9X8Q0snw==$0" ON "PAYMENT" ("PAYMENT_NO") 
  PCTFREE 10 INITRANS 2 MAXTRANS 255 COMPUTE STATISTICS 
  STORAGE(INITIAL 65536 NEXT 1048576 MINEXTENTS 1 MAXEXTENTS 2147483645
  PCTINCREASE 0 FREELISTS 1 FREELIST GROUPS 1 BUFFER_POOL DEFAULT FLASH_CACHE DEFAULT CELL_FLASH_CACHE DEFAULT);
--------------------------------------------------------
--  DDL for Index BIN$fO7fdCJ0RVKZrRTA9krUvA==$0
--------------------------------------------------------

  CREATE UNIQUE INDEX "BIN$fO7fdCJ0RVKZrRTA9krUvA==$0" ON "INQUIRY" ("INQ_NO") 
  PCTFREE 10 INITRANS 2 MAXTRANS 255 COMPUTE STATISTICS 
  STORAGE(INITIAL 65536 NEXT 1048576 MINEXTENTS 1 MAXEXTENTS 2147483645
  PCTINCREASE 0 FREELISTS 1 FREELIST GROUPS 1 BUFFER_POOL DEFAULT FLASH_CACHE DEFAULT CELL_FLASH_CACHE DEFAULT);
--------------------------------------------------------
--  DDL for Index BIN$VQoa+iZtS+uOK7UPQvCBMg==$0
--------------------------------------------------------

  CREATE UNIQUE INDEX "BIN$VQoa+iZtS+uOK7UPQvCBMg==$0" ON "INQUIRY_COMMENT" ("INQ_COM_NO") 
  PCTFREE 10 INITRANS 2 MAXTRANS 255 COMPUTE STATISTICS 
  STORAGE(INITIAL 65536 NEXT 1048576 MINEXTENTS 1 MAXEXTENTS 2147483645
  PCTINCREASE 0 FREELISTS 1 FREELIST GROUPS 1 BUFFER_POOL DEFAULT FLASH_CACHE DEFAULT CELL_FLASH_CACHE DEFAULT);
--------------------------------------------------------
--  DDL for Index BIN$kQ/UTdJIR1Od86NINkyPfA==$0
--------------------------------------------------------

  CREATE UNIQUE INDEX "BIN$kQ/UTdJIR1Od86NINkyPfA==$0" ON "COM_CODE" ("COM_CODE_GRP", "COM_CODE") 
  PCTFREE 10 INITRANS 2 MAXTRANS 255 COMPUTE STATISTICS 
  STORAGE(INITIAL 65536 NEXT 1048576 MINEXTENTS 1 MAXEXTENTS 2147483645
  PCTINCREASE 0 FREELISTS 1 FREELIST GROUPS 1 BUFFER_POOL DEFAULT FLASH_CACHE DEFAULT CELL_FLASH_CACHE DEFAULT);
--------------------------------------------------------
--  DDL for Index BIN$YB47NLq/QqiS+EFdQV3teA==$0
--------------------------------------------------------

  CREATE UNIQUE INDEX "BIN$YB47NLq/QqiS+EFdQV3teA==$0" ON "KANBAN_CARD" ("KB_CARD_NO") 
  PCTFREE 10 INITRANS 2 MAXTRANS 255 COMPUTE STATISTICS 
  STORAGE(INITIAL 65536 NEXT 1048576 MINEXTENTS 1 MAXEXTENTS 2147483645
  PCTINCREASE 0 FREELISTS 1 FREELIST GROUPS 1 BUFFER_POOL DEFAULT FLASH_CACHE DEFAULT CELL_FLASH_CACHE DEFAULT);
--------------------------------------------------------
--  DDL for Index BIN$sI4+q3yTTPCmsq4DfzbMKw==$0
--------------------------------------------------------

  CREATE UNIQUE INDEX "BIN$sI4+q3yTTPCmsq4DfzbMKw==$0" ON "MEM_CHAT" ("MEM_NO", "CHATROOM_NO") 
  PCTFREE 10 INITRANS 2 MAXTRANS 255 COMPUTE STATISTICS 
  STORAGE(INITIAL 65536 NEXT 1048576 MINEXTENTS 1 MAXEXTENTS 2147483645
  PCTINCREASE 0 FREELISTS 1 FREELIST GROUPS 1 BUFFER_POOL DEFAULT FLASH_CACHE DEFAULT CELL_FLASH_CACHE DEFAULT);
--------------------------------------------------------
--  DDL for Function CHAT_VALIDATION
--------------------------------------------------------

  CREATE OR REPLACE FUNCTION "CHAT_VALIDATION" (
    MYNO NUMBER,
    TARNO NUMBER    
)
RETURN NUMBER
IS
V_NO NUMBER;
BEGIN
WITH TMPROOM AS (
    SELECT DISTINCT A.*
    FROM CHAT_ROOM A INNER JOIN MEM_CHAT B 
    ON (A.CHATROOM_NO = B.CHATROOM_NO)
    WHERE MEM_NO = MYNO
),
LASTROOM AS (
SELECT R.CHATROOM_NO, MEM_NO
FROM TMPROOM R LEFT OUTER JOIN MEM_CHAT M
    ON(R.CHATROOM_NO = M.CHATROOM_NO)
WHERE R.CHATROOM_NO IN (
    SELECT CHATROOM_NO
    FROM (
        SELECT  CHATROOM_NO, COUNT(MEM_NO)CNT
        FROM MEM_CHAT
        GROUP BY CHATROOM_NO
    ) 
    WHERE CNT = 2
)
)
SELECT DISTINCT CHATROOM_NO INTO V_NO
FROM LASTROOM
WHERE MEM_NO = TARNO;
RETURN V_NO;
END;

/
--------------------------------------------------------
--  DDL for Function GET_KORNM
--------------------------------------------------------

  CREATE OR REPLACE FUNCTION "GET_KORNM" 
( V_FROM IN VARCHAR2, V_TO IN VARCHAR2 ) 
RETURN VARCHAR2 IS OUT_REAL_NM VARCHAR2(100); 
TYPE V_ARR IS TABLE OF VARCHAR2(10); V_FIRST V_ARR; V_LAST V_ARR; V_MID V_ARR; 
BEGIN V_LAST := V_ARR('김' , '이' , '박' , '최' , '정' , '강' , '조' , '윤' , '장' , '임' , '오' , '한' , '신' , '서' , '권' , '황' , '안' , '송' , '유' , '홍' , '전' , '고' , '문' , '손' , '양' , '배' , '조' , '백' , '허' , '남'); V_MID := V_ARR('민' , '현' , '동' , '인' , '지' , '현' , '재' , '우' , '건' , '준' , '승' , '영' , '성' , '진' , '준' , '정' , '수' , '광' , '영' , '호' , '중' , '훈' , '후' , '우' , '상' , '연' , '철' , '아' , '윤' , '은'); V_FIRST := V_ARR('유' , '자' , '도' , '성' , '상' , '남' , '식' , '일' , '철' , '병' , '혜' , '영' , '미' , '환' , '식' , '숙' , '자' , '희' , '순' , '진' , '서' , '빈' , '정' , '지' , '하' , '연' , '성' , '공' , '안' , '원'); SELECT SUBSTR(V_LAST(ROUND(DBMS_RANDOM.VALUE(1 , 30), 0)) || V_MID(ROUND(DBMS_RANDOM.VALUE(1 , 30), 0)) || V_FIRST(ROUND(DBMS_RANDOM.VALUE(1 , 30), 0)) || V_MID(ROUND(DBMS_RANDOM.VALUE(1 , 30), 0)) || V_FIRST(ROUND(DBMS_RANDOM.VALUE(1 , 30), 0)) ,V_FROM,V_TO) 
INTO OUT_REAL_NM FROM DUAL; 
RETURN OUT_REAL_NM; END


SELECT GET_KORNM('1' , '3') FROM DUAL;


-- 7자리 소문자 랜덤 문자 생성하기
SELECT DBMS_RANDOM.STRING('l', 7) rand FROM DUAL;

-- 100 ~ 999 사이 랜덤 
SELECT ROUND(DBMS_RANDOM.VALUE(100, 999),0) FROM DUAL;수

--select member
SELECT *
FROM MEMBER;

-- insert member
INSERT INTO MEMBER(MEM_NO,MEM_ID,MEM_PASS,MEM_NICK)
VALUES(MEM_SEQ.nextval,'ex@gmail.com','1234','ex'); 

-- update member
UPDATE MEMBER
SET MEM_ID = 'ddit301@gmail.com'
WHERE MEM_NO = 6;

-- delete member ( MEM_QUIT_DATE UPDATE)
UPDATE MEMBER
SET MEM_QUIT_DATE = SYSDATE
WHERE MEM_ID = 'ex@gmail.com';

-- search mem_quit_date member
SELECT MEM_ID AS "탈퇴한 회원 아이디"
FROM MEMBER
WHERE MEM_QUIT_DATE IS NOT NULL;

-- count member
SELECT COUNT(*) AS "회원수"
FROM MEMBER
WHERE MEM_QUIT_DATE IS NULL;


-- 21/05/17
-- drop table 테이블

SELECT 'DROP TABLE "' || TABLE_NAME || '" CASCADE CONSTRAINTS;' FROM user_tables;




----------------------------------------------------------------------------
-- 컬럼명 변경
alter table issue rename column ISSUE_NO to ISSUE_SID;

-- 이슈 번호 컬럼 추가
alter table issue add (ISSUE_NO number); 








/* 회원 */
CREATE TABLE MEMBER (
	MEM_NO NUMBER NOT NULL, /* 회원 번호 */
	MEM_ID VARCHAR2(200) NOT NULL, /* 회원 아이디(이메일) */
	MEM_PASS VARCHAR2(1000) NOT NULL, /* 회원 비밀번호 */
	MEM_NICK VARCHAR2(200) NOT NULL, /* 회원 닉네임 */
	MEM_TEL VARCHAR2(100), /* 회원 전화번호 */
	MEM_PIC_FILE_NAME VARCHAR2(200), /* 회원 프로필 파일 이름 */
	MEM_SIGN_DATE DATE, /* 회원 가입 일자 */
	MEM_QUIT_DATE DATE, /* 회원 탈퇴 일자 */
	MEM_NAME VARCHAR2(200), /* 회원 이름 */
	MEM_BIO VARCHAR2(500), /* 회원 자기소개 내용 */
	MEM_WORKING_CITY VARCHAR2(200), /* 회원 근무 도시 */
	MEM_STATUS VARCHAR2(50) /* 회원 상태 */
);

COMMENT ON TABLE MEMBER IS '회원';

COMMENT ON COLUMN MEMBER.MEM_NO IS '회원 번호';

COMMENT ON COLUMN MEMBER.MEM_ID IS '회원 아이디(이메일)';

COMMENT ON COLUMN MEMBER.MEM_PASS IS '회원 비밀번호';

COMMENT ON COLUMN MEMBER.MEM_NICK IS '회원 닉네임';

COMMENT ON COLUMN MEMBER.MEM_TEL IS '회원 전화번호';

COMMENT ON COLUMN MEMBER.MEM_PIC_FILE_NAME IS '회원 프로필 파일 이름';

COMMENT ON COLUMN MEMBER.MEM_SIGN_DATE IS '회원 가입 일자';

COMMENT ON COLUMN MEMBER.MEM_QUIT_DATE IS '회원 탈퇴 일자';

COMMENT ON COLUMN MEMBER.MEM_NAME IS '회원 이름';

COMMENT ON COLUMN MEMBER.MEM_BIO IS '회원 자기소개 내용';

COMMENT ON COLUMN MEMBER.MEM_WORKING_CITY IS '회원 근무 도시';

COMMENT ON COLUMN MEMBER.MEM_STATUS IS '회원 상태';

CREATE UNIQUE INDEX PK_MEMBER
	ON MEMBER (
		MEM_NO ASC
	);

ALTER TABLE MEMBER
	ADD
		CONSTRAINT PK_MEMBER
		PRIMARY KEY (
			MEM_NO
		);

/* 결제 */
CREATE TABLE PAYMENT (
	PAYMENT_NO NUMBER NOT NULL, /* 결제 부여 번호 */
	PROJ_NO NUMBER NOT NULL, /* 프로젝트 번호 */
	PAY_PLAN_NO NUMBER NOT NULL, /* 요금제 번호 */
	PAY_DATE DATE, /* 결제 일자 */
	PAY_CONT VARCHAR2(3000), /* 결제 내역 */
	EXPIRY_DAY NUMBER /* 결제 유효 기간 */
);

COMMENT ON TABLE PAYMENT IS '결제';

COMMENT ON COLUMN PAYMENT.PAYMENT_NO IS '결제 부여 번호';

COMMENT ON COLUMN PAYMENT.PROJ_NO IS '프로젝트 번호';

COMMENT ON COLUMN PAYMENT.PAY_PLAN_NO IS '요금제 번호';

COMMENT ON COLUMN PAYMENT.PAY_DATE IS '결제 일자';

COMMENT ON COLUMN PAYMENT.PAY_CONT IS '결제 내역';

COMMENT ON COLUMN PAYMENT.EXPIRY_DAY IS '결제 유효 기간';

CREATE UNIQUE INDEX PK_PAYMENT
	ON PAYMENT (
		PAYMENT_NO ASC
	);

ALTER TABLE PAYMENT
	ADD
		CONSTRAINT PK_PAYMENT
		PRIMARY KEY (
			PAYMENT_NO
		);

/* 프로젝트 */
CREATE TABLE PROJECT (
	PROJ_NO NUMBER NOT NULL, /* 프로젝트 번호 */
	MEM_NO NUMBER NOT NULL, /* 회원 번호 */
	PROJ_TITLE VARCHAR2(200) NOT NULL, /* 프로젝트 제목 */
	PROJ_CONT VARCHAR2(3000) NOT NULL, /* 프로젝트 내용 */
	PROJ_START_DATE DATE NOT NULL, /* 프로젝트 생성 일자 */
	PROJ_EST_END_DATE DATE, /* 프로젝트 예상 종료 일자 */
	ISSUE_PRIORITY_SET NUMBER NOT NULL, /* 이슈 중요도 설정 */
	PROJ_MODULE_SET NUMBER NOT NULL /* 프로젝트 모듈 설정 */
);

COMMENT ON TABLE PROJECT IS '프로젝트';

COMMENT ON COLUMN PROJECT.PROJ_NO IS '프로젝트 번호';

COMMENT ON COLUMN PROJECT.MEM_NO IS '회원 번호';

COMMENT ON COLUMN PROJECT.PROJ_TITLE IS '프로젝트 제목';

COMMENT ON COLUMN PROJECT.PROJ_CONT IS '프로젝트 내용';

COMMENT ON COLUMN PROJECT.PROJ_START_DATE IS '프로젝트 생성 일자';

COMMENT ON COLUMN PROJECT.PROJ_EST_END_DATE IS '프로젝트 예상 종료 일자';

COMMENT ON COLUMN PROJECT.ISSUE_PRIORITY_SET IS '이슈 중요도 설정';

COMMENT ON COLUMN PROJECT.PROJ_MODULE_SET IS '프로젝트 모듈 설정';

CREATE UNIQUE INDEX PK_PROJECT
	ON PROJECT (
		PROJ_NO ASC
	);

ALTER TABLE PROJECT
	ADD
		CONSTRAINT PK_PROJECT
		PRIMARY KEY (
			PROJ_NO
		);

/* FAQ */
CREATE TABLE FAQ (
	FAQ_NO NUMBER NOT NULL, /* 문의 번호 */
	QESTN VARCHAR2(3000) NOT NULL, /* 질문 */
	ANSWER VARCHAR2(3000) NOT NULL, /* 답변 */
	FAQ_DATE DATE NOT NULL, /* 작성일 */
	FAQ_PUBLIC_YN CHAR NOT NULL, /* 공개 여부 */
	FAQ_COUNT NUMBER, /* 조회수 */
	FAQ_TYPE VARCHAR2(50) NOT NULL /* 문의 유형 */
);

COMMENT ON TABLE FAQ IS 'FAQ';

COMMENT ON COLUMN FAQ.FAQ_NO IS '문의 번호';

COMMENT ON COLUMN FAQ.QESTN IS '질문';

COMMENT ON COLUMN FAQ.ANSWER IS '답변';

COMMENT ON COLUMN FAQ.FAQ_DATE IS '작성일';

COMMENT ON COLUMN FAQ.FAQ_PUBLIC_YN IS '공개 여부';

COMMENT ON COLUMN FAQ.FAQ_COUNT IS '조회수';

COMMENT ON COLUMN FAQ.FAQ_TYPE IS '문의 유형';

CREATE UNIQUE INDEX PK_FAQ
	ON FAQ (
		FAQ_NO ASC
	);

ALTER TABLE FAQ
	ADD
		CONSTRAINT PK_FAQ
		PRIMARY KEY (
			FAQ_NO
		);

/* 로그인 이력 */
CREATE TABLE LOGGED (
	LOGGED_NO NUMBER NOT NULL, /* 로그인 이력 번호 */
	MEM_NO NUMBER NOT NULL, /* 회원 번호 */
	IP_ADDR VARCHAR2(255) NOT NULL, /* 아이피 주소 */
	LOG_TIME DATE NOT NULL /* 접속 일자 */
);

COMMENT ON TABLE LOGGED IS '로그인 이력';

COMMENT ON COLUMN LOGGED.LOGGED_NO IS '로그인 이력 번호';

COMMENT ON COLUMN LOGGED.MEM_NO IS '회원 번호';

COMMENT ON COLUMN LOGGED.IP_ADDR IS '아이피 주소';

COMMENT ON COLUMN LOGGED.LOG_TIME IS '접속 일자';

CREATE UNIQUE INDEX PK_LOGGED
	ON LOGGED (
		LOGGED_NO ASC
	);

ALTER TABLE LOGGED
	ADD
		CONSTRAINT PK_LOGGED
		PRIMARY KEY (
			LOGGED_NO
		);

/* 프로젝트 멤버 */
CREATE TABLE PROJ_MEM (
	PROJ_MEM_NO NUMBER NOT NULL, /* 프로젝트 멤버 번호 */
	MEM_ROLE_NO NUMBER NOT NULL, /* 멤버 역할 번호 */
	PROJ_NO NUMBER, /* 프로젝트 번호 */
	PROJ_JOIN_DATE DATE NOT NULL, /* 프로젝트 참가 일자 */
	PROJ_DROP_DATE DATE, /* 프로젝트 탈퇴 일자 */
	PROJ_USER_NICK VARCHAR2(200) /* 프로젝트 유저 닉네임 */
);

COMMENT ON TABLE PROJ_MEM IS '프로젝트 멤버';

COMMENT ON COLUMN PROJ_MEM.PROJ_MEM_NO IS '프로젝트 멤버 번호';

COMMENT ON COLUMN PROJ_MEM.MEM_ROLE_NO IS '멤버 역할 번호';

COMMENT ON COLUMN PROJ_MEM.PROJ_NO IS '프로젝트 번호';

COMMENT ON COLUMN PROJ_MEM.PROJ_JOIN_DATE IS '프로젝트 참가 일자';

COMMENT ON COLUMN PROJ_MEM.PROJ_DROP_DATE IS '프로젝트 탈퇴 일자';

COMMENT ON COLUMN PROJ_MEM.PROJ_USER_NICK IS '프로젝트 유저 닉네임';

CREATE UNIQUE INDEX PK_PROJ_MEM
	ON PROJ_MEM (
		PROJ_MEM_NO ASC
	);

ALTER TABLE PROJ_MEM
	ADD
		CONSTRAINT PK_PROJ_MEM
		PRIMARY KEY (
			PROJ_MEM_NO
		);

/* 이슈 */
CREATE TABLE ISSUE (
	ISSUE_SID NUMBER NOT NULL, /* 이슈 고유 번호 */
	ISSUE_NO NUMBER NOT NULL, /* 이슈 번호 */
	MEM_NO NUMBER NOT NULL, /* 회원 번호 */
	PARENT_ISSUE NUMBER, /* 상위 이슈 */
	LABEL_NO NUMBER, /* 라벨 번호 */
	MILEST_SID NUMBER, /* 마일스톤 고유 번호 */
	PROJ_NO NUMBER NOT NULL, /* 프로젝트 번호 */
	ISSUE_TITLE VARCHAR2(200) NOT NULL, /* 이슈 제목 */
	ISSUE_CREATE_DATE DATE NOT NULL, /* 이슈 작성 일자 */
	ISSUE_START_DATE DATE, /* 이슈 시작 일자 */
	ISSUE_END_DATE DATE, /* 이슈 종료 일자 */
	ISSUE_STATUS CHAR NOT NULL, /* 이슈 상태 */
	PRIORITY NUMBER NOT NULL, /* 중요도 */
	PROGRESS NUMBER /* 진척도 */
);

COMMENT ON TABLE ISSUE IS '이슈';

COMMENT ON COLUMN ISSUE.ISSUE_SID IS '이슈 고유 번호';

COMMENT ON COLUMN ISSUE.ISSUE_NO IS '이슈 번호';

COMMENT ON COLUMN ISSUE.MEM_NO IS '회원 번호';

COMMENT ON COLUMN ISSUE.PARENT_ISSUE IS '상위 이슈';

COMMENT ON COLUMN ISSUE.LABEL_NO IS '라벨 번호';

COMMENT ON COLUMN ISSUE.MILEST_SID IS '마일스톤 고유 번호';

COMMENT ON COLUMN ISSUE.PROJ_NO IS '프로젝트 번호';

COMMENT ON COLUMN ISSUE.ISSUE_TITLE IS '이슈 제목';

COMMENT ON COLUMN ISSUE.ISSUE_CREATE_DATE IS '이슈 작성 일자';

COMMENT ON COLUMN ISSUE.ISSUE_START_DATE IS '이슈 시작 일자';

COMMENT ON COLUMN ISSUE.ISSUE_END_DATE IS '이슈 종료 일자';

COMMENT ON COLUMN ISSUE.ISSUE_STATUS IS '이슈 상태';

COMMENT ON COLUMN ISSUE.PRIORITY IS '중요도';

COMMENT ON COLUMN ISSUE.PROGRESS IS '진척도';

CREATE UNIQUE INDEX PK_ISSUE
	ON ISSUE (
		ISSUE_SID ASC
	);

ALTER TABLE ISSUE
	ADD
		CONSTRAINT PK_ISSUE
		PRIMARY KEY (
			ISSUE_SID
		);

/* 마일스톤 */
CREATE TABLE MILESTONE (
	MILEST_SID NUMBER NOT NULL, /* 마일스톤 고유 번호 */
	MEM_NO NUMBER NOT NULL, /* 회원 번호 */
	PROJ_NO NUMBER NOT NULL, /* 프로젝트 번호 */
	MILEST_NO NUMBER NOT NULL, /* 마일스톤 번호 */
	MILEST_TITLE VARCHAR2(200) NOT NULL, /* 마일스톤 제목 */
	MILEST_CONT VARCHAR2(3000) NOT NULL, /* 마일스톤 내용 */
	MILEST_DATE DATE NOT NULL, /* 마일스톤 작성 일자 */
	MILEST_START_DATE DATE, /* 마일스톤 시작 일자 */
	MILEST_END_DATE DATE /* 마일스톤 종료 일자 */
);

COMMENT ON TABLE MILESTONE IS '마일스톤';

COMMENT ON COLUMN MILESTONE.MILEST_SID IS '마일스톤 고유 번호';

COMMENT ON COLUMN MILESTONE.MEM_NO IS '회원 번호';

COMMENT ON COLUMN MILESTONE.PROJ_NO IS '프로젝트 번호';

COMMENT ON COLUMN MILESTONE.MILEST_NO IS '마일스톤 번호';

COMMENT ON COLUMN MILESTONE.MILEST_TITLE IS '마일스톤 제목';

COMMENT ON COLUMN MILESTONE.MILEST_CONT IS '마일스톤 내용';

COMMENT ON COLUMN MILESTONE.MILEST_DATE IS '마일스톤 작성 일자';

COMMENT ON COLUMN MILESTONE.MILEST_START_DATE IS '마일스톤 시작 일자';

COMMENT ON COLUMN MILESTONE.MILEST_END_DATE IS '마일스톤 종료 일자';

CREATE UNIQUE INDEX PK_MILESTONE
	ON MILESTONE (
		MILEST_SID ASC
	);

ALTER TABLE MILESTONE
	ADD
		CONSTRAINT PK_MILESTONE
		PRIMARY KEY (
			MILEST_SID
		);

/* 멤버 역할 */
CREATE TABLE MEM_ROLE (
	MEM_ROLE_NO NUMBER NOT NULL, /* 멤버 역할 번호 */
	PROJ_NO NUMBER NOT NULL, /* 프로젝트 번호 */
	BASIC_ROLE_TYPE VARCHAR2(50) NOT NULL /* 기본 역할 유형 */
);

COMMENT ON TABLE MEM_ROLE IS '멤버 역할';

COMMENT ON COLUMN MEM_ROLE.MEM_ROLE_NO IS '멤버 역할 번호';

COMMENT ON COLUMN MEM_ROLE.PROJ_NO IS '프로젝트 번호';

COMMENT ON COLUMN MEM_ROLE.BASIC_ROLE_TYPE IS '기본 역할 유형';

CREATE UNIQUE INDEX PK_MEM_ROLE
	ON MEM_ROLE (
		MEM_ROLE_NO ASC
	);

ALTER TABLE MEM_ROLE
	ADD
		CONSTRAINT PK_MEM_ROLE
		PRIMARY KEY (
			MEM_ROLE_NO
		);

/* 뉴스 */
CREATE TABLE NEWS (
	NEWS_SID NUMBER NOT NULL, /* 뉴스 고유 번호 */
	PROJ_NO NUMBER NOT NULL, /* 프로젝트 번호 */
	MEM_NO NUMBER NOT NULL, /* 회원 번호 */
	NEWS_NO NUMBER NOT NULL, /* 뉴스 번호 */
	NEWS_TITLE VARCHAR2(200) NOT NULL, /* 뉴스제목 */
	NEWS_CONT VARCHAR2(3000) NOT NULL, /* 뉴스내용 */
	NEWS_WRITE_DATE DATE NOT NULL /* 뉴스 작성 일자 */
);

COMMENT ON TABLE NEWS IS '뉴스';

COMMENT ON COLUMN NEWS.NEWS_SID IS '뉴스 고유 번호';

COMMENT ON COLUMN NEWS.PROJ_NO IS '프로젝트 번호';

COMMENT ON COLUMN NEWS.MEM_NO IS '회원 번호';

COMMENT ON COLUMN NEWS.NEWS_NO IS '뉴스 번호';

COMMENT ON COLUMN NEWS.NEWS_TITLE IS '뉴스제목';

COMMENT ON COLUMN NEWS.NEWS_CONT IS '뉴스내용';

COMMENT ON COLUMN NEWS.NEWS_WRITE_DATE IS '뉴스 작성 일자';

CREATE UNIQUE INDEX PK_NEWS
	ON NEWS (
		NEWS_SID ASC
	);

ALTER TABLE NEWS
	ADD
		CONSTRAINT PK_NEWS
		PRIMARY KEY (
			NEWS_SID
		);

/* 요금제 */
CREATE TABLE PAY_PLAN (
	PAY_PLAN_NO NUMBER NOT NULL, /* 요금제 번호 */
	PAY_PLAN_NAME VARCHAR2(200) NOT NULL, /* 요금제 이름 */
	PAY_PLAN_CONT CLOB NOT NULL, /* 요금제 내용 */
	PAY_PLAN_PRICE NUMBER NOT NULL /* 요금제 금액 */
);

COMMENT ON TABLE PAY_PLAN IS '요금제';

COMMENT ON COLUMN PAY_PLAN.PAY_PLAN_NO IS '요금제 번호';

COMMENT ON COLUMN PAY_PLAN.PAY_PLAN_NAME IS '요금제 이름';

COMMENT ON COLUMN PAY_PLAN.PAY_PLAN_CONT IS '요금제 내용';

COMMENT ON COLUMN PAY_PLAN.PAY_PLAN_PRICE IS '요금제 금액';

CREATE UNIQUE INDEX PK_PAY_PLAN
	ON PAY_PLAN (
		PAY_PLAN_NO ASC
	);

ALTER TABLE PAY_PLAN
	ADD
		CONSTRAINT PK_PAY_PLAN
		PRIMARY KEY (
			PAY_PLAN_NO
		);

/* 뉴스 댓글 */
CREATE TABLE NEWS_COMMENT (
	NEWS_COM_NO NUMBER NOT NULL, /* 뉴스 댓글 번호 */
	NEWS_SID NUMBER NOT NULL, /* 뉴스 고유 번호 */
	MEM_NO NUMBER NOT NULL, /* 회원 번호 */
	NEWS_COM_CONT VARCHAR2(3000) NOT NULL, /* 뉴스 댓글 내용 */
	NEWS_COM_DATE DATE NOT NULL /* 뉴스 댓글 작성 일자 */
);

COMMENT ON TABLE NEWS_COMMENT IS '뉴스 댓글';

COMMENT ON COLUMN NEWS_COMMENT.NEWS_COM_NO IS '뉴스 댓글 번호';

COMMENT ON COLUMN NEWS_COMMENT.NEWS_SID IS '뉴스 고유 번호';

COMMENT ON COLUMN NEWS_COMMENT.MEM_NO IS '회원 번호';

COMMENT ON COLUMN NEWS_COMMENT.NEWS_COM_CONT IS '뉴스 댓글 내용';

COMMENT ON COLUMN NEWS_COMMENT.NEWS_COM_DATE IS '뉴스 댓글 작성 일자';

CREATE UNIQUE INDEX PK_NEWS_COMMENT
	ON NEWS_COMMENT (
		NEWS_COM_NO ASC
	);

ALTER TABLE NEWS_COMMENT
	ADD
		CONSTRAINT PK_NEWS_COMMENT
		PRIMARY KEY (
			NEWS_COM_NO
		);

/* 채팅방 */
CREATE TABLE CHAT_ROOM (
	CHATROOM_NO NUMBER NOT NULL, /* 채팅방 번호 */
	PROJ_NO NUMBER, /* 프로젝트 번호 */
	CHATROOM_TITLE VARCHAR2(200) NOT NULL, /* 채팅방 제목 */
	CHATROOM_PUBLIC_YN CHAR NOT NULL /* 채팅방 공개 여부 */
);

COMMENT ON TABLE CHAT_ROOM IS '채팅방';

COMMENT ON COLUMN CHAT_ROOM.CHATROOM_NO IS '채팅방 번호';

COMMENT ON COLUMN CHAT_ROOM.PROJ_NO IS '프로젝트 번호';

COMMENT ON COLUMN CHAT_ROOM.CHATROOM_TITLE IS '채팅방 제목';

COMMENT ON COLUMN CHAT_ROOM.CHATROOM_PUBLIC_YN IS '채팅방 공개 여부';

CREATE UNIQUE INDEX PK_CHAT_ROOM
	ON CHAT_ROOM (
		CHATROOM_NO ASC
	);

ALTER TABLE CHAT_ROOM
	ADD
		CONSTRAINT PK_CHAT_ROOM
		PRIMARY KEY (
			CHATROOM_NO
		);

/* 칸반 카드 */
CREATE TABLE KANBAN_CARD (
	KB_CARD_NO NUMBER NOT NULL, /* 칸반 카드 번호 */
	KB_CARD_PRIV_NO NUMBER, /* 이전 칸반 카드 번호 */
	MEM_NO NUMBER, /* 회원 번호 */
	KB_COL_NO NUMBER NOT NULL, /* 칸반 컬럼 번호 */
	ISSUE_SID NUMBER, /* 이슈 고유 번호 */
	KB_CARD_CONT VARCHAR2(3000), /* 칸반 카드 내용 */
	KB_CARD_WRITE_DATE DATE NOT NULL /* 칸반카드 등록 일자 */
);

COMMENT ON TABLE KANBAN_CARD IS '칸반 카드';

COMMENT ON COLUMN KANBAN_CARD.KB_CARD_NO IS '칸반 카드 번호';

COMMENT ON COLUMN KANBAN_CARD.KB_CARD_PRIV_NO IS '이전 칸반 카드 번호';

COMMENT ON COLUMN KANBAN_CARD.MEM_NO IS '회원 번호';

COMMENT ON COLUMN KANBAN_CARD.KB_COL_NO IS '칸반 컬럼 번호';

COMMENT ON COLUMN KANBAN_CARD.ISSUE_SID IS '이슈 고유 번호';

COMMENT ON COLUMN KANBAN_CARD.KB_CARD_CONT IS '칸반 카드 내용';

COMMENT ON COLUMN KANBAN_CARD.KB_CARD_WRITE_DATE IS '칸반카드 등록 일자';

CREATE UNIQUE INDEX PK_KANBAN_CARD
	ON KANBAN_CARD (
		KB_CARD_NO ASC
	);

ALTER TABLE KANBAN_CARD
	ADD
		CONSTRAINT PK_KANBAN_CARD
		PRIMARY KEY (
			KB_CARD_NO
		);

/* 칸반 컬럼 */
CREATE TABLE KANBAN_COL (
	KB_COL_NO NUMBER NOT NULL, /* 칸반 컬럼 번호 */
	KB_COL_PRIV_NO NUMBER, /* 이전 칸반 컬럼 번호 */
	MEM_NO NUMBER, /* 회원 번호 */
	PROJ_NO NUMBER NOT NULL, /* 프로젝트 번호 */
	KB_COL_NAME VARCHAR2(200) NOT NULL /* 칸반 컬럼 이름 */
);

COMMENT ON TABLE KANBAN_COL IS '칸반 컬럼';

COMMENT ON COLUMN KANBAN_COL.KB_COL_NO IS '칸반 컬럼 번호';

COMMENT ON COLUMN KANBAN_COL.KB_COL_PRIV_NO IS '이전 칸반 컬럼 번호';

COMMENT ON COLUMN KANBAN_COL.MEM_NO IS '회원 번호';

COMMENT ON COLUMN KANBAN_COL.PROJ_NO IS '프로젝트 번호';

COMMENT ON COLUMN KANBAN_COL.KB_COL_NAME IS '칸반 컬럼 이름';

CREATE UNIQUE INDEX PK_KANBAN_COL
	ON KANBAN_COL (
		KB_COL_NO ASC
	);

ALTER TABLE KANBAN_COL
	ADD
		CONSTRAINT PK_KANBAN_COL
		PRIMARY KEY (
			KB_COL_NO
		);

/* 채팅 */
CREATE TABLE CHAT (
	CHAT_NO NUMBER NOT NULL, /* 채팅 번호 */
	CHATROOM_NO NUMBER NOT NULL, /* 채팅방 번호 */
	CHAT_WRITER NUMBER NOT NULL, /* 채팅 발신자 */
	CHAT_CONT VARCHAR2(3000) NOT NULL, /* 채팅 내용 */
	CHAT_SEND_DATE DATE NOT NULL /* 채팅 발송 일자 */
);

COMMENT ON TABLE CHAT IS '채팅';

COMMENT ON COLUMN CHAT.CHAT_NO IS '채팅 번호';

COMMENT ON COLUMN CHAT.CHATROOM_NO IS '채팅방 번호';

COMMENT ON COLUMN CHAT.CHAT_WRITER IS '채팅 발신자';

COMMENT ON COLUMN CHAT.CHAT_CONT IS '채팅 내용';

COMMENT ON COLUMN CHAT.CHAT_SEND_DATE IS '채팅 발송 일자';

CREATE UNIQUE INDEX PK_CHAT
	ON CHAT (
		CHAT_NO ASC
	);

ALTER TABLE CHAT
	ADD
		CONSTRAINT PK_CHAT
		PRIMARY KEY (
			CHAT_NO
		);

/* 채팅 참여 멤버 */
CREATE TABLE MEM_CHAT (
	MEM_NO NUMBER NOT NULL, /* 회원 번호 */
	CHATROOM_NO NUMBER NOT NULL, /* 채팅방 번호 */
	CHAT_HEAD_YN CHAR NOT NULL /* 채팅 방장 여부 */
);

COMMENT ON TABLE MEM_CHAT IS '채팅 참여 멤버';

COMMENT ON COLUMN MEM_CHAT.MEM_NO IS '회원 번호';

COMMENT ON COLUMN MEM_CHAT.CHATROOM_NO IS '채팅방 번호';

COMMENT ON COLUMN MEM_CHAT.CHAT_HEAD_YN IS '채팅 방장 여부';

/* 위키 */
CREATE TABLE WIKI (
	WIKI_SID NUMBER NOT NULL, /* 위키 고유 번호 */
	PARENT_WIKI NUMBER, /* 상위 위키 고유 번호 */
	MEM_NO NUMBER NOT NULL, /* 회원 번호 */
	PROJ_NO NUMBER NOT NULL, /* 프로젝트 번호 */
	WIKI_NO NUMBER NOT NULL, /* 위키 번호 */
	WIKI_CONT VARCHAR2(3000) NOT NULL, /* 위키 내용 */
	WIKI_WRITE_DATE DATE NOT NULL /* 위키 작성 일자 */
);

COMMENT ON TABLE WIKI IS '위키';

COMMENT ON COLUMN WIKI.WIKI_SID IS '위키 고유 번호';

COMMENT ON COLUMN WIKI.PARENT_WIKI IS '상위 위키 고유 번호';

COMMENT ON COLUMN WIKI.MEM_NO IS '회원 번호';

COMMENT ON COLUMN WIKI.PROJ_NO IS '프로젝트 번호';

COMMENT ON COLUMN WIKI.WIKI_NO IS '위키 번호';

COMMENT ON COLUMN WIKI.WIKI_CONT IS '위키 내용';

COMMENT ON COLUMN WIKI.WIKI_WRITE_DATE IS '위키 작성 일자';

CREATE UNIQUE INDEX PK_WIKI
	ON WIKI (
		WIKI_SID ASC
	);

ALTER TABLE WIKI
	ADD
		CONSTRAINT PK_WIKI
		PRIMARY KEY (
			WIKI_SID
		);

/* 일대일문의 */
CREATE TABLE INQUIRY (
	INQ_NO NUMBER NOT NULL, /* 일대일 문의 번호 */
	MEM_NO NUMBER NOT NULL, /* 회원 번호 */
	INQ_CONT VARCHAR2(3000) NOT NULL, /* 문의 내용 */
	INQ_DATE DATE NOT NULL, /* 문의 일자 */
	INQ_STATUS_YN CHAR NOT NULL /* 문의 상태 */
);

COMMENT ON TABLE INQUIRY IS '일대일문의';

COMMENT ON COLUMN INQUIRY.INQ_NO IS '일대일 문의 번호';

COMMENT ON COLUMN INQUIRY.MEM_NO IS '회원 번호';

COMMENT ON COLUMN INQUIRY.INQ_CONT IS '문의 내용';

COMMENT ON COLUMN INQUIRY.INQ_DATE IS '문의 일자';

COMMENT ON COLUMN INQUIRY.INQ_STATUS_YN IS '문의 상태';

CREATE UNIQUE INDEX PK_INQUIRY
	ON INQUIRY (
		INQ_NO ASC
	);

ALTER TABLE INQUIRY
	ADD
		CONSTRAINT PK_INQUIRY
		PRIMARY KEY (
			INQ_NO
		);

/* 일대일문의 댓글 */
CREATE TABLE INQUIRY_COMMENT (
	INQ_COM_NO NUMBER NOT NULL, /* 문의 댓글 번호 */
	INQ_NO NUMBER NOT NULL, /* 일대일 문의 번호 */
	PROV_ID VARCHAR2(200) NOT NULL, /* 운영자 아이디 */
	INQ_COM_CONT VARCHAR2(500) NOT NULL, /* 댓글 내용 */
	INQ_COM_DATE DATE NOT NULL /* 댓글 작성 일자 */
);

COMMENT ON TABLE INQUIRY_COMMENT IS '일대일문의 댓글';

COMMENT ON COLUMN INQUIRY_COMMENT.INQ_COM_NO IS '문의 댓글 번호';

COMMENT ON COLUMN INQUIRY_COMMENT.INQ_NO IS '일대일 문의 번호';

COMMENT ON COLUMN INQUIRY_COMMENT.PROV_ID IS '운영자 아이디';

COMMENT ON COLUMN INQUIRY_COMMENT.INQ_COM_CONT IS '댓글 내용';

COMMENT ON COLUMN INQUIRY_COMMENT.INQ_COM_DATE IS '댓글 작성 일자';

CREATE UNIQUE INDEX PK_INQUIRY_COMMENT
	ON INQUIRY_COMMENT (
		INQ_COM_NO ASC
	);

ALTER TABLE INQUIRY_COMMENT
	ADD
		CONSTRAINT PK_INQUIRY_COMMENT
		PRIMARY KEY (
			INQ_COM_NO
		);

/* 이슈 히스토리 */
CREATE TABLE ISSUE_HISTORY (
	ISSUE_HIS_NO NUMBER NOT NULL, /* 이슈 히스토리 번호 */
	ISSUE_SID NUMBER NOT NULL, /* 이슈 고유 번호 */
	MEM_NO NUMBER NOT NULL, /* 회원 번호 */
	ISSUE_HIS_CONT VARCHAR2(3000) NOT NULL, /* 이슈 히스토리 내용 */
	ISSUE_HIS_DATE DATE NOT NULL, /* 이슈 히스토리 작성일자 */
	ISSUE_HIS_TYPE VARCHAR2(50) NOT NULL /* 이슈 히스토리 유형 */
);

COMMENT ON TABLE ISSUE_HISTORY IS '이슈 히스토리';

COMMENT ON COLUMN ISSUE_HISTORY.ISSUE_HIS_NO IS '이슈 히스토리 번호';

COMMENT ON COLUMN ISSUE_HISTORY.ISSUE_SID IS '이슈 고유 번호';

COMMENT ON COLUMN ISSUE_HISTORY.MEM_NO IS '회원 번호';

COMMENT ON COLUMN ISSUE_HISTORY.ISSUE_HIS_CONT IS '이슈 히스토리 내용';

COMMENT ON COLUMN ISSUE_HISTORY.ISSUE_HIS_DATE IS '이슈 히스토리 작성일자';

COMMENT ON COLUMN ISSUE_HISTORY.ISSUE_HIS_TYPE IS '이슈 히스토리 유형';

CREATE UNIQUE INDEX PK_ISSUE_HISTORY
	ON ISSUE_HISTORY (
		ISSUE_HIS_NO ASC
	);

ALTER TABLE ISSUE_HISTORY
	ADD
		CONSTRAINT PK_ISSUE_HISTORY
		PRIMARY KEY (
			ISSUE_HIS_NO
		);

/* 라벨 */
CREATE TABLE LABEL (
	LABEL_NO NUMBER NOT NULL, /* 라벨 번호 */
	PROJ_NO NUMBER, /* 프로젝트 번호 */
	LABEL_NAME VARCHAR2(200) NOT NULL /* 라벨 이름 */
);

COMMENT ON TABLE LABEL IS '라벨';

COMMENT ON COLUMN LABEL.LABEL_NO IS '라벨 번호';

COMMENT ON COLUMN LABEL.PROJ_NO IS '프로젝트 번호';

COMMENT ON COLUMN LABEL.LABEL_NAME IS '라벨 이름';

CREATE UNIQUE INDEX PK_LABEL
	ON LABEL (
		LABEL_NO ASC
	);

ALTER TABLE LABEL
	ADD
		CONSTRAINT PK_LABEL
		PRIMARY KEY (
			LABEL_NO
		);

/* 이슈 담당자 */
CREATE TABLE ISSUE_ASSIGNEE (
	ISSUE_ASIN_NO NUMBER NOT NULL, /* 이슈 담당자 번호 */
	MEM_NO NUMBER NOT NULL, /* 회원 번호 */
	ISSUE_SID NUMBER NOT NULL /* 이슈 고유 번호 */
);

COMMENT ON TABLE ISSUE_ASSIGNEE IS '이슈 담당자';

COMMENT ON COLUMN ISSUE_ASSIGNEE.ISSUE_ASIN_NO IS '이슈 담당자 번호';

COMMENT ON COLUMN ISSUE_ASSIGNEE.MEM_NO IS '회원 번호';

COMMENT ON COLUMN ISSUE_ASSIGNEE.ISSUE_SID IS '이슈 고유 번호';

CREATE UNIQUE INDEX PK_ISSUE_ASSIGNEE
	ON ISSUE_ASSIGNEE (
		ISSUE_ASIN_NO ASC
	);

ALTER TABLE ISSUE_ASSIGNEE
	ADD
		CONSTRAINT PK_ISSUE_ASSIGNEE
		PRIMARY KEY (
			ISSUE_ASIN_NO
		);

/* 알림 */
CREATE TABLE ALARM (
	ALARM_NO NUMBER NOT NULL, /* 알림 번호 */
	MEM_NO NUMBER NOT NULL, /* 회원 번호 */
	ALARM_CONT VARCHAR2(300) NOT NULL, /* 알림 내용 */
	ALARM_CREATE_DATE DATE NOT NULL, /* 알림 생성 시간 */
	ALARM_CHK_DATE DATE, /* 알림 확인 일자 */
	ALARM_TYPE VARCHAR2(50) NOT NULL /* 알림 유형 */
);

COMMENT ON TABLE ALARM IS '알림';

COMMENT ON COLUMN ALARM.ALARM_NO IS '알림 번호';

COMMENT ON COLUMN ALARM.MEM_NO IS '회원 번호';

COMMENT ON COLUMN ALARM.ALARM_CONT IS '알림 내용';

COMMENT ON COLUMN ALARM.ALARM_CREATE_DATE IS '알림 생성 시간';

COMMENT ON COLUMN ALARM.ALARM_CHK_DATE IS '알림 확인 일자';

COMMENT ON COLUMN ALARM.ALARM_TYPE IS '알림 유형';

CREATE UNIQUE INDEX PK_ALARM
	ON ALARM (
		ALARM_NO ASC
	);

ALTER TABLE ALARM
	ADD
		CONSTRAINT PK_ALARM
		PRIMARY KEY (
			ALARM_NO
		);

/* 보호자원 */
CREATE TABLE PROPTIS (
	PROPTIS_NO NUMBER NOT NULL, /* 보호자원 번호 */
	PROPTIS_NAME VARCHAR2(200) NOT NULL, /* 보호자원 이름 */
	PROPTIS_SORT VARCHAR2(200), /* 보호자원 구분 */
	PROPTIS_PRIORITY NUMBER, /* 보호자원 우선순위 */
	PROPTIS_EXPLAIN VARCHAR2(500) /* 보호자원 설명 */
);

COMMENT ON TABLE PROPTIS IS '보호자원';

COMMENT ON COLUMN PROPTIS.PROPTIS_NO IS '보호자원 번호';

COMMENT ON COLUMN PROPTIS.PROPTIS_NAME IS '보호자원 이름';

COMMENT ON COLUMN PROPTIS.PROPTIS_SORT IS '보호자원 구분';

COMMENT ON COLUMN PROPTIS.PROPTIS_PRIORITY IS '보호자원 우선순위';

COMMENT ON COLUMN PROPTIS.PROPTIS_EXPLAIN IS '보호자원 설명';

CREATE UNIQUE INDEX PK_PROPTIS
	ON PROPTIS (
		PROPTIS_NO ASC
	);

ALTER TABLE PROPTIS
	ADD
		CONSTRAINT PK_PROPTIS
		PRIMARY KEY (
			PROPTIS_NO
		);

/* 저장소 */
CREATE TABLE REPOSITORY (
	REPO_NO NUMBER NOT NULL, /* 저장소 번호 */
	PROJ_NO NUMBER NOT NULL, /* 프로젝트 번호 */
	REPO_URL VARCHAR2(500), /* 저장소 경로 */
	REPO_TOKEN VARCHAR2(300), /* 저장소 토큰 */
	REPO_TYPE VARCHAR2(50) NOT NULL /* 저장소 유형 */
);

COMMENT ON TABLE REPOSITORY IS '저장소';

COMMENT ON COLUMN REPOSITORY.REPO_NO IS '저장소 번호';

COMMENT ON COLUMN REPOSITORY.PROJ_NO IS '프로젝트 번호';

COMMENT ON COLUMN REPOSITORY.REPO_URL IS '저장소 경로';

COMMENT ON COLUMN REPOSITORY.REPO_TOKEN IS '저장소 토큰';

COMMENT ON COLUMN REPOSITORY.REPO_TYPE IS '저장소 유형';

CREATE UNIQUE INDEX PK_REPOSITORY
	ON REPOSITORY (
		REPO_NO ASC
	);

ALTER TABLE REPOSITORY
	ADD
		CONSTRAINT PK_REPOSITORY
		PRIMARY KEY (
			REPO_NO
		);

/* 자원 역할 */
CREATE TABLE PROPTIS_ROLE (
	PROPTIS_NO NUMBER, /* 보호자원 번호 */
	MEM_ROLE_NO NUMBER, /* 멤버 역할 번호 */
	AUTHOR NUMBER /* 권한 */
);

COMMENT ON TABLE PROPTIS_ROLE IS '자원 역할';

COMMENT ON COLUMN PROPTIS_ROLE.PROPTIS_NO IS '보호자원 번호';

COMMENT ON COLUMN PROPTIS_ROLE.MEM_ROLE_NO IS '멤버 역할 번호';

COMMENT ON COLUMN PROPTIS_ROLE.AUTHOR IS '권한';

/* 환불 정책 */
CREATE TABLE REFUND_POLICY (
	REFUND_POL_NO NUMBER NOT NULL, /* 환불 정책 번호 */
	REFUND_POL_CONT VARCHAR2(3000) /* 환불 정책 내용 */
);

COMMENT ON TABLE REFUND_POLICY IS '환불 정책';

COMMENT ON COLUMN REFUND_POLICY.REFUND_POL_NO IS '환불 정책 번호';

COMMENT ON COLUMN REFUND_POLICY.REFUND_POL_CONT IS '환불 정책 내용';

CREATE UNIQUE INDEX PK_REFUND_POLICY
	ON REFUND_POLICY (
		REFUND_POL_NO ASC
	);

ALTER TABLE REFUND_POLICY
	ADD
		CONSTRAINT PK_REFUND_POLICY
		PRIMARY KEY (
			REFUND_POL_NO
		);

/* 환불 */
CREATE TABLE REFUND (
	REFUND_NO NUMBER NOT NULL, /* 환불 번호 */
	REFUND_POL_NO NUMBER, /* 환불 정책 번호 */
	PROJ_NO NUMBER, /* 프로젝트 번호 */
	PAYMENT_NO NUMBER, /* 결제 부여 번호 */
	REFUND_DATE DATE, /* 환불 일자 */
	REFUND_CONT VARCHAR2(3000), /* 환불 내역 */
	PAY_CANCLE_DATE DATE /* 결제 취소 일자 */
);

COMMENT ON TABLE REFUND IS '환불';

COMMENT ON COLUMN REFUND.REFUND_NO IS '환불 번호';

COMMENT ON COLUMN REFUND.REFUND_POL_NO IS '환불 정책 번호';

COMMENT ON COLUMN REFUND.PROJ_NO IS '프로젝트 번호';

COMMENT ON COLUMN REFUND.PAYMENT_NO IS '결제 부여 번호';

COMMENT ON COLUMN REFUND.REFUND_DATE IS '환불 일자';

COMMENT ON COLUMN REFUND.REFUND_CONT IS '환불 내역';

COMMENT ON COLUMN REFUND.PAY_CANCLE_DATE IS '결제 취소 일자';

CREATE UNIQUE INDEX PK_REFUND
	ON REFUND (
		REFUND_NO ASC
	);

ALTER TABLE REFUND
	ADD
		CONSTRAINT PK_REFUND
		PRIMARY KEY (
			REFUND_NO
		);

/* 문의 카테고리 */
CREATE TABLE FAQ_CATEGORY (
	FAQ_CTGRY_NO NUMBER NOT NULL, /* 문의 카테고리 번호 */
	FAQ_CTGRY_NAME VARCHAR2(200) /* 문의 카테고리 이름 */
);

COMMENT ON TABLE FAQ_CATEGORY IS '문의 카테고리';

COMMENT ON COLUMN FAQ_CATEGORY.FAQ_CTGRY_NO IS '문의 카테고리 번호';

COMMENT ON COLUMN FAQ_CATEGORY.FAQ_CTGRY_NAME IS '문의 카테고리 이름';

CREATE UNIQUE INDEX PK_FAQ_CATEGORY
	ON FAQ_CATEGORY (
		FAQ_CTGRY_NO ASC
	);

ALTER TABLE FAQ_CATEGORY
	ADD
		CONSTRAINT PK_FAQ_CATEGORY
		PRIMARY KEY (
			FAQ_CTGRY_NO
		);

/* 운영자 */
CREATE TABLE PROVIDER (
	PROV_ID VARCHAR2(200) NOT NULL, /* 운영자 아이디 */
	PROV_PASS VARCHAR2(500) NOT NULL, /* 운영자 비밀번호 */
	PROV_NAME VARCHAR2(200) NOT NULL /* 운영자 이름 */
);

COMMENT ON TABLE PROVIDER IS '운영자';

COMMENT ON COLUMN PROVIDER.PROV_ID IS '운영자 아이디';

COMMENT ON COLUMN PROVIDER.PROV_PASS IS '운영자 비밀번호';

COMMENT ON COLUMN PROVIDER.PROV_NAME IS '운영자 이름';

CREATE UNIQUE INDEX PK_PROVIDER
	ON PROVIDER (
		PROV_ID ASC
	);

ALTER TABLE PROVIDER
	ADD
		CONSTRAINT PK_PROVIDER
		PRIMARY KEY (
			PROV_ID
		);

/* 공통 코드 그룹 */
CREATE TABLE COM_CODE_GRP (
	COM_CODE_GRP VARCHAR2(50) NOT NULL, /* 공통 코드 그룹 */
	COM_CODE_GRP_NM VARCHAR2(200) NOT NULL, /* 코드 그룹 명 */
	CODE_GRP_DESC VARCHAR2(500) NOT NULL, /* 코드 그룹 설명 */
	USE_YN CHAR NOT NULL /* 사용 여부 */
);

COMMENT ON TABLE COM_CODE_GRP IS '공통 코드 그룹';

COMMENT ON COLUMN COM_CODE_GRP.COM_CODE_GRP IS '공통 코드 그룹';

COMMENT ON COLUMN COM_CODE_GRP.COM_CODE_GRP_NM IS '코드 그룹 명';

COMMENT ON COLUMN COM_CODE_GRP.CODE_GRP_DESC IS '코드 그룹 설명';

COMMENT ON COLUMN COM_CODE_GRP.USE_YN IS '사용 여부';

CREATE UNIQUE INDEX PK_COM_CODE_GRP
	ON COM_CODE_GRP (
		COM_CODE_GRP ASC
	);

ALTER TABLE COM_CODE_GRP
	ADD
		CONSTRAINT PK_COM_CODE_GRP
		PRIMARY KEY (
			COM_CODE_GRP
		);

/* 공통 코드 */
CREATE TABLE COM_CODE (
	COM_CODE_GRP VARCHAR2(50) NOT NULL, /* 공통 코드 그룹 */
	COM_CODE VARCHAR2(50) NOT NULL, /* 공통 코드 */
	COM_CODE_NM VARCHAR2(200) NOT NULL, /* 공통 코드 명 */
	COM_CODE_DESC VARCHAR2(500) NOT NULL, /* 공통 코드 설명 */
	USE_YN CHAR NOT NULL /* 사용 여부 */
);

COMMENT ON TABLE COM_CODE IS '공통 코드';

COMMENT ON COLUMN COM_CODE.COM_CODE_GRP IS '공통 코드 그룹';

COMMENT ON COLUMN COM_CODE.COM_CODE IS '공통 코드';

COMMENT ON COLUMN COM_CODE.COM_CODE_NM IS '공통 코드 명';

COMMENT ON COLUMN COM_CODE.COM_CODE_DESC IS '공통 코드 설명';

COMMENT ON COLUMN COM_CODE.USE_YN IS '사용 여부';

CREATE UNIQUE INDEX PK_COM_CODE
	ON COM_CODE (
		COM_CODE_GRP ASC,
		COM_CODE ASC
	);

ALTER TABLE COM_CODE
	ADD
		CONSTRAINT PK_COM_CODE
		PRIMARY KEY (
			COM_CODE_GRP,
			COM_CODE
		);

/* 통합 첨부 파일 */
CREATE TABLE ATTACH_FILE (
	ATCH_FILE_NO NUMBER NOT NULL, /* 통합 첨부파일 번호 */
	ATCH_FILE_SEQ NUMBER NOT NULL, /* 첨부파일 순번 */
	FILE_CONT_TYPE NUMBER, /* 파일 유형 */
	REG_USER_ID VARCHAR2(200) NOT NULL, /* 등록자 ID */
	FILE_NM VARCHAR2(200) NOT NULL, /* 파일 명 */
	FILE_DOWN_CNT NUMBER NOT NULL, /* 다운 횟수 */
	BIZ_TYPE VARCHAR2(200) NOT NULL, /* 업무 구분 */
	FILE_SIZE NUMBER(10) NOT NULL, /* 파일 크기 */
	FILE_PATH VARCHAR2(500) NOT NULL, /* 파일 경로 */
	REG_DATE DATE NOT NULL, /* 등록 일자 */
	SAVE_FILE_NM VARCHAR2(200) NOT NULL, /* 저장 파일 명 */
	UPD_DATE DATE, /* 수정 일자 */
	UPD_USER_ID VARCHAR2(200) /* 수정자 ID */
);

COMMENT ON TABLE ATTACH_FILE IS '통합 첨부 파일';

COMMENT ON COLUMN ATTACH_FILE.ATCH_FILE_NO IS '통합 첨부파일 번호';

COMMENT ON COLUMN ATTACH_FILE.ATCH_FILE_SEQ IS '첨부파일 순번';

COMMENT ON COLUMN ATTACH_FILE.FILE_CONT_TYPE IS '파일 유형';

COMMENT ON COLUMN ATTACH_FILE.REG_USER_ID IS '등록자 ID';

COMMENT ON COLUMN ATTACH_FILE.FILE_NM IS '파일 명';

COMMENT ON COLUMN ATTACH_FILE.FILE_DOWN_CNT IS '다운 횟수';

COMMENT ON COLUMN ATTACH_FILE.BIZ_TYPE IS '업무 구분';

COMMENT ON COLUMN ATTACH_FILE.FILE_SIZE IS '파일 크기';

COMMENT ON COLUMN ATTACH_FILE.FILE_PATH IS '파일 경로';

COMMENT ON COLUMN ATTACH_FILE.REG_DATE IS '등록 일자';

COMMENT ON COLUMN ATTACH_FILE.SAVE_FILE_NM IS '저장 파일 명';

COMMENT ON COLUMN ATTACH_FILE.UPD_DATE IS '수정 일자';

COMMENT ON COLUMN ATTACH_FILE.UPD_USER_ID IS '수정자 ID';

CREATE UNIQUE INDEX PK_ATTACH_FILE
	ON ATTACH_FILE (
		ATCH_FILE_NO ASC,
		ATCH_FILE_SEQ ASC
	);

ALTER TABLE ATTACH_FILE
	ADD
		CONSTRAINT PK_ATTACH_FILE
		PRIMARY KEY (
			ATCH_FILE_NO,
			ATCH_FILE_SEQ
		);

/* 메뉴 */
CREATE TABLE MENU (
	MENU_ID VARCHAR2(200) NOT NULL, /* 메뉴 ID */
	UPPER_MENU_ID VARCHAR2(200), /* 상위 메뉴 ID */
	MENU_SE VARCHAR2(200) NOT NULL, /* 메뉴 구분 */
	MENU_ORD NUMBER NOT NULL, /* 메뉴 순서 */
	MENU_NM VARCHAR2(200) NOT NULL, /* 메뉴 명 */
	MENU_DESC VARCHAR2(500) NOT NULL, /* 메뉴 설명 */
	MENU_URL VARCHAR2(100) NOT NULL, /* 메뉴 URL */
	USE_YN CHAR NOT NULL /* 사용 여부 */
);

COMMENT ON TABLE MENU IS '메뉴';

COMMENT ON COLUMN MENU.MENU_ID IS '메뉴 ID';

COMMENT ON COLUMN MENU.UPPER_MENU_ID IS '상위 메뉴 ID';

COMMENT ON COLUMN MENU.MENU_SE IS '메뉴 구분';

COMMENT ON COLUMN MENU.MENU_ORD IS '메뉴 순서';

COMMENT ON COLUMN MENU.MENU_NM IS '메뉴 명';

COMMENT ON COLUMN MENU.MENU_DESC IS '메뉴 설명';

COMMENT ON COLUMN MENU.MENU_URL IS '메뉴 URL';

COMMENT ON COLUMN MENU.USE_YN IS '사용 여부';

CREATE UNIQUE INDEX PK_MENU
	ON MENU (
		MENU_ID ASC
	);

ALTER TABLE MENU
	ADD
		CONSTRAINT PK_MENU
		PRIMARY KEY (
			MENU_ID
		);

/* 권한별 메뉴 할당 */
CREATE TABLE MENU_ASSIGN (
	AUTH_GRP_CODE VARCHAR2(50) NOT NULL, /* 권한 그룹 코드 */
	MENU_ID VARCHAR2(200) NOT NULL, /* 메뉴 ID */
	READ_YN CHAR NOT NULL, /* 읽기 가능 여부 */
	WRITE_YN CHAR NOT NULL, /* 쓰기 가능 여부 */
	DELETE_YN CHAR NOT NULL /* 삭제 가능 여부 */
);

COMMENT ON TABLE MENU_ASSIGN IS '권한별 메뉴 할당';

COMMENT ON COLUMN MENU_ASSIGN.AUTH_GRP_CODE IS '권한 그룹 코드';

COMMENT ON COLUMN MENU_ASSIGN.MENU_ID IS '메뉴 ID';

COMMENT ON COLUMN MENU_ASSIGN.READ_YN IS '읽기 가능 여부';

COMMENT ON COLUMN MENU_ASSIGN.WRITE_YN IS '쓰기 가능 여부';

COMMENT ON COLUMN MENU_ASSIGN.DELETE_YN IS '삭제 가능 여부';

CREATE UNIQUE INDEX PK_MENU_ASSIGN
	ON MENU_ASSIGN (
		AUTH_GRP_CODE ASC,
		MENU_ID ASC
	);

ALTER TABLE MENU_ASSIGN
	ADD
		CONSTRAINT PK_MENU_ASSIGN
		PRIMARY KEY (
			AUTH_GRP_CODE,
			MENU_ID
		);

/* 권한 그룹 */
CREATE TABLE AUTH_CODE (
	AUTH_GRP_CODE VARCHAR2(50) NOT NULL, /* 권한 그룹 코드 */
	AUTH_GRP_NM VARCHAR2(200) NOT NULL, /* 권한 그룹 이름 */
	AUTH_GRP_DESC VARCHAR2(500) NOT NULL /* 권한 그룹 설명 */
);

COMMENT ON TABLE AUTH_CODE IS '권한 그룹';

COMMENT ON COLUMN AUTH_CODE.AUTH_GRP_CODE IS '권한 그룹 코드';

COMMENT ON COLUMN AUTH_CODE.AUTH_GRP_NM IS '권한 그룹 이름';

COMMENT ON COLUMN AUTH_CODE.AUTH_GRP_DESC IS '권한 그룹 설명';

CREATE UNIQUE INDEX PK_AUTH_CODE
	ON AUTH_CODE (
		AUTH_GRP_CODE ASC
	);

ALTER TABLE AUTH_CODE
	ADD
		CONSTRAINT PK_AUTH_CODE
		PRIMARY KEY (
			AUTH_GRP_CODE
		);

/* 사용자 권한 */
CREATE TABLE USER_AUTH (
	AUTH_GRP_CODE VARCHAR2(50) NOT NULL, /* 권한 그룹 코드 */
	USER_ID VARCHAR2(200) NOT NULL /* 회원 ID */
);

COMMENT ON TABLE USER_AUTH IS '사용자 권한';

COMMENT ON COLUMN USER_AUTH.AUTH_GRP_CODE IS '권한 그룹 코드';

COMMENT ON COLUMN USER_AUTH.USER_ID IS '회원 ID';

CREATE UNIQUE INDEX PK_USER_AUTH
	ON USER_AUTH (
		AUTH_GRP_CODE ASC,
		USER_ID ASC
	);

ALTER TABLE USER_AUTH
	ADD
		CONSTRAINT PK_USER_AUTH
		PRIMARY KEY (
			AUTH_GRP_CODE,
			USER_ID
		);

ALTER TABLE PAYMENT
	ADD
		CONSTRAINT FK_PAY_PLAN_TO_PAYMENT
		FOREIGN KEY (
			PAY_PLAN_NO
		)
		REFERENCES PAY_PLAN (
			PAY_PLAN_NO
		);

ALTER TABLE PAYMENT
	ADD
		CONSTRAINT FK_PROJECT_TO_PAYMENT
		FOREIGN KEY (
			PROJ_NO
		)
		REFERENCES PROJECT (
			PROJ_NO
		);

ALTER TABLE PROJECT
	ADD
		CONSTRAINT FK_MEMBER_TO_PROJECT
		FOREIGN KEY (
			MEM_NO
		)
		REFERENCES MEMBER (
			MEM_NO
		);

ALTER TABLE LOGGED
	ADD
		CONSTRAINT FK_MEMBER_TO_LOGGED
		FOREIGN KEY (
			MEM_NO
		)
		REFERENCES MEMBER (
			MEM_NO
		);

ALTER TABLE PROJ_MEM
	ADD
		CONSTRAINT FK_MEM_ROLE_TO_PROJ_MEM
		FOREIGN KEY (
			MEM_ROLE_NO
		)
		REFERENCES MEM_ROLE (
			MEM_ROLE_NO
		);

ALTER TABLE PROJ_MEM
	ADD
		CONSTRAINT FK_PROJECT_TO_PROJ_MEM
		FOREIGN KEY (
			PROJ_NO
		)
		REFERENCES PROJECT (
			PROJ_NO
		);

ALTER TABLE ISSUE
	ADD
		CONSTRAINT FK_LABEL_TO_ISSUE
		FOREIGN KEY (
			LABEL_NO
		)
		REFERENCES LABEL (
			LABEL_NO
		);

ALTER TABLE ISSUE
	ADD
		CONSTRAINT FK_MILESTONE_TO_ISSUE
		FOREIGN KEY (
			MILEST_SID
		)
		REFERENCES MILESTONE (
			MILEST_SID
		);

ALTER TABLE ISSUE
	ADD
		CONSTRAINT FK_ISSUE_TO_ISSUE
		FOREIGN KEY (
			PARENT_ISSUE
		)
		REFERENCES ISSUE (
			ISSUE_SID
		);

ALTER TABLE ISSUE
	ADD
		CONSTRAINT FK_MEMBER_TO_ISSUE
		FOREIGN KEY (
			MEM_NO
		)
		REFERENCES MEMBER (
			MEM_NO
		);

ALTER TABLE ISSUE
	ADD
		CONSTRAINT FK_PROJECT_TO_ISSUE
		FOREIGN KEY (
			PROJ_NO
		)
		REFERENCES PROJECT (
			PROJ_NO
		);

ALTER TABLE MILESTONE
	ADD
		CONSTRAINT FK_MEMBER_TO_MILESTONE
		FOREIGN KEY (
			MEM_NO
		)
		REFERENCES MEMBER (
			MEM_NO
		);

ALTER TABLE MILESTONE
	ADD
		CONSTRAINT FK_PROJECT_TO_MILESTONE
		FOREIGN KEY (
			PROJ_NO
		)
		REFERENCES PROJECT (
			PROJ_NO
		);

ALTER TABLE MEM_ROLE
	ADD
		CONSTRAINT FK_PROJECT_TO_MEM_ROLE
		FOREIGN KEY (
			PROJ_NO
		)
		REFERENCES PROJECT (
			PROJ_NO
		);

ALTER TABLE NEWS
	ADD
		CONSTRAINT FK_PROJECT_TO_NEWS
		FOREIGN KEY (
			PROJ_NO
		)
		REFERENCES PROJECT (
			PROJ_NO
		);

ALTER TABLE NEWS
	ADD
		CONSTRAINT FK_MEMBER_TO_NEWS
		FOREIGN KEY (
			MEM_NO
		)
		REFERENCES MEMBER (
			MEM_NO
		);

ALTER TABLE NEWS_COMMENT
	ADD
		CONSTRAINT FK_NEWS_TO_NEWS_COMMENT
		FOREIGN KEY (
			NEWS_SID
		)
		REFERENCES NEWS (
			NEWS_SID
		);

ALTER TABLE NEWS_COMMENT
	ADD
		CONSTRAINT FK_MEMBER_TO_NEWS_COMMENT
		FOREIGN KEY (
			MEM_NO
		)
		REFERENCES MEMBER (
			MEM_NO
		);

ALTER TABLE CHAT_ROOM
	ADD
		CONSTRAINT FK_PROJECT_TO_CHAT_ROOM
		FOREIGN KEY (
			PROJ_NO
		)
		REFERENCES PROJECT (
			PROJ_NO
		);

ALTER TABLE KANBAN_CARD
	ADD
		CONSTRAINT FK_KANBAN_COL_TO_KANBAN_CARD
		FOREIGN KEY (
			KB_COL_NO
		)
		REFERENCES KANBAN_COL (
			KB_COL_NO
		);

ALTER TABLE KANBAN_CARD
	ADD
		CONSTRAINT FK_ISSUE_TO_KANBAN_CARD
		FOREIGN KEY (
			ISSUE_SID
		)
		REFERENCES ISSUE (
			ISSUE_SID
		);

ALTER TABLE KANBAN_CARD
	ADD
		CONSTRAINT FK_KANBAN_CARD_TO_KANBAN_CARD
		FOREIGN KEY (
			KB_CARD_PRIV_NO
		)
		REFERENCES KANBAN_CARD (
			KB_CARD_NO
		);

ALTER TABLE KANBAN_CARD
	ADD
		CONSTRAINT FK_MEMBER_TO_KANBAN_CARD
		FOREIGN KEY (
			MEM_NO
		)
		REFERENCES MEMBER (
			MEM_NO
		);

ALTER TABLE KANBAN_COL
	ADD
		CONSTRAINT FK_PROJECT_TO_KANBAN_COL
		FOREIGN KEY (
			PROJ_NO
		)
		REFERENCES PROJECT (
			PROJ_NO
		);

ALTER TABLE KANBAN_COL
	ADD
		CONSTRAINT FK_MEMBER_TO_KANBAN_COL
		FOREIGN KEY (
			MEM_NO
		)
		REFERENCES MEMBER (
			MEM_NO
		);

ALTER TABLE KANBAN_COL
	ADD
		CONSTRAINT FK_KANBAN_COL_TO_KANBAN_COL
		FOREIGN KEY (
			KB_COL_PRIV_NO
		)
		REFERENCES KANBAN_COL (
			KB_COL_NO
		);

ALTER TABLE CHAT
	ADD
		CONSTRAINT FK_CHAT_ROOM_TO_CHAT
		FOREIGN KEY (
			CHATROOM_NO
		)
		REFERENCES CHAT_ROOM (
			CHATROOM_NO
		);

ALTER TABLE CHAT
	ADD
		CONSTRAINT FK_MEMBER_TO_CHAT
		FOREIGN KEY (
			CHAT_WRITER
		)
		REFERENCES MEMBER (
			MEM_NO
		);

ALTER TABLE MEM_CHAT
	ADD
		CONSTRAINT FK_MEMBER_TO_MEM_CHAT
		FOREIGN KEY (
			MEM_NO
		)
		REFERENCES MEMBER (
			MEM_NO
		);

ALTER TABLE MEM_CHAT
	ADD
		CONSTRAINT FK_CHAT_ROOM_TO_MEM_CHAT
		FOREIGN KEY (
			CHATROOM_NO
		)
		REFERENCES CHAT_ROOM (
			CHATROOM_NO
		);

ALTER TABLE WIKI
	ADD
		CONSTRAINT FK_MEMBER_TO_WIKI
		FOREIGN KEY (
			MEM_NO
		)
		REFERENCES MEMBER (
			MEM_NO
		);

ALTER TABLE WIKI
	ADD
		CONSTRAINT FK_PROJECT_TO_WIKI
		FOREIGN KEY (
			PROJ_NO
		)
		REFERENCES PROJECT (
			PROJ_NO
		);

ALTER TABLE WIKI
	ADD
		CONSTRAINT FK_WIKI_TO_WIKI
		FOREIGN KEY (
			PARENT_WIKI
		)
		REFERENCES WIKI (
			WIKI_SID
		);

ALTER TABLE INQUIRY
	ADD
		CONSTRAINT FK_MEMBER_TO_INQUIRY
		FOREIGN KEY (
			MEM_NO
		)
		REFERENCES MEMBER (
			MEM_NO
		);

ALTER TABLE INQUIRY_COMMENT
	ADD
		CONSTRAINT FK_INQUIRY_TO_INQUIRY_COMMENT
		FOREIGN KEY (
			INQ_NO
		)
		REFERENCES INQUIRY (
			INQ_NO
		);

ALTER TABLE INQUIRY_COMMENT
	ADD
		CONSTRAINT FK_PROVIDER_TO_INQUIRY_COMMENT
		FOREIGN KEY (
			PROV_ID
		)
		REFERENCES PROVIDER (
			PROV_ID
		);

ALTER TABLE ISSUE_HISTORY
	ADD
		CONSTRAINT FK_ISSUE_TO_ISSUE_HISTORY
		FOREIGN KEY (
			ISSUE_SID
		)
		REFERENCES ISSUE (
			ISSUE_SID
		);

ALTER TABLE ISSUE_HISTORY
	ADD
		CONSTRAINT FK_MEMBER_TO_ISSUE_HISTORY
		FOREIGN KEY (
			MEM_NO
		)
		REFERENCES MEMBER (
			MEM_NO
		);

ALTER TABLE LABEL
	ADD
		CONSTRAINT FK_PROJECT_TO_LABEL
		FOREIGN KEY (
			PROJ_NO
		)
		REFERENCES PROJECT (
			PROJ_NO
		);

ALTER TABLE ISSUE_ASSIGNEE
	ADD
		CONSTRAINT FK_ISSUE_TO_ISSUE_ASSIGNEE
		FOREIGN KEY (
			ISSUE_SID
		)
		REFERENCES ISSUE (
			ISSUE_SID
		);

ALTER TABLE ISSUE_ASSIGNEE
	ADD
		CONSTRAINT FK_MEMBER_TO_ISSUE_ASSIGNEE
		FOREIGN KEY (
			MEM_NO
		)
		REFERENCES MEMBER (
			MEM_NO
		);

ALTER TABLE ALARM
	ADD
		CONSTRAINT FK_MEMBER_TO_ALARM
		FOREIGN KEY (
			MEM_NO
		)
		REFERENCES MEMBER (
			MEM_NO
		);

ALTER TABLE REPOSITORY
	ADD
		CONSTRAINT FK_PROJECT_TO_REPOSITORY
		FOREIGN KEY (
			PROJ_NO
		)
		REFERENCES PROJECT (
			PROJ_NO
		);

ALTER TABLE PROPTIS_ROLE
	ADD
		CONSTRAINT FK_PROPTIS_TO_PROPTIS_ROLE
		FOREIGN KEY (
			PROPTIS_NO
		)
		REFERENCES PROPTIS (
			PROPTIS_NO
		);

ALTER TABLE PROPTIS_ROLE
	ADD
		CONSTRAINT FK_MEM_ROLE_TO_PROPTIS_ROLE
		FOREIGN KEY (
			MEM_ROLE_NO
		)
		REFERENCES MEM_ROLE (
			MEM_ROLE_NO
		);

ALTER TABLE REFUND
	ADD
		CONSTRAINT FK_REFUND_POLICY_TO_REFUND
		FOREIGN KEY (
			REFUND_POL_NO
		)
		REFERENCES REFUND_POLICY (
			REFUND_POL_NO
		);

ALTER TABLE REFUND
	ADD
		CONSTRAINT FK_PROJECT_TO_REFUND
		FOREIGN KEY (
			PROJ_NO
		)
		REFERENCES PROJECT (
			PROJ_NO
		);

ALTER TABLE REFUND
	ADD
		CONSTRAINT FK_PAYMENT_TO_REFUND
		FOREIGN KEY (
			PAYMENT_NO
		)
		REFERENCES PAYMENT (
			PAYMENT_NO
		);

ALTER TABLE COM_CODE
	ADD
		CONSTRAINT FK_COM_CODE_GRP_TO_COM_CODE
		FOREIGN KEY (
			COM_CODE_GRP
		)
		REFERENCES COM_CODE_GRP (
			COM_CODE_GRP
		);

ALTER TABLE MENU
	ADD
		CONSTRAINT FK_MENU_TO_MENU
		FOREIGN KEY (
			UPPER_MENU_ID
		)
		REFERENCES MENU (
			MENU_ID
		);

ALTER TABLE MENU_ASSIGN
	ADD
		CONSTRAINT FK_AUTH_CODE_TO_MENU_ASSIGN
		FOREIGN KEY (
			AUTH_GRP_CODE
		)
		REFERENCES AUTH_CODE (
			AUTH_GRP_CODE
		);

ALTER TABLE MENU_ASSIGN
	ADD
		CONSTRAINT FK_MENU_TO_MENU_ASSIGN
		FOREIGN KEY (
			MENU_ID
		)
		REFERENCES MENU (
			MENU_ID
		);

ALTER TABLE USER_AUTH
	ADD
		CONSTRAINT FK_AUTH_CODE_TO_USER_AUTH
		FOREIGN KEY (
			AUTH_GRP_CODE
		)
		REFERENCES AUTH_CODE (
			AUTH_GRP_CODE
		);

/
--------------------------------------------------------
--  DDL for Function TEST
--------------------------------------------------------

  CREATE OR REPLACE FUNCTION "TEST" (
    MYNO NUMBER,
    TARNO NUMBER    
)
RETURN NUMBER
IS
V_NO NUMBER;
BEGIN
WITH TMPROOM AS (
    SELECT DISTINCT A.*
    FROM CHAT_ROOM A INNER JOIN MEM_CHAT B 
    ON (A.CHATROOM_NO = B.CHATROOM_NO)
    WHERE MEM_NO = MYNO
),
LASTROOM AS (
SELECT R.CHATROOM_NO, MEM_NO
FROM TMPROOM R LEFT OUTER JOIN MEM_CHAT M
    ON(R.CHATROOM_NO = M.CHATROOM_NO)
WHERE R.CHATROOM_NO IN (
    SELECT CHATROOM_NO
    FROM (
        SELECT  CHATROOM_NO, COUNT(MEM_NO)CNT
        FROM MEM_CHAT
        GROUP BY CHATROOM_NO
    ) 
    WHERE CNT = 2
)
)
SELECT DISTINCT CHATROOM_NO INTO V_NO
FROM LASTROOM
WHERE MEM_NO = TARNO;
RETURN V_NO;
END;

/
--------------------------------------------------------
--  Constraints for Table PROJ_MEM
--------------------------------------------------------

  ALTER TABLE "PROJ_MEM" ADD CONSTRAINT "PK_PROJ_MEM" PRIMARY KEY ("MEM_NO", "PROJ_NO")
  USING INDEX PCTFREE 10 INITRANS 2 MAXTRANS 255 COMPUTE STATISTICS 
  STORAGE(INITIAL 65536 NEXT 1048576 MINEXTENTS 1 MAXEXTENTS 2147483645
  PCTINCREASE 0 FREELISTS 1 FREELIST GROUPS 1 BUFFER_POOL DEFAULT FLASH_CACHE DEFAULT CELL_FLASH_CACHE DEFAULT) ENABLE;
  ALTER TABLE "PROJ_MEM" MODIFY ("PROJ_JOIN_DATE" NOT NULL ENABLE);
  ALTER TABLE "PROJ_MEM" MODIFY ("MEM_ROLE_NO" NOT NULL ENABLE);
  ALTER TABLE "PROJ_MEM" MODIFY ("PROJ_NO" NOT NULL ENABLE);
  ALTER TABLE "PROJ_MEM" MODIFY ("MEM_NO" NOT NULL ENABLE);
--------------------------------------------------------
--  Constraints for Table FORBIDDEN_PROJ_TITLE
--------------------------------------------------------

  ALTER TABLE "FORBIDDEN_PROJ_TITLE" ADD CONSTRAINT "FORBIDDEN_PROJ_TITLE_PK" PRIMARY KEY ("FORBIDDEN_PROJ_TITLE")
  USING INDEX PCTFREE 10 INITRANS 2 MAXTRANS 255 COMPUTE STATISTICS 
  STORAGE(INITIAL 65536 NEXT 1048576 MINEXTENTS 1 MAXEXTENTS 2147483645
  PCTINCREASE 0 FREELISTS 1 FREELIST GROUPS 1 BUFFER_POOL DEFAULT FLASH_CACHE DEFAULT CELL_FLASH_CACHE DEFAULT) ENABLE;
  ALTER TABLE "FORBIDDEN_PROJ_TITLE" MODIFY ("FORBIDDEN_PROJ_TITLE" NOT NULL ENABLE);
--------------------------------------------------------
--  Constraints for Table ISSUE
--------------------------------------------------------

  ALTER TABLE "ISSUE" ADD CONSTRAINT "BIN$jqX3OFGvSxSM1bNVLC4kOg==$0" PRIMARY KEY ("ISSUE_SID")
  USING INDEX PCTFREE 10 INITRANS 2 MAXTRANS 255 COMPUTE STATISTICS 
  STORAGE(INITIAL 65536 NEXT 1048576 MINEXTENTS 1 MAXEXTENTS 2147483645
  PCTINCREASE 0 FREELISTS 1 FREELIST GROUPS 1 BUFFER_POOL DEFAULT FLASH_CACHE DEFAULT CELL_FLASH_CACHE DEFAULT) ENABLE;
  ALTER TABLE "ISSUE" MODIFY ("ISSUE_STATUS" NOT NULL ENABLE);
  ALTER TABLE "ISSUE" MODIFY ("ISSUE_CREATE_DATE" NOT NULL ENABLE);
  ALTER TABLE "ISSUE" MODIFY ("ISSUE_TITLE" NOT NULL ENABLE);
  ALTER TABLE "ISSUE" MODIFY ("PROJ_NO" NOT NULL ENABLE);
  ALTER TABLE "ISSUE" MODIFY ("MEM_NO" NOT NULL ENABLE);
  ALTER TABLE "ISSUE" MODIFY ("ISSUE_NO" NOT NULL ENABLE);
  ALTER TABLE "ISSUE" MODIFY ("ISSUE_SID" NOT NULL ENABLE);
--------------------------------------------------------
--  Constraints for Table LABEL
--------------------------------------------------------

  ALTER TABLE "LABEL" ADD CONSTRAINT "BIN$DvLrMaYoRfOgAm4337ZtJg==$0" PRIMARY KEY ("LABEL_NO")
  USING INDEX PCTFREE 10 INITRANS 2 MAXTRANS 255 COMPUTE STATISTICS 
  STORAGE(INITIAL 65536 NEXT 1048576 MINEXTENTS 1 MAXEXTENTS 2147483645
  PCTINCREASE 0 FREELISTS 1 FREELIST GROUPS 1 BUFFER_POOL DEFAULT FLASH_CACHE DEFAULT CELL_FLASH_CACHE DEFAULT) ENABLE;
  ALTER TABLE "LABEL" MODIFY ("LABEL_NM" NOT NULL ENABLE);
  ALTER TABLE "LABEL" MODIFY ("PROJ_NO" NOT NULL ENABLE);
  ALTER TABLE "LABEL" MODIFY ("LABEL_NO" NOT NULL ENABLE);
  ALTER TABLE "LABEL" MODIFY ("LABEL_COLOR" NOT NULL ENABLE);
  ALTER TABLE "LABEL" MODIFY ("LABEL_ICON" NOT NULL ENABLE);
--------------------------------------------------------
--  Constraints for Table KANBAN_COL
--------------------------------------------------------

  ALTER TABLE "KANBAN_COL" ADD CONSTRAINT "PK_KANBAN_COL" PRIMARY KEY ("KB_COL_NO")
  USING INDEX PCTFREE 10 INITRANS 2 MAXTRANS 255 COMPUTE STATISTICS 
  STORAGE(INITIAL 65536 NEXT 1048576 MINEXTENTS 1 MAXEXTENTS 2147483645
  PCTINCREASE 0 FREELISTS 1 FREELIST GROUPS 1 BUFFER_POOL DEFAULT FLASH_CACHE DEFAULT CELL_FLASH_CACHE DEFAULT) ENABLE;
  ALTER TABLE "KANBAN_COL" MODIFY ("KB_COL_NM" NOT NULL ENABLE);
  ALTER TABLE "KANBAN_COL" MODIFY ("PROJ_NO" NOT NULL ENABLE);
--------------------------------------------------------
--  Constraints for Table MENU
--------------------------------------------------------

  ALTER TABLE "MENU" MODIFY ("MENU_CODE" NOT NULL ENABLE);
  ALTER TABLE "MENU" MODIFY ("MENU_NM_KOR" NOT NULL ENABLE);
  ALTER TABLE "MENU" MODIFY ("MENU_NM_ENG" NOT NULL ENABLE);
  ALTER TABLE "MENU" MODIFY ("MENU_ICON" NOT NULL ENABLE);
  ALTER TABLE "MENU" ADD CONSTRAINT "MENU_PK" PRIMARY KEY ("MENU_NO")
  USING INDEX PCTFREE 10 INITRANS 2 MAXTRANS 255 COMPUTE STATISTICS 
  STORAGE(INITIAL 65536 NEXT 1048576 MINEXTENTS 1 MAXEXTENTS 2147483645
  PCTINCREASE 0 FREELISTS 1 FREELIST GROUPS 1 BUFFER_POOL DEFAULT FLASH_CACHE DEFAULT CELL_FLASH_CACHE DEFAULT) ENABLE;
  ALTER TABLE "MENU" MODIFY ("MENU_NO" NOT NULL ENABLE);
--------------------------------------------------------
--  Constraints for Table WIKI
--------------------------------------------------------

  ALTER TABLE "WIKI" ADD CONSTRAINT "BIN$ZYRse9/nSnyREdznVBopPw==$0" PRIMARY KEY ("WIKI_SID")
  USING INDEX PCTFREE 10 INITRANS 2 MAXTRANS 255 COMPUTE STATISTICS 
  STORAGE(INITIAL 65536 NEXT 1048576 MINEXTENTS 1 MAXEXTENTS 2147483645
  PCTINCREASE 0 FREELISTS 1 FREELIST GROUPS 1 BUFFER_POOL DEFAULT FLASH_CACHE DEFAULT CELL_FLASH_CACHE DEFAULT) ENABLE;
  ALTER TABLE "WIKI" MODIFY ("WIKI_WRITE_DATE" NOT NULL ENABLE);
  ALTER TABLE "WIKI" MODIFY ("WIKI_CONT" NOT NULL ENABLE);
  ALTER TABLE "WIKI" MODIFY ("WIKI_NO" NOT NULL ENABLE);
  ALTER TABLE "WIKI" MODIFY ("PROJ_NO" NOT NULL ENABLE);
  ALTER TABLE "WIKI" MODIFY ("MEM_NO" NOT NULL ENABLE);
  ALTER TABLE "WIKI" MODIFY ("WIKI_SID" NOT NULL ENABLE);
--------------------------------------------------------
--  Constraints for Table INQUIRY
--------------------------------------------------------

  ALTER TABLE "INQUIRY" ADD CONSTRAINT "BIN$bpdxajM9Tp61pUAEfDvMvA==$0" PRIMARY KEY ("INQ_NO")
  USING INDEX PCTFREE 10 INITRANS 2 MAXTRANS 255 COMPUTE STATISTICS 
  STORAGE(INITIAL 65536 NEXT 1048576 MINEXTENTS 1 MAXEXTENTS 2147483645
  PCTINCREASE 0 FREELISTS 1 FREELIST GROUPS 1 BUFFER_POOL DEFAULT FLASH_CACHE DEFAULT CELL_FLASH_CACHE DEFAULT) ENABLE;
  ALTER TABLE "INQUIRY" MODIFY ("INQ_DATE" NOT NULL ENABLE);
  ALTER TABLE "INQUIRY" MODIFY ("INQ_CONT" NOT NULL ENABLE);
  ALTER TABLE "INQUIRY" MODIFY ("MEM_NO" NOT NULL ENABLE);
  ALTER TABLE "INQUIRY" MODIFY ("INQ_NO" NOT NULL ENABLE);
--------------------------------------------------------
--  Constraints for Table ISSUE_ASSIGNEE
--------------------------------------------------------

  ALTER TABLE "ISSUE_ASSIGNEE" ADD CONSTRAINT "BIN$TypaUqKfSLKwx2BGJKEAgw==$0" PRIMARY KEY ("MEM_NO", "ISSUE_SID")
  USING INDEX PCTFREE 10 INITRANS 2 MAXTRANS 255 COMPUTE STATISTICS 
  STORAGE(INITIAL 65536 NEXT 1048576 MINEXTENTS 1 MAXEXTENTS 2147483645
  PCTINCREASE 0 FREELISTS 1 FREELIST GROUPS 1 BUFFER_POOL DEFAULT FLASH_CACHE DEFAULT CELL_FLASH_CACHE DEFAULT) ENABLE;
  ALTER TABLE "ISSUE_ASSIGNEE" MODIFY ("ISSUE_SID" NOT NULL ENABLE);
  ALTER TABLE "ISSUE_ASSIGNEE" MODIFY ("MEM_NO" NOT NULL ENABLE);
--------------------------------------------------------
--  Constraints for Table REFUND
--------------------------------------------------------

  ALTER TABLE "REFUND" ADD CONSTRAINT "BIN$m9RVUmbrReqJWHtNzfmFXQ==$0" PRIMARY KEY ("REFUND_NO")
  USING INDEX PCTFREE 10 INITRANS 2 MAXTRANS 255 COMPUTE STATISTICS 
  STORAGE(INITIAL 65536 NEXT 1048576 MINEXTENTS 1 MAXEXTENTS 2147483645
  PCTINCREASE 0 FREELISTS 1 FREELIST GROUPS 1 BUFFER_POOL DEFAULT FLASH_CACHE DEFAULT CELL_FLASH_CACHE DEFAULT) ENABLE;
  ALTER TABLE "REFUND" MODIFY ("REFUND_NO" NOT NULL ENABLE);
--------------------------------------------------------
--  Constraints for Table USER_AUTH
--------------------------------------------------------

  ALTER TABLE "USER_AUTH" ADD CONSTRAINT "PK_USER_AUTH" PRIMARY KEY ("AUTH_GRP_CODE", "MEM_NO")
  USING INDEX PCTFREE 10 INITRANS 2 MAXTRANS 255 COMPUTE STATISTICS 
  STORAGE(INITIAL 65536 NEXT 1048576 MINEXTENTS 1 MAXEXTENTS 2147483645
  PCTINCREASE 0 FREELISTS 1 FREELIST GROUPS 1 BUFFER_POOL DEFAULT FLASH_CACHE DEFAULT CELL_FLASH_CACHE DEFAULT) ENABLE;
  ALTER TABLE "USER_AUTH" MODIFY ("MEM_NO" NOT NULL ENABLE);
  ALTER TABLE "USER_AUTH" MODIFY ("AUTH_GRP_CODE" NOT NULL ENABLE);
--------------------------------------------------------
--  Constraints for Table MILESTONE
--------------------------------------------------------

  ALTER TABLE "MILESTONE" ADD CONSTRAINT "BIN$QdzV5tVSRcGu1UCahnwk+w==$0" PRIMARY KEY ("MILEST_SID")
  USING INDEX PCTFREE 10 INITRANS 2 MAXTRANS 255 COMPUTE STATISTICS 
  STORAGE(INITIAL 65536 NEXT 1048576 MINEXTENTS 1 MAXEXTENTS 2147483645
  PCTINCREASE 0 FREELISTS 1 FREELIST GROUPS 1 BUFFER_POOL DEFAULT FLASH_CACHE DEFAULT CELL_FLASH_CACHE DEFAULT) ENABLE;
  ALTER TABLE "MILESTONE" MODIFY ("MILEST_DATE" NOT NULL ENABLE);
  ALTER TABLE "MILESTONE" MODIFY ("MILEST_CONT" NOT NULL ENABLE);
  ALTER TABLE "MILESTONE" MODIFY ("MILEST_TITLE" NOT NULL ENABLE);
  ALTER TABLE "MILESTONE" MODIFY ("MILEST_NO" NOT NULL ENABLE);
  ALTER TABLE "MILESTONE" MODIFY ("PROJ_NO" NOT NULL ENABLE);
  ALTER TABLE "MILESTONE" MODIFY ("MEM_NO" NOT NULL ENABLE);
  ALTER TABLE "MILESTONE" MODIFY ("MILEST_SID" NOT NULL ENABLE);
--------------------------------------------------------
--  Constraints for Table PAY_PLAN
--------------------------------------------------------

  ALTER TABLE "PAY_PLAN" ADD CONSTRAINT "BIN$ZN/t4mhuRqStaWGTK/xRmg==$0" PRIMARY KEY ("PAY_PLAN_NO")
  USING INDEX PCTFREE 10 INITRANS 2 MAXTRANS 255 COMPUTE STATISTICS 
  STORAGE(INITIAL 65536 NEXT 1048576 MINEXTENTS 1 MAXEXTENTS 2147483645
  PCTINCREASE 0 FREELISTS 1 FREELIST GROUPS 1 BUFFER_POOL DEFAULT FLASH_CACHE DEFAULT CELL_FLASH_CACHE DEFAULT) ENABLE;
  ALTER TABLE "PAY_PLAN" MODIFY ("PAY_PLAN_PRICE" NOT NULL ENABLE);
  ALTER TABLE "PAY_PLAN" MODIFY ("PAY_PLAN_CONT" NOT NULL ENABLE);
  ALTER TABLE "PAY_PLAN" MODIFY ("PAY_PLAN_NM" NOT NULL ENABLE);
  ALTER TABLE "PAY_PLAN" MODIFY ("PAY_PLAN_NO" NOT NULL ENABLE);
--------------------------------------------------------
--  Constraints for Table PROVIDER
--------------------------------------------------------

  ALTER TABLE "PROVIDER" ADD CONSTRAINT "BIN$LJRmi9pZS0in/zwuq7PC2g==$0" PRIMARY KEY ("PROV_ID")
  USING INDEX PCTFREE 10 INITRANS 2 MAXTRANS 255 COMPUTE STATISTICS 
  STORAGE(INITIAL 65536 NEXT 1048576 MINEXTENTS 1 MAXEXTENTS 2147483645
  PCTINCREASE 0 FREELISTS 1 FREELIST GROUPS 1 BUFFER_POOL DEFAULT FLASH_CACHE DEFAULT CELL_FLASH_CACHE DEFAULT) ENABLE;
  ALTER TABLE "PROVIDER" MODIFY ("PROV_NM" NOT NULL ENABLE);
  ALTER TABLE "PROVIDER" MODIFY ("PROV_PASS" NOT NULL ENABLE);
  ALTER TABLE "PROVIDER" MODIFY ("PROV_ID" NOT NULL ENABLE);
--------------------------------------------------------
--  Constraints for Table INQUIRY_COMMENT
--------------------------------------------------------

  ALTER TABLE "INQUIRY_COMMENT" ADD CONSTRAINT "BIN$/cNx70TqRaCpPUdyYsNTUw==$0" PRIMARY KEY ("INQ_COM_NO")
  USING INDEX PCTFREE 10 INITRANS 2 MAXTRANS 255 COMPUTE STATISTICS 
  STORAGE(INITIAL 65536 NEXT 1048576 MINEXTENTS 1 MAXEXTENTS 2147483645
  PCTINCREASE 0 FREELISTS 1 FREELIST GROUPS 1 BUFFER_POOL DEFAULT FLASH_CACHE DEFAULT CELL_FLASH_CACHE DEFAULT) ENABLE;
  ALTER TABLE "INQUIRY_COMMENT" MODIFY ("INQ_COM_DATE" NOT NULL ENABLE);
  ALTER TABLE "INQUIRY_COMMENT" MODIFY ("INQ_COM_CONT" NOT NULL ENABLE);
  ALTER TABLE "INQUIRY_COMMENT" MODIFY ("INQ_NO" NOT NULL ENABLE);
  ALTER TABLE "INQUIRY_COMMENT" MODIFY ("INQ_COM_NO" NOT NULL ENABLE);
--------------------------------------------------------
--  Constraints for Table REPOSITORY
--------------------------------------------------------

  ALTER TABLE "REPOSITORY" MODIFY ("REPO_TYPE" NOT NULL ENABLE);
  ALTER TABLE "REPOSITORY" MODIFY ("PROJ_NO" NOT NULL ENABLE);
  ALTER TABLE "REPOSITORY" MODIFY ("REPO_URL" NOT NULL ENABLE);
  ALTER TABLE "REPOSITORY" ADD CONSTRAINT "REPOSITORY_PK" PRIMARY KEY ("PROJ_NO", "REPO_TYPE")
  USING INDEX PCTFREE 10 INITRANS 2 MAXTRANS 255 COMPUTE STATISTICS 
  STORAGE(INITIAL 65536 NEXT 1048576 MINEXTENTS 1 MAXEXTENTS 2147483645
  PCTINCREASE 0 FREELISTS 1 FREELIST GROUPS 1 BUFFER_POOL DEFAULT FLASH_CACHE DEFAULT CELL_FLASH_CACHE DEFAULT) ENABLE;
--------------------------------------------------------
--  Constraints for Table MEMBER
--------------------------------------------------------

  ALTER TABLE "MEMBER" MODIFY ("MEM_STATUS" NOT NULL ENABLE);
  ALTER TABLE "MEMBER" MODIFY ("MEM_PIC_FILE_NAME" NOT NULL ENABLE);
  ALTER TABLE "MEMBER" ADD CONSTRAINT "PK_MEMBER" PRIMARY KEY ("MEM_NO")
  USING INDEX PCTFREE 10 INITRANS 2 MAXTRANS 255 COMPUTE STATISTICS 
  STORAGE(INITIAL 65536 NEXT 1048576 MINEXTENTS 1 MAXEXTENTS 2147483645
  PCTINCREASE 0 FREELISTS 1 FREELIST GROUPS 1 BUFFER_POOL DEFAULT FLASH_CACHE DEFAULT CELL_FLASH_CACHE DEFAULT) ENABLE;
  ALTER TABLE "MEMBER" MODIFY ("MEM_NICK" NOT NULL ENABLE);
  ALTER TABLE "MEMBER" MODIFY ("MEM_PASS" NOT NULL ENABLE);
  ALTER TABLE "MEMBER" MODIFY ("MEM_ID" NOT NULL ENABLE);
  ALTER TABLE "MEMBER" MODIFY ("MEM_NO" NOT NULL ENABLE);
--------------------------------------------------------
--  Constraints for Table NEWS
--------------------------------------------------------

  ALTER TABLE "NEWS" ADD CONSTRAINT "BIN$9GRAojsYT6eL5CcRJ2uLfQ==$0" PRIMARY KEY ("NEWS_SID")
  USING INDEX PCTFREE 10 INITRANS 2 MAXTRANS 255 COMPUTE STATISTICS 
  STORAGE(INITIAL 65536 NEXT 1048576 MINEXTENTS 1 MAXEXTENTS 2147483645
  PCTINCREASE 0 FREELISTS 1 FREELIST GROUPS 1 BUFFER_POOL DEFAULT FLASH_CACHE DEFAULT CELL_FLASH_CACHE DEFAULT) ENABLE;
  ALTER TABLE "NEWS" MODIFY ("NEWS_WRITE_DATE" NOT NULL ENABLE);
  ALTER TABLE "NEWS" MODIFY ("NEWS_CONT" NOT NULL ENABLE);
  ALTER TABLE "NEWS" MODIFY ("NEWS_TITLE" NOT NULL ENABLE);
  ALTER TABLE "NEWS" MODIFY ("NEWS_NO" NOT NULL ENABLE);
  ALTER TABLE "NEWS" MODIFY ("MEM_NO" NOT NULL ENABLE);
  ALTER TABLE "NEWS" MODIFY ("PROJ_NO" NOT NULL ENABLE);
  ALTER TABLE "NEWS" MODIFY ("NEWS_SID" NOT NULL ENABLE);
--------------------------------------------------------
--  Constraints for Table KANBAN_CARD
--------------------------------------------------------

  ALTER TABLE "KANBAN_CARD" ADD CONSTRAINT "BIN$1bngYpGlS9iAbMcvbDdWWA==$0" PRIMARY KEY ("KB_CARD_NO")
  USING INDEX PCTFREE 10 INITRANS 2 MAXTRANS 255 COMPUTE STATISTICS 
  STORAGE(INITIAL 65536 NEXT 1048576 MINEXTENTS 1 MAXEXTENTS 2147483645
  PCTINCREASE 0 FREELISTS 1 FREELIST GROUPS 1 BUFFER_POOL DEFAULT FLASH_CACHE DEFAULT CELL_FLASH_CACHE DEFAULT) ENABLE;
  ALTER TABLE "KANBAN_CARD" MODIFY ("KB_CARD_WRITE_DATE" NOT NULL ENABLE);
  ALTER TABLE "KANBAN_CARD" MODIFY ("KB_CARD_NO" NOT NULL ENABLE);
--------------------------------------------------------
--  Constraints for Table NEWS_COMMENT
--------------------------------------------------------

  ALTER TABLE "NEWS_COMMENT" ADD CONSTRAINT "BIN$/HrS70kpSJi9pR0wQHM71Q==$0" PRIMARY KEY ("NEWS_COM_NO")
  USING INDEX PCTFREE 10 INITRANS 2 MAXTRANS 255 COMPUTE STATISTICS 
  STORAGE(INITIAL 65536 NEXT 1048576 MINEXTENTS 1 MAXEXTENTS 2147483645
  PCTINCREASE 0 FREELISTS 1 FREELIST GROUPS 1 BUFFER_POOL DEFAULT FLASH_CACHE DEFAULT CELL_FLASH_CACHE DEFAULT) ENABLE;
  ALTER TABLE "NEWS_COMMENT" MODIFY ("NEWS_COM_DATE" NOT NULL ENABLE);
  ALTER TABLE "NEWS_COMMENT" MODIFY ("NEWS_COM_CONT" NOT NULL ENABLE);
  ALTER TABLE "NEWS_COMMENT" MODIFY ("MEM_NO" NOT NULL ENABLE);
  ALTER TABLE "NEWS_COMMENT" MODIFY ("NEWS_SID" NOT NULL ENABLE);
  ALTER TABLE "NEWS_COMMENT" MODIFY ("NEWS_COM_NO" NOT NULL ENABLE);
--------------------------------------------------------
--  Constraints for Table ISSUE_HISTORY
--------------------------------------------------------

  ALTER TABLE "ISSUE_HISTORY" ADD CONSTRAINT "BIN$NKS0IJMCQ2u+/kJdz07e/w==$0" PRIMARY KEY ("ISSUE_HIS_NO")
  USING INDEX PCTFREE 10 INITRANS 2 MAXTRANS 255 COMPUTE STATISTICS 
  STORAGE(INITIAL 65536 NEXT 1048576 MINEXTENTS 1 MAXEXTENTS 2147483645
  PCTINCREASE 0 FREELISTS 1 FREELIST GROUPS 1 BUFFER_POOL DEFAULT FLASH_CACHE DEFAULT CELL_FLASH_CACHE DEFAULT) ENABLE;
  ALTER TABLE "ISSUE_HISTORY" MODIFY ("ISSUE_HIS_TYPE" NOT NULL ENABLE);
  ALTER TABLE "ISSUE_HISTORY" MODIFY ("ISSUE_HIS_DATE" NOT NULL ENABLE);
  ALTER TABLE "ISSUE_HISTORY" MODIFY ("MEM_NO" NOT NULL ENABLE);
  ALTER TABLE "ISSUE_HISTORY" MODIFY ("ISSUE_SID" NOT NULL ENABLE);
  ALTER TABLE "ISSUE_HISTORY" MODIFY ("ISSUE_HIS_NO" NOT NULL ENABLE);
--------------------------------------------------------
--  Constraints for Table COM_CODE_GRP
--------------------------------------------------------

  ALTER TABLE "COM_CODE_GRP" ADD CONSTRAINT "BIN$i+GTSh+ESk+piFLlt1ywFg==$0" PRIMARY KEY ("COM_CODE_GRP")
  USING INDEX PCTFREE 10 INITRANS 2 MAXTRANS 255 COMPUTE STATISTICS 
  STORAGE(INITIAL 65536 NEXT 1048576 MINEXTENTS 1 MAXEXTENTS 2147483645
  PCTINCREASE 0 FREELISTS 1 FREELIST GROUPS 1 BUFFER_POOL DEFAULT FLASH_CACHE DEFAULT CELL_FLASH_CACHE DEFAULT) ENABLE;
  ALTER TABLE "COM_CODE_GRP" MODIFY ("USE_YN" NOT NULL ENABLE);
  ALTER TABLE "COM_CODE_GRP" MODIFY ("CODE_GRP_DESC" NOT NULL ENABLE);
  ALTER TABLE "COM_CODE_GRP" MODIFY ("COM_CODE_GRP_NM" NOT NULL ENABLE);
  ALTER TABLE "COM_CODE_GRP" MODIFY ("COM_CODE_GRP" NOT NULL ENABLE);
--------------------------------------------------------
--  Constraints for Table AUTH_CODE
--------------------------------------------------------

  ALTER TABLE "AUTH_CODE" ADD CONSTRAINT "BIN$U40PCayoRg2jmoAuWrNERw==$0" PRIMARY KEY ("AUTH_GRP_CODE")
  USING INDEX PCTFREE 10 INITRANS 2 MAXTRANS 255 COMPUTE STATISTICS 
  STORAGE(INITIAL 65536 NEXT 1048576 MINEXTENTS 1 MAXEXTENTS 2147483645
  PCTINCREASE 0 FREELISTS 1 FREELIST GROUPS 1 BUFFER_POOL DEFAULT FLASH_CACHE DEFAULT CELL_FLASH_CACHE DEFAULT) ENABLE;
  ALTER TABLE "AUTH_CODE" MODIFY ("AUTH_GRP_DESC" NOT NULL ENABLE);
  ALTER TABLE "AUTH_CODE" MODIFY ("AUTH_GRP_NM" NOT NULL ENABLE);
  ALTER TABLE "AUTH_CODE" MODIFY ("AUTH_GRP_CODE" NOT NULL ENABLE);
--------------------------------------------------------
--  Constraints for Table CHAT_ROOM
--------------------------------------------------------

  ALTER TABLE "CHAT_ROOM" ADD CONSTRAINT "BIN$t59fUDOYSpOxFDGp7C56jA==$0" PRIMARY KEY ("CHATROOM_NO")
  USING INDEX PCTFREE 10 INITRANS 2 MAXTRANS 255 COMPUTE STATISTICS 
  STORAGE(INITIAL 65536 NEXT 1048576 MINEXTENTS 1 MAXEXTENTS 2147483645
  PCTINCREASE 0 FREELISTS 1 FREELIST GROUPS 1 BUFFER_POOL DEFAULT FLASH_CACHE DEFAULT CELL_FLASH_CACHE DEFAULT) ENABLE;
  ALTER TABLE "CHAT_ROOM" MODIFY ("CHATROOM_CREATE_DATE" NOT NULL ENABLE);
  ALTER TABLE "CHAT_ROOM" MODIFY ("CHATROOM_NO" NOT NULL ENABLE);
--------------------------------------------------------
--  Constraints for Table MEM_ROLE
--------------------------------------------------------

  ALTER TABLE "MEM_ROLE" ADD CONSTRAINT "PK_MEM_ROLE" PRIMARY KEY ("MEM_ROLE_NO")
  USING INDEX PCTFREE 10 INITRANS 2 MAXTRANS 255 COMPUTE STATISTICS 
  STORAGE(INITIAL 65536 NEXT 1048576 MINEXTENTS 1 MAXEXTENTS 2147483645
  PCTINCREASE 0 FREELISTS 1 FREELIST GROUPS 1 BUFFER_POOL DEFAULT FLASH_CACHE DEFAULT CELL_FLASH_CACHE DEFAULT) ENABLE;
  ALTER TABLE "MEM_ROLE" MODIFY ("MEM_ROLE_NM" NOT NULL ENABLE);
  ALTER TABLE "MEM_ROLE" MODIFY ("PROJ_NO" NOT NULL ENABLE);
  ALTER TABLE "MEM_ROLE" MODIFY ("MEM_ROLE_NO" NOT NULL ENABLE);
  ALTER TABLE "MEM_ROLE" MODIFY ("AUTHORITY" NOT NULL ENABLE);
--------------------------------------------------------
--  Constraints for Table ALARM
--------------------------------------------------------

  ALTER TABLE "ALARM" ADD CONSTRAINT "BIN$FyHJcXimRNWICCPkQo4nWA==$0" PRIMARY KEY ("ALARM_NO")
  USING INDEX PCTFREE 10 INITRANS 2 MAXTRANS 255 COMPUTE STATISTICS 
  STORAGE(INITIAL 65536 NEXT 1048576 MINEXTENTS 1 MAXEXTENTS 2147483645
  PCTINCREASE 0 FREELISTS 1 FREELIST GROUPS 1 BUFFER_POOL DEFAULT FLASH_CACHE DEFAULT CELL_FLASH_CACHE DEFAULT) ENABLE;
  ALTER TABLE "ALARM" MODIFY ("ALARM_TYPE" NOT NULL ENABLE);
  ALTER TABLE "ALARM" MODIFY ("ALARM_CREATE_DATE" NOT NULL ENABLE);
  ALTER TABLE "ALARM" MODIFY ("ALARM_CONT" NOT NULL ENABLE);
  ALTER TABLE "ALARM" MODIFY ("MEM_NO" NOT NULL ENABLE);
  ALTER TABLE "ALARM" MODIFY ("ALARM_NO" NOT NULL ENABLE);
--------------------------------------------------------
--  Constraints for Table PROJECT
--------------------------------------------------------

  ALTER TABLE "PROJECT" ADD CONSTRAINT "PK_PROJECT" PRIMARY KEY ("PROJ_NO")
  USING INDEX PCTFREE 10 INITRANS 2 MAXTRANS 255 COMPUTE STATISTICS 
  STORAGE(INITIAL 65536 NEXT 1048576 MINEXTENTS 1 MAXEXTENTS 2147483645
  PCTINCREASE 0 FREELISTS 1 FREELIST GROUPS 1 BUFFER_POOL DEFAULT FLASH_CACHE DEFAULT CELL_FLASH_CACHE DEFAULT) ENABLE;
  ALTER TABLE "PROJECT" MODIFY ("PROJ_START_DATE" NOT NULL ENABLE);
  ALTER TABLE "PROJECT" MODIFY ("PROJ_TITLE" NOT NULL ENABLE);
  ALTER TABLE "PROJECT" MODIFY ("PROJ_NO" NOT NULL ENABLE);
  ALTER TABLE "PROJECT" MODIFY ("PROJ_MODULE_SET" NOT NULL ENABLE);
  ALTER TABLE "PROJECT" MODIFY ("ISSUE_PRIORITY_SET" NOT NULL ENABLE);
  ALTER TABLE "PROJECT" MODIFY ("PROJ_STATUS" NOT NULL ENABLE);
--------------------------------------------------------
--  Constraints for Table COM_CODE
--------------------------------------------------------

  ALTER TABLE "COM_CODE" ADD CONSTRAINT "BIN$Mp7Q9/5lQcelqvLrUTDQSQ==$0" PRIMARY KEY ("COM_CODE_GRP", "COM_CODE")
  USING INDEX PCTFREE 10 INITRANS 2 MAXTRANS 255 COMPUTE STATISTICS 
  STORAGE(INITIAL 65536 NEXT 1048576 MINEXTENTS 1 MAXEXTENTS 2147483645
  PCTINCREASE 0 FREELISTS 1 FREELIST GROUPS 1 BUFFER_POOL DEFAULT FLASH_CACHE DEFAULT CELL_FLASH_CACHE DEFAULT) ENABLE;
  ALTER TABLE "COM_CODE" MODIFY ("USE_YN" NOT NULL ENABLE);
  ALTER TABLE "COM_CODE" MODIFY ("COM_CODE_DESC" NOT NULL ENABLE);
  ALTER TABLE "COM_CODE" MODIFY ("COM_CODE_NM" NOT NULL ENABLE);
  ALTER TABLE "COM_CODE" MODIFY ("COM_CODE" NOT NULL ENABLE);
  ALTER TABLE "COM_CODE" MODIFY ("COM_CODE_GRP" NOT NULL ENABLE);
--------------------------------------------------------
--  Constraints for Table PAYMENT
--------------------------------------------------------

  ALTER TABLE "PAYMENT" ADD CONSTRAINT "BIN$eEfnaUDSSv2/0zjqOIvcdA==$0" PRIMARY KEY ("PAYMENT_NO")
  USING INDEX PCTFREE 10 INITRANS 2 MAXTRANS 255 COMPUTE STATISTICS 
  STORAGE(INITIAL 65536 NEXT 1048576 MINEXTENTS 1 MAXEXTENTS 2147483645
  PCTINCREASE 0 FREELISTS 1 FREELIST GROUPS 1 BUFFER_POOL DEFAULT FLASH_CACHE DEFAULT CELL_FLASH_CACHE DEFAULT) ENABLE;
  ALTER TABLE "PAYMENT" MODIFY ("PAY_PLAN_NO" NOT NULL ENABLE);
  ALTER TABLE "PAYMENT" MODIFY ("PROJ_NO" NOT NULL ENABLE);
  ALTER TABLE "PAYMENT" MODIFY ("PAYMENT_NO" NOT NULL ENABLE);
--------------------------------------------------------
--  Constraints for Table FAQ
--------------------------------------------------------

  ALTER TABLE "FAQ" ADD CONSTRAINT "BIN$QLCxLQUHQQq6pJayyYr4gw==$0" PRIMARY KEY ("FAQ_NO")
  USING INDEX PCTFREE 10 INITRANS 2 MAXTRANS 255 COMPUTE STATISTICS 
  STORAGE(INITIAL 65536 NEXT 1048576 MINEXTENTS 1 MAXEXTENTS 2147483645
  PCTINCREASE 0 FREELISTS 1 FREELIST GROUPS 1 BUFFER_POOL DEFAULT FLASH_CACHE DEFAULT CELL_FLASH_CACHE DEFAULT) ENABLE;
  ALTER TABLE "FAQ" MODIFY ("FAQ_TYPE" NOT NULL ENABLE);
  ALTER TABLE "FAQ" MODIFY ("FAQ_PUBLIC_YN" NOT NULL ENABLE);
  ALTER TABLE "FAQ" MODIFY ("FAQ_DATE" NOT NULL ENABLE);
  ALTER TABLE "FAQ" MODIFY ("FAQ_ANS" NOT NULL ENABLE);
  ALTER TABLE "FAQ" MODIFY ("FAQ_QES" NOT NULL ENABLE);
  ALTER TABLE "FAQ" MODIFY ("FAQ_NO" NOT NULL ENABLE);
--------------------------------------------------------
--  Constraints for Table ATTACH_FILE
--------------------------------------------------------

  ALTER TABLE "ATTACH_FILE" MODIFY ("ATCH_FILE_NO" NOT NULL ENABLE);
  ALTER TABLE "ATTACH_FILE" MODIFY ("ATCH_FILE_SID" NOT NULL ENABLE);
  ALTER TABLE "ATTACH_FILE" ADD CONSTRAINT "BIN$ECOJsXdVSpekcdmNKGSw8w==$0" PRIMARY KEY ("ATCH_FILE_SID", "ATCH_FILE_NO")
  USING INDEX PCTFREE 10 INITRANS 2 MAXTRANS 255 COMPUTE STATISTICS 
  STORAGE(INITIAL 65536 NEXT 1048576 MINEXTENTS 1 MAXEXTENTS 2147483645
  PCTINCREASE 0 FREELISTS 1 FREELIST GROUPS 1 BUFFER_POOL DEFAULT FLASH_CACHE DEFAULT CELL_FLASH_CACHE DEFAULT) ENABLE;
  ALTER TABLE "ATTACH_FILE" MODIFY ("SAVE_FILE_NM" NOT NULL ENABLE);
  ALTER TABLE "ATTACH_FILE" MODIFY ("REG_DATE" NOT NULL ENABLE);
  ALTER TABLE "ATTACH_FILE" MODIFY ("FILE_NM" NOT NULL ENABLE);
  ALTER TABLE "ATTACH_FILE" MODIFY ("MEM_NO" NOT NULL ENABLE);
--------------------------------------------------------
--  Constraints for Table MENU_ASSIGN
--------------------------------------------------------

  ALTER TABLE "MENU_ASSIGN" ADD CONSTRAINT "BIN$ByFjF38dSm+Lq2vbjRVmBA==$0" PRIMARY KEY ("AUTH_GRP_CODE", "MENU_ID")
  USING INDEX PCTFREE 10 INITRANS 2 MAXTRANS 255 COMPUTE STATISTICS 
  STORAGE(INITIAL 65536 NEXT 1048576 MINEXTENTS 1 MAXEXTENTS 2147483645
  PCTINCREASE 0 FREELISTS 1 FREELIST GROUPS 1 BUFFER_POOL DEFAULT FLASH_CACHE DEFAULT CELL_FLASH_CACHE DEFAULT) ENABLE;
  ALTER TABLE "MENU_ASSIGN" MODIFY ("DELETE_YN" CONSTRAINT "BIN$uZUraSSgQPqXf18V6CiMFA==$0" NOT NULL ENABLE);
  ALTER TABLE "MENU_ASSIGN" MODIFY ("WRITE_YN" CONSTRAINT "BIN$mt22BGvOTl+8SxUJNUGrEQ==$0" NOT NULL ENABLE);
  ALTER TABLE "MENU_ASSIGN" MODIFY ("READ_YN" CONSTRAINT "BIN$s/Jv/nemRhmoINMrwZrkag==$0" NOT NULL ENABLE);
  ALTER TABLE "MENU_ASSIGN" MODIFY ("MENU_ID" CONSTRAINT "BIN$8QT+k5MxSWmJ4Isqq5caxQ==$0" NOT NULL ENABLE);
  ALTER TABLE "MENU_ASSIGN" MODIFY ("AUTH_GRP_CODE" CONSTRAINT "BIN$knQ5Vp+dRgGdtju7ctyXoA==$0" NOT NULL ENABLE);
--------------------------------------------------------
--  Constraints for Table PROPTIS
--------------------------------------------------------

  ALTER TABLE "PROPTIS" ADD CONSTRAINT "BIN$OlzO45uMQdeBttGRGmfhFQ==$0" PRIMARY KEY ("PROPTIS_NO")
  USING INDEX PCTFREE 10 INITRANS 2 MAXTRANS 255 COMPUTE STATISTICS 
  STORAGE(INITIAL 65536 NEXT 1048576 MINEXTENTS 1 MAXEXTENTS 2147483645
  PCTINCREASE 0 FREELISTS 1 FREELIST GROUPS 1 BUFFER_POOL DEFAULT FLASH_CACHE DEFAULT CELL_FLASH_CACHE DEFAULT) ENABLE;
  ALTER TABLE "PROPTIS" MODIFY ("PROPTIS_NM" NOT NULL ENABLE);
  ALTER TABLE "PROPTIS" MODIFY ("PROPTIS_NO" NOT NULL ENABLE);
--------------------------------------------------------
--  Constraints for Table MEM_CHAT
--------------------------------------------------------

  ALTER TABLE "MEM_CHAT" ADD CONSTRAINT "BIN$hrsVwLnzQP+HvHqaW2PX5Q==$0" PRIMARY KEY ("MEM_NO", "CHATROOM_NO")
  USING INDEX PCTFREE 10 INITRANS 2 MAXTRANS 255 COMPUTE STATISTICS 
  STORAGE(INITIAL 65536 NEXT 1048576 MINEXTENTS 1 MAXEXTENTS 2147483645
  PCTINCREASE 0 FREELISTS 1 FREELIST GROUPS 1 BUFFER_POOL DEFAULT FLASH_CACHE DEFAULT CELL_FLASH_CACHE DEFAULT) ENABLE;
  ALTER TABLE "MEM_CHAT" MODIFY ("CHATROOM_NO" NOT NULL ENABLE);
  ALTER TABLE "MEM_CHAT" MODIFY ("MEM_NO" NOT NULL ENABLE);
--------------------------------------------------------
--  Ref Constraints for Table ALARM
--------------------------------------------------------

  ALTER TABLE "ALARM" ADD CONSTRAINT "ALARM_FK1" FOREIGN KEY ("SENDER_NO")
	  REFERENCES "MEMBER" ("MEM_NO") ENABLE;
--------------------------------------------------------
--  Ref Constraints for Table KANBAN_COL
--------------------------------------------------------

  ALTER TABLE "KANBAN_COL" ADD CONSTRAINT "FK_KANBAN_COL_TO_KANBAN_COL" FOREIGN KEY ("KB_COL_PRIV_NO")
	  REFERENCES "KANBAN_COL" ("KB_COL_NO") ENABLE;
  ALTER TABLE "KANBAN_COL" ADD CONSTRAINT "FK_PROJECT_TO_KANBAN_COL" FOREIGN KEY ("PROJ_NO")
	  REFERENCES "PROJECT" ("PROJ_NO") ENABLE;
--------------------------------------------------------
--  Ref Constraints for Table MEM_ROLE
--------------------------------------------------------

  ALTER TABLE "MEM_ROLE" ADD CONSTRAINT "FK_PROJECT_TO_MEM_ROLE" FOREIGN KEY ("PROJ_NO")
	  REFERENCES "PROJECT" ("PROJ_NO") ENABLE;
--------------------------------------------------------
--  Ref Constraints for Table MENU
--------------------------------------------------------

  ALTER TABLE "MENU" ADD CONSTRAINT "MENUPARENT" FOREIGN KEY ("MENU_PARENT")
	  REFERENCES "MENU" ("MENU_NO") ENABLE;
--------------------------------------------------------
--  Ref Constraints for Table PROJECT
--------------------------------------------------------

  ALTER TABLE "PROJECT" ADD CONSTRAINT "FK_MEMBER_TO_PROJECT" FOREIGN KEY ("MEM_NO")
	  REFERENCES "MEMBER" ("MEM_NO") ENABLE;
--------------------------------------------------------
--  Ref Constraints for Table PROJ_MEM
--------------------------------------------------------

  ALTER TABLE "PROJ_MEM" ADD CONSTRAINT "FK_MEMBER_TO_PROJ_MEM" FOREIGN KEY ("MEM_NO")
	  REFERENCES "MEMBER" ("MEM_NO") ENABLE;
  ALTER TABLE "PROJ_MEM" ADD CONSTRAINT "FK_MEM_ROLE_TO_PROJ_MEM" FOREIGN KEY ("MEM_ROLE_NO")
	  REFERENCES "MEM_ROLE" ("MEM_ROLE_NO") ENABLE;
  ALTER TABLE "PROJ_MEM" ADD CONSTRAINT "FK_PROJECT_TO_PROJ_MEM" FOREIGN KEY ("PROJ_NO")
	  REFERENCES "PROJECT" ("PROJ_NO") ENABLE;
