--------------------------------------------------------
--  File created - Monday-June-14-2021   
--------------------------------------------------------
--------------------------------------------------------
--  DDL for Sequence ALARM_SEQ
--------------------------------------------------------

   CREATE SEQUENCE  "ALARM_SEQ"  MINVALUE 1 MAXVALUE 9999999999999999999999999999 INCREMENT BY 1 START WITH 1 CACHE 20 NOORDER  NOCYCLE ;
--------------------------------------------------------
--  DDL for Sequence ATCH_FILE_NO_SEQ
--------------------------------------------------------

   CREATE SEQUENCE  "ATCH_FILE_NO_SEQ"  MINVALUE 1 MAXVALUE 9999999999999999999999999999 INCREMENT BY 1 START WITH 1 CACHE 20 NOORDER  NOCYCLE ;
--------------------------------------------------------
--  DDL for Sequence ATCH_FILE_SEQ
--------------------------------------------------------

   CREATE SEQUENCE  "ATCH_FILE_SEQ"  MINVALUE 1 MAXVALUE 9999999999999999999999999999 INCREMENT BY 1 START WITH 1 CACHE 20 NOORDER  NOCYCLE ;
--------------------------------------------------------
--  DDL for Sequence BASIC_ROLE_SEQ
--------------------------------------------------------

   CREATE SEQUENCE  "BASIC_ROLE_SEQ"  MINVALUE 1 MAXVALUE 9999999999999999999999999999 INCREMENT BY 1 START WITH 1 CACHE 20 NOORDER  NOCYCLE ;
--------------------------------------------------------
--  DDL for Sequence CHATROOM_SEQ
--------------------------------------------------------

   CREATE SEQUENCE  "CHATROOM_SEQ"  MINVALUE 1 MAXVALUE 9999999999999999999999999999 INCREMENT BY 1 START WITH 1 CACHE 20 NOORDER  NOCYCLE ;
--------------------------------------------------------
--  DDL for Sequence CHAT_SEQ
--------------------------------------------------------

   CREATE SEQUENCE  "CHAT_SEQ"  MINVALUE 1 MAXVALUE 9999999999999999999999999999 INCREMENT BY 1 START WITH 1 CACHE 20 NOORDER  NOCYCLE ;
--------------------------------------------------------
--  DDL for Sequence FAQ_SEQ
--------------------------------------------------------

   CREATE SEQUENCE  "FAQ_SEQ"  MINVALUE 1 MAXVALUE 9999999999999999999999999999 INCREMENT BY 1 START WITH 21 CACHE 20 NOORDER  NOCYCLE ;
--------------------------------------------------------
--  DDL for Sequence INQ_COM_SEQ
--------------------------------------------------------

   CREATE SEQUENCE  "INQ_COM_SEQ"  MINVALUE 1 MAXVALUE 9999999999999999999999999999 INCREMENT BY 1 START WITH 61 CACHE 20 NOORDER  NOCYCLE ;
--------------------------------------------------------
--  DDL for Sequence INQ_SEQ
--------------------------------------------------------

   CREATE SEQUENCE  "INQ_SEQ"  MINVALUE 1 MAXVALUE 9999999999999999999999999999 INCREMENT BY 1 START WITH 1 CACHE 20 NOORDER  NOCYCLE ;
--------------------------------------------------------
--  DDL for Sequence ISSUE_HIS_SEQ
--------------------------------------------------------

   CREATE SEQUENCE  "ISSUE_HIS_SEQ"  MINVALUE 1 MAXVALUE 9999999999999999999999999999 INCREMENT BY 1 START WITH 1 CACHE 20 NOORDER  NOCYCLE ;
--------------------------------------------------------
--  DDL for Sequence ISSUE_NO_SEQ
--------------------------------------------------------

   CREATE SEQUENCE  "ISSUE_NO_SEQ"  MINVALUE 1 MAXVALUE 9999999999999999999999999999 INCREMENT BY 1 START WITH 1 CACHE 20 NOORDER  NOCYCLE ;
--------------------------------------------------------
--  DDL for Sequence ISSUE_SID_SEQ
--------------------------------------------------------

   CREATE SEQUENCE  "ISSUE_SID_SEQ"  MINVALUE 1 MAXVALUE 9999999999999999999999999999 INCREMENT BY 1 START WITH 1 CACHE 20 NOORDER  NOCYCLE ;
--------------------------------------------------------
--  DDL for Sequence KANBAN_CARD_SEQ
--------------------------------------------------------

   CREATE SEQUENCE  "KANBAN_CARD_SEQ"  MINVALUE 1 MAXVALUE 9999999999999999999999999999 INCREMENT BY 1 START WITH 1 CACHE 20 NOORDER  NOCYCLE ;
--------------------------------------------------------
--  DDL for Sequence KANBAN_COLUMN_SEQ
--------------------------------------------------------

   CREATE SEQUENCE  "KANBAN_COLUMN_SEQ"  MINVALUE 1 MAXVALUE 9999999999999999999999999999 INCREMENT BY 1 START WITH 1 CACHE 20 NOORDER  NOCYCLE ;
--------------------------------------------------------
--  DDL for Sequence LABEL_SEQ
--------------------------------------------------------

   CREATE SEQUENCE  "LABEL_SEQ"  MINVALUE 1 MAXVALUE 9999999999999999999999999999 INCREMENT BY 1 START WITH 1 CACHE 20 NOORDER  NOCYCLE ;
--------------------------------------------------------
--  DDL for Sequence LOGGED_SEQ
--------------------------------------------------------

   CREATE SEQUENCE  "LOGGED_SEQ"  MINVALUE 1 MAXVALUE 9999999999999999999999999999 INCREMENT BY 1 START WITH 1 CACHE 20 NOORDER  NOCYCLE ;
--------------------------------------------------------
--  DDL for Sequence MEM_ROLE_SEQ
--------------------------------------------------------

   CREATE SEQUENCE  "MEM_ROLE_SEQ"  MINVALUE 1 MAXVALUE 9999999999999999999999999999 INCREMENT BY 1 START WITH 1 CACHE 20 NOORDER  NOCYCLE ;
--------------------------------------------------------
--  DDL for Sequence MEM_SEQ
--------------------------------------------------------

   CREATE SEQUENCE  "MEM_SEQ"  MINVALUE 1 MAXVALUE 9999999999999999999999999999 INCREMENT BY 1 START WITH 181 CACHE 20 NOORDER  NOCYCLE ;
--------------------------------------------------------
--  DDL for Sequence MILEST_SEQ
--------------------------------------------------------

   CREATE SEQUENCE  "MILEST_SEQ"  MINVALUE 1 MAXVALUE 9999999999999999999999999999 INCREMENT BY 1 START WITH 61 CACHE 20 NOORDER  NOCYCLE ;
--------------------------------------------------------
--  DDL for Sequence NEWS_COM_SEQ
--------------------------------------------------------

   CREATE SEQUENCE  "NEWS_COM_SEQ"  MINVALUE 1 MAXVALUE 9999999999999999999999999999 INCREMENT BY 1 START WITH 1 CACHE 20 NOORDER  NOCYCLE ;
--------------------------------------------------------
--  DDL for Sequence NEWS_SEQ
--------------------------------------------------------

   CREATE SEQUENCE  "NEWS_SEQ"  MINVALUE 1 MAXVALUE 9999999999999999999999999999 INCREMENT BY 1 START WITH 1 CACHE 20 NOORDER  NOCYCLE ;
--------------------------------------------------------
--  DDL for Sequence PAYMENT_SEQ
--------------------------------------------------------

   CREATE SEQUENCE  "PAYMENT_SEQ"  MINVALUE 1 MAXVALUE 9999999999999999999999999999 INCREMENT BY 1 START WITH 1 CACHE 20 NOORDER  NOCYCLE ;
--------------------------------------------------------
--  DDL for Sequence PAY_PLAN_SEQ
--------------------------------------------------------

   CREATE SEQUENCE  "PAY_PLAN_SEQ"  MINVALUE 1 MAXVALUE 9999999999999999999999999999 INCREMENT BY 1 START WITH 1 CACHE 20 NOORDER  NOCYCLE ;
--------------------------------------------------------
--  DDL for Sequence PROJ_MEM_SEQ
--------------------------------------------------------

   CREATE SEQUENCE  "PROJ_MEM_SEQ"  MINVALUE 1 MAXVALUE 9999999999999999999999999999 INCREMENT BY 1 START WITH 1 CACHE 20 NOORDER  NOCYCLE ;
--------------------------------------------------------
--  DDL for Sequence PROJ_SEQ
--------------------------------------------------------

   CREATE SEQUENCE  "PROJ_SEQ"  MINVALUE 1 MAXVALUE 9999999999999999999999999999 INCREMENT BY 1 START WITH 41 CACHE 20 NOORDER  NOCYCLE ;
--------------------------------------------------------
--  DDL for Sequence PROPTIS_SEQ
--------------------------------------------------------

   CREATE SEQUENCE  "PROPTIS_SEQ"  MINVALUE 1 MAXVALUE 9999999999999999999999999999 INCREMENT BY 1 START WITH 1 CACHE 20 NOORDER  NOCYCLE ;
--------------------------------------------------------
--  DDL for Sequence REFUND_POL_SEQ
--------------------------------------------------------

   CREATE SEQUENCE  "REFUND_POL_SEQ"  MINVALUE 1 MAXVALUE 9999999999999999999999999999 INCREMENT BY 1 START WITH 1 CACHE 20 NOORDER  NOCYCLE ;
--------------------------------------------------------
--  DDL for Sequence REFUND_SEQ
--------------------------------------------------------

   CREATE SEQUENCE  "REFUND_SEQ"  MINVALUE 1 MAXVALUE 9999999999999999999999999999 INCREMENT BY 1 START WITH 1 CACHE 20 NOORDER  NOCYCLE ;
--------------------------------------------------------
--  DDL for Sequence REPO_SEQ
--------------------------------------------------------

   CREATE SEQUENCE  "REPO_SEQ"  MINVALUE 1 MAXVALUE 9999999999999999999999999999 INCREMENT BY 1 START WITH 1 CACHE 20 NOORDER  NOCYCLE ;
--------------------------------------------------------
--  DDL for Sequence WIKI_MODI_SEQ
--------------------------------------------------------

   CREATE SEQUENCE  "WIKI_MODI_SEQ"  MINVALUE 1 MAXVALUE 9999999999999999999999999999 INCREMENT BY 1 START WITH 1 CACHE 20 NOORDER  NOCYCLE ;
--------------------------------------------------------
--  DDL for Sequence WIKI_SEQ
--------------------------------------------------------

   CREATE SEQUENCE  "WIKI_SEQ"  MINVALUE 1 MAXVALUE 9999999999999999999999999999 INCREMENT BY 1 START WITH 1 CACHE 20 NOORDER  NOCYCLE ;
--------------------------------------------------------
--  DDL for Table ALARM
--------------------------------------------------------

  CREATE TABLE "ALARM" 
   (	"ALARM_NO" NUMBER, 
	"MEM_NO" NUMBER, 
	"ALARM_CONT" VARCHAR2(4000 BYTE), 
	"ALARM_CREATE_DATE" DATE, 
	"ALARM_CHK_DATE" DATE, 
	"ALARM_TYPE" VARCHAR2(50 BYTE), 
	"SENDER_NO" NUMBER
   ) SEGMENT CREATION IMMEDIATE 
  PCTFREE 10 PCTUSED 40 INITRANS 1 MAXTRANS 255 NOCOMPRESS LOGGING
  STORAGE(INITIAL 65536 NEXT 1048576 MINEXTENTS 1 MAXEXTENTS 2147483645
  PCTINCREASE 0 FREELISTS 1 FREELIST GROUPS 1 BUFFER_POOL DEFAULT FLASH_CACHE DEFAULT CELL_FLASH_CACHE DEFAULT)
  TABLESPACE "TS_202011F" ;

   COMMENT ON COLUMN "ALARM"."ALARM_NO" IS '알림 번호';
   COMMENT ON COLUMN "ALARM"."MEM_NO" IS '알림 받는 회원 번호';
   COMMENT ON COLUMN "ALARM"."ALARM_CONT" IS '알림 내용';
   COMMENT ON COLUMN "ALARM"."ALARM_CREATE_DATE" IS '알림 생성 시간';
   COMMENT ON COLUMN "ALARM"."ALARM_CHK_DATE" IS '알림 확인 일자';
   COMMENT ON COLUMN "ALARM"."ALARM_TYPE" IS '알림 유형';
   COMMENT ON COLUMN "ALARM"."SENDER_NO" IS '알람 유발자
';
   COMMENT ON TABLE "ALARM"  IS '알림';
--------------------------------------------------------
--  DDL for Table ATTACH_FILE
--------------------------------------------------------

  CREATE TABLE "ATTACH_FILE" 
   (	"ATCH_FILE_SID" NUMBER, 
	"ATCH_FILE_NO" NUMBER, 
	"MEM_NO" NUMBER, 
	"FILE_NM" VARCHAR2(200 BYTE), 
	"FILE_DOWN_CNT" NUMBER, 
	"FILE_SIZE" NUMBER, 
	"FILE_PATH" VARCHAR2(500 BYTE), 
	"REG_DATE" DATE, 
	"SAVE_FILE_NM" VARCHAR2(200 BYTE), 
	"UPD_DATE" DATE, 
	"UPD_MEM_NO" VARCHAR2(200 BYTE), 
	"BIZ_TYPE" VARCHAR2(200 BYTE), 
	"FILE_CONT_TYPE" VARCHAR2(200 BYTE)
   ) SEGMENT CREATION IMMEDIATE 
  PCTFREE 10 PCTUSED 40 INITRANS 1 MAXTRANS 255 NOCOMPRESS LOGGING
  STORAGE(INITIAL 65536 NEXT 1048576 MINEXTENTS 1 MAXEXTENTS 2147483645
  PCTINCREASE 0 FREELISTS 1 FREELIST GROUPS 1 BUFFER_POOL DEFAULT FLASH_CACHE DEFAULT CELL_FLASH_CACHE DEFAULT)
  TABLESPACE "TS_202011F" ;

   COMMENT ON COLUMN "ATTACH_FILE"."ATCH_FILE_SID" IS '통합 첨부파일 고유 번호';
   COMMENT ON COLUMN "ATTACH_FILE"."ATCH_FILE_NO" IS '첨부파일 순번';
   COMMENT ON COLUMN "ATTACH_FILE"."MEM_NO" IS '첨부파일 작성 회원 번호';
   COMMENT ON COLUMN "ATTACH_FILE"."FILE_NM" IS '파일 이름';
   COMMENT ON COLUMN "ATTACH_FILE"."FILE_DOWN_CNT" IS '다운 횟수';
   COMMENT ON COLUMN "ATTACH_FILE"."FILE_SIZE" IS '파일 크기';
   COMMENT ON COLUMN "ATTACH_FILE"."FILE_PATH" IS '파일 경로';
   COMMENT ON COLUMN "ATTACH_FILE"."REG_DATE" IS '등록 일자';
   COMMENT ON COLUMN "ATTACH_FILE"."SAVE_FILE_NM" IS '저장 파일 이름';
   COMMENT ON COLUMN "ATTACH_FILE"."UPD_DATE" IS '수정 일자';
   COMMENT ON COLUMN "ATTACH_FILE"."UPD_MEM_NO" IS '수정자 회원 번호';
   COMMENT ON COLUMN "ATTACH_FILE"."BIZ_TYPE" IS '업무 구분';
   COMMENT ON COLUMN "ATTACH_FILE"."FILE_CONT_TYPE" IS '파일 유형';
   COMMENT ON TABLE "ATTACH_FILE"  IS '통합 첨부 파일';
--------------------------------------------------------
--  DDL for Table AUTH_CODE
--------------------------------------------------------

  CREATE TABLE "AUTH_CODE" 
   (	"AUTH_GRP_CODE" VARCHAR2(50 BYTE), 
	"AUTH_GRP_NM" VARCHAR2(200 BYTE), 
	"AUTH_GRP_DESC" VARCHAR2(500 BYTE)
   ) SEGMENT CREATION IMMEDIATE 
  PCTFREE 10 PCTUSED 40 INITRANS 1 MAXTRANS 255 NOCOMPRESS LOGGING
  STORAGE(INITIAL 65536 NEXT 1048576 MINEXTENTS 1 MAXEXTENTS 2147483645
  PCTINCREASE 0 FREELISTS 1 FREELIST GROUPS 1 BUFFER_POOL DEFAULT FLASH_CACHE DEFAULT CELL_FLASH_CACHE DEFAULT)
  TABLESPACE "TS_202011F" ;

   COMMENT ON COLUMN "AUTH_CODE"."AUTH_GRP_CODE" IS '권한 그룹 코드';
   COMMENT ON COLUMN "AUTH_CODE"."AUTH_GRP_NM" IS '권한 그룹 이름';
   COMMENT ON COLUMN "AUTH_CODE"."AUTH_GRP_DESC" IS '권한 그룹 설명';
   COMMENT ON TABLE "AUTH_CODE"  IS '권한 그룹';
--------------------------------------------------------
--  DDL for Table CHAT_ROOM
--------------------------------------------------------

  CREATE TABLE "CHAT_ROOM" 
   (	"CHATROOM_NO" NUMBER, 
	"CHATROOM_TITLE" VARCHAR2(200 BYTE), 
	"CHATROOM_CREATE_DATE" DATE, 
	"CHATROOM_ALARM" CHAR(1 BYTE)
   ) SEGMENT CREATION IMMEDIATE 
  PCTFREE 10 PCTUSED 40 INITRANS 1 MAXTRANS 255 NOCOMPRESS LOGGING
  STORAGE(INITIAL 65536 NEXT 1048576 MINEXTENTS 1 MAXEXTENTS 2147483645
  PCTINCREASE 0 FREELISTS 1 FREELIST GROUPS 1 BUFFER_POOL DEFAULT FLASH_CACHE DEFAULT CELL_FLASH_CACHE DEFAULT)
  TABLESPACE "TS_202011F" ;

   COMMENT ON COLUMN "CHAT_ROOM"."CHATROOM_NO" IS '채팅방 번호';
   COMMENT ON COLUMN "CHAT_ROOM"."CHATROOM_TITLE" IS '채팅방 제목';
   COMMENT ON COLUMN "CHAT_ROOM"."CHATROOM_CREATE_DATE" IS '채팅방 공개 여부';
   COMMENT ON COLUMN "CHAT_ROOM"."CHATROOM_ALARM" IS '채팅방 알람 여부';
   COMMENT ON TABLE "CHAT_ROOM"  IS '채팅방';
--------------------------------------------------------
--  DDL for Table COM_CODE
--------------------------------------------------------

  CREATE TABLE "COM_CODE" 
   (	"COM_CODE_GRP" VARCHAR2(50 BYTE), 
	"COM_CODE" VARCHAR2(50 BYTE), 
	"COM_CODE_NM" VARCHAR2(200 BYTE), 
	"COM_CODE_DESC" VARCHAR2(400 BYTE), 
	"USE_YN" CHAR(1 BYTE)
   ) SEGMENT CREATION IMMEDIATE 
  PCTFREE 10 PCTUSED 40 INITRANS 1 MAXTRANS 255 NOCOMPRESS LOGGING
  STORAGE(INITIAL 65536 NEXT 1048576 MINEXTENTS 1 MAXEXTENTS 2147483645
  PCTINCREASE 0 FREELISTS 1 FREELIST GROUPS 1 BUFFER_POOL DEFAULT FLASH_CACHE DEFAULT CELL_FLASH_CACHE DEFAULT)
  TABLESPACE "TS_202011F" ;

   COMMENT ON COLUMN "COM_CODE"."COM_CODE_GRP" IS '공통 코드 그룹';
   COMMENT ON COLUMN "COM_CODE"."COM_CODE" IS '공통 코드';
   COMMENT ON COLUMN "COM_CODE"."COM_CODE_NM" IS '공통 코드 이름';
   COMMENT ON COLUMN "COM_CODE"."COM_CODE_DESC" IS '공통 코드 설명';
   COMMENT ON COLUMN "COM_CODE"."USE_YN" IS '사용 여부';
   COMMENT ON TABLE "COM_CODE"  IS '공통 코드';
--------------------------------------------------------
--  DDL for Table COM_CODE_GRP
--------------------------------------------------------

  CREATE TABLE "COM_CODE_GRP" 
   (	"COM_CODE_GRP" VARCHAR2(50 BYTE), 
	"COM_CODE_GRP_NM" VARCHAR2(200 BYTE), 
	"CODE_GRP_DESC" VARCHAR2(500 BYTE), 
	"USE_YN" CHAR(1 BYTE)
   ) SEGMENT CREATION IMMEDIATE 
  PCTFREE 10 PCTUSED 40 INITRANS 1 MAXTRANS 255 NOCOMPRESS LOGGING
  STORAGE(INITIAL 65536 NEXT 1048576 MINEXTENTS 1 MAXEXTENTS 2147483645
  PCTINCREASE 0 FREELISTS 1 FREELIST GROUPS 1 BUFFER_POOL DEFAULT FLASH_CACHE DEFAULT CELL_FLASH_CACHE DEFAULT)
  TABLESPACE "TS_202011F" ;

   COMMENT ON COLUMN "COM_CODE_GRP"."COM_CODE_GRP" IS '공통 코드 그룹';
   COMMENT ON COLUMN "COM_CODE_GRP"."COM_CODE_GRP_NM" IS '코드 그룹 이름';
   COMMENT ON COLUMN "COM_CODE_GRP"."CODE_GRP_DESC" IS '코드 그룹 설명';
   COMMENT ON COLUMN "COM_CODE_GRP"."USE_YN" IS '사용 여부';
   COMMENT ON TABLE "COM_CODE_GRP"  IS '공통 코드 그룹';
--------------------------------------------------------
--  DDL for Table FAQ
--------------------------------------------------------

  CREATE TABLE "FAQ" 
   (	"FAQ_NO" NUMBER, 
	"FAQ_QES" VARCHAR2(4000 BYTE), 
	"FAQ_ANS" VARCHAR2(4000 BYTE), 
	"FAQ_DATE" DATE, 
	"FAQ_PUBLIC_YN" CHAR(1 BYTE), 
	"FAQ_COUNT" NUMBER, 
	"FAQ_TYPE" VARCHAR2(50 BYTE)
   ) SEGMENT CREATION IMMEDIATE 
  PCTFREE 10 PCTUSED 40 INITRANS 1 MAXTRANS 255 NOCOMPRESS LOGGING
  STORAGE(INITIAL 65536 NEXT 1048576 MINEXTENTS 1 MAXEXTENTS 2147483645
  PCTINCREASE 0 FREELISTS 1 FREELIST GROUPS 1 BUFFER_POOL DEFAULT FLASH_CACHE DEFAULT CELL_FLASH_CACHE DEFAULT)
  TABLESPACE "TS_202011F" ;

   COMMENT ON COLUMN "FAQ"."FAQ_NO" IS '문의 번호';
   COMMENT ON COLUMN "FAQ"."FAQ_QES" IS '질문';
   COMMENT ON COLUMN "FAQ"."FAQ_ANS" IS '답변';
   COMMENT ON COLUMN "FAQ"."FAQ_DATE" IS '작성일';
   COMMENT ON COLUMN "FAQ"."FAQ_PUBLIC_YN" IS '공개 여부';
   COMMENT ON COLUMN "FAQ"."FAQ_COUNT" IS '조회수';
   COMMENT ON COLUMN "FAQ"."FAQ_TYPE" IS '문의 유형';
   COMMENT ON TABLE "FAQ"  IS 'FAQ';
--------------------------------------------------------
--  DDL for Table FORBIDDEN_PROJ_TITLE
--------------------------------------------------------

  CREATE TABLE "FORBIDDEN_PROJ_TITLE" 
   (	"FORBIDDEN_PROJ_TITLE" VARCHAR2(200 BYTE), 
	"REASON" VARCHAR2(100 BYTE)
   ) SEGMENT CREATION IMMEDIATE 
  PCTFREE 10 PCTUSED 40 INITRANS 1 MAXTRANS 255 NOCOMPRESS LOGGING
  STORAGE(INITIAL 65536 NEXT 1048576 MINEXTENTS 1 MAXEXTENTS 2147483645
  PCTINCREASE 0 FREELISTS 1 FREELIST GROUPS 1 BUFFER_POOL DEFAULT FLASH_CACHE DEFAULT CELL_FLASH_CACHE DEFAULT)
  TABLESPACE "TS_202011F" ;
--------------------------------------------------------
--  DDL for Table INQUIRY
--------------------------------------------------------

  CREATE TABLE "INQUIRY" 
   (	"INQ_NO" NUMBER, 
	"MEM_NO" NUMBER, 
	"INQ_CONT" VARCHAR2(4000 BYTE), 
	"INQ_DATE" DATE, 
	"INQ_STATUS_YN" CHAR(1 BYTE), 
	"ATCH_FILE_SID" NUMBER
   ) SEGMENT CREATION IMMEDIATE 
  PCTFREE 10 PCTUSED 40 INITRANS 1 MAXTRANS 255 NOCOMPRESS LOGGING
  STORAGE(INITIAL 65536 NEXT 1048576 MINEXTENTS 1 MAXEXTENTS 2147483645
  PCTINCREASE 0 FREELISTS 1 FREELIST GROUPS 1 BUFFER_POOL DEFAULT FLASH_CACHE DEFAULT CELL_FLASH_CACHE DEFAULT)
  TABLESPACE "TS_202011F" ;

   COMMENT ON COLUMN "INQUIRY"."INQ_NO" IS '일대일 문의 번호';
   COMMENT ON COLUMN "INQUIRY"."MEM_NO" IS '일대일 문의 회원 번호';
   COMMENT ON COLUMN "INQUIRY"."INQ_CONT" IS '문의 내용';
   COMMENT ON COLUMN "INQUIRY"."INQ_DATE" IS '문의 일자';
   COMMENT ON COLUMN "INQUIRY"."INQ_STATUS_YN" IS '문의 상태';
   COMMENT ON COLUMN "INQUIRY"."ATCH_FILE_SID" IS '통합 첨부파일 고유 번호';
   COMMENT ON TABLE "INQUIRY"  IS '일대일문의';
--------------------------------------------------------
--  DDL for Table INQUIRY_COMMENT
--------------------------------------------------------

  CREATE TABLE "INQUIRY_COMMENT" 
   (	"INQ_COM_NO" NUMBER, 
	"INQ_NO" NUMBER, 
	"PROV_ID" VARCHAR2(200 BYTE), 
	"INQ_COM_CONT" VARCHAR2(4000 BYTE), 
	"INQ_COM_DATE" DATE, 
	"ATCH_FILE_SID" NUMBER
   ) SEGMENT CREATION IMMEDIATE 
  PCTFREE 10 PCTUSED 40 INITRANS 1 MAXTRANS 255 NOCOMPRESS LOGGING
  STORAGE(INITIAL 65536 NEXT 1048576 MINEXTENTS 1 MAXEXTENTS 2147483645
  PCTINCREASE 0 FREELISTS 1 FREELIST GROUPS 1 BUFFER_POOL DEFAULT FLASH_CACHE DEFAULT CELL_FLASH_CACHE DEFAULT)
  TABLESPACE "TS_202011F" ;

   COMMENT ON COLUMN "INQUIRY_COMMENT"."INQ_COM_NO" IS '문의 댓글 번호';
   COMMENT ON COLUMN "INQUIRY_COMMENT"."INQ_NO" IS '일대일 문의 번호';
   COMMENT ON COLUMN "INQUIRY_COMMENT"."PROV_ID" IS '운영자 아이디';
   COMMENT ON COLUMN "INQUIRY_COMMENT"."INQ_COM_CONT" IS '댓글 내용';
   COMMENT ON COLUMN "INQUIRY_COMMENT"."INQ_COM_DATE" IS '댓글 작성 일자';
   COMMENT ON COLUMN "INQUIRY_COMMENT"."ATCH_FILE_SID" IS '통합 첨부파일 고유 번호';
   COMMENT ON TABLE "INQUIRY_COMMENT"  IS '일대일문의 댓글';
--------------------------------------------------------
--  DDL for Table ISSUE
--------------------------------------------------------

  CREATE TABLE "ISSUE" 
   (	"ISSUE_SID" NUMBER, 
	"ISSUE_NO" NUMBER, 
	"MEM_NO" NUMBER, 
	"LABEL_NO" NUMBER, 
	"MILEST_SID" NUMBER, 
	"PROJ_NO" NUMBER, 
	"ISSUE_TITLE" VARCHAR2(200 BYTE), 
	"ISSUE_CREATE_DATE" DATE, 
	"ISSUE_START_DATE" DATE, 
	"ISSUE_END_DATE" DATE, 
	"ISSUE_STATUS" CHAR(1 BYTE) DEFAULT 0, 
	"ISSUE_PRIORITY" NUMBER, 
	"PROGRESS" NUMBER DEFAULT 0
   ) SEGMENT CREATION IMMEDIATE 
  PCTFREE 10 PCTUSED 40 INITRANS 1 MAXTRANS 255 NOCOMPRESS LOGGING
  STORAGE(INITIAL 65536 NEXT 1048576 MINEXTENTS 1 MAXEXTENTS 2147483645
  PCTINCREASE 0 FREELISTS 1 FREELIST GROUPS 1 BUFFER_POOL DEFAULT FLASH_CACHE DEFAULT CELL_FLASH_CACHE DEFAULT)
  TABLESPACE "TS_202011F" ;

   COMMENT ON COLUMN "ISSUE"."ISSUE_SID" IS '이슈 고유 번호';
   COMMENT ON COLUMN "ISSUE"."ISSUE_NO" IS '이슈 번호';
   COMMENT ON COLUMN "ISSUE"."MEM_NO" IS '이슈 작성자 번호';
   COMMENT ON COLUMN "ISSUE"."LABEL_NO" IS '라벨 번호';
   COMMENT ON COLUMN "ISSUE"."MILEST_SID" IS '마일스톤 고유 번호';
   COMMENT ON COLUMN "ISSUE"."PROJ_NO" IS '프로젝트 번호';
   COMMENT ON COLUMN "ISSUE"."ISSUE_TITLE" IS '이슈 제목';
   COMMENT ON COLUMN "ISSUE"."ISSUE_CREATE_DATE" IS '이슈 작성 일자';
   COMMENT ON COLUMN "ISSUE"."ISSUE_START_DATE" IS '이슈 시작 일자';
   COMMENT ON COLUMN "ISSUE"."ISSUE_END_DATE" IS '이슈 종료 일자';
   COMMENT ON COLUMN "ISSUE"."ISSUE_STATUS" IS '이슈 상태';
   COMMENT ON COLUMN "ISSUE"."ISSUE_PRIORITY" IS '이슈 중요도';
   COMMENT ON COLUMN "ISSUE"."PROGRESS" IS '진척도';
   COMMENT ON TABLE "ISSUE"  IS '이슈';
--------------------------------------------------------
--  DDL for Table ISSUE_ASSIGNEE
--------------------------------------------------------

  CREATE TABLE "ISSUE_ASSIGNEE" 
   (	"MEM_NO" NUMBER, 
	"ISSUE_SID" NUMBER
   ) SEGMENT CREATION IMMEDIATE 
  PCTFREE 10 PCTUSED 40 INITRANS 1 MAXTRANS 255 NOCOMPRESS LOGGING
  STORAGE(INITIAL 65536 NEXT 1048576 MINEXTENTS 1 MAXEXTENTS 2147483645
  PCTINCREASE 0 FREELISTS 1 FREELIST GROUPS 1 BUFFER_POOL DEFAULT FLASH_CACHE DEFAULT CELL_FLASH_CACHE DEFAULT)
  TABLESPACE "TS_202011F" ;

   COMMENT ON COLUMN "ISSUE_ASSIGNEE"."MEM_NO" IS '이슈 담당자 번호';
   COMMENT ON COLUMN "ISSUE_ASSIGNEE"."ISSUE_SID" IS '이슈 고유 번호';
   COMMENT ON TABLE "ISSUE_ASSIGNEE"  IS '이슈 담당자';
--------------------------------------------------------
--  DDL for Table ISSUE_HISTORY
--------------------------------------------------------

  CREATE TABLE "ISSUE_HISTORY" 
   (	"ISSUE_HIS_NO" NUMBER, 
	"ISSUE_SID" NUMBER, 
	"MEM_NO" NUMBER, 
	"ISSUE_HIS_CONT" VARCHAR2(4000 BYTE), 
	"ISSUE_HIS_DATE" DATE, 
	"ISSUE_HIS_TYPE" VARCHAR2(50 BYTE), 
	"ATCH_FILE_SID" NUMBER
   ) SEGMENT CREATION IMMEDIATE 
  PCTFREE 10 PCTUSED 40 INITRANS 1 MAXTRANS 255 NOCOMPRESS LOGGING
  STORAGE(INITIAL 65536 NEXT 1048576 MINEXTENTS 1 MAXEXTENTS 2147483645
  PCTINCREASE 0 FREELISTS 1 FREELIST GROUPS 1 BUFFER_POOL DEFAULT FLASH_CACHE DEFAULT CELL_FLASH_CACHE DEFAULT)
  TABLESPACE "TS_202011F" ;

   COMMENT ON COLUMN "ISSUE_HISTORY"."ISSUE_HIS_NO" IS '이슈 히스토리 번호';
   COMMENT ON COLUMN "ISSUE_HISTORY"."ISSUE_SID" IS '이슈 고유 번호';
   COMMENT ON COLUMN "ISSUE_HISTORY"."MEM_NO" IS '이슈 히스토리 작성 회원 번호';
   COMMENT ON COLUMN "ISSUE_HISTORY"."ISSUE_HIS_CONT" IS '이슈 히스토리 내용';
   COMMENT ON COLUMN "ISSUE_HISTORY"."ISSUE_HIS_DATE" IS '이슈 히스토리 작성일자';
   COMMENT ON COLUMN "ISSUE_HISTORY"."ISSUE_HIS_TYPE" IS '이슈 히스토리 유형';
   COMMENT ON COLUMN "ISSUE_HISTORY"."ATCH_FILE_SID" IS '통합 첨부파일 고유 번호';
   COMMENT ON TABLE "ISSUE_HISTORY"  IS '이슈 히스토리';
--------------------------------------------------------
--  DDL for Table KANBAN_CARD
--------------------------------------------------------

  CREATE TABLE "KANBAN_CARD" 
   (	"KB_CARD_NO" NUMBER, 
	"KB_CARD_PRIV_NO" NUMBER, 
	"MEM_NO" NUMBER, 
	"KB_COL_NO" NUMBER, 
	"ISSUE_SID" NUMBER, 
	"KB_CARD_CONT" VARCHAR2(4000 BYTE), 
	"KB_CARD_WRITE_DATE" DATE
   ) SEGMENT CREATION IMMEDIATE 
  PCTFREE 10 PCTUSED 40 INITRANS 1 MAXTRANS 255 NOCOMPRESS LOGGING
  STORAGE(INITIAL 65536 NEXT 1048576 MINEXTENTS 1 MAXEXTENTS 2147483645
  PCTINCREASE 0 FREELISTS 1 FREELIST GROUPS 1 BUFFER_POOL DEFAULT FLASH_CACHE DEFAULT CELL_FLASH_CACHE DEFAULT)
  TABLESPACE "TS_202011F" ;

   COMMENT ON COLUMN "KANBAN_CARD"."KB_CARD_NO" IS '칸반 카드 번호';
   COMMENT ON COLUMN "KANBAN_CARD"."KB_CARD_PRIV_NO" IS '이전 칸반 카드 번호';
   COMMENT ON COLUMN "KANBAN_CARD"."MEM_NO" IS '칸반 카드 작성 회원 번호';
   COMMENT ON COLUMN "KANBAN_CARD"."KB_COL_NO" IS '칸반 컬럼 번호';
   COMMENT ON COLUMN "KANBAN_CARD"."ISSUE_SID" IS '이슈 고유 번호';
   COMMENT ON COLUMN "KANBAN_CARD"."KB_CARD_CONT" IS '칸반 카드 내용';
   COMMENT ON COLUMN "KANBAN_CARD"."KB_CARD_WRITE_DATE" IS '칸반카드 등록 일자';
   COMMENT ON TABLE "KANBAN_CARD"  IS '칸반 카드';
--------------------------------------------------------
--  DDL for Table KANBAN_COL
--------------------------------------------------------

  CREATE TABLE "KANBAN_COL" 
   (	"KB_COL_NO" NUMBER, 
	"KB_COL_PRIV_NO" NUMBER, 
	"PROJ_NO" NUMBER, 
	"KB_COL_NM" VARCHAR2(500 BYTE)
   ) SEGMENT CREATION IMMEDIATE 
  PCTFREE 10 PCTUSED 40 INITRANS 1 MAXTRANS 255 NOCOMPRESS LOGGING
  STORAGE(INITIAL 65536 NEXT 1048576 MINEXTENTS 1 MAXEXTENTS 2147483645
  PCTINCREASE 0 FREELISTS 1 FREELIST GROUPS 1 BUFFER_POOL DEFAULT FLASH_CACHE DEFAULT CELL_FLASH_CACHE DEFAULT)
  TABLESPACE "TS_202011F" ;

   COMMENT ON COLUMN "KANBAN_COL"."KB_COL_NO" IS '칸반 컬럼 번호';
   COMMENT ON COLUMN "KANBAN_COL"."KB_COL_PRIV_NO" IS '이전 칸반 컬럼 번호';
   COMMENT ON COLUMN "KANBAN_COL"."PROJ_NO" IS '프로젝트 번호';
   COMMENT ON COLUMN "KANBAN_COL"."KB_COL_NM" IS '칸반 컬럼 이름';
   COMMENT ON TABLE "KANBAN_COL"  IS '칸반 컬럼';
--------------------------------------------------------
--  DDL for Table LABEL
--------------------------------------------------------

  CREATE TABLE "LABEL" 
   (	"LABEL_NO" NUMBER, 
	"PROJ_NO" NUMBER, 
	"LABEL_NM" VARCHAR2(200 BYTE)
   ) SEGMENT CREATION IMMEDIATE 
  PCTFREE 10 PCTUSED 40 INITRANS 1 MAXTRANS 255 NOCOMPRESS LOGGING
  STORAGE(INITIAL 65536 NEXT 1048576 MINEXTENTS 1 MAXEXTENTS 2147483645
  PCTINCREASE 0 FREELISTS 1 FREELIST GROUPS 1 BUFFER_POOL DEFAULT FLASH_CACHE DEFAULT CELL_FLASH_CACHE DEFAULT)
  TABLESPACE "TS_202011F" ;

   COMMENT ON COLUMN "LABEL"."LABEL_NO" IS '라벨 번호';
   COMMENT ON COLUMN "LABEL"."PROJ_NO" IS '프로젝트 번호';
   COMMENT ON COLUMN "LABEL"."LABEL_NM" IS '라벨 이름';
   COMMENT ON TABLE "LABEL"  IS '라벨';
--------------------------------------------------------
--  DDL for Table MEMBER
--------------------------------------------------------

  CREATE TABLE "MEMBER" 
   (	"MEM_NO" NUMBER, 
	"MEM_ID" VARCHAR2(200 BYTE), 
	"MEM_PASS" VARCHAR2(1000 BYTE), 
	"MEM_NICK" VARCHAR2(200 BYTE), 
	"MEM_TEL" VARCHAR2(100 BYTE), 
	"MEM_PIC_FILE_NAME" VARCHAR2(200 BYTE) DEFAULT 'default', 
	"MEM_SIGN_DATE" DATE, 
	"MEM_QUIT_DATE" DATE, 
	"MEM_NM" VARCHAR2(200 BYTE), 
	"MEM_BIO" VARCHAR2(4000 BYTE), 
	"MEM_WORKING_CITY" VARCHAR2(200 BYTE), 
	"MEM_STATUS" VARCHAR2(50 BYTE) DEFAULT 'ON'
   ) SEGMENT CREATION IMMEDIATE 
  PCTFREE 10 PCTUSED 40 INITRANS 1 MAXTRANS 255 NOCOMPRESS LOGGING
  STORAGE(INITIAL 65536 NEXT 1048576 MINEXTENTS 1 MAXEXTENTS 2147483645
  PCTINCREASE 0 FREELISTS 1 FREELIST GROUPS 1 BUFFER_POOL DEFAULT FLASH_CACHE DEFAULT CELL_FLASH_CACHE DEFAULT)
  TABLESPACE "TS_202011F" ;

   COMMENT ON COLUMN "MEMBER"."MEM_NO" IS '회원 번호';
   COMMENT ON COLUMN "MEMBER"."MEM_ID" IS '회원 아이디(이메일)';
   COMMENT ON COLUMN "MEMBER"."MEM_PASS" IS '회원 비밀번호';
   COMMENT ON COLUMN "MEMBER"."MEM_NICK" IS '회원 닉네임';
   COMMENT ON COLUMN "MEMBER"."MEM_TEL" IS '회원 전화번호';
   COMMENT ON COLUMN "MEMBER"."MEM_PIC_FILE_NAME" IS '회원 프로필 파일 이름';
   COMMENT ON COLUMN "MEMBER"."MEM_SIGN_DATE" IS '회원 가입 일자';
   COMMENT ON COLUMN "MEMBER"."MEM_QUIT_DATE" IS '회원 탈퇴 일자';
   COMMENT ON COLUMN "MEMBER"."MEM_NM" IS '회원 이름';
   COMMENT ON COLUMN "MEMBER"."MEM_BIO" IS '회원 자기소개 내용';
   COMMENT ON COLUMN "MEMBER"."MEM_WORKING_CITY" IS '회원 근무 도시';
   COMMENT ON COLUMN "MEMBER"."MEM_STATUS" IS '회원 상태';
   COMMENT ON TABLE "MEMBER"  IS '회원';
--------------------------------------------------------
--  DDL for Table MEM_CHAT
--------------------------------------------------------

  CREATE TABLE "MEM_CHAT" 
   (	"MEM_NO" NUMBER, 
	"CHATROOM_NO" NUMBER
   ) SEGMENT CREATION IMMEDIATE 
  PCTFREE 10 PCTUSED 40 INITRANS 1 MAXTRANS 255 NOCOMPRESS LOGGING
  STORAGE(INITIAL 65536 NEXT 1048576 MINEXTENTS 1 MAXEXTENTS 2147483645
  PCTINCREASE 0 FREELISTS 1 FREELIST GROUPS 1 BUFFER_POOL DEFAULT FLASH_CACHE DEFAULT CELL_FLASH_CACHE DEFAULT)
  TABLESPACE "TS_202011F" ;

   COMMENT ON COLUMN "MEM_CHAT"."MEM_NO" IS '채팅 참여 회원 번호';
   COMMENT ON COLUMN "MEM_CHAT"."CHATROOM_NO" IS '채팅방 번호';
   COMMENT ON TABLE "MEM_CHAT"  IS '채팅 참여 멤버';
--------------------------------------------------------
--  DDL for Table MEM_ROLE
--------------------------------------------------------

  CREATE TABLE "MEM_ROLE" 
   (	"MEM_ROLE_NO" NUMBER, 
	"PROJ_NO" NUMBER, 
	"MEM_ROLE_NM" VARCHAR2(200 BYTE)
   ) SEGMENT CREATION IMMEDIATE 
  PCTFREE 10 PCTUSED 40 INITRANS 1 MAXTRANS 255 NOCOMPRESS LOGGING
  STORAGE(INITIAL 65536 NEXT 1048576 MINEXTENTS 1 MAXEXTENTS 2147483645
  PCTINCREASE 0 FREELISTS 1 FREELIST GROUPS 1 BUFFER_POOL DEFAULT FLASH_CACHE DEFAULT CELL_FLASH_CACHE DEFAULT)
  TABLESPACE "TS_202011F" ;

   COMMENT ON COLUMN "MEM_ROLE"."MEM_ROLE_NO" IS '멤버 역할 번호';
   COMMENT ON COLUMN "MEM_ROLE"."PROJ_NO" IS '프로젝트 번호';
   COMMENT ON COLUMN "MEM_ROLE"."MEM_ROLE_NM" IS '멤버 역할 이름';
   COMMENT ON TABLE "MEM_ROLE"  IS '멤버 역할';
--------------------------------------------------------
--  DDL for Table MENU
--------------------------------------------------------

  CREATE TABLE "MENU" 
   (	"MENU_ID" VARCHAR2(200 BYTE), 
	"PARENT_MENU_ID" VARCHAR2(200 BYTE), 
	"MENU_SE" VARCHAR2(200 BYTE), 
	"MENU_ORD" NUMBER, 
	"MENU_NM" VARCHAR2(200 BYTE), 
	"MENU_DESC" VARCHAR2(500 BYTE), 
	"MENU_URL" VARCHAR2(100 BYTE), 
	"USE_YN" CHAR(1 BYTE)
   ) SEGMENT CREATION IMMEDIATE 
  PCTFREE 10 PCTUSED 40 INITRANS 1 MAXTRANS 255 NOCOMPRESS LOGGING
  STORAGE(INITIAL 65536 NEXT 1048576 MINEXTENTS 1 MAXEXTENTS 2147483645
  PCTINCREASE 0 FREELISTS 1 FREELIST GROUPS 1 BUFFER_POOL DEFAULT FLASH_CACHE DEFAULT CELL_FLASH_CACHE DEFAULT)
  TABLESPACE "TS_202011F" ;

   COMMENT ON COLUMN "MENU"."MENU_ID" IS '메뉴 ID';
   COMMENT ON COLUMN "MENU"."PARENT_MENU_ID" IS '상위 메뉴 ID';
   COMMENT ON COLUMN "MENU"."MENU_SE" IS '메뉴 구분';
   COMMENT ON COLUMN "MENU"."MENU_ORD" IS '메뉴 순서';
   COMMENT ON COLUMN "MENU"."MENU_NM" IS '메뉴 이름';
   COMMENT ON COLUMN "MENU"."MENU_DESC" IS '메뉴 설명';
   COMMENT ON COLUMN "MENU"."MENU_URL" IS '메뉴 URL';
   COMMENT ON COLUMN "MENU"."USE_YN" IS '사용 여부';
   COMMENT ON TABLE "MENU"  IS '메뉴';
--------------------------------------------------------
--  DDL for Table MENU_ASSIGN
--------------------------------------------------------

  CREATE TABLE "MENU_ASSIGN" 
   (	"AUTH_GRP_CODE" VARCHAR2(50 BYTE), 
	"MENU_ID" VARCHAR2(200 BYTE), 
	"READ_YN" CHAR(1 BYTE), 
	"WRITE_YN" CHAR(1 BYTE), 
	"DELETE_YN" CHAR(1 BYTE)
   ) SEGMENT CREATION IMMEDIATE 
  PCTFREE 10 PCTUSED 40 INITRANS 1 MAXTRANS 255 NOCOMPRESS LOGGING
  STORAGE(INITIAL 65536 NEXT 1048576 MINEXTENTS 1 MAXEXTENTS 2147483645
  PCTINCREASE 0 FREELISTS 1 FREELIST GROUPS 1 BUFFER_POOL DEFAULT FLASH_CACHE DEFAULT CELL_FLASH_CACHE DEFAULT)
  TABLESPACE "TS_202011F" ;

   COMMENT ON COLUMN "MENU_ASSIGN"."AUTH_GRP_CODE" IS '권한 그룹 코드';
   COMMENT ON COLUMN "MENU_ASSIGN"."MENU_ID" IS '메뉴 ID';
   COMMENT ON COLUMN "MENU_ASSIGN"."READ_YN" IS '읽기 가능 여부';
   COMMENT ON COLUMN "MENU_ASSIGN"."WRITE_YN" IS '쓰기 가능 여부';
   COMMENT ON COLUMN "MENU_ASSIGN"."DELETE_YN" IS '삭제 가능 여부';
   COMMENT ON TABLE "MENU_ASSIGN"  IS '권한별 메뉴 할당';
--------------------------------------------------------
--  DDL for Table MILESTONE
--------------------------------------------------------

  CREATE TABLE "MILESTONE" 
   (	"MILEST_SID" NUMBER, 
	"MEM_NO" NUMBER, 
	"PROJ_NO" NUMBER, 
	"MILEST_NO" NUMBER, 
	"MILEST_TITLE" VARCHAR2(200 BYTE), 
	"MILEST_CONT" VARCHAR2(4000 BYTE), 
	"MILEST_DATE" DATE, 
	"MILEST_START_DATE" DATE, 
	"MILEST_END_DATE" DATE, 
	"MILEST_STATUS" CHAR(1 BYTE) DEFAULT 0
   ) SEGMENT CREATION IMMEDIATE 
  PCTFREE 10 PCTUSED 40 INITRANS 1 MAXTRANS 255 NOCOMPRESS LOGGING
  STORAGE(INITIAL 65536 NEXT 1048576 MINEXTENTS 1 MAXEXTENTS 2147483645
  PCTINCREASE 0 FREELISTS 1 FREELIST GROUPS 1 BUFFER_POOL DEFAULT FLASH_CACHE DEFAULT CELL_FLASH_CACHE DEFAULT)
  TABLESPACE "TS_202011F" ;

   COMMENT ON COLUMN "MILESTONE"."MILEST_SID" IS '마일스톤 고유 번호';
   COMMENT ON COLUMN "MILESTONE"."MEM_NO" IS '마일스톤 작성 회원 번호';
   COMMENT ON COLUMN "MILESTONE"."PROJ_NO" IS '프로젝트 번호';
   COMMENT ON COLUMN "MILESTONE"."MILEST_NO" IS '마일스톤 번호';
   COMMENT ON COLUMN "MILESTONE"."MILEST_TITLE" IS '마일스톤 제목';
   COMMENT ON COLUMN "MILESTONE"."MILEST_CONT" IS '마일스톤 내용';
   COMMENT ON COLUMN "MILESTONE"."MILEST_DATE" IS '마일스톤 작성 일자';
   COMMENT ON COLUMN "MILESTONE"."MILEST_START_DATE" IS '마일스톤 시작 일자';
   COMMENT ON COLUMN "MILESTONE"."MILEST_END_DATE" IS '마일스톤 종료 일자';
   COMMENT ON COLUMN "MILESTONE"."MILEST_STATUS" IS '마일스톤 상태';
   COMMENT ON TABLE "MILESTONE"  IS '마일스톤';
--------------------------------------------------------
--  DDL for Table NEWS
--------------------------------------------------------

  CREATE TABLE "NEWS" 
   (	"NEWS_SID" NUMBER, 
	"PROJ_NO" NUMBER, 
	"MEM_NO" NUMBER, 
	"NEWS_NO" NUMBER, 
	"NEWS_TITLE" VARCHAR2(200 BYTE), 
	"NEWS_CONT" VARCHAR2(4000 BYTE), 
	"NEWS_WRITE_DATE" DATE, 
	"ATCH_FILE_SID" NUMBER
   ) SEGMENT CREATION IMMEDIATE 
  PCTFREE 10 PCTUSED 40 INITRANS 1 MAXTRANS 255 NOCOMPRESS LOGGING
  STORAGE(INITIAL 65536 NEXT 1048576 MINEXTENTS 1 MAXEXTENTS 2147483645
  PCTINCREASE 0 FREELISTS 1 FREELIST GROUPS 1 BUFFER_POOL DEFAULT FLASH_CACHE DEFAULT CELL_FLASH_CACHE DEFAULT)
  TABLESPACE "TS_202011F" ;

   COMMENT ON COLUMN "NEWS"."NEWS_SID" IS '뉴스 고유 번호';
   COMMENT ON COLUMN "NEWS"."PROJ_NO" IS '프로젝트 번호';
   COMMENT ON COLUMN "NEWS"."MEM_NO" IS '뉴스 작성 회원 번호';
   COMMENT ON COLUMN "NEWS"."NEWS_NO" IS '뉴스 번호';
   COMMENT ON COLUMN "NEWS"."NEWS_TITLE" IS '뉴스제목';
   COMMENT ON COLUMN "NEWS"."NEWS_CONT" IS '뉴스내용';
   COMMENT ON COLUMN "NEWS"."NEWS_WRITE_DATE" IS '뉴스 작성 일자';
   COMMENT ON COLUMN "NEWS"."ATCH_FILE_SID" IS '통합 첨부파일 고유 번호';
   COMMENT ON TABLE "NEWS"  IS '뉴스';
--------------------------------------------------------
--  DDL for Table NEWS_COMMENT
--------------------------------------------------------

  CREATE TABLE "NEWS_COMMENT" 
   (	"NEWS_COM_NO" NUMBER, 
	"NEWS_SID" NUMBER, 
	"MEM_NO" NUMBER, 
	"NEWS_COM_CONT" VARCHAR2(4000 BYTE), 
	"NEWS_COM_DATE" DATE
   ) SEGMENT CREATION IMMEDIATE 
  PCTFREE 10 PCTUSED 40 INITRANS 1 MAXTRANS 255 NOCOMPRESS LOGGING
  STORAGE(INITIAL 65536 NEXT 1048576 MINEXTENTS 1 MAXEXTENTS 2147483645
  PCTINCREASE 0 FREELISTS 1 FREELIST GROUPS 1 BUFFER_POOL DEFAULT FLASH_CACHE DEFAULT CELL_FLASH_CACHE DEFAULT)
  TABLESPACE "TS_202011F" ;

   COMMENT ON COLUMN "NEWS_COMMENT"."NEWS_COM_NO" IS '뉴스 댓글 번호';
   COMMENT ON COLUMN "NEWS_COMMENT"."NEWS_SID" IS '뉴스 고유 번호';
   COMMENT ON COLUMN "NEWS_COMMENT"."MEM_NO" IS '뉴스 댓글 작성 회원 버호';
   COMMENT ON COLUMN "NEWS_COMMENT"."NEWS_COM_CONT" IS '뉴스 댓글 내용';
   COMMENT ON COLUMN "NEWS_COMMENT"."NEWS_COM_DATE" IS '뉴스 댓글 작성 일자';
   COMMENT ON TABLE "NEWS_COMMENT"  IS '뉴스 댓글';
--------------------------------------------------------
--  DDL for Table PAYMENT
--------------------------------------------------------

  CREATE TABLE "PAYMENT" 
   (	"PAYMENT_NO" NUMBER, 
	"PROJ_NO" NUMBER, 
	"PAY_PLAN_NO" NUMBER, 
	"PAY_DATE" DATE, 
	"PAY_CONT" VARCHAR2(4000 BYTE), 
	"EXPIRY_DAY" NUMBER, 
	"PAY_PLAN_PRICE" NUMBER(*,0)
   ) SEGMENT CREATION IMMEDIATE 
  PCTFREE 10 PCTUSED 40 INITRANS 1 MAXTRANS 255 NOCOMPRESS LOGGING
  STORAGE(INITIAL 65536 NEXT 1048576 MINEXTENTS 1 MAXEXTENTS 2147483645
  PCTINCREASE 0 FREELISTS 1 FREELIST GROUPS 1 BUFFER_POOL DEFAULT FLASH_CACHE DEFAULT CELL_FLASH_CACHE DEFAULT)
  TABLESPACE "TS_202011F" ;

   COMMENT ON COLUMN "PAYMENT"."PAYMENT_NO" IS '결제 부여 번호';
   COMMENT ON COLUMN "PAYMENT"."PROJ_NO" IS '프로젝트 번호';
   COMMENT ON COLUMN "PAYMENT"."PAY_PLAN_NO" IS '요금제 번호';
   COMMENT ON COLUMN "PAYMENT"."PAY_DATE" IS '결제 일자';
   COMMENT ON COLUMN "PAYMENT"."PAY_CONT" IS '결제 내용';
   COMMENT ON COLUMN "PAYMENT"."EXPIRY_DAY" IS '결제 유효 기간';
   COMMENT ON COLUMN "PAYMENT"."PAY_PLAN_PRICE" IS '요금제 금액';
   COMMENT ON TABLE "PAYMENT"  IS '결제';
--------------------------------------------------------
--  DDL for Table PAY_PLAN
--------------------------------------------------------

  CREATE TABLE "PAY_PLAN" 
   (	"PAY_PLAN_NO" NUMBER, 
	"PAY_PLAN_NM" VARCHAR2(200 BYTE), 
	"PAY_PLAN_CONT" CLOB, 
	"PAY_PLAN_PRICE" NUMBER
   ) SEGMENT CREATION IMMEDIATE 
  PCTFREE 10 PCTUSED 40 INITRANS 1 MAXTRANS 255 NOCOMPRESS LOGGING
  STORAGE(INITIAL 65536 NEXT 1048576 MINEXTENTS 1 MAXEXTENTS 2147483645
  PCTINCREASE 0 FREELISTS 1 FREELIST GROUPS 1 BUFFER_POOL DEFAULT FLASH_CACHE DEFAULT CELL_FLASH_CACHE DEFAULT)
  TABLESPACE "TS_202011F" 
 LOB ("PAY_PLAN_CONT") STORE AS BASICFILE (
  TABLESPACE "TS_202011F" ENABLE STORAGE IN ROW CHUNK 8192 RETENTION 
  NOCACHE LOGGING 
  STORAGE(INITIAL 65536 NEXT 1048576 MINEXTENTS 1 MAXEXTENTS 2147483645
  PCTINCREASE 0 FREELISTS 1 FREELIST GROUPS 1 BUFFER_POOL DEFAULT FLASH_CACHE DEFAULT CELL_FLASH_CACHE DEFAULT)) ;

   COMMENT ON COLUMN "PAY_PLAN"."PAY_PLAN_NO" IS '요금제 번호';
   COMMENT ON COLUMN "PAY_PLAN"."PAY_PLAN_NM" IS '요금제 이름';
   COMMENT ON COLUMN "PAY_PLAN"."PAY_PLAN_CONT" IS '요금제 내용';
   COMMENT ON COLUMN "PAY_PLAN"."PAY_PLAN_PRICE" IS '요금제 금액';
   COMMENT ON TABLE "PAY_PLAN"  IS '요금제';
--------------------------------------------------------
--  DDL for Table PROJECT
--------------------------------------------------------

  CREATE TABLE "PROJECT" 
   (	"PROJ_NO" NUMBER, 
	"MEM_NO" NUMBER, 
	"PROJ_TITLE" VARCHAR2(200 BYTE), 
	"PROJ_CONT" VARCHAR2(4000 BYTE), 
	"PROJ_START_DATE" DATE, 
	"PROJ_EST_END_DATE" DATE, 
	"ISSUE_PRIORITY_SET" NUMBER, 
	"PROJ_MODULE_SET" NUMBER, 
	"PROJ_STATUS" CHAR(1 BYTE) DEFAULT 0
   ) SEGMENT CREATION IMMEDIATE 
  PCTFREE 10 PCTUSED 40 INITRANS 1 MAXTRANS 255 NOCOMPRESS LOGGING
  STORAGE(INITIAL 65536 NEXT 1048576 MINEXTENTS 1 MAXEXTENTS 2147483645
  PCTINCREASE 0 FREELISTS 1 FREELIST GROUPS 1 BUFFER_POOL DEFAULT FLASH_CACHE DEFAULT CELL_FLASH_CACHE DEFAULT)
  TABLESPACE "TS_202011F" ;

   COMMENT ON COLUMN "PROJECT"."PROJ_NO" IS '프로젝트 번호';
   COMMENT ON COLUMN "PROJECT"."MEM_NO" IS '프로젝트 생성 회원 번호';
   COMMENT ON COLUMN "PROJECT"."PROJ_TITLE" IS '프로젝트 제목';
   COMMENT ON COLUMN "PROJECT"."PROJ_CONT" IS '프로젝트 내용';
   COMMENT ON COLUMN "PROJECT"."PROJ_START_DATE" IS '프로젝트 생성 일자';
   COMMENT ON COLUMN "PROJECT"."PROJ_EST_END_DATE" IS '프로젝트 예상 종료 일자';
   COMMENT ON COLUMN "PROJECT"."ISSUE_PRIORITY_SET" IS '이슈 중요도 설정';
   COMMENT ON COLUMN "PROJECT"."PROJ_MODULE_SET" IS '프로젝트 모듈 설정';
   COMMENT ON COLUMN "PROJECT"."PROJ_STATUS" IS '프로젝트 상태.닫히면1지우면2';
   COMMENT ON TABLE "PROJECT"  IS '프로젝트';
--------------------------------------------------------
--  DDL for Table PROJ_MEM
--------------------------------------------------------

  CREATE TABLE "PROJ_MEM" 
   (	"MEM_NO" NUMBER, 
	"PROJ_NO" NUMBER, 
	"MEM_ROLE_NO" NUMBER, 
	"PROJ_JOIN_DATE" DATE, 
	"PROJ_DROP_DATE" DATE, 
	"PROJ_USER_NICK" VARCHAR2(200 BYTE)
   ) SEGMENT CREATION IMMEDIATE 
  PCTFREE 10 PCTUSED 40 INITRANS 1 MAXTRANS 255 NOCOMPRESS LOGGING
  STORAGE(INITIAL 65536 NEXT 1048576 MINEXTENTS 1 MAXEXTENTS 2147483645
  PCTINCREASE 0 FREELISTS 1 FREELIST GROUPS 1 BUFFER_POOL DEFAULT FLASH_CACHE DEFAULT CELL_FLASH_CACHE DEFAULT)
  TABLESPACE "TS_202011F" ;

   COMMENT ON COLUMN "PROJ_MEM"."MEM_NO" IS '프로젝트 참여 맴버 번호';
   COMMENT ON COLUMN "PROJ_MEM"."PROJ_NO" IS '프로젝트 번호';
   COMMENT ON COLUMN "PROJ_MEM"."MEM_ROLE_NO" IS '멤버 역할 번호';
   COMMENT ON COLUMN "PROJ_MEM"."PROJ_JOIN_DATE" IS '프로젝트 참가 일자';
   COMMENT ON COLUMN "PROJ_MEM"."PROJ_DROP_DATE" IS '프로젝트 탈퇴 일자';
   COMMENT ON COLUMN "PROJ_MEM"."PROJ_USER_NICK" IS '프로젝트 유저 닉네임';
   COMMENT ON TABLE "PROJ_MEM"  IS '프로젝트 멤버';
--------------------------------------------------------
--  DDL for Table PROPTIS
--------------------------------------------------------

  CREATE TABLE "PROPTIS" 
   (	"PROPTIS_NO" NUMBER, 
	"PROPTIS_NM" VARCHAR2(200 BYTE), 
	"PROPTIS_SORT" VARCHAR2(200 BYTE), 
	"PROPTIS_PRIORITY" NUMBER, 
	"PROPTIS_EXPLAIN" VARCHAR2(500 BYTE)
   ) SEGMENT CREATION IMMEDIATE 
  PCTFREE 10 PCTUSED 40 INITRANS 1 MAXTRANS 255 NOCOMPRESS LOGGING
  STORAGE(INITIAL 65536 NEXT 1048576 MINEXTENTS 1 MAXEXTENTS 2147483645
  PCTINCREASE 0 FREELISTS 1 FREELIST GROUPS 1 BUFFER_POOL DEFAULT FLASH_CACHE DEFAULT CELL_FLASH_CACHE DEFAULT)
  TABLESPACE "TS_202011F" ;

   COMMENT ON COLUMN "PROPTIS"."PROPTIS_NO" IS '보호자원 번호';
   COMMENT ON COLUMN "PROPTIS"."PROPTIS_NM" IS '보호자원 이름';
   COMMENT ON COLUMN "PROPTIS"."PROPTIS_SORT" IS '보호자원 구분';
   COMMENT ON COLUMN "PROPTIS"."PROPTIS_PRIORITY" IS '보호자원 우선순위';
   COMMENT ON COLUMN "PROPTIS"."PROPTIS_EXPLAIN" IS '보호자원 설명';
   COMMENT ON TABLE "PROPTIS"  IS '보호자원';
--------------------------------------------------------
--  DDL for Table PROPTIS_ROLE
--------------------------------------------------------

  CREATE TABLE "PROPTIS_ROLE" 
   (	"PROPTIS_NO" NUMBER, 
	"MEM_ROLE_NO" NUMBER, 
	"AUTHOR" NUMBER
   ) SEGMENT CREATION IMMEDIATE 
  PCTFREE 10 PCTUSED 40 INITRANS 1 MAXTRANS 255 NOCOMPRESS LOGGING
  STORAGE(INITIAL 65536 NEXT 1048576 MINEXTENTS 1 MAXEXTENTS 2147483645
  PCTINCREASE 0 FREELISTS 1 FREELIST GROUPS 1 BUFFER_POOL DEFAULT FLASH_CACHE DEFAULT CELL_FLASH_CACHE DEFAULT)
  TABLESPACE "TS_202011F" ;

   COMMENT ON COLUMN "PROPTIS_ROLE"."PROPTIS_NO" IS '보호자원 번호';
   COMMENT ON COLUMN "PROPTIS_ROLE"."MEM_ROLE_NO" IS '멤버 역할 번호';
   COMMENT ON COLUMN "PROPTIS_ROLE"."AUTHOR" IS '권한';
   COMMENT ON TABLE "PROPTIS_ROLE"  IS '자원 역할';
--------------------------------------------------------
--  DDL for Table PROVIDER
--------------------------------------------------------

  CREATE TABLE "PROVIDER" 
   (	"PROV_ID" VARCHAR2(200 BYTE), 
	"PROV_PASS" VARCHAR2(500 BYTE), 
	"PROV_NM" VARCHAR2(200 BYTE)
   ) SEGMENT CREATION IMMEDIATE 
  PCTFREE 10 PCTUSED 40 INITRANS 1 MAXTRANS 255 NOCOMPRESS LOGGING
  STORAGE(INITIAL 65536 NEXT 1048576 MINEXTENTS 1 MAXEXTENTS 2147483645
  PCTINCREASE 0 FREELISTS 1 FREELIST GROUPS 1 BUFFER_POOL DEFAULT FLASH_CACHE DEFAULT CELL_FLASH_CACHE DEFAULT)
  TABLESPACE "TS_202011F" ;

   COMMENT ON COLUMN "PROVIDER"."PROV_ID" IS '운영자 아이디';
   COMMENT ON COLUMN "PROVIDER"."PROV_PASS" IS '운영자 비밀번호';
   COMMENT ON COLUMN "PROVIDER"."PROV_NM" IS '운영자 이름';
   COMMENT ON TABLE "PROVIDER"  IS '운영자';
--------------------------------------------------------
--  DDL for Table REFUND
--------------------------------------------------------

  CREATE TABLE "REFUND" 
   (	"REFUND_NO" NUMBER, 
	"PAYMENT_NO" NUMBER, 
	"REFUND_DATE" DATE, 
	"REFUND_CONT" VARCHAR2(4000 BYTE), 
	"PAY_CANCLE_DATE" DATE, 
	"REFUND_PLAN_TYPE" VARCHAR2(50 BYTE)
   ) SEGMENT CREATION IMMEDIATE 
  PCTFREE 10 PCTUSED 40 INITRANS 1 MAXTRANS 255 NOCOMPRESS LOGGING
  STORAGE(INITIAL 65536 NEXT 1048576 MINEXTENTS 1 MAXEXTENTS 2147483645
  PCTINCREASE 0 FREELISTS 1 FREELIST GROUPS 1 BUFFER_POOL DEFAULT FLASH_CACHE DEFAULT CELL_FLASH_CACHE DEFAULT)
  TABLESPACE "TS_202011F" ;

   COMMENT ON COLUMN "REFUND"."REFUND_NO" IS '환불 번호';
   COMMENT ON COLUMN "REFUND"."PAYMENT_NO" IS '결제 부여 번호';
   COMMENT ON COLUMN "REFUND"."REFUND_DATE" IS '환불 일자';
   COMMENT ON COLUMN "REFUND"."REFUND_CONT" IS '환불 내역';
   COMMENT ON COLUMN "REFUND"."PAY_CANCLE_DATE" IS '결제 취소 일자';
   COMMENT ON COLUMN "REFUND"."REFUND_PLAN_TYPE" IS '환불 정책 유형';
   COMMENT ON TABLE "REFUND"  IS '환불';
--------------------------------------------------------
--  DDL for Table REPOSITORY
--------------------------------------------------------

  CREATE TABLE "REPOSITORY" 
   (	"REPO_NO" NUMBER, 
	"PROJ_NO" NUMBER, 
	"REPO_URL" VARCHAR2(500 BYTE), 
	"REPO_TOKEN" VARCHAR2(300 BYTE), 
	"REPO_TYPE" VARCHAR2(50 BYTE)
   ) SEGMENT CREATION IMMEDIATE 
  PCTFREE 10 PCTUSED 40 INITRANS 1 MAXTRANS 255 NOCOMPRESS LOGGING
  STORAGE(INITIAL 65536 NEXT 1048576 MINEXTENTS 1 MAXEXTENTS 2147483645
  PCTINCREASE 0 FREELISTS 1 FREELIST GROUPS 1 BUFFER_POOL DEFAULT FLASH_CACHE DEFAULT CELL_FLASH_CACHE DEFAULT)
  TABLESPACE "TS_202011F" ;

   COMMENT ON COLUMN "REPOSITORY"."REPO_NO" IS '저장소 번호';
   COMMENT ON COLUMN "REPOSITORY"."PROJ_NO" IS '프로젝트 번호';
   COMMENT ON COLUMN "REPOSITORY"."REPO_URL" IS '저장소 경로';
   COMMENT ON COLUMN "REPOSITORY"."REPO_TOKEN" IS '저장소 토큰';
   COMMENT ON COLUMN "REPOSITORY"."REPO_TYPE" IS '저장소 유형';
   COMMENT ON TABLE "REPOSITORY"  IS '저장소';
--------------------------------------------------------
--  DDL for Table USER_AUTH
--------------------------------------------------------

  CREATE TABLE "USER_AUTH" 
   (	"AUTH_GRP_CODE" VARCHAR2(50 BYTE), 
	"MEM_NO" NUMBER
   ) SEGMENT CREATION IMMEDIATE 
  PCTFREE 10 PCTUSED 40 INITRANS 1 MAXTRANS 255 NOCOMPRESS LOGGING
  STORAGE(INITIAL 65536 NEXT 1048576 MINEXTENTS 1 MAXEXTENTS 2147483645
  PCTINCREASE 0 FREELISTS 1 FREELIST GROUPS 1 BUFFER_POOL DEFAULT FLASH_CACHE DEFAULT CELL_FLASH_CACHE DEFAULT)
  TABLESPACE "TS_202011F" ;

   COMMENT ON COLUMN "USER_AUTH"."AUTH_GRP_CODE" IS '권한 그룹 코드';
   COMMENT ON COLUMN "USER_AUTH"."MEM_NO" IS '회원 번호';
   COMMENT ON TABLE "USER_AUTH"  IS '사용자 권한';
--------------------------------------------------------
--  DDL for Table WIKI
--------------------------------------------------------

  CREATE TABLE "WIKI" 
   (	"WIKI_SID" NUMBER, 
	"PARENT_WIKI" NUMBER, 
	"MEM_NO" NUMBER, 
	"PROJ_NO" NUMBER, 
	"WIKI_NO" NUMBER, 
	"WIKI_CONT" VARCHAR2(4000 BYTE), 
	"WIKI_WRITE_DATE" DATE, 
	"WIKI_TITLE" VARCHAR2(500 BYTE)
   ) SEGMENT CREATION IMMEDIATE 
  PCTFREE 10 PCTUSED 40 INITRANS 1 MAXTRANS 255 NOCOMPRESS LOGGING
  STORAGE(INITIAL 65536 NEXT 1048576 MINEXTENTS 1 MAXEXTENTS 2147483645
  PCTINCREASE 0 FREELISTS 1 FREELIST GROUPS 1 BUFFER_POOL DEFAULT FLASH_CACHE DEFAULT CELL_FLASH_CACHE DEFAULT)
  TABLESPACE "TS_202011F" ;

   COMMENT ON COLUMN "WIKI"."WIKI_SID" IS '위키 고유 번호';
   COMMENT ON COLUMN "WIKI"."PARENT_WIKI" IS '상위 위키 고유 번호';
   COMMENT ON COLUMN "WIKI"."MEM_NO" IS '위키 작성 회원 번호';
   COMMENT ON COLUMN "WIKI"."PROJ_NO" IS '프로젝트 번호';
   COMMENT ON COLUMN "WIKI"."WIKI_NO" IS '위키 번호';
   COMMENT ON COLUMN "WIKI"."WIKI_CONT" IS '위키 내용';
   COMMENT ON COLUMN "WIKI"."WIKI_WRITE_DATE" IS '위키 작성 일자';
   COMMENT ON COLUMN "WIKI"."WIKI_TITLE" IS '위키 제목';
   COMMENT ON TABLE "WIKI"  IS '위키';
--------------------------------------------------------
--  DDL for View CNT_VIEW
--------------------------------------------------------

  CREATE OR REPLACE FORCE VIEW "CNT_VIEW" ("ISSUE_NO", "ISSUE_STATUS", "MILEST_NO") AS 
  select i.issue_no, i.issue_status, m.milest_no
        from milestone m
            left outer join issue i on (m.milest_sid = i.milest_sid)
;
REM INSERTING into ALARM
SET DEFINE OFF;
Insert into ALARM (ALARM_NO,MEM_NO,ALARM_CONT,ALARM_CREATE_DATE,ALARM_CHK_DATE,ALARM_TYPE,SENDER_NO) values (37,3,'{"proj_user_nick":"팀장 꼬북","issue_his_cont":"gd","issue_title":"이슈 입니다","url":"/gaia/kkobuk/testproject/issue/113"}',to_date('2021/06/10','RRRR/MM/DD'),to_date('2021/06/10','RRRR/MM/DD'),'IC',null);
Insert into ALARM (ALARM_NO,MEM_NO,ALARM_CONT,ALARM_CREATE_DATE,ALARM_CHK_DATE,ALARM_TYPE,SENDER_NO) values (38,3,'{"proj_user_nick":"팀장 꼬북","issue_his_cont":"ㅎㅇ","issue_title":"이슈 입니다","url":"/gaia/kkobuk/testproject/issue/113"}',to_date('2021/06/10','RRRR/MM/DD'),to_date('2021/06/10','RRRR/MM/DD'),'IC',null);
Insert into ALARM (ALARM_NO,MEM_NO,ALARM_CONT,ALARM_CREATE_DATE,ALARM_CHK_DATE,ALARM_TYPE,SENDER_NO) values (39,3,'{"proj_user_nick":"팀장 꼬북","issue_his_cont":"ㅎㅇㅎㅇ","issue_title":"이슈 입니다","url":"/gaia/kkobuk/testproject/issue/113"}',to_date('2021/06/10','RRRR/MM/DD'),to_date('2021/06/10','RRRR/MM/DD'),'IC',null);
Insert into ALARM (ALARM_NO,MEM_NO,ALARM_CONT,ALARM_CREATE_DATE,ALARM_CHK_DATE,ALARM_TYPE,SENDER_NO) values (40,3,'{"proj_user_nick":"팀장 꼬북","issue_his_cont":"ㅋㅋㅋ","issue_title":"이슈 입니다","url":"/gaia/kkobuk/testproject/issue/113"}',to_date('2021/06/10','RRRR/MM/DD'),to_date('2021/06/10','RRRR/MM/DD'),'IC',null);
Insert into ALARM (ALARM_NO,MEM_NO,ALARM_CONT,ALARM_CREATE_DATE,ALARM_CHK_DATE,ALARM_TYPE,SENDER_NO) values (41,3,'{"proj_user_nick":"팀장 꼬북","issue_his_cont":"할룽~~","issue_title":"이슈 입니다","url":"/gaia/kkobuk/testproject/issue/113"}',to_date('2021/06/10','RRRR/MM/DD'),to_date('2021/06/10','RRRR/MM/DD'),'IC',null);
Insert into ALARM (ALARM_NO,MEM_NO,ALARM_CONT,ALARM_CREATE_DATE,ALARM_CHK_DATE,ALARM_TYPE,SENDER_NO) values (43,3,'{"proj_user_nick":"팀장 꼬북","issue_his_cont":"헬로 조쉬","issue_title":"이슈 입니다","url":"/gaia/kkobuk/testproject/issue/113"}',to_date('2021/06/10','RRRR/MM/DD'),to_date('2021/06/10','RRRR/MM/DD'),'IC',null);
Insert into ALARM (ALARM_NO,MEM_NO,ALARM_CONT,ALARM_CREATE_DATE,ALARM_CHK_DATE,ALARM_TYPE,SENDER_NO) values (44,3,'{"proj_user_nick":"팀장 꼬북","issue_his_cont":"ㅎㅇㅎㅇ","issue_title":"이슈 입니다","url":"/gaia/kkobuk/testproject/issue/113"}',to_date('2021/06/10','RRRR/MM/DD'),to_date('2021/06/10','RRRR/MM/DD'),'IC',null);
Insert into ALARM (ALARM_NO,MEM_NO,ALARM_CONT,ALARM_CREATE_DATE,ALARM_CHK_DATE,ALARM_TYPE,SENDER_NO) values (49,4,'{"proj_user_nick":"팀장 꼬북","issue_his_cont":"ㅇㅇㅇㅇㅇ","issue_title":"ㅁㅁㅁ 테스트 또","url":"/kkobuk/gaia/issue/115"}',to_date('2021/06/14','RRRR/MM/DD'),to_date('2021/06/14','RRRR/MM/DD'),'IC',4);
Insert into ALARM (ALARM_NO,MEM_NO,ALARM_CONT,ALARM_CREATE_DATE,ALARM_CHK_DATE,ALARM_TYPE,SENDER_NO) values (42,3,'{"proj_user_nick":"팀장 꼬북","issue_his_cont":"hi josh","issue_title":"이슈 입니다","url":"/gaia/kkobuk/testproject/issue/113"}',to_date('2021/06/10','RRRR/MM/DD'),to_date('2021/06/10','RRRR/MM/DD'),'IC',null);
Insert into ALARM (ALARM_NO,MEM_NO,ALARM_CONT,ALARM_CREATE_DATE,ALARM_CHK_DATE,ALARM_TYPE,SENDER_NO) values (47,3,'{"proj_user_nick":"팀장 꼬북","issue_his_cont":"abcd","issue_title":"이슈 입니다","url":"/gaia/kkobuk/testproject/issue/113"}',to_date('2021/06/10','RRRR/MM/DD'),to_date('2021/06/10','RRRR/MM/DD'),'IC',null);
Insert into ALARM (ALARM_NO,MEM_NO,ALARM_CONT,ALARM_CREATE_DATE,ALARM_CHK_DATE,ALARM_TYPE,SENDER_NO) values (48,3,'{"proj_user_nick":"팀장 꼬북","issue_his_cont":"abcde","issue_title":"이슈 입니다","url":"/gaia/kkobuk/testproject/issue/113"}',to_date('2021/06/10','RRRR/MM/DD'),to_date('2021/06/10','RRRR/MM/DD'),'IC',null);
REM INSERTING into ATTACH_FILE
SET DEFINE OFF;
REM INSERTING into AUTH_CODE
SET DEFINE OFF;
REM INSERTING into CHAT_ROOM
SET DEFINE OFF;
Insert into CHAT_ROOM (CHATROOM_NO,CHATROOM_TITLE,CHATROOM_CREATE_DATE,CHATROOM_ALARM) values (1,'TEST',to_date('2021/01/01','RRRR/MM/DD'),null);
Insert into CHAT_ROOM (CHATROOM_NO,CHATROOM_TITLE,CHATROOM_CREATE_DATE,CHATROOM_ALARM) values (2,'TEST',to_date('2021/01/01','RRRR/MM/DD'),null);
Insert into CHAT_ROOM (CHATROOM_NO,CHATROOM_TITLE,CHATROOM_CREATE_DATE,CHATROOM_ALARM) values (3,'1:1(1,3)',to_date('2021/06/14','RRRR/MM/DD'),null);
REM INSERTING into COM_CODE
SET DEFINE OFF;
Insert into COM_CODE (COM_CODE_GRP,COM_CODE,COM_CODE_NM,COM_CODE_DESC,USE_YN) values ('MS','VA','휴가','휴가중','Y');
Insert into COM_CODE (COM_CODE_GRP,COM_CODE,COM_CODE_NM,COM_CODE_DESC,USE_YN) values ('MS','SI','아픔','아픔','Y');
Insert into COM_CODE (COM_CODE_GRP,COM_CODE,COM_CODE_NM,COM_CODE_DESC,USE_YN) values ('MS','WH','재택 근무','재택 근무','Y');
Insert into COM_CODE (COM_CODE_GRP,COM_CODE,COM_CODE_NM,COM_CODE_DESC,USE_YN) values ('MS','FC','방해금지','방해금지','Y');
Insert into COM_CODE (COM_CODE_GRP,COM_CODE,COM_CODE_NM,COM_CODE_DESC,USE_YN) values ('MS','AB','부재중','부재중','Y');
Insert into COM_CODE (COM_CODE_GRP,COM_CODE,COM_CODE_NM,COM_CODE_DESC,USE_YN) values ('MS','OW','외근','외근','Y');
Insert into COM_CODE (COM_CODE_GRP,COM_CODE,COM_CODE_NM,COM_CODE_DESC,USE_YN) values ('MS','WF','가족과의 시간','가족과의 시간','Y');
Insert into COM_CODE (COM_CODE_GRP,COM_CODE,COM_CODE_NM,COM_CODE_DESC,USE_YN) values ('MS','RM','휴면회원','휴면회원','Y');
Insert into COM_CODE (COM_CODE_GRP,COM_CODE,COM_CODE_NM,COM_CODE_DESC,USE_YN) values ('MS','ON','활동중','활동중','Y');
Insert into COM_CODE (COM_CODE_GRP,COM_CODE,COM_CODE_NM,COM_CODE_DESC,USE_YN) values ('MS','OF','비활동중','비활동중','Y');
Insert into COM_CODE (COM_CODE_GRP,COM_CODE,COM_CODE_NM,COM_CODE_DESC,USE_YN) values ('PR','1','무시','무시','Y');
Insert into COM_CODE (COM_CODE_GRP,COM_CODE,COM_CODE_NM,COM_CODE_DESC,USE_YN) values ('PR','2','낮음','낮음','Y');
Insert into COM_CODE (COM_CODE_GRP,COM_CODE,COM_CODE_NM,COM_CODE_DESC,USE_YN) values ('PR','3','보통','보통','Y');
Insert into COM_CODE (COM_CODE_GRP,COM_CODE,COM_CODE_NM,COM_CODE_DESC,USE_YN) values ('PR','4','높음','높음','Y');
Insert into COM_CODE (COM_CODE_GRP,COM_CODE,COM_CODE_NM,COM_CODE_DESC,USE_YN) values ('PR','5','긴급','긴급','Y');
Insert into COM_CODE (COM_CODE_GRP,COM_CODE,COM_CODE_NM,COM_CODE_DESC,USE_YN) values ('PR','6','즉시','즉시','Y');
Insert into COM_CODE (COM_CODE_GRP,COM_CODE,COM_CODE_NM,COM_CODE_DESC,USE_YN) values ('AT','IC','이슈댓글','<span style="color:red">#{issue_title}</span> 이슈에 #{proj_user_nick}님이 댓글을 달았습니다 : #{issue_his_cont}','Y');
Insert into COM_CODE (COM_CODE_GRP,COM_CODE,COM_CODE_NM,COM_CODE_DESC,USE_YN) values ('AT','IA','이슈담당','#{issue_title} 이슈에 담당자로 지정되었습니다.','Y');
Insert into COM_CODE (COM_CODE_GRP,COM_CODE,COM_CODE_NM,COM_CODE_DESC,USE_YN) values ('AT','NR','뉴스댓글','#{news_title} 뉴스에 #{proj_user_nick} 님이 댓글을 달았습니다.','Y');
REM INSERTING into COM_CODE_GRP
SET DEFINE OFF;
Insert into COM_CODE_GRP (COM_CODE_GRP,COM_CODE_GRP_NM,CODE_GRP_DESC,USE_YN) values ('MS','회원 상태','회원의 온라인,오프라인, 휴가 상태등를 알려준다.','Y');
Insert into COM_CODE_GRP (COM_CODE_GRP,COM_CODE_GRP_NM,CODE_GRP_DESC,USE_YN) values ('PR','중요도','중요도를 알려준다. (프로젝트내 중요도 설정은  2진법으로 진행)','Y');
Insert into COM_CODE_GRP (COM_CODE_GRP,COM_CODE_GRP_NM,CODE_GRP_DESC,USE_YN) values ('MD','모듈','이슈, 간트차트, 뉴스, 위키등 프로젝트 내 모듈 사용을 구분 할 수 있다.','Y');
Insert into COM_CODE_GRP (COM_CODE_GRP,COM_CODE_GRP_NM,CODE_GRP_DESC,USE_YN) values ('AT','알림 유형','알림 유형을 구분 할 수 있다.','Y');
Insert into COM_CODE_GRP (COM_CODE_GRP,COM_CODE_GRP_NM,CODE_GRP_DESC,USE_YN) values ('RT','저장소 종류','GIT 과 SVN 저장소 종류를 구분 할 수 있다.','Y');
Insert into COM_CODE_GRP (COM_CODE_GRP,COM_CODE_GRP_NM,CODE_GRP_DESC,USE_YN) values ('FT','문의 유형','자주 묻는 질문에 대한 유형을 구분 할 수 있다.','Y');
Insert into COM_CODE_GRP (COM_CODE_GRP,COM_CODE_GRP_NM,CODE_GRP_DESC,USE_YN) values ('IST','이슈 히스토리 유형','이슈 제목 수정, 댓글 작성, 라벨 설정,  ','Y');
Insert into COM_CODE_GRP (COM_CODE_GRP,COM_CODE_GRP_NM,CODE_GRP_DESC,USE_YN) values ('BR','기본 역할','AA,BA,QA,DA','Y');
REM INSERTING into FAQ
SET DEFINE OFF;
REM INSERTING into FORBIDDEN_PROJ_TITLE
SET DEFINE OFF;
Insert into FORBIDDEN_PROJ_TITLE (FORBIDDEN_PROJ_TITLE,REASON) values ('overview',null);
Insert into FORBIDDEN_PROJ_TITLE (FORBIDDEN_PROJ_TITLE,REASON) values ('help',null);
Insert into FORBIDDEN_PROJ_TITLE (FORBIDDEN_PROJ_TITLE,REASON) values ('setting',null);
REM INSERTING into INQUIRY
SET DEFINE OFF;
Insert into INQUIRY (INQ_NO,MEM_NO,INQ_CONT,INQ_DATE,INQ_STATUS_YN,ATCH_FILE_SID) values (1,1,'문의내용1',to_date('2021/05/04','RRRR/MM/DD'),'Y',null);
Insert into INQUIRY (INQ_NO,MEM_NO,INQ_CONT,INQ_DATE,INQ_STATUS_YN,ATCH_FILE_SID) values (2,1,'문의내용2',to_date('2021/05/03','RRRR/MM/DD'),'N',null);
Insert into INQUIRY (INQ_NO,MEM_NO,INQ_CONT,INQ_DATE,INQ_STATUS_YN,ATCH_FILE_SID) values (3,1,'문의내용3',to_date('2021/05/05','RRRR/MM/DD'),'Y',null);
Insert into INQUIRY (INQ_NO,MEM_NO,INQ_CONT,INQ_DATE,INQ_STATUS_YN,ATCH_FILE_SID) values (4,1,'문의내용4',to_date('2021/05/03','RRRR/MM/DD'),'Y',null);
Insert into INQUIRY (INQ_NO,MEM_NO,INQ_CONT,INQ_DATE,INQ_STATUS_YN,ATCH_FILE_SID) values (5,1,'문의내용5',to_date('2021/05/03','RRRR/MM/DD'),'Y',null);
Insert into INQUIRY (INQ_NO,MEM_NO,INQ_CONT,INQ_DATE,INQ_STATUS_YN,ATCH_FILE_SID) values (6,1,'문의내용6',to_date('2021/05/03','RRRR/MM/DD'),'Y',null);
Insert into INQUIRY (INQ_NO,MEM_NO,INQ_CONT,INQ_DATE,INQ_STATUS_YN,ATCH_FILE_SID) values (7,1,'문의내용7',to_date('2021/05/03','RRRR/MM/DD'),'Y',null);
Insert into INQUIRY (INQ_NO,MEM_NO,INQ_CONT,INQ_DATE,INQ_STATUS_YN,ATCH_FILE_SID) values (8,1,'문의내용8',to_date('2021/05/03','RRRR/MM/DD'),'Y',null);
Insert into INQUIRY (INQ_NO,MEM_NO,INQ_CONT,INQ_DATE,INQ_STATUS_YN,ATCH_FILE_SID) values (9,1,'문의내용9',to_date('2021/05/03','RRRR/MM/DD'),'Y',null);
Insert into INQUIRY (INQ_NO,MEM_NO,INQ_CONT,INQ_DATE,INQ_STATUS_YN,ATCH_FILE_SID) values (10,1,'문의내용10',to_date('2021/05/03','RRRR/MM/DD'),'Y',null);
Insert into INQUIRY (INQ_NO,MEM_NO,INQ_CONT,INQ_DATE,INQ_STATUS_YN,ATCH_FILE_SID) values (11,1,'문의내용11',to_date('2021/05/03','RRRR/MM/DD'),'Y',null);
Insert into INQUIRY (INQ_NO,MEM_NO,INQ_CONT,INQ_DATE,INQ_STATUS_YN,ATCH_FILE_SID) values (12,1,'문의내용12',to_date('2021/05/03','RRRR/MM/DD'),'Y',null);
Insert into INQUIRY (INQ_NO,MEM_NO,INQ_CONT,INQ_DATE,INQ_STATUS_YN,ATCH_FILE_SID) values (13,1,'문의내용13',to_date('2021/05/03','RRRR/MM/DD'),'Y',null);
Insert into INQUIRY (INQ_NO,MEM_NO,INQ_CONT,INQ_DATE,INQ_STATUS_YN,ATCH_FILE_SID) values (14,1,'문의내용14',to_date('2021/05/03','RRRR/MM/DD'),'Y',null);
Insert into INQUIRY (INQ_NO,MEM_NO,INQ_CONT,INQ_DATE,INQ_STATUS_YN,ATCH_FILE_SID) values (15,1,'문의내용15',to_date('2021/05/03','RRRR/MM/DD'),'Y',null);
Insert into INQUIRY (INQ_NO,MEM_NO,INQ_CONT,INQ_DATE,INQ_STATUS_YN,ATCH_FILE_SID) values (16,1,'문의내용16',to_date('2021/05/03','RRRR/MM/DD'),'Y',null);
Insert into INQUIRY (INQ_NO,MEM_NO,INQ_CONT,INQ_DATE,INQ_STATUS_YN,ATCH_FILE_SID) values (17,1,'문의내용17',to_date('2021/05/03','RRRR/MM/DD'),'Y',null);
REM INSERTING into INQUIRY_COMMENT
SET DEFINE OFF;
Insert into INQUIRY_COMMENT (INQ_COM_NO,INQ_NO,PROV_ID,INQ_COM_CONT,INQ_COM_DATE,ATCH_FILE_SID) values (1,1,'admin1','문의 답변 내용 1',to_date('2021/05/03','RRRR/MM/DD'),null);
Insert into INQUIRY_COMMENT (INQ_COM_NO,INQ_NO,PROV_ID,INQ_COM_CONT,INQ_COM_DATE,ATCH_FILE_SID) values (4,4,'admin1','문의 답변 내용 4',to_date('2021/05/03','RRRR/MM/DD'),null);
Insert into INQUIRY_COMMENT (INQ_COM_NO,INQ_NO,PROV_ID,INQ_COM_CONT,INQ_COM_DATE,ATCH_FILE_SID) values (5,5,'admin1','문의 답변 내용 5',to_date('2021/05/03','RRRR/MM/DD'),null);
Insert into INQUIRY_COMMENT (INQ_COM_NO,INQ_NO,PROV_ID,INQ_COM_CONT,INQ_COM_DATE,ATCH_FILE_SID) values (6,6,'admin1','문의 답변 내용 6',to_date('2021/05/03','RRRR/MM/DD'),null);
Insert into INQUIRY_COMMENT (INQ_COM_NO,INQ_NO,PROV_ID,INQ_COM_CONT,INQ_COM_DATE,ATCH_FILE_SID) values (7,7,'admin1','문의 답변 내용 7',to_date('2021/05/03','RRRR/MM/DD'),null);
Insert into INQUIRY_COMMENT (INQ_COM_NO,INQ_NO,PROV_ID,INQ_COM_CONT,INQ_COM_DATE,ATCH_FILE_SID) values (8,8,'admin1','문의 답변 내용 8',to_date('2021/05/03','RRRR/MM/DD'),null);
Insert into INQUIRY_COMMENT (INQ_COM_NO,INQ_NO,PROV_ID,INQ_COM_CONT,INQ_COM_DATE,ATCH_FILE_SID) values (9,9,'admin1','문의 답변 내용 9',to_date('2021/05/03','RRRR/MM/DD'),null);
Insert into INQUIRY_COMMENT (INQ_COM_NO,INQ_NO,PROV_ID,INQ_COM_CONT,INQ_COM_DATE,ATCH_FILE_SID) values (10,10,'admin1','문의 답변 내용 10',to_date('2021/05/03','RRRR/MM/DD'),null);
Insert into INQUIRY_COMMENT (INQ_COM_NO,INQ_NO,PROV_ID,INQ_COM_CONT,INQ_COM_DATE,ATCH_FILE_SID) values (11,11,'admin1','문의 답변 내용 11',to_date('2021/05/03','RRRR/MM/DD'),null);
Insert into INQUIRY_COMMENT (INQ_COM_NO,INQ_NO,PROV_ID,INQ_COM_CONT,INQ_COM_DATE,ATCH_FILE_SID) values (12,12,'admin1','문의 답변 내용 12',to_date('2021/05/03','RRRR/MM/DD'),null);
Insert into INQUIRY_COMMENT (INQ_COM_NO,INQ_NO,PROV_ID,INQ_COM_CONT,INQ_COM_DATE,ATCH_FILE_SID) values (13,13,'admin1','문의 답변 내용 13',to_date('2021/05/03','RRRR/MM/DD'),null);
Insert into INQUIRY_COMMENT (INQ_COM_NO,INQ_NO,PROV_ID,INQ_COM_CONT,INQ_COM_DATE,ATCH_FILE_SID) values (14,14,'admin1','문의 답변 내용 14',to_date('2021/05/03','RRRR/MM/DD'),null);
Insert into INQUIRY_COMMENT (INQ_COM_NO,INQ_NO,PROV_ID,INQ_COM_CONT,INQ_COM_DATE,ATCH_FILE_SID) values (15,15,'admin1','문의 답변 내용 15',to_date('2021/05/03','RRRR/MM/DD'),null);
Insert into INQUIRY_COMMENT (INQ_COM_NO,INQ_NO,PROV_ID,INQ_COM_CONT,INQ_COM_DATE,ATCH_FILE_SID) values (16,16,'admin1','문의 답변 내용 16',to_date('2021/05/03','RRRR/MM/DD'),null);
Insert into INQUIRY_COMMENT (INQ_COM_NO,INQ_NO,PROV_ID,INQ_COM_CONT,INQ_COM_DATE,ATCH_FILE_SID) values (17,17,'admin1','문의 답변 내용 17',to_date('2021/05/03','RRRR/MM/DD'),null);
Insert into INQUIRY_COMMENT (INQ_COM_NO,INQ_NO,PROV_ID,INQ_COM_CONT,INQ_COM_DATE,ATCH_FILE_SID) values (48,3,'admin22','final testing toaster',to_date('2021/06/14','RRRR/MM/DD'),null);
Insert into INQUIRY_COMMENT (INQ_COM_NO,INQ_NO,PROV_ID,INQ_COM_CONT,INQ_COM_DATE,ATCH_FILE_SID) values (49,3,'admin22','final testing toaster nospace',to_date('2021/06/14','RRRR/MM/DD'),null);
REM INSERTING into ISSUE
SET DEFINE OFF;
Insert into ISSUE (ISSUE_SID,ISSUE_NO,MEM_NO,LABEL_NO,MILEST_SID,PROJ_NO,ISSUE_TITLE,ISSUE_CREATE_DATE,ISSUE_START_DATE,ISSUE_END_DATE,ISSUE_STATUS,ISSUE_PRIORITY,PROGRESS) values (22,19,4,null,null,1,'힘들다',to_date('2021/06/03','RRRR/MM/DD'),null,null,'0',3,0);
Insert into ISSUE (ISSUE_SID,ISSUE_NO,MEM_NO,LABEL_NO,MILEST_SID,PROJ_NO,ISSUE_TITLE,ISSUE_CREATE_DATE,ISSUE_START_DATE,ISSUE_END_DATE,ISSUE_STATUS,ISSUE_PRIORITY,PROGRESS) values (23,20,4,null,null,1,'페이징떔에 이슈 등록하기',to_date('2021/06/03','RRRR/MM/DD'),null,null,'0',3,0);
Insert into ISSUE (ISSUE_SID,ISSUE_NO,MEM_NO,LABEL_NO,MILEST_SID,PROJ_NO,ISSUE_TITLE,ISSUE_CREATE_DATE,ISSUE_START_DATE,ISSUE_END_DATE,ISSUE_STATUS,ISSUE_PRIORITY,PROGRESS) values (24,21,4,null,null,1,'하나 더 쓰기',to_date('2021/06/03','RRRR/MM/DD'),null,null,'0',3,0);
Insert into ISSUE (ISSUE_SID,ISSUE_NO,MEM_NO,LABEL_NO,MILEST_SID,PROJ_NO,ISSUE_TITLE,ISSUE_CREATE_DATE,ISSUE_START_DATE,ISSUE_END_DATE,ISSUE_STATUS,ISSUE_PRIORITY,PROGRESS) values (25,22,4,null,null,1,'스팸 글 쓴다',to_date('2021/06/03','RRRR/MM/DD'),null,null,'0',3,0);
Insert into ISSUE (ISSUE_SID,ISSUE_NO,MEM_NO,LABEL_NO,MILEST_SID,PROJ_NO,ISSUE_TITLE,ISSUE_CREATE_DATE,ISSUE_START_DATE,ISSUE_END_DATE,ISSUE_STATUS,ISSUE_PRIORITY,PROGRESS) values (26,23,4,null,null,1,'스팸 글 쓴다',to_date('2021/06/03','RRRR/MM/DD'),null,null,'0',3,0);
Insert into ISSUE (ISSUE_SID,ISSUE_NO,MEM_NO,LABEL_NO,MILEST_SID,PROJ_NO,ISSUE_TITLE,ISSUE_CREATE_DATE,ISSUE_START_DATE,ISSUE_END_DATE,ISSUE_STATUS,ISSUE_PRIORITY,PROGRESS) values (27,24,4,null,null,1,'스팸 글 쓴다',to_date('2021/06/03','RRRR/MM/DD'),null,null,'0',3,0);
Insert into ISSUE (ISSUE_SID,ISSUE_NO,MEM_NO,LABEL_NO,MILEST_SID,PROJ_NO,ISSUE_TITLE,ISSUE_CREATE_DATE,ISSUE_START_DATE,ISSUE_END_DATE,ISSUE_STATUS,ISSUE_PRIORITY,PROGRESS) values (28,25,4,null,null,1,'스팸 글 쓴다',to_date('2021/06/03','RRRR/MM/DD'),null,null,'0',3,0);
Insert into ISSUE (ISSUE_SID,ISSUE_NO,MEM_NO,LABEL_NO,MILEST_SID,PROJ_NO,ISSUE_TITLE,ISSUE_CREATE_DATE,ISSUE_START_DATE,ISSUE_END_DATE,ISSUE_STATUS,ISSUE_PRIORITY,PROGRESS) values (29,26,4,null,null,1,'스팸 글 쓴다',to_date('2021/06/03','RRRR/MM/DD'),null,null,'0',3,0);
Insert into ISSUE (ISSUE_SID,ISSUE_NO,MEM_NO,LABEL_NO,MILEST_SID,PROJ_NO,ISSUE_TITLE,ISSUE_CREATE_DATE,ISSUE_START_DATE,ISSUE_END_DATE,ISSUE_STATUS,ISSUE_PRIORITY,PROGRESS) values (30,27,4,null,null,1,'스팸 글 쓴다',to_date('2021/06/03','RRRR/MM/DD'),null,null,'0',3,0);
Insert into ISSUE (ISSUE_SID,ISSUE_NO,MEM_NO,LABEL_NO,MILEST_SID,PROJ_NO,ISSUE_TITLE,ISSUE_CREATE_DATE,ISSUE_START_DATE,ISSUE_END_DATE,ISSUE_STATUS,ISSUE_PRIORITY,PROGRESS) values (31,28,4,null,null,1,'스팸 글 쓴다',to_date('2021/06/03','RRRR/MM/DD'),null,null,'0',3,0);
Insert into ISSUE (ISSUE_SID,ISSUE_NO,MEM_NO,LABEL_NO,MILEST_SID,PROJ_NO,ISSUE_TITLE,ISSUE_CREATE_DATE,ISSUE_START_DATE,ISSUE_END_DATE,ISSUE_STATUS,ISSUE_PRIORITY,PROGRESS) values (32,29,4,null,null,1,'스팸 글 쓴다',to_date('2021/06/03','RRRR/MM/DD'),null,null,'0',3,0);
Insert into ISSUE (ISSUE_SID,ISSUE_NO,MEM_NO,LABEL_NO,MILEST_SID,PROJ_NO,ISSUE_TITLE,ISSUE_CREATE_DATE,ISSUE_START_DATE,ISSUE_END_DATE,ISSUE_STATUS,ISSUE_PRIORITY,PROGRESS) values (33,30,4,null,null,1,'스팸 글 쓴다',to_date('2021/06/03','RRRR/MM/DD'),null,null,'0',3,0);
Insert into ISSUE (ISSUE_SID,ISSUE_NO,MEM_NO,LABEL_NO,MILEST_SID,PROJ_NO,ISSUE_TITLE,ISSUE_CREATE_DATE,ISSUE_START_DATE,ISSUE_END_DATE,ISSUE_STATUS,ISSUE_PRIORITY,PROGRESS) values (34,31,4,null,null,1,'스팸 글 쓴다',to_date('2021/06/03','RRRR/MM/DD'),null,null,'0',3,0);
Insert into ISSUE (ISSUE_SID,ISSUE_NO,MEM_NO,LABEL_NO,MILEST_SID,PROJ_NO,ISSUE_TITLE,ISSUE_CREATE_DATE,ISSUE_START_DATE,ISSUE_END_DATE,ISSUE_STATUS,ISSUE_PRIORITY,PROGRESS) values (35,32,4,null,null,1,'스팸 글 쓴다',to_date('2021/06/03','RRRR/MM/DD'),null,null,'0',3,0);
Insert into ISSUE (ISSUE_SID,ISSUE_NO,MEM_NO,LABEL_NO,MILEST_SID,PROJ_NO,ISSUE_TITLE,ISSUE_CREATE_DATE,ISSUE_START_DATE,ISSUE_END_DATE,ISSUE_STATUS,ISSUE_PRIORITY,PROGRESS) values (36,33,4,null,null,1,'스팸 글 쓴다',to_date('2021/06/03','RRRR/MM/DD'),null,null,'0',3,0);
Insert into ISSUE (ISSUE_SID,ISSUE_NO,MEM_NO,LABEL_NO,MILEST_SID,PROJ_NO,ISSUE_TITLE,ISSUE_CREATE_DATE,ISSUE_START_DATE,ISSUE_END_DATE,ISSUE_STATUS,ISSUE_PRIORITY,PROGRESS) values (37,34,4,null,null,1,'스팸 글 쓴다',to_date('2021/06/03','RRRR/MM/DD'),null,null,'0',3,0);
Insert into ISSUE (ISSUE_SID,ISSUE_NO,MEM_NO,LABEL_NO,MILEST_SID,PROJ_NO,ISSUE_TITLE,ISSUE_CREATE_DATE,ISSUE_START_DATE,ISSUE_END_DATE,ISSUE_STATUS,ISSUE_PRIORITY,PROGRESS) values (38,35,4,null,null,1,'스팸 글 쓴다',to_date('2021/06/03','RRRR/MM/DD'),null,null,'0',3,0);
Insert into ISSUE (ISSUE_SID,ISSUE_NO,MEM_NO,LABEL_NO,MILEST_SID,PROJ_NO,ISSUE_TITLE,ISSUE_CREATE_DATE,ISSUE_START_DATE,ISSUE_END_DATE,ISSUE_STATUS,ISSUE_PRIORITY,PROGRESS) values (39,36,4,null,null,1,'스팸 글 쓴다',to_date('2021/06/03','RRRR/MM/DD'),null,null,'0',3,0);
Insert into ISSUE (ISSUE_SID,ISSUE_NO,MEM_NO,LABEL_NO,MILEST_SID,PROJ_NO,ISSUE_TITLE,ISSUE_CREATE_DATE,ISSUE_START_DATE,ISSUE_END_DATE,ISSUE_STATUS,ISSUE_PRIORITY,PROGRESS) values (40,37,4,null,null,1,'스팸 글 쓴다',to_date('2021/06/03','RRRR/MM/DD'),null,null,'0',3,0);
Insert into ISSUE (ISSUE_SID,ISSUE_NO,MEM_NO,LABEL_NO,MILEST_SID,PROJ_NO,ISSUE_TITLE,ISSUE_CREATE_DATE,ISSUE_START_DATE,ISSUE_END_DATE,ISSUE_STATUS,ISSUE_PRIORITY,PROGRESS) values (41,38,4,null,null,1,'스팸 글 쓴다',to_date('2021/06/03','RRRR/MM/DD'),null,null,'0',3,0);
Insert into ISSUE (ISSUE_SID,ISSUE_NO,MEM_NO,LABEL_NO,MILEST_SID,PROJ_NO,ISSUE_TITLE,ISSUE_CREATE_DATE,ISSUE_START_DATE,ISSUE_END_DATE,ISSUE_STATUS,ISSUE_PRIORITY,PROGRESS) values (42,39,4,null,null,1,'스팸 글 쓴다',to_date('2021/06/03','RRRR/MM/DD'),null,null,'0',3,0);
Insert into ISSUE (ISSUE_SID,ISSUE_NO,MEM_NO,LABEL_NO,MILEST_SID,PROJ_NO,ISSUE_TITLE,ISSUE_CREATE_DATE,ISSUE_START_DATE,ISSUE_END_DATE,ISSUE_STATUS,ISSUE_PRIORITY,PROGRESS) values (43,40,4,null,null,1,'스팸 글 쓴다',to_date('2021/06/03','RRRR/MM/DD'),null,null,'0',3,0);
Insert into ISSUE (ISSUE_SID,ISSUE_NO,MEM_NO,LABEL_NO,MILEST_SID,PROJ_NO,ISSUE_TITLE,ISSUE_CREATE_DATE,ISSUE_START_DATE,ISSUE_END_DATE,ISSUE_STATUS,ISSUE_PRIORITY,PROGRESS) values (44,41,4,null,null,1,'스팸 글 쓴다',to_date('2021/06/03','RRRR/MM/DD'),null,null,'0',3,0);
Insert into ISSUE (ISSUE_SID,ISSUE_NO,MEM_NO,LABEL_NO,MILEST_SID,PROJ_NO,ISSUE_TITLE,ISSUE_CREATE_DATE,ISSUE_START_DATE,ISSUE_END_DATE,ISSUE_STATUS,ISSUE_PRIORITY,PROGRESS) values (45,42,4,null,null,1,'스팸 글 쓴다',to_date('2021/06/03','RRRR/MM/DD'),null,null,'0',3,0);
Insert into ISSUE (ISSUE_SID,ISSUE_NO,MEM_NO,LABEL_NO,MILEST_SID,PROJ_NO,ISSUE_TITLE,ISSUE_CREATE_DATE,ISSUE_START_DATE,ISSUE_END_DATE,ISSUE_STATUS,ISSUE_PRIORITY,PROGRESS) values (46,43,4,null,null,1,'스팸 글 쓴다',to_date('2021/06/03','RRRR/MM/DD'),null,null,'0',3,0);
Insert into ISSUE (ISSUE_SID,ISSUE_NO,MEM_NO,LABEL_NO,MILEST_SID,PROJ_NO,ISSUE_TITLE,ISSUE_CREATE_DATE,ISSUE_START_DATE,ISSUE_END_DATE,ISSUE_STATUS,ISSUE_PRIORITY,PROGRESS) values (47,44,4,null,null,1,'스팸 글 쓴다',to_date('2021/06/03','RRRR/MM/DD'),null,null,'0',3,0);
Insert into ISSUE (ISSUE_SID,ISSUE_NO,MEM_NO,LABEL_NO,MILEST_SID,PROJ_NO,ISSUE_TITLE,ISSUE_CREATE_DATE,ISSUE_START_DATE,ISSUE_END_DATE,ISSUE_STATUS,ISSUE_PRIORITY,PROGRESS) values (48,45,4,null,null,1,'스팸 글 쓴다',to_date('2021/06/03','RRRR/MM/DD'),null,null,'0',3,0);
Insert into ISSUE (ISSUE_SID,ISSUE_NO,MEM_NO,LABEL_NO,MILEST_SID,PROJ_NO,ISSUE_TITLE,ISSUE_CREATE_DATE,ISSUE_START_DATE,ISSUE_END_DATE,ISSUE_STATUS,ISSUE_PRIORITY,PROGRESS) values (49,46,4,null,null,1,'스팸 글 쓴다',to_date('2021/06/03','RRRR/MM/DD'),null,null,'0',3,0);
Insert into ISSUE (ISSUE_SID,ISSUE_NO,MEM_NO,LABEL_NO,MILEST_SID,PROJ_NO,ISSUE_TITLE,ISSUE_CREATE_DATE,ISSUE_START_DATE,ISSUE_END_DATE,ISSUE_STATUS,ISSUE_PRIORITY,PROGRESS) values (50,47,4,null,null,1,'스팸 글 쓴다',to_date('2021/06/03','RRRR/MM/DD'),null,null,'0',3,0);
Insert into ISSUE (ISSUE_SID,ISSUE_NO,MEM_NO,LABEL_NO,MILEST_SID,PROJ_NO,ISSUE_TITLE,ISSUE_CREATE_DATE,ISSUE_START_DATE,ISSUE_END_DATE,ISSUE_STATUS,ISSUE_PRIORITY,PROGRESS) values (51,48,4,null,null,1,'스팸 글 쓴다',to_date('2021/06/03','RRRR/MM/DD'),null,null,'0',3,0);
Insert into ISSUE (ISSUE_SID,ISSUE_NO,MEM_NO,LABEL_NO,MILEST_SID,PROJ_NO,ISSUE_TITLE,ISSUE_CREATE_DATE,ISSUE_START_DATE,ISSUE_END_DATE,ISSUE_STATUS,ISSUE_PRIORITY,PROGRESS) values (52,49,4,null,null,1,'스팸 글 쓴다',to_date('2021/06/03','RRRR/MM/DD'),null,null,'0',3,0);
Insert into ISSUE (ISSUE_SID,ISSUE_NO,MEM_NO,LABEL_NO,MILEST_SID,PROJ_NO,ISSUE_TITLE,ISSUE_CREATE_DATE,ISSUE_START_DATE,ISSUE_END_DATE,ISSUE_STATUS,ISSUE_PRIORITY,PROGRESS) values (53,50,4,null,null,1,'스팸 글 쓴다',to_date('2021/06/03','RRRR/MM/DD'),null,null,'0',3,0);
Insert into ISSUE (ISSUE_SID,ISSUE_NO,MEM_NO,LABEL_NO,MILEST_SID,PROJ_NO,ISSUE_TITLE,ISSUE_CREATE_DATE,ISSUE_START_DATE,ISSUE_END_DATE,ISSUE_STATUS,ISSUE_PRIORITY,PROGRESS) values (54,51,4,null,null,1,'스팸 글 쓴다',to_date('2021/06/03','RRRR/MM/DD'),null,null,'0',3,0);
Insert into ISSUE (ISSUE_SID,ISSUE_NO,MEM_NO,LABEL_NO,MILEST_SID,PROJ_NO,ISSUE_TITLE,ISSUE_CREATE_DATE,ISSUE_START_DATE,ISSUE_END_DATE,ISSUE_STATUS,ISSUE_PRIORITY,PROGRESS) values (55,52,4,null,null,1,'스팸 글 쓴다',to_date('2021/06/03','RRRR/MM/DD'),null,null,'0',3,0);
Insert into ISSUE (ISSUE_SID,ISSUE_NO,MEM_NO,LABEL_NO,MILEST_SID,PROJ_NO,ISSUE_TITLE,ISSUE_CREATE_DATE,ISSUE_START_DATE,ISSUE_END_DATE,ISSUE_STATUS,ISSUE_PRIORITY,PROGRESS) values (56,53,4,null,null,1,'스팸 글 쓴다',to_date('2021/06/03','RRRR/MM/DD'),null,null,'0',3,0);
Insert into ISSUE (ISSUE_SID,ISSUE_NO,MEM_NO,LABEL_NO,MILEST_SID,PROJ_NO,ISSUE_TITLE,ISSUE_CREATE_DATE,ISSUE_START_DATE,ISSUE_END_DATE,ISSUE_STATUS,ISSUE_PRIORITY,PROGRESS) values (57,54,4,null,null,1,'스팸 글 쓴다',to_date('2021/06/03','RRRR/MM/DD'),null,null,'0',3,0);
Insert into ISSUE (ISSUE_SID,ISSUE_NO,MEM_NO,LABEL_NO,MILEST_SID,PROJ_NO,ISSUE_TITLE,ISSUE_CREATE_DATE,ISSUE_START_DATE,ISSUE_END_DATE,ISSUE_STATUS,ISSUE_PRIORITY,PROGRESS) values (58,55,4,null,null,1,'스팸 글 쓴다',to_date('2021/06/03','RRRR/MM/DD'),null,null,'0',3,0);
Insert into ISSUE (ISSUE_SID,ISSUE_NO,MEM_NO,LABEL_NO,MILEST_SID,PROJ_NO,ISSUE_TITLE,ISSUE_CREATE_DATE,ISSUE_START_DATE,ISSUE_END_DATE,ISSUE_STATUS,ISSUE_PRIORITY,PROGRESS) values (59,56,4,null,null,1,'스팸 글 쓴다',to_date('2021/06/03','RRRR/MM/DD'),null,null,'0',3,0);
Insert into ISSUE (ISSUE_SID,ISSUE_NO,MEM_NO,LABEL_NO,MILEST_SID,PROJ_NO,ISSUE_TITLE,ISSUE_CREATE_DATE,ISSUE_START_DATE,ISSUE_END_DATE,ISSUE_STATUS,ISSUE_PRIORITY,PROGRESS) values (60,57,4,null,null,1,'스팸 글 쓴다',to_date('2021/06/03','RRRR/MM/DD'),null,null,'0',3,0);
Insert into ISSUE (ISSUE_SID,ISSUE_NO,MEM_NO,LABEL_NO,MILEST_SID,PROJ_NO,ISSUE_TITLE,ISSUE_CREATE_DATE,ISSUE_START_DATE,ISSUE_END_DATE,ISSUE_STATUS,ISSUE_PRIORITY,PROGRESS) values (61,58,4,null,null,1,'스팸 글 쓴다',to_date('2021/06/03','RRRR/MM/DD'),null,null,'0',3,0);
Insert into ISSUE (ISSUE_SID,ISSUE_NO,MEM_NO,LABEL_NO,MILEST_SID,PROJ_NO,ISSUE_TITLE,ISSUE_CREATE_DATE,ISSUE_START_DATE,ISSUE_END_DATE,ISSUE_STATUS,ISSUE_PRIORITY,PROGRESS) values (62,59,4,null,null,1,'스팸 글 쓴다',to_date('2021/06/03','RRRR/MM/DD'),null,null,'0',3,0);
Insert into ISSUE (ISSUE_SID,ISSUE_NO,MEM_NO,LABEL_NO,MILEST_SID,PROJ_NO,ISSUE_TITLE,ISSUE_CREATE_DATE,ISSUE_START_DATE,ISSUE_END_DATE,ISSUE_STATUS,ISSUE_PRIORITY,PROGRESS) values (63,60,4,null,null,1,'스팸 글 쓴다',to_date('2021/06/03','RRRR/MM/DD'),null,null,'0',3,0);
Insert into ISSUE (ISSUE_SID,ISSUE_NO,MEM_NO,LABEL_NO,MILEST_SID,PROJ_NO,ISSUE_TITLE,ISSUE_CREATE_DATE,ISSUE_START_DATE,ISSUE_END_DATE,ISSUE_STATUS,ISSUE_PRIORITY,PROGRESS) values (64,61,4,null,null,1,'스팸 글 쓴다61',to_date('2021/06/03','RRRR/MM/DD'),null,null,'0',3,0);
Insert into ISSUE (ISSUE_SID,ISSUE_NO,MEM_NO,LABEL_NO,MILEST_SID,PROJ_NO,ISSUE_TITLE,ISSUE_CREATE_DATE,ISSUE_START_DATE,ISSUE_END_DATE,ISSUE_STATUS,ISSUE_PRIORITY,PROGRESS) values (65,62,4,null,null,1,'스팸 글 쓴다',to_date('2021/06/03','RRRR/MM/DD'),null,null,'0',3,0);
Insert into ISSUE (ISSUE_SID,ISSUE_NO,MEM_NO,LABEL_NO,MILEST_SID,PROJ_NO,ISSUE_TITLE,ISSUE_CREATE_DATE,ISSUE_START_DATE,ISSUE_END_DATE,ISSUE_STATUS,ISSUE_PRIORITY,PROGRESS) values (66,63,4,null,null,1,'스팸 글 쓴다',to_date('2021/06/03','RRRR/MM/DD'),null,null,'0',3,0);
Insert into ISSUE (ISSUE_SID,ISSUE_NO,MEM_NO,LABEL_NO,MILEST_SID,PROJ_NO,ISSUE_TITLE,ISSUE_CREATE_DATE,ISSUE_START_DATE,ISSUE_END_DATE,ISSUE_STATUS,ISSUE_PRIORITY,PROGRESS) values (67,64,4,null,null,1,'스팸 글 쓴다',to_date('2021/06/03','RRRR/MM/DD'),null,null,'0',3,0);
Insert into ISSUE (ISSUE_SID,ISSUE_NO,MEM_NO,LABEL_NO,MILEST_SID,PROJ_NO,ISSUE_TITLE,ISSUE_CREATE_DATE,ISSUE_START_DATE,ISSUE_END_DATE,ISSUE_STATUS,ISSUE_PRIORITY,PROGRESS) values (68,65,4,null,null,1,'스팸 글 쓴다',to_date('2021/06/03','RRRR/MM/DD'),null,null,'0',3,0);
Insert into ISSUE (ISSUE_SID,ISSUE_NO,MEM_NO,LABEL_NO,MILEST_SID,PROJ_NO,ISSUE_TITLE,ISSUE_CREATE_DATE,ISSUE_START_DATE,ISSUE_END_DATE,ISSUE_STATUS,ISSUE_PRIORITY,PROGRESS) values (69,66,4,null,null,1,'스팸 글 쓴다',to_date('2021/06/03','RRRR/MM/DD'),null,null,'0',3,0);
Insert into ISSUE (ISSUE_SID,ISSUE_NO,MEM_NO,LABEL_NO,MILEST_SID,PROJ_NO,ISSUE_TITLE,ISSUE_CREATE_DATE,ISSUE_START_DATE,ISSUE_END_DATE,ISSUE_STATUS,ISSUE_PRIORITY,PROGRESS) values (70,67,4,null,null,1,'스팸 글 쓴다',to_date('2021/06/03','RRRR/MM/DD'),null,null,'0',3,0);
Insert into ISSUE (ISSUE_SID,ISSUE_NO,MEM_NO,LABEL_NO,MILEST_SID,PROJ_NO,ISSUE_TITLE,ISSUE_CREATE_DATE,ISSUE_START_DATE,ISSUE_END_DATE,ISSUE_STATUS,ISSUE_PRIORITY,PROGRESS) values (71,68,4,null,null,1,'스팸 글 쓴다',to_date('2021/06/03','RRRR/MM/DD'),null,null,'0',3,0);
Insert into ISSUE (ISSUE_SID,ISSUE_NO,MEM_NO,LABEL_NO,MILEST_SID,PROJ_NO,ISSUE_TITLE,ISSUE_CREATE_DATE,ISSUE_START_DATE,ISSUE_END_DATE,ISSUE_STATUS,ISSUE_PRIORITY,PROGRESS) values (72,69,4,null,null,1,'스팸 글 쓴다',to_date('2021/06/03','RRRR/MM/DD'),null,null,'0',3,0);
Insert into ISSUE (ISSUE_SID,ISSUE_NO,MEM_NO,LABEL_NO,MILEST_SID,PROJ_NO,ISSUE_TITLE,ISSUE_CREATE_DATE,ISSUE_START_DATE,ISSUE_END_DATE,ISSUE_STATUS,ISSUE_PRIORITY,PROGRESS) values (73,70,4,null,null,1,'스팸 글 쓴다',to_date('2021/06/03','RRRR/MM/DD'),null,null,'0',3,0);
Insert into ISSUE (ISSUE_SID,ISSUE_NO,MEM_NO,LABEL_NO,MILEST_SID,PROJ_NO,ISSUE_TITLE,ISSUE_CREATE_DATE,ISSUE_START_DATE,ISSUE_END_DATE,ISSUE_STATUS,ISSUE_PRIORITY,PROGRESS) values (74,71,4,null,null,1,'스팸 글 쓴다',to_date('2021/06/03','RRRR/MM/DD'),null,null,'0',3,0);
Insert into ISSUE (ISSUE_SID,ISSUE_NO,MEM_NO,LABEL_NO,MILEST_SID,PROJ_NO,ISSUE_TITLE,ISSUE_CREATE_DATE,ISSUE_START_DATE,ISSUE_END_DATE,ISSUE_STATUS,ISSUE_PRIORITY,PROGRESS) values (75,72,4,null,null,1,'스팸 글 쓴다',to_date('2021/06/03','RRRR/MM/DD'),null,null,'0',3,0);
Insert into ISSUE (ISSUE_SID,ISSUE_NO,MEM_NO,LABEL_NO,MILEST_SID,PROJ_NO,ISSUE_TITLE,ISSUE_CREATE_DATE,ISSUE_START_DATE,ISSUE_END_DATE,ISSUE_STATUS,ISSUE_PRIORITY,PROGRESS) values (76,73,4,null,null,1,'스팸 글 쓴다',to_date('2021/06/03','RRRR/MM/DD'),null,null,'0',3,0);
Insert into ISSUE (ISSUE_SID,ISSUE_NO,MEM_NO,LABEL_NO,MILEST_SID,PROJ_NO,ISSUE_TITLE,ISSUE_CREATE_DATE,ISSUE_START_DATE,ISSUE_END_DATE,ISSUE_STATUS,ISSUE_PRIORITY,PROGRESS) values (77,74,4,null,null,1,'스팸 글 쓴다',to_date('2021/06/03','RRRR/MM/DD'),null,null,'0',3,0);
Insert into ISSUE (ISSUE_SID,ISSUE_NO,MEM_NO,LABEL_NO,MILEST_SID,PROJ_NO,ISSUE_TITLE,ISSUE_CREATE_DATE,ISSUE_START_DATE,ISSUE_END_DATE,ISSUE_STATUS,ISSUE_PRIORITY,PROGRESS) values (78,75,4,null,null,1,'스팸 글 쓴다',to_date('2021/06/03','RRRR/MM/DD'),null,null,'0',3,0);
Insert into ISSUE (ISSUE_SID,ISSUE_NO,MEM_NO,LABEL_NO,MILEST_SID,PROJ_NO,ISSUE_TITLE,ISSUE_CREATE_DATE,ISSUE_START_DATE,ISSUE_END_DATE,ISSUE_STATUS,ISSUE_PRIORITY,PROGRESS) values (79,76,4,null,null,1,'스팸 글 쓴다',to_date('2021/06/03','RRRR/MM/DD'),null,null,'0',3,0);
Insert into ISSUE (ISSUE_SID,ISSUE_NO,MEM_NO,LABEL_NO,MILEST_SID,PROJ_NO,ISSUE_TITLE,ISSUE_CREATE_DATE,ISSUE_START_DATE,ISSUE_END_DATE,ISSUE_STATUS,ISSUE_PRIORITY,PROGRESS) values (80,77,4,null,null,1,'스팸 글 쓴다',to_date('2021/06/03','RRRR/MM/DD'),null,null,'0',3,0);
Insert into ISSUE (ISSUE_SID,ISSUE_NO,MEM_NO,LABEL_NO,MILEST_SID,PROJ_NO,ISSUE_TITLE,ISSUE_CREATE_DATE,ISSUE_START_DATE,ISSUE_END_DATE,ISSUE_STATUS,ISSUE_PRIORITY,PROGRESS) values (81,78,4,null,null,1,'스팸 글 쓴다',to_date('2021/06/03','RRRR/MM/DD'),null,null,'0',3,0);
Insert into ISSUE (ISSUE_SID,ISSUE_NO,MEM_NO,LABEL_NO,MILEST_SID,PROJ_NO,ISSUE_TITLE,ISSUE_CREATE_DATE,ISSUE_START_DATE,ISSUE_END_DATE,ISSUE_STATUS,ISSUE_PRIORITY,PROGRESS) values (82,79,4,null,null,1,'스팸 글 쓴다',to_date('2021/06/03','RRRR/MM/DD'),null,null,'0',3,0);
Insert into ISSUE (ISSUE_SID,ISSUE_NO,MEM_NO,LABEL_NO,MILEST_SID,PROJ_NO,ISSUE_TITLE,ISSUE_CREATE_DATE,ISSUE_START_DATE,ISSUE_END_DATE,ISSUE_STATUS,ISSUE_PRIORITY,PROGRESS) values (83,80,4,null,null,1,'스팸 글 쓴다',to_date('2021/06/03','RRRR/MM/DD'),null,null,'0',3,0);
Insert into ISSUE (ISSUE_SID,ISSUE_NO,MEM_NO,LABEL_NO,MILEST_SID,PROJ_NO,ISSUE_TITLE,ISSUE_CREATE_DATE,ISSUE_START_DATE,ISSUE_END_DATE,ISSUE_STATUS,ISSUE_PRIORITY,PROGRESS) values (84,81,4,null,null,1,'스팸 글 쓴다84',to_date('2021/06/03','RRRR/MM/DD'),null,null,'0',3,0);
Insert into ISSUE (ISSUE_SID,ISSUE_NO,MEM_NO,LABEL_NO,MILEST_SID,PROJ_NO,ISSUE_TITLE,ISSUE_CREATE_DATE,ISSUE_START_DATE,ISSUE_END_DATE,ISSUE_STATUS,ISSUE_PRIORITY,PROGRESS) values (85,82,4,null,null,1,'스팸 글 쓴다',to_date('2021/06/03','RRRR/MM/DD'),null,null,'0',3,0);
Insert into ISSUE (ISSUE_SID,ISSUE_NO,MEM_NO,LABEL_NO,MILEST_SID,PROJ_NO,ISSUE_TITLE,ISSUE_CREATE_DATE,ISSUE_START_DATE,ISSUE_END_DATE,ISSUE_STATUS,ISSUE_PRIORITY,PROGRESS) values (86,83,4,null,null,1,'스팸 글 쓴다',to_date('2021/06/03','RRRR/MM/DD'),null,null,'0',3,0);
Insert into ISSUE (ISSUE_SID,ISSUE_NO,MEM_NO,LABEL_NO,MILEST_SID,PROJ_NO,ISSUE_TITLE,ISSUE_CREATE_DATE,ISSUE_START_DATE,ISSUE_END_DATE,ISSUE_STATUS,ISSUE_PRIORITY,PROGRESS) values (87,84,4,null,null,1,'스팸 글 쓴다',to_date('2021/06/03','RRRR/MM/DD'),null,null,'0',3,0);
Insert into ISSUE (ISSUE_SID,ISSUE_NO,MEM_NO,LABEL_NO,MILEST_SID,PROJ_NO,ISSUE_TITLE,ISSUE_CREATE_DATE,ISSUE_START_DATE,ISSUE_END_DATE,ISSUE_STATUS,ISSUE_PRIORITY,PROGRESS) values (88,85,4,null,null,1,'스팸 글 쓴다',to_date('2021/06/03','RRRR/MM/DD'),null,null,'0',3,0);
Insert into ISSUE (ISSUE_SID,ISSUE_NO,MEM_NO,LABEL_NO,MILEST_SID,PROJ_NO,ISSUE_TITLE,ISSUE_CREATE_DATE,ISSUE_START_DATE,ISSUE_END_DATE,ISSUE_STATUS,ISSUE_PRIORITY,PROGRESS) values (89,86,4,null,null,1,'스팸 글 쓴다',to_date('2021/06/03','RRRR/MM/DD'),null,null,'0',3,0);
Insert into ISSUE (ISSUE_SID,ISSUE_NO,MEM_NO,LABEL_NO,MILEST_SID,PROJ_NO,ISSUE_TITLE,ISSUE_CREATE_DATE,ISSUE_START_DATE,ISSUE_END_DATE,ISSUE_STATUS,ISSUE_PRIORITY,PROGRESS) values (90,87,4,null,null,1,'스팸 글 쓴다',to_date('2021/06/03','RRRR/MM/DD'),null,null,'0',3,0);
Insert into ISSUE (ISSUE_SID,ISSUE_NO,MEM_NO,LABEL_NO,MILEST_SID,PROJ_NO,ISSUE_TITLE,ISSUE_CREATE_DATE,ISSUE_START_DATE,ISSUE_END_DATE,ISSUE_STATUS,ISSUE_PRIORITY,PROGRESS) values (91,88,4,null,null,1,'스팸 글 쓴다',to_date('2021/06/03','RRRR/MM/DD'),null,null,'0',3,0);
Insert into ISSUE (ISSUE_SID,ISSUE_NO,MEM_NO,LABEL_NO,MILEST_SID,PROJ_NO,ISSUE_TITLE,ISSUE_CREATE_DATE,ISSUE_START_DATE,ISSUE_END_DATE,ISSUE_STATUS,ISSUE_PRIORITY,PROGRESS) values (92,89,4,null,null,1,'스팸 글 쓴다',to_date('2021/06/03','RRRR/MM/DD'),null,null,'0',3,0);
Insert into ISSUE (ISSUE_SID,ISSUE_NO,MEM_NO,LABEL_NO,MILEST_SID,PROJ_NO,ISSUE_TITLE,ISSUE_CREATE_DATE,ISSUE_START_DATE,ISSUE_END_DATE,ISSUE_STATUS,ISSUE_PRIORITY,PROGRESS) values (93,90,4,null,null,1,'스팸 글 쓴다',to_date('2021/06/03','RRRR/MM/DD'),null,null,'0',3,0);
Insert into ISSUE (ISSUE_SID,ISSUE_NO,MEM_NO,LABEL_NO,MILEST_SID,PROJ_NO,ISSUE_TITLE,ISSUE_CREATE_DATE,ISSUE_START_DATE,ISSUE_END_DATE,ISSUE_STATUS,ISSUE_PRIORITY,PROGRESS) values (94,91,4,null,null,1,'스팸 글 쓴다',to_date('2021/06/03','RRRR/MM/DD'),null,null,'0',3,0);
Insert into ISSUE (ISSUE_SID,ISSUE_NO,MEM_NO,LABEL_NO,MILEST_SID,PROJ_NO,ISSUE_TITLE,ISSUE_CREATE_DATE,ISSUE_START_DATE,ISSUE_END_DATE,ISSUE_STATUS,ISSUE_PRIORITY,PROGRESS) values (95,92,4,null,null,1,'스팸 글 쓴다',to_date('2021/06/03','RRRR/MM/DD'),null,null,'0',3,0);
Insert into ISSUE (ISSUE_SID,ISSUE_NO,MEM_NO,LABEL_NO,MILEST_SID,PROJ_NO,ISSUE_TITLE,ISSUE_CREATE_DATE,ISSUE_START_DATE,ISSUE_END_DATE,ISSUE_STATUS,ISSUE_PRIORITY,PROGRESS) values (96,93,4,null,null,1,'스팸 글 쓴다',to_date('2021/06/03','RRRR/MM/DD'),null,null,'0',3,0);
Insert into ISSUE (ISSUE_SID,ISSUE_NO,MEM_NO,LABEL_NO,MILEST_SID,PROJ_NO,ISSUE_TITLE,ISSUE_CREATE_DATE,ISSUE_START_DATE,ISSUE_END_DATE,ISSUE_STATUS,ISSUE_PRIORITY,PROGRESS) values (97,94,4,null,null,1,'스팸 글 쓴다',to_date('2021/06/03','RRRR/MM/DD'),null,null,'0',3,0);
Insert into ISSUE (ISSUE_SID,ISSUE_NO,MEM_NO,LABEL_NO,MILEST_SID,PROJ_NO,ISSUE_TITLE,ISSUE_CREATE_DATE,ISSUE_START_DATE,ISSUE_END_DATE,ISSUE_STATUS,ISSUE_PRIORITY,PROGRESS) values (98,95,4,null,null,1,'스팸 글 쓴다',to_date('2021/06/03','RRRR/MM/DD'),null,null,'0',3,0);
Insert into ISSUE (ISSUE_SID,ISSUE_NO,MEM_NO,LABEL_NO,MILEST_SID,PROJ_NO,ISSUE_TITLE,ISSUE_CREATE_DATE,ISSUE_START_DATE,ISSUE_END_DATE,ISSUE_STATUS,ISSUE_PRIORITY,PROGRESS) values (99,96,4,null,null,1,'스팸 글 쓴다',to_date('2021/06/03','RRRR/MM/DD'),null,null,'0',3,0);
Insert into ISSUE (ISSUE_SID,ISSUE_NO,MEM_NO,LABEL_NO,MILEST_SID,PROJ_NO,ISSUE_TITLE,ISSUE_CREATE_DATE,ISSUE_START_DATE,ISSUE_END_DATE,ISSUE_STATUS,ISSUE_PRIORITY,PROGRESS) values (100,97,4,null,null,1,'스팸 글 쓴다100',to_date('2021/06/03','RRRR/MM/DD'),null,null,'0',3,0);
Insert into ISSUE (ISSUE_SID,ISSUE_NO,MEM_NO,LABEL_NO,MILEST_SID,PROJ_NO,ISSUE_TITLE,ISSUE_CREATE_DATE,ISSUE_START_DATE,ISSUE_END_DATE,ISSUE_STATUS,ISSUE_PRIORITY,PROGRESS) values (101,98,4,null,null,1,'스팸 글 쓴다',to_date('2021/06/03','RRRR/MM/DD'),null,null,'0',3,0);
Insert into ISSUE (ISSUE_SID,ISSUE_NO,MEM_NO,LABEL_NO,MILEST_SID,PROJ_NO,ISSUE_TITLE,ISSUE_CREATE_DATE,ISSUE_START_DATE,ISSUE_END_DATE,ISSUE_STATUS,ISSUE_PRIORITY,PROGRESS) values (102,99,4,null,null,1,'스팸 글 쓴다',to_date('2021/06/03','RRRR/MM/DD'),null,null,'0',3,0);
Insert into ISSUE (ISSUE_SID,ISSUE_NO,MEM_NO,LABEL_NO,MILEST_SID,PROJ_NO,ISSUE_TITLE,ISSUE_CREATE_DATE,ISSUE_START_DATE,ISSUE_END_DATE,ISSUE_STATUS,ISSUE_PRIORITY,PROGRESS) values (103,100,4,null,null,1,'스팸 글 쓴다',to_date('2021/06/03','RRRR/MM/DD'),null,null,'0',3,0);
Insert into ISSUE (ISSUE_SID,ISSUE_NO,MEM_NO,LABEL_NO,MILEST_SID,PROJ_NO,ISSUE_TITLE,ISSUE_CREATE_DATE,ISSUE_START_DATE,ISSUE_END_DATE,ISSUE_STATUS,ISSUE_PRIORITY,PROGRESS) values (104,101,4,null,null,1,'페이징 처리 했슴니다',to_date('2021/06/03','RRRR/MM/DD'),null,null,'1',3,0);
Insert into ISSUE (ISSUE_SID,ISSUE_NO,MEM_NO,LABEL_NO,MILEST_SID,PROJ_NO,ISSUE_TITLE,ISSUE_CREATE_DATE,ISSUE_START_DATE,ISSUE_END_DATE,ISSUE_STATUS,ISSUE_PRIORITY,PROGRESS) values (105,102,4,null,null,1,'새로 등록하기',to_date('2021/06/03','RRRR/MM/DD'),null,null,'0',3,0);
Insert into ISSUE (ISSUE_SID,ISSUE_NO,MEM_NO,LABEL_NO,MILEST_SID,PROJ_NO,ISSUE_TITLE,ISSUE_CREATE_DATE,ISSUE_START_DATE,ISSUE_END_DATE,ISSUE_STATUS,ISSUE_PRIORITY,PROGRESS) values (106,103,4,null,null,1,'등록테스트',to_date('2021/06/03','RRRR/MM/DD'),null,null,'0',3,0);
Insert into ISSUE (ISSUE_SID,ISSUE_NO,MEM_NO,LABEL_NO,MILEST_SID,PROJ_NO,ISSUE_TITLE,ISSUE_CREATE_DATE,ISSUE_START_DATE,ISSUE_END_DATE,ISSUE_STATUS,ISSUE_PRIORITY,PROGRESS) values (107,104,4,null,null,1,'등록 또 해봅니다',to_date('2021/06/03','RRRR/MM/DD'),null,null,'0',3,0);
Insert into ISSUE (ISSUE_SID,ISSUE_NO,MEM_NO,LABEL_NO,MILEST_SID,PROJ_NO,ISSUE_TITLE,ISSUE_CREATE_DATE,ISSUE_START_DATE,ISSUE_END_DATE,ISSUE_STATUS,ISSUE_PRIORITY,PROGRESS) values (112,109,4,null,null,1,'끝없는 테스트',to_date('2021/06/03','RRRR/MM/DD'),null,null,'0',3,0);
Insert into ISSUE (ISSUE_SID,ISSUE_NO,MEM_NO,LABEL_NO,MILEST_SID,PROJ_NO,ISSUE_TITLE,ISSUE_CREATE_DATE,ISSUE_START_DATE,ISSUE_END_DATE,ISSUE_STATUS,ISSUE_PRIORITY,PROGRESS) values (114,111,4,null,null,1,'이슈 작성 칸반에 바로 등록',to_date('2021/06/06','RRRR/MM/DD'),null,null,'0',3,0);
Insert into ISSUE (ISSUE_SID,ISSUE_NO,MEM_NO,LABEL_NO,MILEST_SID,PROJ_NO,ISSUE_TITLE,ISSUE_CREATE_DATE,ISSUE_START_DATE,ISSUE_END_DATE,ISSUE_STATUS,ISSUE_PRIORITY,PROGRESS) values (116,113,3,null,null,1,'이슈 입니다',to_date('2021/06/10','RRRR/MM/DD'),null,null,'0',3,0);
Insert into ISSUE (ISSUE_SID,ISSUE_NO,MEM_NO,LABEL_NO,MILEST_SID,PROJ_NO,ISSUE_TITLE,ISSUE_CREATE_DATE,ISSUE_START_DATE,ISSUE_END_DATE,ISSUE_STATUS,ISSUE_PRIORITY,PROGRESS) values (7,1,5,1,null,2,'테스트용 2번 프로젝트 이슈',to_date('2021/05/05','RRRR/MM/DD'),to_date('2021/05/05','RRRR/MM/DD'),to_date('2021/05/08','RRRR/MM/DD'),'1',1,null);
Insert into ISSUE (ISSUE_SID,ISSUE_NO,MEM_NO,LABEL_NO,MILEST_SID,PROJ_NO,ISSUE_TITLE,ISSUE_CREATE_DATE,ISSUE_START_DATE,ISSUE_END_DATE,ISSUE_STATUS,ISSUE_PRIORITY,PROGRESS) values (20,17,4,null,null,1,'이슈 작성해본다',to_date('2021/06/02','RRRR/MM/DD'),to_date('2021/06/04','RRRR/MM/DD'),to_date('2021/06/05','RRRR/MM/DD'),'1',3,0);
Insert into ISSUE (ISSUE_SID,ISSUE_NO,MEM_NO,LABEL_NO,MILEST_SID,PROJ_NO,ISSUE_TITLE,ISSUE_CREATE_DATE,ISSUE_START_DATE,ISSUE_END_DATE,ISSUE_STATUS,ISSUE_PRIORITY,PROGRESS) values (21,18,4,null,null,1,'아몰랑 들어 가나?',to_date('2021/06/02','RRRR/MM/DD'),null,null,'0',3,0);
Insert into ISSUE (ISSUE_SID,ISSUE_NO,MEM_NO,LABEL_NO,MILEST_SID,PROJ_NO,ISSUE_TITLE,ISSUE_CREATE_DATE,ISSUE_START_DATE,ISSUE_END_DATE,ISSUE_STATUS,ISSUE_PRIORITY,PROGRESS) values (108,105,4,null,null,1,'이슈를 칸반에 바로 추가 할 수 있을까?',to_date('2021/06/03','RRRR/MM/DD'),null,null,'0',3,0);
Insert into ISSUE (ISSUE_SID,ISSUE_NO,MEM_NO,LABEL_NO,MILEST_SID,PROJ_NO,ISSUE_TITLE,ISSUE_CREATE_DATE,ISSUE_START_DATE,ISSUE_END_DATE,ISSUE_STATUS,ISSUE_PRIORITY,PROGRESS) values (109,106,4,null,null,1,'이슈를 칸반에 바로 추가 할 수 있을까?',to_date('2021/06/03','RRRR/MM/DD'),null,null,'0',3,0);
Insert into ISSUE (ISSUE_SID,ISSUE_NO,MEM_NO,LABEL_NO,MILEST_SID,PROJ_NO,ISSUE_TITLE,ISSUE_CREATE_DATE,ISSUE_START_DATE,ISSUE_END_DATE,ISSUE_STATUS,ISSUE_PRIORITY,PROGRESS) values (110,107,4,null,null,1,'일반 이슈 등록',to_date('2021/06/03','RRRR/MM/DD'),null,null,'0',3,0);
Insert into ISSUE (ISSUE_SID,ISSUE_NO,MEM_NO,LABEL_NO,MILEST_SID,PROJ_NO,ISSUE_TITLE,ISSUE_CREATE_DATE,ISSUE_START_DATE,ISSUE_END_DATE,ISSUE_STATUS,ISSUE_PRIORITY,PROGRESS) values (111,108,4,null,null,1,'끝없는 테스트',to_date('2021/06/03','RRRR/MM/DD'),null,null,'0',3,0);
Insert into ISSUE (ISSUE_SID,ISSUE_NO,MEM_NO,LABEL_NO,MILEST_SID,PROJ_NO,ISSUE_TITLE,ISSUE_CREATE_DATE,ISSUE_START_DATE,ISSUE_END_DATE,ISSUE_STATUS,ISSUE_PRIORITY,PROGRESS) values (119,1,4,null,null,23,'새 프로젝트 테스트',to_date('2021/06/14','RRRR/MM/DD'),null,null,'0',3,0);
Insert into ISSUE (ISSUE_SID,ISSUE_NO,MEM_NO,LABEL_NO,MILEST_SID,PROJ_NO,ISSUE_TITLE,ISSUE_CREATE_DATE,ISSUE_START_DATE,ISSUE_END_DATE,ISSUE_STATUS,ISSUE_PRIORITY,PROGRESS) values (8,2,4,2,2,2,'테스트용',to_date('2021/05/05','RRRR/MM/DD'),to_date('2021/05/05','RRRR/MM/DD'),to_date('2021/05/08','RRRR/MM/DD'),'1',3,80);
Insert into ISSUE (ISSUE_SID,ISSUE_NO,MEM_NO,LABEL_NO,MILEST_SID,PROJ_NO,ISSUE_TITLE,ISSUE_CREATE_DATE,ISSUE_START_DATE,ISSUE_END_DATE,ISSUE_STATUS,ISSUE_PRIORITY,PROGRESS) values (9,7,1,3,1,1,'테스트테스트',to_date('2021/05/05','RRRR/MM/DD'),to_date('2021/05/05','RRRR/MM/DD'),to_date('2021/05/11','RRRR/MM/DD'),'1',3,40);
Insert into ISSUE (ISSUE_SID,ISSUE_NO,MEM_NO,LABEL_NO,MILEST_SID,PROJ_NO,ISSUE_TITLE,ISSUE_CREATE_DATE,ISSUE_START_DATE,ISSUE_END_DATE,ISSUE_STATUS,ISSUE_PRIORITY,PROGRESS) values (19,16,4,null,null,1,'lt gt 루시 필터 제외 테스트',to_date('2021/06/02','RRRR/MM/DD'),null,null,'0',3,0);
Insert into ISSUE (ISSUE_SID,ISSUE_NO,MEM_NO,LABEL_NO,MILEST_SID,PROJ_NO,ISSUE_TITLE,ISSUE_CREATE_DATE,ISSUE_START_DATE,ISSUE_END_DATE,ISSUE_STATUS,ISSUE_PRIORITY,PROGRESS) values (117,114,4,null,null,1,'이슈 등록한다.',to_date('2021/06/12','RRRR/MM/DD'),null,null,'0',3,0);
Insert into ISSUE (ISSUE_SID,ISSUE_NO,MEM_NO,LABEL_NO,MILEST_SID,PROJ_NO,ISSUE_TITLE,ISSUE_CREATE_DATE,ISSUE_START_DATE,ISSUE_END_DATE,ISSUE_STATUS,ISSUE_PRIORITY,PROGRESS) values (118,115,4,null,null,1,'ㅁㅁㅁ 테스트 또',to_date('2021/06/13','RRRR/MM/DD'),null,null,'0',3,0);
Insert into ISSUE (ISSUE_SID,ISSUE_NO,MEM_NO,LABEL_NO,MILEST_SID,PROJ_NO,ISSUE_TITLE,ISSUE_CREATE_DATE,ISSUE_START_DATE,ISSUE_END_DATE,ISSUE_STATUS,ISSUE_PRIORITY,PROGRESS) values (1,1,1,1,1,1,'첫번째 이슈 제목',to_date('2021/05/10','RRRR/MM/DD'),to_date('2021/05/10','RRRR/MM/DD'),to_date('2021/05/11','RRRR/MM/DD'),'1',1,30);
Insert into ISSUE (ISSUE_SID,ISSUE_NO,MEM_NO,LABEL_NO,MILEST_SID,PROJ_NO,ISSUE_TITLE,ISSUE_CREATE_DATE,ISSUE_START_DATE,ISSUE_END_DATE,ISSUE_STATUS,ISSUE_PRIORITY,PROGRESS) values (2,2,5,2,2,1,'두번째 이슈 제목',to_date('2021/05/04','RRRR/MM/DD'),to_date('2021/05/04','RRRR/MM/DD'),to_date('2021/05/11','RRRR/MM/DD'),'1',2,20);
Insert into ISSUE (ISSUE_SID,ISSUE_NO,MEM_NO,LABEL_NO,MILEST_SID,PROJ_NO,ISSUE_TITLE,ISSUE_CREATE_DATE,ISSUE_START_DATE,ISSUE_END_DATE,ISSUE_STATUS,ISSUE_PRIORITY,PROGRESS) values (3,3,5,null,null,1,'1번 프로젝트 3번 이슈',to_date('2021/05/05','RRRR/MM/DD'),to_date('2021/05/05','RRRR/MM/DD'),to_date('2021/05/11','RRRR/MM/DD'),'0',3,10);
Insert into ISSUE (ISSUE_SID,ISSUE_NO,MEM_NO,LABEL_NO,MILEST_SID,PROJ_NO,ISSUE_TITLE,ISSUE_CREATE_DATE,ISSUE_START_DATE,ISSUE_END_DATE,ISSUE_STATUS,ISSUE_PRIORITY,PROGRESS) values (4,4,4,3,2,1,'종료이슈제목',to_date('2021/05/07','RRRR/MM/DD'),to_date('2021/05/07','RRRR/MM/DD'),to_date('2021/05/11','RRRR/MM/DD'),'1',6,100);
Insert into ISSUE (ISSUE_SID,ISSUE_NO,MEM_NO,LABEL_NO,MILEST_SID,PROJ_NO,ISSUE_TITLE,ISSUE_CREATE_DATE,ISSUE_START_DATE,ISSUE_END_DATE,ISSUE_STATUS,ISSUE_PRIORITY,PROGRESS) values (5,5,4,1,1,1,'세번째 이슈 제목',to_date('2021/05/05','RRRR/MM/DD'),to_date('2021/05/05','RRRR/MM/DD'),to_date('2021/05/08','RRRR/MM/DD'),'1',1,80);
Insert into ISSUE (ISSUE_SID,ISSUE_NO,MEM_NO,LABEL_NO,MILEST_SID,PROJ_NO,ISSUE_TITLE,ISSUE_CREATE_DATE,ISSUE_START_DATE,ISSUE_END_DATE,ISSUE_STATUS,ISSUE_PRIORITY,PROGRESS) values (10,3,1,1,null,2,'eisen이 글씀',to_date('2021/05/22','RRRR/MM/DD'),to_date('2021/05/22','RRRR/MM/DD'),to_date('2021/05/22','RRRR/MM/DD'),'1',1,10);
Insert into ISSUE (ISSUE_SID,ISSUE_NO,MEM_NO,LABEL_NO,MILEST_SID,PROJ_NO,ISSUE_TITLE,ISSUE_CREATE_DATE,ISSUE_START_DATE,ISSUE_END_DATE,ISSUE_STATUS,ISSUE_PRIORITY,PROGRESS) values (14,11,4,null,null,1,'이슈 작성 기능 테스트',to_date('2021/06/02','RRRR/MM/DD'),null,null,'0',3,0);
Insert into ISSUE (ISSUE_SID,ISSUE_NO,MEM_NO,LABEL_NO,MILEST_SID,PROJ_NO,ISSUE_TITLE,ISSUE_CREATE_DATE,ISSUE_START_DATE,ISSUE_END_DATE,ISSUE_STATUS,ISSUE_PRIORITY,PROGRESS) values (113,110,4,null,null,1,'dfsa',to_date('2021/06/04','RRRR/MM/DD'),null,null,'1',3,0);
Insert into ISSUE (ISSUE_SID,ISSUE_NO,MEM_NO,LABEL_NO,MILEST_SID,PROJ_NO,ISSUE_TITLE,ISSUE_CREATE_DATE,ISSUE_START_DATE,ISSUE_END_DATE,ISSUE_STATUS,ISSUE_PRIORITY,PROGRESS) values (115,112,4,null,null,1,'이슈 작성 테스트',to_date('2021/06/09','RRRR/MM/DD'),null,null,'0',3,0);
Insert into ISSUE (ISSUE_SID,ISSUE_NO,MEM_NO,LABEL_NO,MILEST_SID,PROJ_NO,ISSUE_TITLE,ISSUE_CREATE_DATE,ISSUE_START_DATE,ISSUE_END_DATE,ISSUE_STATUS,ISSUE_PRIORITY,PROGRESS) values (6,6,1,2,null,1,'d테스트',to_date('2021/05/05','RRRR/MM/DD'),to_date('2021/05/05','RRRR/MM/DD'),to_date('2021/05/08','RRRR/MM/DD'),'0',2,0);
Insert into ISSUE (ISSUE_SID,ISSUE_NO,MEM_NO,LABEL_NO,MILEST_SID,PROJ_NO,ISSUE_TITLE,ISSUE_CREATE_DATE,ISSUE_START_DATE,ISSUE_END_DATE,ISSUE_STATUS,ISSUE_PRIORITY,PROGRESS) values (11,8,4,5,3,1,'마일스톤 테스트용 이슈',to_date('2021/06/01','RRRR/MM/DD'),to_date('2021/06/01','RRRR/MM/DD'),to_date('2021/06/10','RRRR/MM/DD'),'0',2,10);
Insert into ISSUE (ISSUE_SID,ISSUE_NO,MEM_NO,LABEL_NO,MILEST_SID,PROJ_NO,ISSUE_TITLE,ISSUE_CREATE_DATE,ISSUE_START_DATE,ISSUE_END_DATE,ISSUE_STATUS,ISSUE_PRIORITY,PROGRESS) values (12,9,1,1,5,1,'테스트 이슈이슈',to_date('2021/05/05','RRRR/MM/DD'),to_date('2021/05/05','RRRR/MM/DD'),to_date('2021/05/11','RRRR/MM/DD'),'0',3,0);
Insert into ISSUE (ISSUE_SID,ISSUE_NO,MEM_NO,LABEL_NO,MILEST_SID,PROJ_NO,ISSUE_TITLE,ISSUE_CREATE_DATE,ISSUE_START_DATE,ISSUE_END_DATE,ISSUE_STATUS,ISSUE_PRIORITY,PROGRESS) values (17,14,4,null,null,1,'이슈 작성 또해요. 페이징해도 되겠다',to_date('2021/06/02','RRRR/MM/DD'),null,null,'0',3,0);
Insert into ISSUE (ISSUE_SID,ISSUE_NO,MEM_NO,LABEL_NO,MILEST_SID,PROJ_NO,ISSUE_TITLE,ISSUE_CREATE_DATE,ISSUE_START_DATE,ISSUE_END_DATE,ISSUE_STATUS,ISSUE_PRIORITY,PROGRESS) values (13,10,4,null,null,1,'이슈 하나 써보겠다',to_date('2021/06/01','RRRR/MM/DD'),null,null,'0',3,0);
Insert into ISSUE (ISSUE_SID,ISSUE_NO,MEM_NO,LABEL_NO,MILEST_SID,PROJ_NO,ISSUE_TITLE,ISSUE_CREATE_DATE,ISSUE_START_DATE,ISSUE_END_DATE,ISSUE_STATUS,ISSUE_PRIORITY,PROGRESS) values (18,15,4,null,null,1,'이슈 작성',to_date('2021/06/02','RRRR/MM/DD'),null,null,'0',3,0);
Insert into ISSUE (ISSUE_SID,ISSUE_NO,MEM_NO,LABEL_NO,MILEST_SID,PROJ_NO,ISSUE_TITLE,ISSUE_CREATE_DATE,ISSUE_START_DATE,ISSUE_END_DATE,ISSUE_STATUS,ISSUE_PRIORITY,PROGRESS) values (15,12,4,null,null,1,'이슈 하나 더 써봅니다',to_date('2021/06/02','RRRR/MM/DD'),null,null,'0',3,0);
Insert into ISSUE (ISSUE_SID,ISSUE_NO,MEM_NO,LABEL_NO,MILEST_SID,PROJ_NO,ISSUE_TITLE,ISSUE_CREATE_DATE,ISSUE_START_DATE,ISSUE_END_DATE,ISSUE_STATUS,ISSUE_PRIORITY,PROGRESS) values (16,13,4,null,null,1,'이슈 또 써요 테스트 때문에',to_date('2021/06/02','RRRR/MM/DD'),null,null,'0',3,0);
REM INSERTING into ISSUE_ASSIGNEE
SET DEFINE OFF;
Insert into ISSUE_ASSIGNEE (MEM_NO,ISSUE_SID) values (1,1);
Insert into ISSUE_ASSIGNEE (MEM_NO,ISSUE_SID) values (1,4);
Insert into ISSUE_ASSIGNEE (MEM_NO,ISSUE_SID) values (1,6);
Insert into ISSUE_ASSIGNEE (MEM_NO,ISSUE_SID) values (1,8);
Insert into ISSUE_ASSIGNEE (MEM_NO,ISSUE_SID) values (1,10);
Insert into ISSUE_ASSIGNEE (MEM_NO,ISSUE_SID) values (2,1);
Insert into ISSUE_ASSIGNEE (MEM_NO,ISSUE_SID) values (2,5);
Insert into ISSUE_ASSIGNEE (MEM_NO,ISSUE_SID) values (2,6);
Insert into ISSUE_ASSIGNEE (MEM_NO,ISSUE_SID) values (2,7);
Insert into ISSUE_ASSIGNEE (MEM_NO,ISSUE_SID) values (2,8);
Insert into ISSUE_ASSIGNEE (MEM_NO,ISSUE_SID) values (2,9);
Insert into ISSUE_ASSIGNEE (MEM_NO,ISSUE_SID) values (2,10);
Insert into ISSUE_ASSIGNEE (MEM_NO,ISSUE_SID) values (3,2);
Insert into ISSUE_ASSIGNEE (MEM_NO,ISSUE_SID) values (3,5);
Insert into ISSUE_ASSIGNEE (MEM_NO,ISSUE_SID) values (3,6);
Insert into ISSUE_ASSIGNEE (MEM_NO,ISSUE_SID) values (3,7);
Insert into ISSUE_ASSIGNEE (MEM_NO,ISSUE_SID) values (3,8);
Insert into ISSUE_ASSIGNEE (MEM_NO,ISSUE_SID) values (3,9);
Insert into ISSUE_ASSIGNEE (MEM_NO,ISSUE_SID) values (3,10);
Insert into ISSUE_ASSIGNEE (MEM_NO,ISSUE_SID) values (4,3);
Insert into ISSUE_ASSIGNEE (MEM_NO,ISSUE_SID) values (4,5);
Insert into ISSUE_ASSIGNEE (MEM_NO,ISSUE_SID) values (4,6);
Insert into ISSUE_ASSIGNEE (MEM_NO,ISSUE_SID) values (4,7);
Insert into ISSUE_ASSIGNEE (MEM_NO,ISSUE_SID) values (4,8);
REM INSERTING into ISSUE_HISTORY
SET DEFINE OFF;
Insert into ISSUE_HISTORY (ISSUE_HIS_NO,ISSUE_SID,MEM_NO,ISSUE_HIS_CONT,ISSUE_HIS_DATE,ISSUE_HIS_TYPE,ATCH_FILE_SID) values (7,10,1,'이슈의 라벨이 ''테스트''로 변경됨123',to_date('2027/05/10','RRRR/MM/DD'),'LB',null);
Insert into ISSUE_HISTORY (ISSUE_HIS_NO,ISSUE_SID,MEM_NO,ISSUE_HIS_CONT,ISSUE_HIS_DATE,ISSUE_HIS_TYPE,ATCH_FILE_SID) values (37,19,4,'eee',to_date('2021/06/02','RRRR/MM/DD'),'RE',null);
Insert into ISSUE_HISTORY (ISSUE_HIS_NO,ISSUE_SID,MEM_NO,ISSUE_HIS_CONT,ISSUE_HIS_DATE,ISSUE_HIS_TYPE,ATCH_FILE_SID) values (38,19,4,'&gt; &gt; &lt; &lt; 얍 얍',to_date('2021/06/02','RRRR/MM/DD'),'RE',null);
Insert into ISSUE_HISTORY (ISSUE_HIS_NO,ISSUE_SID,MEM_NO,ISSUE_HIS_CONT,ISSUE_HIS_DATE,ISSUE_HIS_TYPE,ATCH_FILE_SID) values (39,19,4,'엥?',to_date('2021/06/02','RRRR/MM/DD'),'RE',null);
Insert into ISSUE_HISTORY (ISSUE_HIS_NO,ISSUE_SID,MEM_NO,ISSUE_HIS_CONT,ISSUE_HIS_DATE,ISSUE_HIS_TYPE,ATCH_FILE_SID) values (41,19,4,'&gt; 화이팅',to_date('2021/06/02','RRRR/MM/DD'),'RE',null);
Insert into ISSUE_HISTORY (ISSUE_HIS_NO,ISSUE_SID,MEM_NO,ISSUE_HIS_CONT,ISSUE_HIS_DATE,ISSUE_HIS_TYPE,ATCH_FILE_SID) values (42,19,4,'&gt; 화이팅',to_date('2021/06/02','RRRR/MM/DD'),'RE',null);
Insert into ISSUE_HISTORY (ISSUE_HIS_NO,ISSUE_SID,MEM_NO,ISSUE_HIS_CONT,ISSUE_HIS_DATE,ISSUE_HIS_TYPE,ATCH_FILE_SID) values (43,19,4,'&gt; 화이팅',to_date('2021/06/02','RRRR/MM/DD'),'RE',null);
Insert into ISSUE_HISTORY (ISSUE_HIS_NO,ISSUE_SID,MEM_NO,ISSUE_HIS_CONT,ISSUE_HIS_DATE,ISSUE_HIS_TYPE,ATCH_FILE_SID) values (44,19,4,'# 안녕하세요',to_date('2021/06/02','RRRR/MM/DD'),'RE',null);
Insert into ISSUE_HISTORY (ISSUE_HIS_NO,ISSUE_SID,MEM_NO,ISSUE_HIS_CONT,ISSUE_HIS_DATE,ISSUE_HIS_TYPE,ATCH_FILE_SID) values (45,19,4,'&gt; 꺽새',to_date('2021/06/02','RRRR/MM/DD'),'RE',null);
Insert into ISSUE_HISTORY (ISSUE_HIS_NO,ISSUE_SID,MEM_NO,ISSUE_HIS_CONT,ISSUE_HIS_DATE,ISSUE_HIS_TYPE,ATCH_FILE_SID) values (46,19,4,'&gt; hi',to_date('2021/06/02','RRRR/MM/DD'),'RE',null);
Insert into ISSUE_HISTORY (ISSUE_HIS_NO,ISSUE_SID,MEM_NO,ISSUE_HIS_CONT,ISSUE_HIS_DATE,ISSUE_HIS_TYPE,ATCH_FILE_SID) values (47,19,4,'&gt; 전송',to_date('2021/06/02','RRRR/MM/DD'),'RE',null);
Insert into ISSUE_HISTORY (ISSUE_HIS_NO,ISSUE_SID,MEM_NO,ISSUE_HIS_CONT,ISSUE_HIS_DATE,ISSUE_HIS_TYPE,ATCH_FILE_SID) values (48,19,4,'&gt; 재 전송',to_date('2021/06/02','RRRR/MM/DD'),'RE',null);
Insert into ISSUE_HISTORY (ISSUE_HIS_NO,ISSUE_SID,MEM_NO,ISSUE_HIS_CONT,ISSUE_HIS_DATE,ISSUE_HIS_TYPE,ATCH_FILE_SID) values (69,22,4,'이슈 백개 등록해아함',to_date('2021/06/03','RRRR/MM/DD'),'RE',null);
Insert into ISSUE_HISTORY (ISSUE_HIS_NO,ISSUE_SID,MEM_NO,ISSUE_HIS_CONT,ISSUE_HIS_DATE,ISSUE_HIS_TYPE,ATCH_FILE_SID) values (70,23,4,'ㅇㅇ',to_date('2021/06/03','RRRR/MM/DD'),'RE',null);
Insert into ISSUE_HISTORY (ISSUE_HIS_NO,ISSUE_SID,MEM_NO,ISSUE_HIS_CONT,ISSUE_HIS_DATE,ISSUE_HIS_TYPE,ATCH_FILE_SID) values (71,24,4,'페이징맨~',to_date('2021/06/03','RRRR/MM/DD'),'RE',null);
Insert into ISSUE_HISTORY (ISSUE_HIS_NO,ISSUE_SID,MEM_NO,ISSUE_HIS_CONT,ISSUE_HIS_DATE,ISSUE_HIS_TYPE,ATCH_FILE_SID) values (72,25,4,'나는 스팸맨 
스팸을 좋아한다',to_date('2021/06/03','RRRR/MM/DD'),'RE',null);
Insert into ISSUE_HISTORY (ISSUE_HIS_NO,ISSUE_SID,MEM_NO,ISSUE_HIS_CONT,ISSUE_HIS_DATE,ISSUE_HIS_TYPE,ATCH_FILE_SID) values (73,26,4,'나는 스팸맨 
스팸을 좋아한다',to_date('2021/06/03','RRRR/MM/DD'),'RE',null);
Insert into ISSUE_HISTORY (ISSUE_HIS_NO,ISSUE_SID,MEM_NO,ISSUE_HIS_CONT,ISSUE_HIS_DATE,ISSUE_HIS_TYPE,ATCH_FILE_SID) values (74,27,4,'스팸 글 쓴다',to_date('2021/06/03','RRRR/MM/DD'),'RE',null);
Insert into ISSUE_HISTORY (ISSUE_HIS_NO,ISSUE_SID,MEM_NO,ISSUE_HIS_CONT,ISSUE_HIS_DATE,ISSUE_HIS_TYPE,ATCH_FILE_SID) values (75,28,4,'스팸 글 쓴다',to_date('2021/06/03','RRRR/MM/DD'),'RE',null);
Insert into ISSUE_HISTORY (ISSUE_HIS_NO,ISSUE_SID,MEM_NO,ISSUE_HIS_CONT,ISSUE_HIS_DATE,ISSUE_HIS_TYPE,ATCH_FILE_SID) values (76,103,4,'### 스팸 댓글 맨',to_date('2021/06/03','RRRR/MM/DD'),'RE',null);
Insert into ISSUE_HISTORY (ISSUE_HIS_NO,ISSUE_SID,MEM_NO,ISSUE_HIS_CONT,ISSUE_HIS_DATE,ISSUE_HIS_TYPE,ATCH_FILE_SID) values (77,104,4,'# 나
## 죽네
### 나 죽어
> 아이고

테이블|만들기|해볼까
--|--|--|
그래|별거|아니군
ㅎㅎ|ㅅㄱ|ㅇㅇ',to_date('2021/06/03','RRRR/MM/DD'),'RE',null);
Insert into ISSUE_HISTORY (ISSUE_HIS_NO,ISSUE_SID,MEM_NO,ISSUE_HIS_CONT,ISSUE_HIS_DATE,ISSUE_HIS_TYPE,ATCH_FILE_SID) values (78,104,4,'ggg',to_date('2021/06/03','RRRR/MM/DD'),'RE',null);
Insert into ISSUE_HISTORY (ISSUE_HIS_NO,ISSUE_SID,MEM_NO,ISSUE_HIS_CONT,ISSUE_HIS_DATE,ISSUE_HIS_TYPE,ATCH_FILE_SID) values (79,105,4,'해본다.',to_date('2021/06/03','RRRR/MM/DD'),'RE',null);
Insert into ISSUE_HISTORY (ISSUE_HIS_NO,ISSUE_SID,MEM_NO,ISSUE_HIS_CONT,ISSUE_HIS_DATE,ISSUE_HIS_TYPE,ATCH_FILE_SID) values (80,106,4,'ㅇㅇ~',to_date('2021/06/03','RRRR/MM/DD'),'RE',null);
Insert into ISSUE_HISTORY (ISSUE_HIS_NO,ISSUE_SID,MEM_NO,ISSUE_HIS_CONT,ISSUE_HIS_DATE,ISSUE_HIS_TYPE,ATCH_FILE_SID) values (81,107,4,'그냥 해본다',to_date('2021/06/03','RRRR/MM/DD'),'RE',null);
Insert into ISSUE_HISTORY (ISSUE_HIS_NO,ISSUE_SID,MEM_NO,ISSUE_HIS_CONT,ISSUE_HIS_DATE,ISSUE_HIS_TYPE,ATCH_FILE_SID) values (82,107,4,'네',to_date('2021/06/03','RRRR/MM/DD'),'RE',null);
Insert into ISSUE_HISTORY (ISSUE_HIS_NO,ISSUE_SID,MEM_NO,ISSUE_HIS_CONT,ISSUE_HIS_DATE,ISSUE_HIS_TYPE,ATCH_FILE_SID) values (83,107,4,'ㅇㅇㅇ',to_date('2021/06/03','RRRR/MM/DD'),'RE',null);
Insert into ISSUE_HISTORY (ISSUE_HIS_NO,ISSUE_SID,MEM_NO,ISSUE_HIS_CONT,ISSUE_HIS_DATE,ISSUE_HIS_TYPE,ATCH_FILE_SID) values (84,107,4,'> 에잉?',to_date('2021/06/03','RRRR/MM/DD'),'RE',null);
Insert into ISSUE_HISTORY (ISSUE_HIS_NO,ISSUE_SID,MEM_NO,ISSUE_HIS_CONT,ISSUE_HIS_DATE,ISSUE_HIS_TYPE,ATCH_FILE_SID) values (85,107,4,'댛글쓰',to_date('2021/06/03','RRRR/MM/DD'),'RE',null);
Insert into ISSUE_HISTORY (ISSUE_HIS_NO,ISSUE_SID,MEM_NO,ISSUE_HIS_CONT,ISSUE_HIS_DATE,ISSUE_HIS_TYPE,ATCH_FILE_SID) values (86,107,4,'ㅁㄴㅇㄹ',to_date('2021/06/03','RRRR/MM/DD'),'RE',null);
Insert into ISSUE_HISTORY (ISSUE_HIS_NO,ISSUE_SID,MEM_NO,ISSUE_HIS_CONT,ISSUE_HIS_DATE,ISSUE_HIS_TYPE,ATCH_FILE_SID) values (87,107,4,'ㅈㄷㄱ',to_date('2021/06/03','RRRR/MM/DD'),'RE',null);
Insert into ISSUE_HISTORY (ISSUE_HIS_NO,ISSUE_SID,MEM_NO,ISSUE_HIS_CONT,ISSUE_HIS_DATE,ISSUE_HIS_TYPE,ATCH_FILE_SID) values (92,112,4,'힘들다 힘들어 ~~
> ㅎㅎ ',to_date('2021/06/03','RRRR/MM/DD'),'RE',null);
Insert into ISSUE_HISTORY (ISSUE_HIS_NO,ISSUE_SID,MEM_NO,ISSUE_HIS_CONT,ISSUE_HIS_DATE,ISSUE_HIS_TYPE,ATCH_FILE_SID) values (93,112,4,'아 성공했다!',to_date('2021/06/03','RRRR/MM/DD'),'RE',null);
Insert into ISSUE_HISTORY (ISSUE_HIS_NO,ISSUE_SID,MEM_NO,ISSUE_HIS_CONT,ISSUE_HIS_DATE,ISSUE_HIS_TYPE,ATCH_FILE_SID) values (95,112,4,'ㅎㅎㅎ',to_date('2021/06/04','RRRR/MM/DD'),'RE',null);
Insert into ISSUE_HISTORY (ISSUE_HIS_NO,ISSUE_SID,MEM_NO,ISSUE_HIS_CONT,ISSUE_HIS_DATE,ISSUE_HIS_TYPE,ATCH_FILE_SID) values (96,112,4,'댓글 테스트',to_date('2021/06/04','RRRR/MM/DD'),'RE',null);
Insert into ISSUE_HISTORY (ISSUE_HIS_NO,ISSUE_SID,MEM_NO,ISSUE_HIS_CONT,ISSUE_HIS_DATE,ISSUE_HIS_TYPE,ATCH_FILE_SID) values (100,112,4,'이슈 댓글',to_date('2021/06/04','RRRR/MM/DD'),'RE',null);
Insert into ISSUE_HISTORY (ISSUE_HIS_NO,ISSUE_SID,MEM_NO,ISSUE_HIS_CONT,ISSUE_HIS_DATE,ISSUE_HIS_TYPE,ATCH_FILE_SID) values (101,112,4,'이슈 댓글 ㅌㅅㅌ',to_date('2021/06/04','RRRR/MM/DD'),'RE',null);
Insert into ISSUE_HISTORY (ISSUE_HIS_NO,ISSUE_SID,MEM_NO,ISSUE_HIS_CONT,ISSUE_HIS_DATE,ISSUE_HIS_TYPE,ATCH_FILE_SID) values (106,114,4,'이거 되면 다 되는거',to_date('2021/06/06','RRRR/MM/DD'),'RE',null);
Insert into ISSUE_HISTORY (ISSUE_HIS_NO,ISSUE_SID,MEM_NO,ISSUE_HIS_CONT,ISSUE_HIS_DATE,ISSUE_HIS_TYPE,ATCH_FILE_SID) values (107,114,4,'ㅇㅇ',to_date('2021/06/06','RRRR/MM/DD'),'RE',null);
Insert into ISSUE_HISTORY (ISSUE_HIS_NO,ISSUE_SID,MEM_NO,ISSUE_HIS_CONT,ISSUE_HIS_DATE,ISSUE_HIS_TYPE,ATCH_FILE_SID) values (108,114,4,'넵',to_date('2021/06/06','RRRR/MM/DD'),'RE',null);
Insert into ISSUE_HISTORY (ISSUE_HIS_NO,ISSUE_SID,MEM_NO,ISSUE_HIS_CONT,ISSUE_HIS_DATE,ISSUE_HIS_TYPE,ATCH_FILE_SID) values (109,114,4,'ㅎㅎ',to_date('2021/06/07','RRRR/MM/DD'),'RE',null);
Insert into ISSUE_HISTORY (ISSUE_HIS_NO,ISSUE_SID,MEM_NO,ISSUE_HIS_CONT,ISSUE_HIS_DATE,ISSUE_HIS_TYPE,ATCH_FILE_SID) values (110,114,4,'ㅎㅎ',to_date('2021/06/07','RRRR/MM/DD'),'RE',null);
Insert into ISSUE_HISTORY (ISSUE_HIS_NO,ISSUE_SID,MEM_NO,ISSUE_HIS_CONT,ISSUE_HIS_DATE,ISSUE_HIS_TYPE,ATCH_FILE_SID) values (111,114,4,'ㅎㅎ',to_date('2021/06/07','RRRR/MM/DD'),'RE',null);
Insert into ISSUE_HISTORY (ISSUE_HIS_NO,ISSUE_SID,MEM_NO,ISSUE_HIS_CONT,ISSUE_HIS_DATE,ISSUE_HIS_TYPE,ATCH_FILE_SID) values (114,114,4,'알람 객체 재확인',to_date('2021/06/07','RRRR/MM/DD'),'RE',null);
Insert into ISSUE_HISTORY (ISSUE_HIS_NO,ISSUE_SID,MEM_NO,ISSUE_HIS_CONT,ISSUE_HIS_DATE,ISSUE_HIS_TYPE,ATCH_FILE_SID) values (117,114,4,'알람 생성 테스트',to_date('2021/06/07','RRRR/MM/DD'),'RE',null);
Insert into ISSUE_HISTORY (ISSUE_HIS_NO,ISSUE_SID,MEM_NO,ISSUE_HIS_CONT,ISSUE_HIS_DATE,ISSUE_HIS_TYPE,ATCH_FILE_SID) values (121,114,4,'gggg',to_date('2021/06/08','RRRR/MM/DD'),'RE',null);
Insert into ISSUE_HISTORY (ISSUE_HIS_NO,ISSUE_SID,MEM_NO,ISSUE_HIS_CONT,ISSUE_HIS_DATE,ISSUE_HIS_TYPE,ATCH_FILE_SID) values (122,114,4,'알람 갈까?',to_date('2021/06/08','RRRR/MM/DD'),'RE',null);
Insert into ISSUE_HISTORY (ISSUE_HIS_NO,ISSUE_SID,MEM_NO,ISSUE_HIS_CONT,ISSUE_HIS_DATE,ISSUE_HIS_TYPE,ATCH_FILE_SID) values (123,114,4,'알람 가냐궁 !!!',to_date('2021/06/08','RRRR/MM/DD'),'RE',null);
Insert into ISSUE_HISTORY (ISSUE_HIS_NO,ISSUE_SID,MEM_NO,ISSUE_HIS_CONT,ISSUE_HIS_DATE,ISSUE_HIS_TYPE,ATCH_FILE_SID) values (137,114,4,'알람 또 보내본당~',to_date('2021/06/09','RRRR/MM/DD'),'RE',null);
Insert into ISSUE_HISTORY (ISSUE_HIS_NO,ISSUE_SID,MEM_NO,ISSUE_HIS_CONT,ISSUE_HIS_DATE,ISSUE_HIS_TYPE,ATCH_FILE_SID) values (147,115,4,'test',to_date('2021/06/10','RRRR/MM/DD'),'RE',null);
Insert into ISSUE_HISTORY (ISSUE_HIS_NO,ISSUE_SID,MEM_NO,ISSUE_HIS_CONT,ISSUE_HIS_DATE,ISSUE_HIS_TYPE,ATCH_FILE_SID) values (148,115,4,'test2',to_date('2021/06/10','RRRR/MM/DD'),'RE',null);
Insert into ISSUE_HISTORY (ISSUE_HIS_NO,ISSUE_SID,MEM_NO,ISSUE_HIS_CONT,ISSUE_HIS_DATE,ISSUE_HIS_TYPE,ATCH_FILE_SID) values (163,114,4,'알림',to_date('2021/06/10','RRRR/MM/DD'),'RE',null);
Insert into ISSUE_HISTORY (ISSUE_HIS_NO,ISSUE_SID,MEM_NO,ISSUE_HIS_CONT,ISSUE_HIS_DATE,ISSUE_HIS_TYPE,ATCH_FILE_SID) values (164,114,4,'good',to_date('2021/06/10','RRRR/MM/DD'),'RE',null);
Insert into ISSUE_HISTORY (ISSUE_HIS_NO,ISSUE_SID,MEM_NO,ISSUE_HIS_CONT,ISSUE_HIS_DATE,ISSUE_HIS_TYPE,ATCH_FILE_SID) values (170,114,4,'abcd',to_date('2021/06/10','RRRR/MM/DD'),'RE',null);
Insert into ISSUE_HISTORY (ISSUE_HIS_NO,ISSUE_SID,MEM_NO,ISSUE_HIS_CONT,ISSUE_HIS_DATE,ISSUE_HIS_TYPE,ATCH_FILE_SID) values (171,114,4,'abcd',to_date('2021/06/10','RRRR/MM/DD'),'RE',null);
Insert into ISSUE_HISTORY (ISSUE_HIS_NO,ISSUE_SID,MEM_NO,ISSUE_HIS_CONT,ISSUE_HIS_DATE,ISSUE_HIS_TYPE,ATCH_FILE_SID) values (172,116,3,'### 이슈 입니다.',to_date('2021/06/10','RRRR/MM/DD'),'RE',null);
Insert into ISSUE_HISTORY (ISSUE_HIS_NO,ISSUE_SID,MEM_NO,ISSUE_HIS_CONT,ISSUE_HIS_DATE,ISSUE_HIS_TYPE,ATCH_FILE_SID) values (173,116,4,'gd',to_date('2021/06/10','RRRR/MM/DD'),'RE',null);
Insert into ISSUE_HISTORY (ISSUE_HIS_NO,ISSUE_SID,MEM_NO,ISSUE_HIS_CONT,ISSUE_HIS_DATE,ISSUE_HIS_TYPE,ATCH_FILE_SID) values (174,116,4,'ㅎㅇ',to_date('2021/06/10','RRRR/MM/DD'),'RE',null);
Insert into ISSUE_HISTORY (ISSUE_HIS_NO,ISSUE_SID,MEM_NO,ISSUE_HIS_CONT,ISSUE_HIS_DATE,ISSUE_HIS_TYPE,ATCH_FILE_SID) values (175,116,4,'ㅎㅇㅎㅇ',to_date('2021/06/10','RRRR/MM/DD'),'RE',null);
Insert into ISSUE_HISTORY (ISSUE_HIS_NO,ISSUE_SID,MEM_NO,ISSUE_HIS_CONT,ISSUE_HIS_DATE,ISSUE_HIS_TYPE,ATCH_FILE_SID) values (176,116,4,'ㅋㅋㅋ',to_date('2021/06/10','RRRR/MM/DD'),'RE',null);
Insert into ISSUE_HISTORY (ISSUE_HIS_NO,ISSUE_SID,MEM_NO,ISSUE_HIS_CONT,ISSUE_HIS_DATE,ISSUE_HIS_TYPE,ATCH_FILE_SID) values (177,116,4,'할룽~~',to_date('2021/06/10','RRRR/MM/DD'),'RE',null);
Insert into ISSUE_HISTORY (ISSUE_HIS_NO,ISSUE_SID,MEM_NO,ISSUE_HIS_CONT,ISSUE_HIS_DATE,ISSUE_HIS_TYPE,ATCH_FILE_SID) values (179,116,4,'헬로 조쉬',to_date('2021/06/10','RRRR/MM/DD'),'RE',null);
Insert into ISSUE_HISTORY (ISSUE_HIS_NO,ISSUE_SID,MEM_NO,ISSUE_HIS_CONT,ISSUE_HIS_DATE,ISSUE_HIS_TYPE,ATCH_FILE_SID) values (180,116,4,'ㅎㅇㅎㅇ',to_date('2021/06/10','RRRR/MM/DD'),'RE',null);
Insert into ISSUE_HISTORY (ISSUE_HIS_NO,ISSUE_SID,MEM_NO,ISSUE_HIS_CONT,ISSUE_HIS_DATE,ISSUE_HIS_TYPE,ATCH_FILE_SID) values (181,115,3,'글 달아봅니다',to_date('2021/06/10','RRRR/MM/DD'),'RE',null);
Insert into ISSUE_HISTORY (ISSUE_HIS_NO,ISSUE_SID,MEM_NO,ISSUE_HIS_CONT,ISSUE_HIS_DATE,ISSUE_HIS_TYPE,ATCH_FILE_SID) values (182,115,3,'ㄸㄷ',to_date('2021/06/10','RRRR/MM/DD'),'RE',null);
Insert into ISSUE_HISTORY (ISSUE_HIS_NO,ISSUE_SID,MEM_NO,ISSUE_HIS_CONT,ISSUE_HIS_DATE,ISSUE_HIS_TYPE,ATCH_FILE_SID) values (189,115,4,'def',to_date('2021/06/10','RRRR/MM/DD'),'RE',null);
Insert into ISSUE_HISTORY (ISSUE_HIS_NO,ISSUE_SID,MEM_NO,ISSUE_HIS_CONT,ISSUE_HIS_DATE,ISSUE_HIS_TYPE,ATCH_FILE_SID) values (191,115,4,'aaaa',to_date('2021/06/10','RRRR/MM/DD'),'RE',null);
Insert into ISSUE_HISTORY (ISSUE_HIS_NO,ISSUE_SID,MEM_NO,ISSUE_HIS_CONT,ISSUE_HIS_DATE,ISSUE_HIS_TYPE,ATCH_FILE_SID) values (248,115,4,'afsdfds',to_date('2021/06/11','RRRR/MM/DD'),'RE',null);
Insert into ISSUE_HISTORY (ISSUE_HIS_NO,ISSUE_SID,MEM_NO,ISSUE_HIS_CONT,ISSUE_HIS_DATE,ISSUE_HIS_TYPE,ATCH_FILE_SID) values (6,2,4,'이슈의 라벨이 ''테스트''로 변경됨',to_date('2027/05/06','RRRR/MM/DD'),'LB',null);
Insert into ISSUE_HISTORY (ISSUE_HIS_NO,ISSUE_SID,MEM_NO,ISSUE_HIS_CONT,ISSUE_HIS_DATE,ISSUE_HIS_TYPE,ATCH_FILE_SID) values (55,19,4,'&gt; 과연 ?',to_date('2021/06/02','RRRR/MM/DD'),'RE',null);
Insert into ISSUE_HISTORY (ISSUE_HIS_NO,ISSUE_SID,MEM_NO,ISSUE_HIS_CONT,ISSUE_HIS_DATE,ISSUE_HIS_TYPE,ATCH_FILE_SID) values (56,19,4,'필터 고만',to_date('2021/06/02','RRRR/MM/DD'),'RE',null);
Insert into ISSUE_HISTORY (ISSUE_HIS_NO,ISSUE_SID,MEM_NO,ISSUE_HIS_CONT,ISSUE_HIS_DATE,ISSUE_HIS_TYPE,ATCH_FILE_SID) values (57,20,4,'# 하하
- 작성',to_date('2021/06/02','RRRR/MM/DD'),'RE',null);
Insert into ISSUE_HISTORY (ISSUE_HIS_NO,ISSUE_SID,MEM_NO,ISSUE_HIS_CONT,ISSUE_HIS_DATE,ISSUE_HIS_TYPE,ATCH_FILE_SID) values (60,20,4,'> 이거 막지 마 !',to_date('2021/06/02','RRRR/MM/DD'),'RE',null);
Insert into ISSUE_HISTORY (ISSUE_HIS_NO,ISSUE_SID,MEM_NO,ISSUE_HIS_CONT,ISSUE_HIS_DATE,ISSUE_HIS_TYPE,ATCH_FILE_SID) values (61,20,4,'&lt; 이거는 막고
> 이거는 풀고',to_date('2021/06/02','RRRR/MM/DD'),'RE',null);
Insert into ISSUE_HISTORY (ISSUE_HIS_NO,ISSUE_SID,MEM_NO,ISSUE_HIS_CONT,ISSUE_HIS_DATE,ISSUE_HIS_TYPE,ATCH_FILE_SID) values (62,20,4,'## 새로운 작성',to_date('2021/06/02','RRRR/MM/DD'),'RE',null);
Insert into ISSUE_HISTORY (ISSUE_HIS_NO,ISSUE_SID,MEM_NO,ISSUE_HIS_CONT,ISSUE_HIS_DATE,ISSUE_HIS_TYPE,ATCH_FILE_SID) values (63,20,4,'## 테스트 성공',to_date('2021/06/02','RRRR/MM/DD'),'RE',null);
Insert into ISSUE_HISTORY (ISSUE_HIS_NO,ISSUE_SID,MEM_NO,ISSUE_HIS_CONT,ISSUE_HIS_DATE,ISSUE_HIS_TYPE,ATCH_FILE_SID) values (64,21,4,'| 아 | 진짜 |
| --- | --- |
| 개굿 | ㅎㅎ |
| 짱 | ㅎㅎ |

| 하하 | 호호 |  ㅋㅋ |
| --| -- | -- |
| ㅎㅎ |  아몰랑~~~',to_date('2021/06/02','RRRR/MM/DD'),'RE',null);
Insert into ISSUE_HISTORY (ISSUE_HIS_NO,ISSUE_SID,MEM_NO,ISSUE_HIS_CONT,ISSUE_HIS_DATE,ISSUE_HIS_TYPE,ATCH_FILE_SID) values (65,20,4,'### hi yo 
- gggg
> ㅅㄱㅇ',to_date('2021/06/02','RRRR/MM/DD'),'RE',null);
Insert into ISSUE_HISTORY (ISSUE_HIS_NO,ISSUE_SID,MEM_NO,ISSUE_HIS_CONT,ISSUE_HIS_DATE,ISSUE_HIS_TYPE,ATCH_FILE_SID) values (66,20,4,'ㅎㅇㅎㅇ',to_date('2021/06/02','RRRR/MM/DD'),'RE',null);
Insert into ISSUE_HISTORY (ISSUE_HIS_NO,ISSUE_SID,MEM_NO,ISSUE_HIS_CONT,ISSUE_HIS_DATE,ISSUE_HIS_TYPE,ATCH_FILE_SID) values (88,108,4,'과연',to_date('2021/06/03','RRRR/MM/DD'),'RE',null);
Insert into ISSUE_HISTORY (ISSUE_HIS_NO,ISSUE_SID,MEM_NO,ISSUE_HIS_CONT,ISSUE_HIS_DATE,ISSUE_HIS_TYPE,ATCH_FILE_SID) values (89,109,4,'과연',to_date('2021/06/03','RRRR/MM/DD'),'RE',null);
Insert into ISSUE_HISTORY (ISSUE_HIS_NO,ISSUE_SID,MEM_NO,ISSUE_HIS_CONT,ISSUE_HIS_DATE,ISSUE_HIS_TYPE,ATCH_FILE_SID) values (90,110,4,'ㅇㅇ',to_date('2021/06/03','RRRR/MM/DD'),'RE',null);
Insert into ISSUE_HISTORY (ISSUE_HIS_NO,ISSUE_SID,MEM_NO,ISSUE_HIS_CONT,ISSUE_HIS_DATE,ISSUE_HIS_TYPE,ATCH_FILE_SID) values (91,111,4,'힘들다 힘들어 ~~
> ㅎㅎ ',to_date('2021/06/03','RRRR/MM/DD'),'RE',null);
Insert into ISSUE_HISTORY (ISSUE_HIS_NO,ISSUE_SID,MEM_NO,ISSUE_HIS_CONT,ISSUE_HIS_DATE,ISSUE_HIS_TYPE,ATCH_FILE_SID) values (94,112,4,'e',to_date('2021/06/04','RRRR/MM/DD'),'RE',null);
Insert into ISSUE_HISTORY (ISSUE_HIS_NO,ISSUE_SID,MEM_NO,ISSUE_HIS_CONT,ISSUE_HIS_DATE,ISSUE_HIS_TYPE,ATCH_FILE_SID) values (102,5,4,'wwww',to_date('2021/06/05','RRRR/MM/DD'),'RE',null);
Insert into ISSUE_HISTORY (ISSUE_HIS_NO,ISSUE_SID,MEM_NO,ISSUE_HIS_CONT,ISSUE_HIS_DATE,ISSUE_HIS_TYPE,ATCH_FILE_SID) values (120,114,4,'알람 잘 생성중?',to_date('2021/06/07','RRRR/MM/DD'),'RE',null);
Insert into ISSUE_HISTORY (ISSUE_HIS_NO,ISSUE_SID,MEM_NO,ISSUE_HIS_CONT,ISSUE_HIS_DATE,ISSUE_HIS_TYPE,ATCH_FILE_SID) values (130,9,4,'테스트 2',to_date('2021/06/08','RRRR/MM/DD'),'RE',null);
Insert into ISSUE_HISTORY (ISSUE_HIS_NO,ISSUE_SID,MEM_NO,ISSUE_HIS_CONT,ISSUE_HIS_DATE,ISSUE_HIS_TYPE,ATCH_FILE_SID) values (134,115,4,'댓글 알람 ',to_date('2021/06/09','RRRR/MM/DD'),'RE',null);
Insert into ISSUE_HISTORY (ISSUE_HIS_NO,ISSUE_SID,MEM_NO,ISSUE_HIS_CONT,ISSUE_HIS_DATE,ISSUE_HIS_TYPE,ATCH_FILE_SID) values (139,115,4,'알람전송~',to_date('2021/06/09','RRRR/MM/DD'),'RE',null);
Insert into ISSUE_HISTORY (ISSUE_HIS_NO,ISSUE_SID,MEM_NO,ISSUE_HIS_CONT,ISSUE_HIS_DATE,ISSUE_HIS_TYPE,ATCH_FILE_SID) values (140,115,4,'알람또 전송하고~ 알람 확인시 비동기로 숫자 0 바꿔주고 알람들 색상 돌리기~',to_date('2021/06/09','RRRR/MM/DD'),'RE',null);
Insert into ISSUE_HISTORY (ISSUE_HIS_NO,ISSUE_SID,MEM_NO,ISSUE_HIS_CONT,ISSUE_HIS_DATE,ISSUE_HIS_TYPE,ATCH_FILE_SID) values (142,115,4,'알람 기능 굿~',to_date('2021/06/09','RRRR/MM/DD'),'RE',null);
Insert into ISSUE_HISTORY (ISSUE_HIS_NO,ISSUE_SID,MEM_NO,ISSUE_HIS_CONT,ISSUE_HIS_DATE,ISSUE_HIS_TYPE,ATCH_FILE_SID) values (143,115,4,'뉴 알람~~',to_date('2021/06/09','RRRR/MM/DD'),'RE',null);
Insert into ISSUE_HISTORY (ISSUE_HIS_NO,ISSUE_SID,MEM_NO,ISSUE_HIS_CONT,ISSUE_HIS_DATE,ISSUE_HIS_TYPE,ATCH_FILE_SID) values (145,114,4,'웹 소켓 테스트중',to_date('2021/06/10','RRRR/MM/DD'),'RE',null);
Insert into ISSUE_HISTORY (ISSUE_HIS_NO,ISSUE_SID,MEM_NO,ISSUE_HIS_CONT,ISSUE_HIS_DATE,ISSUE_HIS_TYPE,ATCH_FILE_SID) values (146,114,4,'test',to_date('2021/06/10','RRRR/MM/DD'),'RE',null);
Insert into ISSUE_HISTORY (ISSUE_HIS_NO,ISSUE_SID,MEM_NO,ISSUE_HIS_CONT,ISSUE_HIS_DATE,ISSUE_HIS_TYPE,ATCH_FILE_SID) values (156,115,4,'test',to_date('2021/06/10','RRRR/MM/DD'),'RE',null);
Insert into ISSUE_HISTORY (ISSUE_HIS_NO,ISSUE_SID,MEM_NO,ISSUE_HIS_CONT,ISSUE_HIS_DATE,ISSUE_HIS_TYPE,ATCH_FILE_SID) values (157,113,4,'abc',to_date('2021/06/10','RRRR/MM/DD'),'RE',null);
Insert into ISSUE_HISTORY (ISSUE_HIS_NO,ISSUE_SID,MEM_NO,ISSUE_HIS_CONT,ISSUE_HIS_DATE,ISSUE_HIS_TYPE,ATCH_FILE_SID) values (158,113,4,'abc',to_date('2021/06/10','RRRR/MM/DD'),'RE',null);
Insert into ISSUE_HISTORY (ISSUE_HIS_NO,ISSUE_SID,MEM_NO,ISSUE_HIS_CONT,ISSUE_HIS_DATE,ISSUE_HIS_TYPE,ATCH_FILE_SID) values (240,115,3,'zzzzz',to_date('2021/06/10','RRRR/MM/DD'),'RE',null);
Insert into ISSUE_HISTORY (ISSUE_HIS_NO,ISSUE_SID,MEM_NO,ISSUE_HIS_CONT,ISSUE_HIS_DATE,ISSUE_HIS_TYPE,ATCH_FILE_SID) values (241,115,3,'ㅎㅎㅎ',to_date('2021/06/10','RRRR/MM/DD'),'RE',null);
Insert into ISSUE_HISTORY (ISSUE_HIS_NO,ISSUE_SID,MEM_NO,ISSUE_HIS_CONT,ISSUE_HIS_DATE,ISSUE_HIS_TYPE,ATCH_FILE_SID) values (253,115,4,'ㄲㄱ',to_date('2021/06/11','RRRR/MM/DD'),'RE',null);
Insert into ISSUE_HISTORY (ISSUE_HIS_NO,ISSUE_SID,MEM_NO,ISSUE_HIS_CONT,ISSUE_HIS_DATE,ISSUE_HIS_TYPE,ATCH_FILE_SID) values (254,115,4,'ㅇㅇ',to_date('2021/06/11','RRRR/MM/DD'),'RE',null);
Insert into ISSUE_HISTORY (ISSUE_HIS_NO,ISSUE_SID,MEM_NO,ISSUE_HIS_CONT,ISSUE_HIS_DATE,ISSUE_HIS_TYPE,ATCH_FILE_SID) values (255,115,4,'ㅇㅇㅇ',to_date('2021/06/11','RRRR/MM/DD'),'RE',null);
Insert into ISSUE_HISTORY (ISSUE_HIS_NO,ISSUE_SID,MEM_NO,ISSUE_HIS_CONT,ISSUE_HIS_DATE,ISSUE_HIS_TYPE,ATCH_FILE_SID) values (257,115,4,'ㅁㄴㅇㄹ',to_date('2021/06/11','RRRR/MM/DD'),'RE',null);
Insert into ISSUE_HISTORY (ISSUE_HIS_NO,ISSUE_SID,MEM_NO,ISSUE_HIS_CONT,ISSUE_HIS_DATE,ISSUE_HIS_TYPE,ATCH_FILE_SID) values (260,6,4,'46',to_date('2021/06/12','RRRR/MM/DD'),'RE',null);
Insert into ISSUE_HISTORY (ISSUE_HIS_NO,ISSUE_SID,MEM_NO,ISSUE_HIS_CONT,ISSUE_HIS_DATE,ISSUE_HIS_TYPE,ATCH_FILE_SID) values (265,115,4,'abcd',to_date('2021/06/12','RRRR/MM/DD'),'RE',null);
Insert into ISSUE_HISTORY (ISSUE_HIS_NO,ISSUE_SID,MEM_NO,ISSUE_HIS_CONT,ISSUE_HIS_DATE,ISSUE_HIS_TYPE,ATCH_FILE_SID) values (266,115,4,'dd',to_date('2021/06/12','RRRR/MM/DD'),'RE',null);
Insert into ISSUE_HISTORY (ISSUE_HIS_NO,ISSUE_SID,MEM_NO,ISSUE_HIS_CONT,ISSUE_HIS_DATE,ISSUE_HIS_TYPE,ATCH_FILE_SID) values (268,115,4,'zzz',to_date('2021/06/12','RRRR/MM/DD'),'RE',null);
Insert into ISSUE_HISTORY (ISSUE_HIS_NO,ISSUE_SID,MEM_NO,ISSUE_HIS_CONT,ISSUE_HIS_DATE,ISSUE_HIS_TYPE,ATCH_FILE_SID) values (271,117,161,'ㅎㅇㅎㅇ',to_date('2021/06/12','RRRR/MM/DD'),'RE',null);
Insert into ISSUE_HISTORY (ISSUE_HIS_NO,ISSUE_SID,MEM_NO,ISSUE_HIS_CONT,ISSUE_HIS_DATE,ISSUE_HIS_TYPE,ATCH_FILE_SID) values (272,117,161,'gdgd',to_date('2021/06/12','RRRR/MM/DD'),'RE',null);
Insert into ISSUE_HISTORY (ISSUE_HIS_NO,ISSUE_SID,MEM_NO,ISSUE_HIS_CONT,ISSUE_HIS_DATE,ISSUE_HIS_TYPE,ATCH_FILE_SID) values (275,118,4,'asdf',to_date('2021/06/13','RRRR/MM/DD'),'RE',null);
Insert into ISSUE_HISTORY (ISSUE_HIS_NO,ISSUE_SID,MEM_NO,ISSUE_HIS_CONT,ISSUE_HIS_DATE,ISSUE_HIS_TYPE,ATCH_FILE_SID) values (276,118,4,'dd',to_date('2021/06/13','RRRR/MM/DD'),'RE',null);
Insert into ISSUE_HISTORY (ISSUE_HIS_NO,ISSUE_SID,MEM_NO,ISSUE_HIS_CONT,ISSUE_HIS_DATE,ISSUE_HIS_TYPE,ATCH_FILE_SID) values (277,118,4,'asdf',to_date('2021/06/13','RRRR/MM/DD'),'RE',null);
Insert into ISSUE_HISTORY (ISSUE_HIS_NO,ISSUE_SID,MEM_NO,ISSUE_HIS_CONT,ISSUE_HIS_DATE,ISSUE_HIS_TYPE,ATCH_FILE_SID) values (278,118,4,'알람',to_date('2021/06/13','RRRR/MM/DD'),'RE',null);
Insert into ISSUE_HISTORY (ISSUE_HIS_NO,ISSUE_SID,MEM_NO,ISSUE_HIS_CONT,ISSUE_HIS_DATE,ISSUE_HIS_TYPE,ATCH_FILE_SID) values (279,118,4,'ㅇㅇㅇㅇㅇ',to_date('2021/06/14','RRRR/MM/DD'),'RE',null);
Insert into ISSUE_HISTORY (ISSUE_HIS_NO,ISSUE_SID,MEM_NO,ISSUE_HIS_CONT,ISSUE_HIS_DATE,ISSUE_HIS_TYPE,ATCH_FILE_SID) values (280,119,4,'~~',to_date('2021/06/14','RRRR/MM/DD'),'RE',null);
Insert into ISSUE_HISTORY (ISSUE_HIS_NO,ISSUE_SID,MEM_NO,ISSUE_HIS_CONT,ISSUE_HIS_DATE,ISSUE_HIS_TYPE,ATCH_FILE_SID) values (8,7,1,'123',to_date('2021/05/12','RRRR/MM/DD'),'PE',null);
Insert into ISSUE_HISTORY (ISSUE_HIS_NO,ISSUE_SID,MEM_NO,ISSUE_HIS_CONT,ISSUE_HIS_DATE,ISSUE_HIS_TYPE,ATCH_FILE_SID) values (9,8,4,'aasd',to_date('2021/05/12','RRRR/MM/DD'),'PE',null);
Insert into ISSUE_HISTORY (ISSUE_HIS_NO,ISSUE_SID,MEM_NO,ISSUE_HIS_CONT,ISSUE_HIS_DATE,ISSUE_HIS_TYPE,ATCH_FILE_SID) values (10,9,1,'sd',to_date('2021/05/13','RRRR/MM/DD'),'PE',null);
Insert into ISSUE_HISTORY (ISSUE_HIS_NO,ISSUE_SID,MEM_NO,ISSUE_HIS_CONT,ISSUE_HIS_DATE,ISSUE_HIS_TYPE,ATCH_FILE_SID) values (11,1,1,'asd',to_date('2021/05/13','RRRR/MM/DD'),'PE',null);
Insert into ISSUE_HISTORY (ISSUE_HIS_NO,ISSUE_SID,MEM_NO,ISSUE_HIS_CONT,ISSUE_HIS_DATE,ISSUE_HIS_TYPE,ATCH_FILE_SID) values (12,2,5,'sdw',to_date('2021/05/13','RRRR/MM/DD'),'PE',null);
Insert into ISSUE_HISTORY (ISSUE_HIS_NO,ISSUE_SID,MEM_NO,ISSUE_HIS_CONT,ISSUE_HIS_DATE,ISSUE_HIS_TYPE,ATCH_FILE_SID) values (13,3,5,'sdcsx',to_date('2021/05/14','RRRR/MM/DD'),'PE',null);
Insert into ISSUE_HISTORY (ISSUE_HIS_NO,ISSUE_SID,MEM_NO,ISSUE_HIS_CONT,ISSUE_HIS_DATE,ISSUE_HIS_TYPE,ATCH_FILE_SID) values (14,4,4,'zcz',to_date('2021/05/14','RRRR/MM/DD'),'PE',null);
Insert into ISSUE_HISTORY (ISSUE_HIS_NO,ISSUE_SID,MEM_NO,ISSUE_HIS_CONT,ISSUE_HIS_DATE,ISSUE_HIS_TYPE,ATCH_FILE_SID) values (15,5,4,'zxcsx',to_date('2021/05/20','RRRR/MM/DD'),'PE',null);
Insert into ISSUE_HISTORY (ISSUE_HIS_NO,ISSUE_SID,MEM_NO,ISSUE_HIS_CONT,ISSUE_HIS_DATE,ISSUE_HIS_TYPE,ATCH_FILE_SID) values (16,10,1,'dasd',to_date('2021/05/31','RRRR/MM/DD'),'PE',null);
Insert into ISSUE_HISTORY (ISSUE_HIS_NO,ISSUE_SID,MEM_NO,ISSUE_HIS_CONT,ISSUE_HIS_DATE,ISSUE_HIS_TYPE,ATCH_FILE_SID) values (17,6,1,'wdq',to_date('2021/05/31','RRRR/MM/DD'),'PE',null);
Insert into ISSUE_HISTORY (ISSUE_HIS_NO,ISSUE_SID,MEM_NO,ISSUE_HIS_CONT,ISSUE_HIS_DATE,ISSUE_HIS_TYPE,ATCH_FILE_SID) values (23,19,4,'&lt; &gt; ',to_date('2021/06/02','RRRR/MM/DD'),'RE',null);
Insert into ISSUE_HISTORY (ISSUE_HIS_NO,ISSUE_SID,MEM_NO,ISSUE_HIS_CONT,ISSUE_HIS_DATE,ISSUE_HIS_TYPE,ATCH_FILE_SID) values (24,19,4,'# 댓글
- 가능 하니다!',to_date('2021/06/02','RRRR/MM/DD'),'RE',null);
Insert into ISSUE_HISTORY (ISSUE_HIS_NO,ISSUE_SID,MEM_NO,ISSUE_HIS_CONT,ISSUE_HIS_DATE,ISSUE_HIS_TYPE,ATCH_FILE_SID) values (25,19,4,'### 댓글 달아본다
- 쩝
- 아

흠',to_date('2021/06/02','RRRR/MM/DD'),'RE',null);
Insert into ISSUE_HISTORY (ISSUE_HIS_NO,ISSUE_SID,MEM_NO,ISSUE_HIS_CONT,ISSUE_HIS_DATE,ISSUE_HIS_TYPE,ATCH_FILE_SID) values (26,19,4,'댓글 달기',to_date('2021/06/02','RRRR/MM/DD'),'RE',null);
Insert into ISSUE_HISTORY (ISSUE_HIS_NO,ISSUE_SID,MEM_NO,ISSUE_HIS_CONT,ISSUE_HIS_DATE,ISSUE_HIS_TYPE,ATCH_FILE_SID) values (27,19,4,'# 또 다시 
- 댓글 달기
**ㅎㅎㅎ**',to_date('2021/06/02','RRRR/MM/DD'),'RE',null);
Insert into ISSUE_HISTORY (ISSUE_HIS_NO,ISSUE_SID,MEM_NO,ISSUE_HIS_CONT,ISSUE_HIS_DATE,ISSUE_HIS_TYPE,ATCH_FILE_SID) values (28,19,4,'재도전',to_date('2021/06/02','RRRR/MM/DD'),'RE',null);
Insert into ISSUE_HISTORY (ISSUE_HIS_NO,ISSUE_SID,MEM_NO,ISSUE_HIS_CONT,ISSUE_HIS_DATE,ISSUE_HIS_TYPE,ATCH_FILE_SID) values (29,19,4,'# 성공한건가
## 해치웠나
&gt;&gt; 이건 어카나',to_date('2021/06/02','RRRR/MM/DD'),'RE',null);
Insert into ISSUE_HISTORY (ISSUE_HIS_NO,ISSUE_SID,MEM_NO,ISSUE_HIS_CONT,ISSUE_HIS_DATE,ISSUE_HIS_TYPE,ATCH_FILE_SID) values (30,19,4,'api 쓰는게 쉽지 않다',to_date('2021/06/02','RRRR/MM/DD'),'RE',null);
Insert into ISSUE_HISTORY (ISSUE_HIS_NO,ISSUE_SID,MEM_NO,ISSUE_HIS_CONT,ISSUE_HIS_DATE,ISSUE_HIS_TYPE,ATCH_FILE_SID) values (31,19,4,'리셋도 너무 깜빢인데',to_date('2021/06/02','RRRR/MM/DD'),'RE',null);
Insert into ISSUE_HISTORY (ISSUE_HIS_NO,ISSUE_SID,MEM_NO,ISSUE_HIS_CONT,ISSUE_HIS_DATE,ISSUE_HIS_TYPE,ATCH_FILE_SID) values (32,19,4,'그래도 그나마 이게 낫나',to_date('2021/06/02','RRRR/MM/DD'),'RE',null);
Insert into ISSUE_HISTORY (ISSUE_HIS_NO,ISSUE_SID,MEM_NO,ISSUE_HIS_CONT,ISSUE_HIS_DATE,ISSUE_HIS_TYPE,ATCH_FILE_SID) values (33,19,4,'아~~~~~~진짜',to_date('2021/06/02','RRRR/MM/DD'),'RE',null);
Insert into ISSUE_HISTORY (ISSUE_HIS_NO,ISSUE_SID,MEM_NO,ISSUE_HIS_CONT,ISSUE_HIS_DATE,ISSUE_HIS_TYPE,ATCH_FILE_SID) values (34,19,4,'### 수고용',to_date('2021/06/02','RRRR/MM/DD'),'RE',null);
Insert into ISSUE_HISTORY (ISSUE_HIS_NO,ISSUE_SID,MEM_NO,ISSUE_HIS_CONT,ISSUE_HIS_DATE,ISSUE_HIS_TYPE,ATCH_FILE_SID) values (35,19,4,'테스트는 끝나지 않는다',to_date('2021/06/02','RRRR/MM/DD'),'RE',null);
Insert into ISSUE_HISTORY (ISSUE_HIS_NO,ISSUE_SID,MEM_NO,ISSUE_HIS_CONT,ISSUE_HIS_DATE,ISSUE_HIS_TYPE,ATCH_FILE_SID) values (36,19,4,'&gt; 아 이거 좀 어카징~',to_date('2021/06/02','RRRR/MM/DD'),'RE',null);
Insert into ISSUE_HISTORY (ISSUE_HIS_NO,ISSUE_SID,MEM_NO,ISSUE_HIS_CONT,ISSUE_HIS_DATE,ISSUE_HIS_TYPE,ATCH_FILE_SID) values (99,113,4,'네',to_date('2021/06/04','RRRR/MM/DD'),'RE',null);
Insert into ISSUE_HISTORY (ISSUE_HIS_NO,ISSUE_SID,MEM_NO,ISSUE_HIS_CONT,ISSUE_HIS_DATE,ISSUE_HIS_TYPE,ATCH_FILE_SID) values (103,109,4,'# ㅗㅑ',to_date('2021/06/05','RRRR/MM/DD'),'RE',null);
Insert into ISSUE_HISTORY (ISSUE_HIS_NO,ISSUE_SID,MEM_NO,ISSUE_HIS_CONT,ISSUE_HIS_DATE,ISSUE_HIS_TYPE,ATCH_FILE_SID) values (112,114,4,'댇ㅅ글 쓰면 꼬북한테 알람 가나?',to_date('2021/06/07','RRRR/MM/DD'),'RE',null);
Insert into ISSUE_HISTORY (ISSUE_HIS_NO,ISSUE_SID,MEM_NO,ISSUE_HIS_CONT,ISSUE_HIS_DATE,ISSUE_HIS_TYPE,ATCH_FILE_SID) values (118,114,4,'알람 만들기',to_date('2021/06/07','RRRR/MM/DD'),'RE',null);
Insert into ISSUE_HISTORY (ISSUE_HIS_NO,ISSUE_SID,MEM_NO,ISSUE_HIS_CONT,ISSUE_HIS_DATE,ISSUE_HIS_TYPE,ATCH_FILE_SID) values (119,114,4,'알람 만들기 또 ',to_date('2021/06/07','RRRR/MM/DD'),'RE',null);
Insert into ISSUE_HISTORY (ISSUE_HIS_NO,ISSUE_SID,MEM_NO,ISSUE_HIS_CONT,ISSUE_HIS_DATE,ISSUE_HIS_TYPE,ATCH_FILE_SID) values (124,114,4,'알람에 시간 적히노',to_date('2021/06/08','RRRR/MM/DD'),'RE',null);
Insert into ISSUE_HISTORY (ISSUE_HIS_NO,ISSUE_SID,MEM_NO,ISSUE_HIS_CONT,ISSUE_HIS_DATE,ISSUE_HIS_TYPE,ATCH_FILE_SID) values (125,114,4,'엥',to_date('2021/06/08','RRRR/MM/DD'),'RE',null);
Insert into ISSUE_HISTORY (ISSUE_HIS_NO,ISSUE_SID,MEM_NO,ISSUE_HIS_CONT,ISSUE_HIS_DATE,ISSUE_HIS_TYPE,ATCH_FILE_SID) values (126,114,4,'시간 잘 적히는지 테스트',to_date('2021/06/08','RRRR/MM/DD'),'RE',null);
Insert into ISSUE_HISTORY (ISSUE_HIS_NO,ISSUE_SID,MEM_NO,ISSUE_HIS_CONT,ISSUE_HIS_DATE,ISSUE_HIS_TYPE,ATCH_FILE_SID) values (127,114,4,'시간 포맷 테스트',to_date('2021/06/08','RRRR/MM/DD'),'RE',null);
Insert into ISSUE_HISTORY (ISSUE_HIS_NO,ISSUE_SID,MEM_NO,ISSUE_HIS_CONT,ISSUE_HIS_DATE,ISSUE_HIS_TYPE,ATCH_FILE_SID) values (128,114,4,'또 테스트 해본다.',to_date('2021/06/08','RRRR/MM/DD'),'RE',null);
Insert into ISSUE_HISTORY (ISSUE_HIS_NO,ISSUE_SID,MEM_NO,ISSUE_HIS_CONT,ISSUE_HIS_DATE,ISSUE_HIS_TYPE,ATCH_FILE_SID) values (129,9,4,'아이젠에게도 댓글 알람 보내기테스트',to_date('2021/06/08','RRRR/MM/DD'),'RE',null);
Insert into ISSUE_HISTORY (ISSUE_HIS_NO,ISSUE_SID,MEM_NO,ISSUE_HIS_CONT,ISSUE_HIS_DATE,ISSUE_HIS_TYPE,ATCH_FILE_SID) values (131,112,4,'gg',to_date('2021/06/09','RRRR/MM/DD'),'RE',null);
Insert into ISSUE_HISTORY (ISSUE_HIS_NO,ISSUE_SID,MEM_NO,ISSUE_HIS_CONT,ISSUE_HIS_DATE,ISSUE_HIS_TYPE,ATCH_FILE_SID) values (135,115,4,'알람전송 마이바티스',to_date('2021/06/09','RRRR/MM/DD'),'RE',null);
Insert into ISSUE_HISTORY (ISSUE_HIS_NO,ISSUE_SID,MEM_NO,ISSUE_HIS_CONT,ISSUE_HIS_DATE,ISSUE_HIS_TYPE,ATCH_FILE_SID) values (136,5,4,'여기 5번글에 댓글 달고감',to_date('2021/06/09','RRRR/MM/DD'),'RE',null);
Insert into ISSUE_HISTORY (ISSUE_HIS_NO,ISSUE_SID,MEM_NO,ISSUE_HIS_CONT,ISSUE_HIS_DATE,ISSUE_HIS_TYPE,ATCH_FILE_SID) values (262,113,4,'ddd',to_date('2021/06/12','RRRR/MM/DD'),'RE',null);
Insert into ISSUE_HISTORY (ISSUE_HIS_NO,ISSUE_SID,MEM_NO,ISSUE_HIS_CONT,ISSUE_HIS_DATE,ISSUE_HIS_TYPE,ATCH_FILE_SID) values (263,113,4,'abc',to_date('2021/06/12','RRRR/MM/DD'),'RE',null);
Insert into ISSUE_HISTORY (ISSUE_HIS_NO,ISSUE_SID,MEM_NO,ISSUE_HIS_CONT,ISSUE_HIS_DATE,ISSUE_HIS_TYPE,ATCH_FILE_SID) values (264,115,4,'abcd',to_date('2021/06/12','RRRR/MM/DD'),'RE',null);
Insert into ISSUE_HISTORY (ISSUE_HIS_NO,ISSUE_SID,MEM_NO,ISSUE_HIS_CONT,ISSUE_HIS_DATE,ISSUE_HIS_TYPE,ATCH_FILE_SID) values (267,115,4,'asdf',to_date('2021/06/12','RRRR/MM/DD'),'RE',null);
Insert into ISSUE_HISTORY (ISSUE_HIS_NO,ISSUE_SID,MEM_NO,ISSUE_HIS_CONT,ISSUE_HIS_DATE,ISSUE_HIS_TYPE,ATCH_FILE_SID) values (269,104,4,'asdfsfd',to_date('2021/06/12','RRRR/MM/DD'),'RE',null);
Insert into ISSUE_HISTORY (ISSUE_HIS_NO,ISSUE_SID,MEM_NO,ISSUE_HIS_CONT,ISSUE_HIS_DATE,ISSUE_HIS_TYPE,ATCH_FILE_SID) values (270,117,4,'## 하이
> ㅎㅇㅎㅇ
- ㅋㅋ ',to_date('2021/06/12','RRRR/MM/DD'),'RE',null);
Insert into ISSUE_HISTORY (ISSUE_HIS_NO,ISSUE_SID,MEM_NO,ISSUE_HIS_CONT,ISSUE_HIS_DATE,ISSUE_HIS_TYPE,ATCH_FILE_SID) values (273,118,4,'ㅎㅎ',to_date('2021/06/13','RRRR/MM/DD'),'RE',null);
Insert into ISSUE_HISTORY (ISSUE_HIS_NO,ISSUE_SID,MEM_NO,ISSUE_HIS_CONT,ISSUE_HIS_DATE,ISSUE_HIS_TYPE,ATCH_FILE_SID) values (274,118,4,'ㅁㄴㅇㄹ',to_date('2021/06/13','RRRR/MM/DD'),'RE',null);
Insert into ISSUE_HISTORY (ISSUE_HIS_NO,ISSUE_SID,MEM_NO,ISSUE_HIS_CONT,ISSUE_HIS_DATE,ISSUE_HIS_TYPE,ATCH_FILE_SID) values (1,1,3,'"첫번째 이슈 히스토리 내용',to_date('2021/05/01','RRRR/MM/DD'),'RE',null);
Insert into ISSUE_HISTORY (ISSUE_HIS_NO,ISSUE_SID,MEM_NO,ISSUE_HIS_CONT,ISSUE_HIS_DATE,ISSUE_HIS_TYPE,ATCH_FILE_SID) values (2,1,5,'1번 이슈 제목 수정 히스토리 저장됨"',to_date('2021/05/02','RRRR/MM/DD'),'CU',null);
Insert into ISSUE_HISTORY (ISSUE_HIS_NO,ISSUE_SID,MEM_NO,ISSUE_HIS_CONT,ISSUE_HIS_DATE,ISSUE_HIS_TYPE,ATCH_FILE_SID) values (18,14,4,'# 댓글도 달려라
- ㅎㅎ',to_date('2021/06/02','RRRR/MM/DD'),'RE',null);
Insert into ISSUE_HISTORY (ISSUE_HIS_NO,ISSUE_SID,MEM_NO,ISSUE_HIS_CONT,ISSUE_HIS_DATE,ISSUE_HIS_TYPE,ATCH_FILE_SID) values (40,19,4,'## ㅎㅇ
&gt; ㅎ',to_date('2021/06/02','RRRR/MM/DD'),'RE',null);
Insert into ISSUE_HISTORY (ISSUE_HIS_NO,ISSUE_SID,MEM_NO,ISSUE_HIS_CONT,ISSUE_HIS_DATE,ISSUE_HIS_TYPE,ATCH_FILE_SID) values (67,21,4,'댓글 달기~~~',to_date('2021/06/03','RRRR/MM/DD'),'RE',null);
Insert into ISSUE_HISTORY (ISSUE_HIS_NO,ISSUE_SID,MEM_NO,ISSUE_HIS_CONT,ISSUE_HIS_DATE,ISSUE_HIS_TYPE,ATCH_FILE_SID) values (68,21,4,'### 또 댓글 달기
> 오늘 
> 댓글
> 나
> 성공적',to_date('2021/06/03','RRRR/MM/DD'),'RE',null);
Insert into ISSUE_HISTORY (ISSUE_HIS_NO,ISSUE_SID,MEM_NO,ISSUE_HIS_CONT,ISSUE_HIS_DATE,ISSUE_HIS_TYPE,ATCH_FILE_SID) values (97,113,4,'asdf',to_date('2021/06/04','RRRR/MM/DD'),'RE',null);
Insert into ISSUE_HISTORY (ISSUE_HIS_NO,ISSUE_SID,MEM_NO,ISSUE_HIS_CONT,ISSUE_HIS_DATE,ISSUE_HIS_TYPE,ATCH_FILE_SID) values (104,1,4,'넵!!',to_date('2021/06/05','RRRR/MM/DD'),'RE',null);
Insert into ISSUE_HISTORY (ISSUE_HIS_NO,ISSUE_SID,MEM_NO,ISSUE_HIS_CONT,ISSUE_HIS_DATE,ISSUE_HIS_TYPE,ATCH_FILE_SID) values (105,1,4,'# 테스트 또 한다',to_date('2021/06/05','RRRR/MM/DD'),'RE',null);
Insert into ISSUE_HISTORY (ISSUE_HIS_NO,ISSUE_SID,MEM_NO,ISSUE_HIS_CONT,ISSUE_HIS_DATE,ISSUE_HIS_TYPE,ATCH_FILE_SID) values (115,114,4,'xtx',to_date('2021/06/07','RRRR/MM/DD'),'RE',null);
Insert into ISSUE_HISTORY (ISSUE_HIS_NO,ISSUE_SID,MEM_NO,ISSUE_HIS_CONT,ISSUE_HIS_DATE,ISSUE_HIS_TYPE,ATCH_FILE_SID) values (116,114,4,'이슈 댓 테스트',to_date('2021/06/07','RRRR/MM/DD'),'RE',null);
Insert into ISSUE_HISTORY (ISSUE_HIS_NO,ISSUE_SID,MEM_NO,ISSUE_HIS_CONT,ISSUE_HIS_DATE,ISSUE_HIS_TYPE,ATCH_FILE_SID) values (132,112,4,'ㅎㅎㅎ',to_date('2021/06/09','RRRR/MM/DD'),'RE',null);
Insert into ISSUE_HISTORY (ISSUE_HIS_NO,ISSUE_SID,MEM_NO,ISSUE_HIS_CONT,ISSUE_HIS_DATE,ISSUE_HIS_TYPE,ATCH_FILE_SID) values (133,115,4,'## 오랜만에',to_date('2021/06/09','RRRR/MM/DD'),'RE',null);
Insert into ISSUE_HISTORY (ISSUE_HIS_NO,ISSUE_SID,MEM_NO,ISSUE_HIS_CONT,ISSUE_HIS_DATE,ISSUE_HIS_TYPE,ATCH_FILE_SID) values (138,114,4,'알람 하나 보내본다',to_date('2021/06/09','RRRR/MM/DD'),'RE',null);
Insert into ISSUE_HISTORY (ISSUE_HIS_NO,ISSUE_SID,MEM_NO,ISSUE_HIS_CONT,ISSUE_HIS_DATE,ISSUE_HIS_TYPE,ATCH_FILE_SID) values (150,115,4,'rrr',to_date('2021/06/10','RRRR/MM/DD'),'RE',null);
Insert into ISSUE_HISTORY (ISSUE_HIS_NO,ISSUE_SID,MEM_NO,ISSUE_HIS_CONT,ISSUE_HIS_DATE,ISSUE_HIS_TYPE,ATCH_FILE_SID) values (151,115,4,'뮻ㅇ',to_date('2021/06/10','RRRR/MM/DD'),'RE',null);
Insert into ISSUE_HISTORY (ISSUE_HIS_NO,ISSUE_SID,MEM_NO,ISSUE_HIS_CONT,ISSUE_HIS_DATE,ISSUE_HIS_TYPE,ATCH_FILE_SID) values (152,115,4,'ggg',to_date('2021/06/10','RRRR/MM/DD'),'RE',null);
Insert into ISSUE_HISTORY (ISSUE_HIS_NO,ISSUE_SID,MEM_NO,ISSUE_HIS_CONT,ISSUE_HIS_DATE,ISSUE_HIS_TYPE,ATCH_FILE_SID) values (153,115,4,'ㅎㅎㅎ',to_date('2021/06/10','RRRR/MM/DD'),'RE',null);
Insert into ISSUE_HISTORY (ISSUE_HIS_NO,ISSUE_SID,MEM_NO,ISSUE_HIS_CONT,ISSUE_HIS_DATE,ISSUE_HIS_TYPE,ATCH_FILE_SID) values (154,115,4,'ㅎㅎㅎㅎ',to_date('2021/06/10','RRRR/MM/DD'),'RE',null);
Insert into ISSUE_HISTORY (ISSUE_HIS_NO,ISSUE_SID,MEM_NO,ISSUE_HIS_CONT,ISSUE_HIS_DATE,ISSUE_HIS_TYPE,ATCH_FILE_SID) values (155,115,4,'ggg',to_date('2021/06/10','RRRR/MM/DD'),'RE',null);
Insert into ISSUE_HISTORY (ISSUE_HIS_NO,ISSUE_SID,MEM_NO,ISSUE_HIS_CONT,ISSUE_HIS_DATE,ISSUE_HIS_TYPE,ATCH_FILE_SID) values (159,114,4,'제발좀',to_date('2021/06/10','RRRR/MM/DD'),'RE',null);
Insert into ISSUE_HISTORY (ISSUE_HIS_NO,ISSUE_SID,MEM_NO,ISSUE_HIS_CONT,ISSUE_HIS_DATE,ISSUE_HIS_TYPE,ATCH_FILE_SID) values (160,114,4,'ㅎㅎㅎ',to_date('2021/06/10','RRRR/MM/DD'),'RE',null);
Insert into ISSUE_HISTORY (ISSUE_HIS_NO,ISSUE_SID,MEM_NO,ISSUE_HIS_CONT,ISSUE_HIS_DATE,ISSUE_HIS_TYPE,ATCH_FILE_SID) values (161,114,4,'gg',to_date('2021/06/10','RRRR/MM/DD'),'RE',null);
Insert into ISSUE_HISTORY (ISSUE_HIS_NO,ISSUE_SID,MEM_NO,ISSUE_HIS_CONT,ISSUE_HIS_DATE,ISSUE_HIS_TYPE,ATCH_FILE_SID) values (162,114,4,'리얼?',to_date('2021/06/10','RRRR/MM/DD'),'RE',null);
Insert into ISSUE_HISTORY (ISSUE_HIS_NO,ISSUE_SID,MEM_NO,ISSUE_HIS_CONT,ISSUE_HIS_DATE,ISSUE_HIS_TYPE,ATCH_FILE_SID) values (165,114,4,'abcd',to_date('2021/06/10','RRRR/MM/DD'),'RE',null);
Insert into ISSUE_HISTORY (ISSUE_HIS_NO,ISSUE_SID,MEM_NO,ISSUE_HIS_CONT,ISSUE_HIS_DATE,ISSUE_HIS_TYPE,ATCH_FILE_SID) values (166,114,4,'abcc',to_date('2021/06/10','RRRR/MM/DD'),'RE',null);
Insert into ISSUE_HISTORY (ISSUE_HIS_NO,ISSUE_SID,MEM_NO,ISSUE_HIS_CONT,ISSUE_HIS_DATE,ISSUE_HIS_TYPE,ATCH_FILE_SID) values (167,114,4,'아 힘들어',to_date('2021/06/10','RRRR/MM/DD'),'RE',null);
Insert into ISSUE_HISTORY (ISSUE_HIS_NO,ISSUE_SID,MEM_NO,ISSUE_HIS_CONT,ISSUE_HIS_DATE,ISSUE_HIS_TYPE,ATCH_FILE_SID) values (168,114,4,'ㅇㅇ',to_date('2021/06/10','RRRR/MM/DD'),'RE',null);
Insert into ISSUE_HISTORY (ISSUE_HIS_NO,ISSUE_SID,MEM_NO,ISSUE_HIS_CONT,ISSUE_HIS_DATE,ISSUE_HIS_TYPE,ATCH_FILE_SID) values (169,114,4,'ㅇㅇ',to_date('2021/06/10','RRRR/MM/DD'),'RE',null);
Insert into ISSUE_HISTORY (ISSUE_HIS_NO,ISSUE_SID,MEM_NO,ISSUE_HIS_CONT,ISSUE_HIS_DATE,ISSUE_HIS_TYPE,ATCH_FILE_SID) values (178,116,4,'hi josh',to_date('2021/06/10','RRRR/MM/DD'),'RE',null);
Insert into ISSUE_HISTORY (ISSUE_HIS_NO,ISSUE_SID,MEM_NO,ISSUE_HIS_CONT,ISSUE_HIS_DATE,ISSUE_HIS_TYPE,ATCH_FILE_SID) values (192,114,4,'abcd',to_date('2021/06/10','RRRR/MM/DD'),'RE',null);
Insert into ISSUE_HISTORY (ISSUE_HIS_NO,ISSUE_SID,MEM_NO,ISSUE_HIS_CONT,ISSUE_HIS_DATE,ISSUE_HIS_TYPE,ATCH_FILE_SID) values (193,114,4,'ㅋㅋㅋㅋ',to_date('2021/06/10','RRRR/MM/DD'),'RE',null);
Insert into ISSUE_HISTORY (ISSUE_HIS_NO,ISSUE_SID,MEM_NO,ISSUE_HIS_CONT,ISSUE_HIS_DATE,ISSUE_HIS_TYPE,ATCH_FILE_SID) values (196,115,4,'ㅇㅇㅇㅇ',to_date('2021/06/10','RRRR/MM/DD'),'RE',null);
Insert into ISSUE_HISTORY (ISSUE_HIS_NO,ISSUE_SID,MEM_NO,ISSUE_HIS_CONT,ISSUE_HIS_DATE,ISSUE_HIS_TYPE,ATCH_FILE_SID) values (199,115,4,'agsdsdgsg',to_date('2021/06/10','RRRR/MM/DD'),'RE',null);
Insert into ISSUE_HISTORY (ISSUE_HIS_NO,ISSUE_SID,MEM_NO,ISSUE_HIS_CONT,ISSUE_HIS_DATE,ISSUE_HIS_TYPE,ATCH_FILE_SID) values (201,115,4,'abc',to_date('2021/06/10','RRRR/MM/DD'),'RE',null);
Insert into ISSUE_HISTORY (ISSUE_HIS_NO,ISSUE_SID,MEM_NO,ISSUE_HIS_CONT,ISSUE_HIS_DATE,ISSUE_HIS_TYPE,ATCH_FILE_SID) values (204,115,4,'aaaa',to_date('2021/06/10','RRRR/MM/DD'),'RE',null);
Insert into ISSUE_HISTORY (ISSUE_HIS_NO,ISSUE_SID,MEM_NO,ISSUE_HIS_CONT,ISSUE_HIS_DATE,ISSUE_HIS_TYPE,ATCH_FILE_SID) values (205,115,4,'abcd',to_date('2021/06/10','RRRR/MM/DD'),'RE',null);
Insert into ISSUE_HISTORY (ISSUE_HIS_NO,ISSUE_SID,MEM_NO,ISSUE_HIS_CONT,ISSUE_HIS_DATE,ISSUE_HIS_TYPE,ATCH_FILE_SID) values (207,115,4,'abcd',to_date('2021/06/10','RRRR/MM/DD'),'RE',null);
Insert into ISSUE_HISTORY (ISSUE_HIS_NO,ISSUE_SID,MEM_NO,ISSUE_HIS_CONT,ISSUE_HIS_DATE,ISSUE_HIS_TYPE,ATCH_FILE_SID) values (209,115,4,'abcd',to_date('2021/06/10','RRRR/MM/DD'),'RE',null);
Insert into ISSUE_HISTORY (ISSUE_HIS_NO,ISSUE_SID,MEM_NO,ISSUE_HIS_CONT,ISSUE_HIS_DATE,ISSUE_HIS_TYPE,ATCH_FILE_SID) values (211,115,4,'뮻ㅇ',to_date('2021/06/10','RRRR/MM/DD'),'RE',null);
Insert into ISSUE_HISTORY (ISSUE_HIS_NO,ISSUE_SID,MEM_NO,ISSUE_HIS_CONT,ISSUE_HIS_DATE,ISSUE_HIS_TYPE,ATCH_FILE_SID) values (212,115,4,'abcd',to_date('2021/06/10','RRRR/MM/DD'),'RE',null);
Insert into ISSUE_HISTORY (ISSUE_HIS_NO,ISSUE_SID,MEM_NO,ISSUE_HIS_CONT,ISSUE_HIS_DATE,ISSUE_HIS_TYPE,ATCH_FILE_SID) values (216,109,3,'ff',to_date('2021/06/10','RRRR/MM/DD'),'RE',null);
Insert into ISSUE_HISTORY (ISSUE_HIS_NO,ISSUE_SID,MEM_NO,ISSUE_HIS_CONT,ISSUE_HIS_DATE,ISSUE_HIS_TYPE,ATCH_FILE_SID) values (217,109,3,'dd',to_date('2021/06/10','RRRR/MM/DD'),'RE',null);
Insert into ISSUE_HISTORY (ISSUE_HIS_NO,ISSUE_SID,MEM_NO,ISSUE_HIS_CONT,ISSUE_HIS_DATE,ISSUE_HIS_TYPE,ATCH_FILE_SID) values (219,115,4,'avc',to_date('2021/06/10','RRRR/MM/DD'),'RE',null);
Insert into ISSUE_HISTORY (ISSUE_HIS_NO,ISSUE_SID,MEM_NO,ISSUE_HIS_CONT,ISSUE_HIS_DATE,ISSUE_HIS_TYPE,ATCH_FILE_SID) values (221,115,4,'asdf',to_date('2021/06/10','RRRR/MM/DD'),'RE',null);
Insert into ISSUE_HISTORY (ISSUE_HIS_NO,ISSUE_SID,MEM_NO,ISSUE_HIS_CONT,ISSUE_HIS_DATE,ISSUE_HIS_TYPE,ATCH_FILE_SID) values (222,115,4,'asffd',to_date('2021/06/10','RRRR/MM/DD'),'RE',null);
Insert into ISSUE_HISTORY (ISSUE_HIS_NO,ISSUE_SID,MEM_NO,ISSUE_HIS_CONT,ISSUE_HIS_DATE,ISSUE_HIS_TYPE,ATCH_FILE_SID) values (227,115,4,'뮴ㅇㄹ',to_date('2021/06/10','RRRR/MM/DD'),'RE',null);
Insert into ISSUE_HISTORY (ISSUE_HIS_NO,ISSUE_SID,MEM_NO,ISSUE_HIS_CONT,ISSUE_HIS_DATE,ISSUE_HIS_TYPE,ATCH_FILE_SID) values (229,115,4,'ㅁ늉ㄹ',to_date('2021/06/10','RRRR/MM/DD'),'RE',null);
Insert into ISSUE_HISTORY (ISSUE_HIS_NO,ISSUE_SID,MEM_NO,ISSUE_HIS_CONT,ISSUE_HIS_DATE,ISSUE_HIS_TYPE,ATCH_FILE_SID) values (231,115,4,'ㅎㅎㅎㅎ',to_date('2021/06/10','RRRR/MM/DD'),'RE',null);
Insert into ISSUE_HISTORY (ISSUE_HIS_NO,ISSUE_SID,MEM_NO,ISSUE_HIS_CONT,ISSUE_HIS_DATE,ISSUE_HIS_TYPE,ATCH_FILE_SID) values (235,115,4,'hello~',to_date('2021/06/10','RRRR/MM/DD'),'RE',null);
Insert into ISSUE_HISTORY (ISSUE_HIS_NO,ISSUE_SID,MEM_NO,ISSUE_HIS_CONT,ISSUE_HIS_DATE,ISSUE_HIS_TYPE,ATCH_FILE_SID) values (239,114,4,'abcd',to_date('2021/06/10','RRRR/MM/DD'),'RE',null);
Insert into ISSUE_HISTORY (ISSUE_HIS_NO,ISSUE_SID,MEM_NO,ISSUE_HIS_CONT,ISSUE_HIS_DATE,ISSUE_HIS_TYPE,ATCH_FILE_SID) values (242,115,4,'ggggg',to_date('2021/06/10','RRRR/MM/DD'),'RE',null);
Insert into ISSUE_HISTORY (ISSUE_HIS_NO,ISSUE_SID,MEM_NO,ISSUE_HIS_CONT,ISSUE_HIS_DATE,ISSUE_HIS_TYPE,ATCH_FILE_SID) values (244,115,4,'abcd',to_date('2021/06/11','RRRR/MM/DD'),'RE',null);
Insert into ISSUE_HISTORY (ISSUE_HIS_NO,ISSUE_SID,MEM_NO,ISSUE_HIS_CONT,ISSUE_HIS_DATE,ISSUE_HIS_TYPE,ATCH_FILE_SID) values (249,114,4,'알람 ㅇ추가',to_date('2021/06/11','RRRR/MM/DD'),'RE',null);
Insert into ISSUE_HISTORY (ISSUE_HIS_NO,ISSUE_SID,MEM_NO,ISSUE_HIS_CONT,ISSUE_HIS_DATE,ISSUE_HIS_TYPE,ATCH_FILE_SID) values (250,114,4,'ggg',to_date('2021/06/11','RRRR/MM/DD'),'RE',null);
Insert into ISSUE_HISTORY (ISSUE_HIS_NO,ISSUE_SID,MEM_NO,ISSUE_HIS_CONT,ISSUE_HIS_DATE,ISSUE_HIS_TYPE,ATCH_FILE_SID) values (251,114,4,'ggg',to_date('2021/06/11','RRRR/MM/DD'),'RE',null);
Insert into ISSUE_HISTORY (ISSUE_HIS_NO,ISSUE_SID,MEM_NO,ISSUE_HIS_CONT,ISSUE_HIS_DATE,ISSUE_HIS_TYPE,ATCH_FILE_SID) values (252,114,4,'gggg',to_date('2021/06/11','RRRR/MM/DD'),'RE',null);
Insert into ISSUE_HISTORY (ISSUE_HIS_NO,ISSUE_SID,MEM_NO,ISSUE_HIS_CONT,ISSUE_HIS_DATE,ISSUE_HIS_TYPE,ATCH_FILE_SID) values (256,115,4,'ㅎㅎㅎ',to_date('2021/06/11','RRRR/MM/DD'),'RE',null);
Insert into ISSUE_HISTORY (ISSUE_HIS_NO,ISSUE_SID,MEM_NO,ISSUE_HIS_CONT,ISSUE_HIS_DATE,ISSUE_HIS_TYPE,ATCH_FILE_SID) values (258,115,4,'ㅇㅇㅇㅇ',to_date('2021/06/11','RRRR/MM/DD'),'RE',null);
Insert into ISSUE_HISTORY (ISSUE_HIS_NO,ISSUE_SID,MEM_NO,ISSUE_HIS_CONT,ISSUE_HIS_DATE,ISSUE_HIS_TYPE,ATCH_FILE_SID) values (259,115,3,'asdfafsd',to_date('2021/06/11','RRRR/MM/DD'),'RE',null);
Insert into ISSUE_HISTORY (ISSUE_HIS_NO,ISSUE_SID,MEM_NO,ISSUE_HIS_CONT,ISSUE_HIS_DATE,ISSUE_HIS_TYPE,ATCH_FILE_SID) values (3,1,1,'유스 케이스 정의서 문서 작업 해주세요!
해줘요!!
빨리!!',to_date('2021/05/03','RRRR/MM/DD'),'RE',null);
Insert into ISSUE_HISTORY (ISSUE_HIS_NO,ISSUE_SID,MEM_NO,ISSUE_HIS_CONT,ISSUE_HIS_DATE,ISSUE_HIS_TYPE,ATCH_FILE_SID) values (4,1,2,'유스 케이스 정의서 문서 작업 해주세요!
해줘요!!
빨리!!',to_date('2021/05/03','RRRR/MM/DD'),'RE',null);
Insert into ISSUE_HISTORY (ISSUE_HIS_NO,ISSUE_SID,MEM_NO,ISSUE_HIS_CONT,ISSUE_HIS_DATE,ISSUE_HIS_TYPE,ATCH_FILE_SID) values (5,1,3,'Shane 이 중요도를 급함 으로 변경함',to_date('2021/05/05','RRRR/MM/DD'),'PE',null);
Insert into ISSUE_HISTORY (ISSUE_HIS_NO,ISSUE_SID,MEM_NO,ISSUE_HIS_CONT,ISSUE_HIS_DATE,ISSUE_HIS_TYPE,ATCH_FILE_SID) values (19,15,4,'# 잘 되는거 같아서
- 근데  &lt; &gt; 는 방어되서 안됨',to_date('2021/06/02','RRRR/MM/DD'),'RE',null);
Insert into ISSUE_HISTORY (ISSUE_HIS_NO,ISSUE_SID,MEM_NO,ISSUE_HIS_CONT,ISSUE_HIS_DATE,ISSUE_HIS_TYPE,ATCH_FILE_SID) values (20,16,4,'아이고 나죽네',to_date('2021/06/02','RRRR/MM/DD'),'RE',null);
Insert into ISSUE_HISTORY (ISSUE_HIS_NO,ISSUE_SID,MEM_NO,ISSUE_HIS_CONT,ISSUE_HIS_DATE,ISSUE_HIS_TYPE,ATCH_FILE_SID) values (21,17,4,'# 나죽네 나주겅',to_date('2021/06/02','RRRR/MM/DD'),'RE',null);
Insert into ISSUE_HISTORY (ISSUE_HIS_NO,ISSUE_SID,MEM_NO,ISSUE_HIS_CONT,ISSUE_HIS_DATE,ISSUE_HIS_TYPE,ATCH_FILE_SID) values (22,18,4,'# 미리 보기 가능
&gt; 근데 lucy 떄문에
- 저거 안됨 ',to_date('2021/06/02','RRRR/MM/DD'),'RE',null);
Insert into ISSUE_HISTORY (ISSUE_HIS_NO,ISSUE_SID,MEM_NO,ISSUE_HIS_CONT,ISSUE_HIS_DATE,ISSUE_HIS_TYPE,ATCH_FILE_SID) values (49,19,4,'> Hello',to_date('2021/06/02','RRRR/MM/DD'),'RE',null);
Insert into ISSUE_HISTORY (ISSUE_HIS_NO,ISSUE_SID,MEM_NO,ISSUE_HIS_CONT,ISSUE_HIS_DATE,ISSUE_HIS_TYPE,ATCH_FILE_SID) values (50,19,4,'> 혹시 ??',to_date('2021/06/02','RRRR/MM/DD'),'RE',null);
Insert into ISSUE_HISTORY (ISSUE_HIS_NO,ISSUE_SID,MEM_NO,ISSUE_HIS_CONT,ISSUE_HIS_DATE,ISSUE_HIS_TYPE,ATCH_FILE_SID) values (51,19,4,'&lt; >',to_date('2021/06/02','RRRR/MM/DD'),'RE',null);
Insert into ISSUE_HISTORY (ISSUE_HIS_NO,ISSUE_SID,MEM_NO,ISSUE_HIS_CONT,ISSUE_HIS_DATE,ISSUE_HIS_TYPE,ATCH_FILE_SID) values (52,19,4,'> 와
막았다 &lt;
>
&lt;',to_date('2021/06/02','RRRR/MM/DD'),'RE',null);
Insert into ISSUE_HISTORY (ISSUE_HIS_NO,ISSUE_SID,MEM_NO,ISSUE_HIS_CONT,ISSUE_HIS_DATE,ISSUE_HIS_TYPE,ATCH_FILE_SID) values (53,19,4,'이거
> 성공
### ㅎㅎ
> 하하',to_date('2021/06/02','RRRR/MM/DD'),'RE',null);
Insert into ISSUE_HISTORY (ISSUE_HIS_NO,ISSUE_SID,MEM_NO,ISSUE_HIS_CONT,ISSUE_HIS_DATE,ISSUE_HIS_TYPE,ATCH_FILE_SID) values (54,19,4,'> ㅎㅎ

하하

> ㅋㅋ',to_date('2021/06/02','RRRR/MM/DD'),'RE',null);
Insert into ISSUE_HISTORY (ISSUE_HIS_NO,ISSUE_SID,MEM_NO,ISSUE_HIS_CONT,ISSUE_HIS_DATE,ISSUE_HIS_TYPE,ATCH_FILE_SID) values (58,20,4,'&gt; 이거 되나',to_date('2021/06/02','RRRR/MM/DD'),'RE',null);
Insert into ISSUE_HISTORY (ISSUE_HIS_NO,ISSUE_SID,MEM_NO,ISSUE_HIS_CONT,ISSUE_HIS_DATE,ISSUE_HIS_TYPE,ATCH_FILE_SID) values (59,20,4,'# 하이
&gt; ㅎㅎㅎ',to_date('2021/06/02','RRRR/MM/DD'),'RE',null);
Insert into ISSUE_HISTORY (ISSUE_HIS_NO,ISSUE_SID,MEM_NO,ISSUE_HIS_CONT,ISSUE_HIS_DATE,ISSUE_HIS_TYPE,ATCH_FILE_SID) values (98,1,3,'### 마크다운으로 입력 해봅니다
 - 조씨',to_date('2021/06/04','RRRR/MM/DD'),'RE',null);
Insert into ISSUE_HISTORY (ISSUE_HIS_NO,ISSUE_SID,MEM_NO,ISSUE_HIS_CONT,ISSUE_HIS_DATE,ISSUE_HIS_TYPE,ATCH_FILE_SID) values (113,114,4,'알람 객체 어떻게 만드는지 확인',to_date('2021/06/07','RRRR/MM/DD'),'RE',null);
Insert into ISSUE_HISTORY (ISSUE_HIS_NO,ISSUE_SID,MEM_NO,ISSUE_HIS_CONT,ISSUE_HIS_DATE,ISSUE_HIS_TYPE,ATCH_FILE_SID) values (141,115,4,'ddd',to_date('2021/06/09','RRRR/MM/DD'),'RE',null);
Insert into ISSUE_HISTORY (ISSUE_HIS_NO,ISSUE_SID,MEM_NO,ISSUE_HIS_CONT,ISSUE_HIS_DATE,ISSUE_HIS_TYPE,ATCH_FILE_SID) values (144,115,4,'ggggg',to_date('2021/06/09','RRRR/MM/DD'),'RE',null);
Insert into ISSUE_HISTORY (ISSUE_HIS_NO,ISSUE_SID,MEM_NO,ISSUE_HIS_CONT,ISSUE_HIS_DATE,ISSUE_HIS_TYPE,ATCH_FILE_SID) values (149,115,4,'rr',to_date('2021/06/10','RRRR/MM/DD'),'RE',null);
Insert into ISSUE_HISTORY (ISSUE_HIS_NO,ISSUE_SID,MEM_NO,ISSUE_HIS_CONT,ISSUE_HIS_DATE,ISSUE_HIS_TYPE,ATCH_FILE_SID) values (183,116,4,'abcd',to_date('2021/06/10','RRRR/MM/DD'),'RE',null);
Insert into ISSUE_HISTORY (ISSUE_HIS_NO,ISSUE_SID,MEM_NO,ISSUE_HIS_CONT,ISSUE_HIS_DATE,ISSUE_HIS_TYPE,ATCH_FILE_SID) values (184,116,4,'abcde',to_date('2021/06/10','RRRR/MM/DD'),'RE',null);
Insert into ISSUE_HISTORY (ISSUE_HIS_NO,ISSUE_SID,MEM_NO,ISSUE_HIS_CONT,ISSUE_HIS_DATE,ISSUE_HIS_TYPE,ATCH_FILE_SID) values (185,115,4,'abcde',to_date('2021/06/10','RRRR/MM/DD'),'RE',null);
Insert into ISSUE_HISTORY (ISSUE_HIS_NO,ISSUE_SID,MEM_NO,ISSUE_HIS_CONT,ISSUE_HIS_DATE,ISSUE_HIS_TYPE,ATCH_FILE_SID) values (186,115,4,'abcd',to_date('2021/06/10','RRRR/MM/DD'),'RE',null);
Insert into ISSUE_HISTORY (ISSUE_HIS_NO,ISSUE_SID,MEM_NO,ISSUE_HIS_CONT,ISSUE_HIS_DATE,ISSUE_HIS_TYPE,ATCH_FILE_SID) values (187,115,4,'abcd',to_date('2021/06/10','RRRR/MM/DD'),'RE',null);
Insert into ISSUE_HISTORY (ISSUE_HIS_NO,ISSUE_SID,MEM_NO,ISSUE_HIS_CONT,ISSUE_HIS_DATE,ISSUE_HIS_TYPE,ATCH_FILE_SID) values (188,115,4,'abc',to_date('2021/06/10','RRRR/MM/DD'),'RE',null);
Insert into ISSUE_HISTORY (ISSUE_HIS_NO,ISSUE_SID,MEM_NO,ISSUE_HIS_CONT,ISSUE_HIS_DATE,ISSUE_HIS_TYPE,ATCH_FILE_SID) values (190,115,4,'zzz',to_date('2021/06/10','RRRR/MM/DD'),'RE',null);
Insert into ISSUE_HISTORY (ISSUE_HIS_NO,ISSUE_SID,MEM_NO,ISSUE_HIS_CONT,ISSUE_HIS_DATE,ISSUE_HIS_TYPE,ATCH_FILE_SID) values (194,114,4,'gggg',to_date('2021/06/10','RRRR/MM/DD'),'RE',null);
Insert into ISSUE_HISTORY (ISSUE_HIS_NO,ISSUE_SID,MEM_NO,ISSUE_HIS_CONT,ISSUE_HIS_DATE,ISSUE_HIS_TYPE,ATCH_FILE_SID) values (195,114,4,'zzz',to_date('2021/06/10','RRRR/MM/DD'),'RE',null);
Insert into ISSUE_HISTORY (ISSUE_HIS_NO,ISSUE_SID,MEM_NO,ISSUE_HIS_CONT,ISSUE_HIS_DATE,ISSUE_HIS_TYPE,ATCH_FILE_SID) values (197,115,4,'dd',to_date('2021/06/10','RRRR/MM/DD'),'RE',null);
Insert into ISSUE_HISTORY (ISSUE_HIS_NO,ISSUE_SID,MEM_NO,ISSUE_HIS_CONT,ISSUE_HIS_DATE,ISSUE_HIS_TYPE,ATCH_FILE_SID) values (198,115,4,'abcd',to_date('2021/06/10','RRRR/MM/DD'),'RE',null);
Insert into ISSUE_HISTORY (ISSUE_HIS_NO,ISSUE_SID,MEM_NO,ISSUE_HIS_CONT,ISSUE_HIS_DATE,ISSUE_HIS_TYPE,ATCH_FILE_SID) values (200,115,4,'aaa',to_date('2021/06/10','RRRR/MM/DD'),'RE',null);
Insert into ISSUE_HISTORY (ISSUE_HIS_NO,ISSUE_SID,MEM_NO,ISSUE_HIS_CONT,ISSUE_HIS_DATE,ISSUE_HIS_TYPE,ATCH_FILE_SID) values (202,115,4,'abcd',to_date('2021/06/10','RRRR/MM/DD'),'RE',null);
Insert into ISSUE_HISTORY (ISSUE_HIS_NO,ISSUE_SID,MEM_NO,ISSUE_HIS_CONT,ISSUE_HIS_DATE,ISSUE_HIS_TYPE,ATCH_FILE_SID) values (203,115,4,'abcd',to_date('2021/06/10','RRRR/MM/DD'),'RE',null);
Insert into ISSUE_HISTORY (ISSUE_HIS_NO,ISSUE_SID,MEM_NO,ISSUE_HIS_CONT,ISSUE_HIS_DATE,ISSUE_HIS_TYPE,ATCH_FILE_SID) values (206,115,4,'ag',to_date('2021/06/10','RRRR/MM/DD'),'RE',null);
Insert into ISSUE_HISTORY (ISSUE_HIS_NO,ISSUE_SID,MEM_NO,ISSUE_HIS_CONT,ISSUE_HIS_DATE,ISSUE_HIS_TYPE,ATCH_FILE_SID) values (208,115,4,'asdf',to_date('2021/06/10','RRRR/MM/DD'),'RE',null);
Insert into ISSUE_HISTORY (ISSUE_HIS_NO,ISSUE_SID,MEM_NO,ISSUE_HIS_CONT,ISSUE_HIS_DATE,ISSUE_HIS_TYPE,ATCH_FILE_SID) values (210,115,4,'aaaa',to_date('2021/06/10','RRRR/MM/DD'),'RE',null);
Insert into ISSUE_HISTORY (ISSUE_HIS_NO,ISSUE_SID,MEM_NO,ISSUE_HIS_CONT,ISSUE_HIS_DATE,ISSUE_HIS_TYPE,ATCH_FILE_SID) values (213,115,4,'abcd',to_date('2021/06/10','RRRR/MM/DD'),'RE',null);
Insert into ISSUE_HISTORY (ISSUE_HIS_NO,ISSUE_SID,MEM_NO,ISSUE_HIS_CONT,ISSUE_HIS_DATE,ISSUE_HIS_TYPE,ATCH_FILE_SID) values (214,104,3,'ff',to_date('2021/06/10','RRRR/MM/DD'),'RE',null);
Insert into ISSUE_HISTORY (ISSUE_HIS_NO,ISSUE_SID,MEM_NO,ISSUE_HIS_CONT,ISSUE_HIS_DATE,ISSUE_HIS_TYPE,ATCH_FILE_SID) values (215,109,3,'aa',to_date('2021/06/10','RRRR/MM/DD'),'RE',null);
Insert into ISSUE_HISTORY (ISSUE_HIS_NO,ISSUE_SID,MEM_NO,ISSUE_HIS_CONT,ISSUE_HIS_DATE,ISSUE_HIS_TYPE,ATCH_FILE_SID) values (218,109,3,'fd',to_date('2021/06/10','RRRR/MM/DD'),'RE',null);
Insert into ISSUE_HISTORY (ISSUE_HIS_NO,ISSUE_SID,MEM_NO,ISSUE_HIS_CONT,ISSUE_HIS_DATE,ISSUE_HIS_TYPE,ATCH_FILE_SID) values (220,115,4,'asdfsf',to_date('2021/06/10','RRRR/MM/DD'),'RE',null);
Insert into ISSUE_HISTORY (ISSUE_HIS_NO,ISSUE_SID,MEM_NO,ISSUE_HIS_CONT,ISSUE_HIS_DATE,ISSUE_HIS_TYPE,ATCH_FILE_SID) values (223,115,4,'asdfdf',to_date('2021/06/10','RRRR/MM/DD'),'RE',null);
Insert into ISSUE_HISTORY (ISSUE_HIS_NO,ISSUE_SID,MEM_NO,ISSUE_HIS_CONT,ISSUE_HIS_DATE,ISSUE_HIS_TYPE,ATCH_FILE_SID) values (224,115,4,'abc',to_date('2021/06/10','RRRR/MM/DD'),'RE',null);
Insert into ISSUE_HISTORY (ISSUE_HIS_NO,ISSUE_SID,MEM_NO,ISSUE_HIS_CONT,ISSUE_HIS_DATE,ISSUE_HIS_TYPE,ATCH_FILE_SID) values (225,115,4,'asdb',to_date('2021/06/10','RRRR/MM/DD'),'RE',null);
Insert into ISSUE_HISTORY (ISSUE_HIS_NO,ISSUE_SID,MEM_NO,ISSUE_HIS_CONT,ISSUE_HIS_DATE,ISSUE_HIS_TYPE,ATCH_FILE_SID) values (226,115,4,'abc',to_date('2021/06/10','RRRR/MM/DD'),'RE',null);
Insert into ISSUE_HISTORY (ISSUE_HIS_NO,ISSUE_SID,MEM_NO,ISSUE_HIS_CONT,ISSUE_HIS_DATE,ISSUE_HIS_TYPE,ATCH_FILE_SID) values (228,115,4,'뮻ㅇ',to_date('2021/06/10','RRRR/MM/DD'),'RE',null);
Insert into ISSUE_HISTORY (ISSUE_HIS_NO,ISSUE_SID,MEM_NO,ISSUE_HIS_CONT,ISSUE_HIS_DATE,ISSUE_HIS_TYPE,ATCH_FILE_SID) values (230,115,4,'됐다 됐어~',to_date('2021/06/10','RRRR/MM/DD'),'RE',null);
Insert into ISSUE_HISTORY (ISSUE_HIS_NO,ISSUE_SID,MEM_NO,ISSUE_HIS_CONT,ISSUE_HIS_DATE,ISSUE_HIS_TYPE,ATCH_FILE_SID) values (232,115,4,'ㅎㅎㅎ',to_date('2021/06/10','RRRR/MM/DD'),'RE',null);
Insert into ISSUE_HISTORY (ISSUE_HIS_NO,ISSUE_SID,MEM_NO,ISSUE_HIS_CONT,ISSUE_HIS_DATE,ISSUE_HIS_TYPE,ATCH_FILE_SID) values (233,115,4,'성공이다',to_date('2021/06/10','RRRR/MM/DD'),'RE',null);
Insert into ISSUE_HISTORY (ISSUE_HIS_NO,ISSUE_SID,MEM_NO,ISSUE_HIS_CONT,ISSUE_HIS_DATE,ISSUE_HIS_TYPE,ATCH_FILE_SID) values (234,115,4,'알람~~~',to_date('2021/06/10','RRRR/MM/DD'),'RE',null);
Insert into ISSUE_HISTORY (ISSUE_HIS_NO,ISSUE_SID,MEM_NO,ISSUE_HIS_CONT,ISSUE_HIS_DATE,ISSUE_HIS_TYPE,ATCH_FILE_SID) values (236,115,4,'여러개 테스트',to_date('2021/06/10','RRRR/MM/DD'),'RE',null);
Insert into ISSUE_HISTORY (ISSUE_HIS_NO,ISSUE_SID,MEM_NO,ISSUE_HIS_CONT,ISSUE_HIS_DATE,ISSUE_HIS_TYPE,ATCH_FILE_SID) values (237,115,4,'여러개 테스트2',to_date('2021/06/10','RRRR/MM/DD'),'RE',null);
Insert into ISSUE_HISTORY (ISSUE_HIS_NO,ISSUE_SID,MEM_NO,ISSUE_HIS_CONT,ISSUE_HIS_DATE,ISSUE_HIS_TYPE,ATCH_FILE_SID) values (238,115,4,'여러개 테스트3',to_date('2021/06/10','RRRR/MM/DD'),'RE',null);
Insert into ISSUE_HISTORY (ISSUE_HIS_NO,ISSUE_SID,MEM_NO,ISSUE_HIS_CONT,ISSUE_HIS_DATE,ISSUE_HIS_TYPE,ATCH_FILE_SID) values (243,114,4,'ㅇㅋ',to_date('2021/06/11','RRRR/MM/DD'),'RE',null);
Insert into ISSUE_HISTORY (ISSUE_HIS_NO,ISSUE_SID,MEM_NO,ISSUE_HIS_CONT,ISSUE_HIS_DATE,ISSUE_HIS_TYPE,ATCH_FILE_SID) values (245,115,4,'dz',to_date('2021/06/11','RRRR/MM/DD'),'RE',null);
Insert into ISSUE_HISTORY (ISSUE_HIS_NO,ISSUE_SID,MEM_NO,ISSUE_HIS_CONT,ISSUE_HIS_DATE,ISSUE_HIS_TYPE,ATCH_FILE_SID) values (246,115,4,'abcd',to_date('2021/06/11','RRRR/MM/DD'),'RE',null);
Insert into ISSUE_HISTORY (ISSUE_HIS_NO,ISSUE_SID,MEM_NO,ISSUE_HIS_CONT,ISSUE_HIS_DATE,ISSUE_HIS_TYPE,ATCH_FILE_SID) values (247,115,4,'abcd',to_date('2021/06/11','RRRR/MM/DD'),'RE',null);
Insert into ISSUE_HISTORY (ISSUE_HIS_NO,ISSUE_SID,MEM_NO,ISSUE_HIS_CONT,ISSUE_HIS_DATE,ISSUE_HIS_TYPE,ATCH_FILE_SID) values (261,115,4,'afsddfs',to_date('2021/06/12','RRRR/MM/DD'),'RE',null);
REM INSERTING into KANBAN_CARD
SET DEFINE OFF;
Insert into KANBAN_CARD (KB_CARD_NO,KB_CARD_PRIV_NO,MEM_NO,KB_COL_NO,ISSUE_SID,KB_CARD_CONT,KB_CARD_WRITE_DATE) values (16,null,4,1,112,null,to_date('2021/06/03','RRRR/MM/DD'));
Insert into KANBAN_CARD (KB_CARD_NO,KB_CARD_PRIV_NO,MEM_NO,KB_COL_NO,ISSUE_SID,KB_CARD_CONT,KB_CARD_WRITE_DATE) values (21,23,4,3,null,'추카추카~ !!!',to_date('2021/06/06','RRRR/MM/DD'));
Insert into KANBAN_CARD (KB_CARD_NO,KB_CARD_PRIV_NO,MEM_NO,KB_COL_NO,ISSUE_SID,KB_CARD_CONT,KB_CARD_WRITE_DATE) values (19,1,4,3,null,'카드 수정 잘 됩니다 휴!!~~!!!!',to_date('2021/06/05','RRRR/MM/DD'));
Insert into KANBAN_CARD (KB_CARD_NO,KB_CARD_PRIV_NO,MEM_NO,KB_COL_NO,ISSUE_SID,KB_CARD_CONT,KB_CARD_WRITE_DATE) values (26,24,3,2,116,null,to_date('2021/06/10','RRRR/MM/DD'));
Insert into KANBAN_CARD (KB_CARD_NO,KB_CARD_PRIV_NO,MEM_NO,KB_COL_NO,ISSUE_SID,KB_CARD_CONT,KB_CARD_WRITE_DATE) values (23,19,4,3,null,'또 추가 한거 수정!!!',to_date('2021/06/06','RRRR/MM/DD'));
Insert into KANBAN_CARD (KB_CARD_NO,KB_CARD_PRIV_NO,MEM_NO,KB_COL_NO,ISSUE_SID,KB_CARD_CONT,KB_CARD_WRITE_DATE) values (24,25,4,2,114,null,to_date('2021/06/06','RRRR/MM/DD'));
Insert into KANBAN_CARD (KB_CARD_NO,KB_CARD_PRIV_NO,MEM_NO,KB_COL_NO,ISSUE_SID,KB_CARD_CONT,KB_CARD_WRITE_DATE) values (33,null,4,6,null,'ㅎㅎㅎ',to_date('2021/06/14','RRRR/MM/DD'));
Insert into KANBAN_CARD (KB_CARD_NO,KB_CARD_PRIV_NO,MEM_NO,KB_COL_NO,ISSUE_SID,KB_CARD_CONT,KB_CARD_WRITE_DATE) values (34,32,4,2,119,null,to_date('2021/06/14','RRRR/MM/DD'));
Insert into KANBAN_CARD (KB_CARD_NO,KB_CARD_PRIV_NO,MEM_NO,KB_COL_NO,ISSUE_SID,KB_CARD_CONT,KB_CARD_WRITE_DATE) values (35,null,4,13,null,'dtest',to_date('2021/06/14','RRRR/MM/DD'));
Insert into KANBAN_CARD (KB_CARD_NO,KB_CARD_PRIV_NO,MEM_NO,KB_COL_NO,ISSUE_SID,KB_CARD_CONT,KB_CARD_WRITE_DATE) values (36,null,4,10,null,'ctest',to_date('2021/06/14','RRRR/MM/DD'));
Insert into KANBAN_CARD (KB_CARD_NO,KB_CARD_PRIV_NO,MEM_NO,KB_COL_NO,ISSUE_SID,KB_CARD_CONT,KB_CARD_WRITE_DATE) values (27,16,4,1,117,null,to_date('2021/06/12','RRRR/MM/DD'));
Insert into KANBAN_CARD (KB_CARD_NO,KB_CARD_PRIV_NO,MEM_NO,KB_COL_NO,ISSUE_SID,KB_CARD_CONT,KB_CARD_WRITE_DATE) values (28,17,4,1,null,'^^!',to_date('2021/06/12','RRRR/MM/DD'));
Insert into KANBAN_CARD (KB_CARD_NO,KB_CARD_PRIV_NO,MEM_NO,KB_COL_NO,ISSUE_SID,KB_CARD_CONT,KB_CARD_WRITE_DATE) values (20,27,4,1,null,'카드 너무 많이 삭제해서 하나 추가. 공부합시다!!!~',to_date('2021/06/05','RRRR/MM/DD'));
Insert into KANBAN_CARD (KB_CARD_NO,KB_CARD_PRIV_NO,MEM_NO,KB_COL_NO,ISSUE_SID,KB_CARD_CONT,KB_CARD_WRITE_DATE) values (10,21,1,3,null,'10랜덤 카드 내용!',to_date('2021/05/03','RRRR/MM/DD'));
Insert into KANBAN_CARD (KB_CARD_NO,KB_CARD_PRIV_NO,MEM_NO,KB_COL_NO,ISSUE_SID,KB_CARD_CONT,KB_CARD_WRITE_DATE) values (29,28,4,1,null,'ㅎㄹㅎㄹ',to_date('2021/06/12','RRRR/MM/DD'));
Insert into KANBAN_CARD (KB_CARD_NO,KB_CARD_PRIV_NO,MEM_NO,KB_COL_NO,ISSUE_SID,KB_CARD_CONT,KB_CARD_WRITE_DATE) values (30,29,4,1,null,'ㅎㄹㅎㄹ',to_date('2021/06/12','RRRR/MM/DD'));
Insert into KANBAN_CARD (KB_CARD_NO,KB_CARD_PRIV_NO,MEM_NO,KB_COL_NO,ISSUE_SID,KB_CARD_CONT,KB_CARD_WRITE_DATE) values (31,30,4,1,null,'ㅎㄹㅎㄹ',to_date('2021/06/12','RRRR/MM/DD'));
Insert into KANBAN_CARD (KB_CARD_NO,KB_CARD_PRIV_NO,MEM_NO,KB_COL_NO,ISSUE_SID,KB_CARD_CONT,KB_CARD_WRITE_DATE) values (32,26,4,2,118,null,to_date('2021/06/13','RRRR/MM/DD'));
Insert into KANBAN_CARD (KB_CARD_NO,KB_CARD_PRIV_NO,MEM_NO,KB_COL_NO,ISSUE_SID,KB_CARD_CONT,KB_CARD_WRITE_DATE) values (1,null,2,3,1,'첫번째 칸반카드 내용 todo',to_date('2021/05/03','RRRR/MM/DD'));
Insert into KANBAN_CARD (KB_CARD_NO,KB_CARD_PRIV_NO,MEM_NO,KB_COL_NO,ISSUE_SID,KB_CARD_CONT,KB_CARD_WRITE_DATE) values (25,null,4,2,115,null,to_date('2021/06/09','RRRR/MM/DD'));
Insert into KANBAN_CARD (KB_CARD_NO,KB_CARD_PRIV_NO,MEM_NO,KB_COL_NO,ISSUE_SID,KB_CARD_CONT,KB_CARD_WRITE_DATE) values (37,34,4,2,null,'gg!',to_date('2021/06/14','RRRR/MM/DD'));
Insert into KANBAN_CARD (KB_CARD_NO,KB_CARD_PRIV_NO,MEM_NO,KB_COL_NO,ISSUE_SID,KB_CARD_CONT,KB_CARD_WRITE_DATE) values (17,20,4,1,113,null,to_date('2021/06/04','RRRR/MM/DD'));
REM INSERTING into KANBAN_COL
SET DEFINE OFF;
Insert into KANBAN_COL (KB_COL_NO,KB_COL_PRIV_NO,PROJ_NO,KB_COL_NM) values (7,null,24,'TO DO');
Insert into KANBAN_COL (KB_COL_NO,KB_COL_PRIV_NO,PROJ_NO,KB_COL_NM) values (8,7,24,'IN PROGRESS');
Insert into KANBAN_COL (KB_COL_NO,KB_COL_PRIV_NO,PROJ_NO,KB_COL_NM) values (9,null,24,'DONE');
Insert into KANBAN_COL (KB_COL_NO,KB_COL_PRIV_NO,PROJ_NO,KB_COL_NM) values (10,null,25,'TO DO');
Insert into KANBAN_COL (KB_COL_NO,KB_COL_PRIV_NO,PROJ_NO,KB_COL_NM) values (11,10,25,'IN PROGRESS');
Insert into KANBAN_COL (KB_COL_NO,KB_COL_PRIV_NO,PROJ_NO,KB_COL_NM) values (12,null,25,'DONE');
Insert into KANBAN_COL (KB_COL_NO,KB_COL_PRIV_NO,PROJ_NO,KB_COL_NM) values (13,null,26,'TO DO');
Insert into KANBAN_COL (KB_COL_NO,KB_COL_PRIV_NO,PROJ_NO,KB_COL_NM) values (14,13,26,'IN PROGRESS');
Insert into KANBAN_COL (KB_COL_NO,KB_COL_PRIV_NO,PROJ_NO,KB_COL_NM) values (15,null,26,'DONE');
Insert into KANBAN_COL (KB_COL_NO,KB_COL_PRIV_NO,PROJ_NO,KB_COL_NM) values (16,null,27,'TO DO');
Insert into KANBAN_COL (KB_COL_NO,KB_COL_PRIV_NO,PROJ_NO,KB_COL_NM) values (17,16,27,'IN PROGRESS');
Insert into KANBAN_COL (KB_COL_NO,KB_COL_PRIV_NO,PROJ_NO,KB_COL_NM) values (18,null,27,'DONE');
Insert into KANBAN_COL (KB_COL_NO,KB_COL_PRIV_NO,PROJ_NO,KB_COL_NM) values (2,null,1,'TO DO');
Insert into KANBAN_COL (KB_COL_NO,KB_COL_PRIV_NO,PROJ_NO,KB_COL_NM) values (1,2,1,'IN PROGRESS');
Insert into KANBAN_COL (KB_COL_NO,KB_COL_PRIV_NO,PROJ_NO,KB_COL_NM) values (3,1,1,'DONE');
Insert into KANBAN_COL (KB_COL_NO,KB_COL_PRIV_NO,PROJ_NO,KB_COL_NM) values (4,null,23,'TO DO');
Insert into KANBAN_COL (KB_COL_NO,KB_COL_PRIV_NO,PROJ_NO,KB_COL_NM) values (5,4,23,'IN PROGRESS');
Insert into KANBAN_COL (KB_COL_NO,KB_COL_PRIV_NO,PROJ_NO,KB_COL_NM) values (6,null,23,'DONE');
REM INSERTING into LABEL
SET DEFINE OFF;
Insert into LABEL (LABEL_NO,PROJ_NO,LABEL_NM) values (1,1,'bug');
Insert into LABEL (LABEL_NO,PROJ_NO,LABEL_NM) values (2,1,'documentation');
Insert into LABEL (LABEL_NO,PROJ_NO,LABEL_NM) values (3,1,'duplicate');
Insert into LABEL (LABEL_NO,PROJ_NO,LABEL_NM) values (4,1,'enhancement');
Insert into LABEL (LABEL_NO,PROJ_NO,LABEL_NM) values (5,1,'good first issue');
Insert into LABEL (LABEL_NO,PROJ_NO,LABEL_NM) values (6,1,'help wanted');
Insert into LABEL (LABEL_NO,PROJ_NO,LABEL_NM) values (7,1,'invalid');
Insert into LABEL (LABEL_NO,PROJ_NO,LABEL_NM) values (8,1,'question');
Insert into LABEL (LABEL_NO,PROJ_NO,LABEL_NM) values (9,1,'status');
Insert into LABEL (LABEL_NO,PROJ_NO,LABEL_NM) values (10,1,'wontfix');
Insert into LABEL (LABEL_NO,PROJ_NO,LABEL_NM) values (11,1,'new');
Insert into LABEL (LABEL_NO,PROJ_NO,LABEL_NM) values (12,1,'defect');
Insert into LABEL (LABEL_NO,PROJ_NO,LABEL_NM) values (13,1,'support');
Insert into LABEL (LABEL_NO,PROJ_NO,LABEL_NM) values (14,1,'notice');
REM INSERTING into MEMBER
SET DEFINE OFF;
Insert into MEMBER (MEM_NO,MEM_ID,MEM_PASS,MEM_NICK,MEM_TEL,MEM_PIC_FILE_NAME,MEM_SIGN_DATE,MEM_QUIT_DATE,MEM_NM,MEM_BIO,MEM_WORKING_CITY,MEM_STATUS) values (41,'exam','{bcrypt}$2a$10$A32fPVKOKFyVa4z/.rGMGeaKR0i2aFc.xAN/sELk0x2F.IVOLx0mq','exam',null,'default',to_date('2021/05/25','RRRR/MM/DD'),null,null,null,null,'ON');
Insert into MEMBER (MEM_NO,MEM_ID,MEM_PASS,MEM_NICK,MEM_TEL,MEM_PIC_FILE_NAME,MEM_SIGN_DATE,MEM_QUIT_DATE,MEM_NM,MEM_BIO,MEM_WORKING_CITY,MEM_STATUS) values (42,'tester','{bcrypt}$2a$10$A32fPVKOKFyVa4z/.rGMGeaKR0i2aFc.xAN/sELk0x2F.IVOLx0mq','tester',null,'default',to_date('2021/05/25','RRRR/MM/DD'),null,null,null,null,'ON');
Insert into MEMBER (MEM_NO,MEM_ID,MEM_PASS,MEM_NICK,MEM_TEL,MEM_PIC_FILE_NAME,MEM_SIGN_DATE,MEM_QUIT_DATE,MEM_NM,MEM_BIO,MEM_WORKING_CITY,MEM_STATUS) values (123,'alpha3','{bcrypt}$2a$10$A32fPVKOKFyVa4z/.rGMGeaKR0i2aFc.xAN/sELk0x2F.IVOLx0mq','alpha3',null,'default',to_date('2021/05/31','RRRR/MM/DD'),null,null,null,null,'ON');
Insert into MEMBER (MEM_NO,MEM_ID,MEM_PASS,MEM_NICK,MEM_TEL,MEM_PIC_FILE_NAME,MEM_SIGN_DATE,MEM_QUIT_DATE,MEM_NM,MEM_BIO,MEM_WORKING_CITY,MEM_STATUS) values (161,'testman','{bcrypt}$2a$10$l3kafwUh2zz8Qj8i52KASuFIKE8Y8w4mVkPaKdqNlRs9XprgNm6Wi','kimusan',null,'default',to_date('2021/06/12','RRRR/MM/DD'),null,null,null,null,'ON');
Insert into MEMBER (MEM_NO,MEM_ID,MEM_PASS,MEM_NICK,MEM_TEL,MEM_PIC_FILE_NAME,MEM_SIGN_DATE,MEM_QUIT_DATE,MEM_NM,MEM_BIO,MEM_WORKING_CITY,MEM_STATUS) values (43,'gaia','{bcrypt}$2a$10$A32fPVKOKFyVa4z/.rGMGeaKR0i2aFc.xAN/sELk0x2F.IVOLx0mq','gaia',null,'default',to_date('2021/05/26','RRRR/MM/DD'),null,null,null,null,'ON');
Insert into MEMBER (MEM_NO,MEM_ID,MEM_PASS,MEM_NICK,MEM_TEL,MEM_PIC_FILE_NAME,MEM_SIGN_DATE,MEM_QUIT_DATE,MEM_NM,MEM_BIO,MEM_WORKING_CITY,MEM_STATUS) values (62,'3','{bcrypt}$2a$10$A32fPVKOKFyVa4z/.rGMGeaKR0i2aFc.xAN/sELk0x2F.IVOLx0mq','3',null,'default',to_date('2021/05/26','RRRR/MM/DD'),null,null,null,null,'ON');
Insert into MEMBER (MEM_NO,MEM_ID,MEM_PASS,MEM_NICK,MEM_TEL,MEM_PIC_FILE_NAME,MEM_SIGN_DATE,MEM_QUIT_DATE,MEM_NM,MEM_BIO,MEM_WORKING_CITY,MEM_STATUS) values (127,'alpha7','{bcrypt}$2a$10$A32fPVKOKFyVa4z/.rGMGeaKR0i2aFc.xAN/sELk0x2F.IVOLx0mq','alpha7',null,'default',to_date('2021/05/31','RRRR/MM/DD'),null,null,null,null,'ON');
Insert into MEMBER (MEM_NO,MEM_ID,MEM_PASS,MEM_NICK,MEM_TEL,MEM_PIC_FILE_NAME,MEM_SIGN_DATE,MEM_QUIT_DATE,MEM_NM,MEM_BIO,MEM_WORKING_CITY,MEM_STATUS) values (1,'eisen','{bcrypt}$2a$10$A32fPVKOKFyVa4z/.rGMGeaKR0i2aFc.xAN/sELk0x2F.IVOLx0mq','eisen','123','1',to_date('2021/05/20','RRRR/MM/DD'),null,'iu','123123','123','ON');
Insert into MEMBER (MEM_NO,MEM_ID,MEM_PASS,MEM_NICK,MEM_TEL,MEM_PIC_FILE_NAME,MEM_SIGN_DATE,MEM_QUIT_DATE,MEM_NM,MEM_BIO,MEM_WORKING_CITY,MEM_STATUS) values (2,'ex','{bcrypt}$2a$10$A32fPVKOKFyVa4z/.rGMGeaKR0i2aFc.xAN/sELk0x2F.IVOLx0mq','ex',null,'default',to_date('2021/05/20','RRRR/MM/DD'),to_date('2021/05/20','RRRR/MM/DD'),null,null,null,'ON');
Insert into MEMBER (MEM_NO,MEM_ID,MEM_PASS,MEM_NICK,MEM_TEL,MEM_PIC_FILE_NAME,MEM_SIGN_DATE,MEM_QUIT_DATE,MEM_NM,MEM_BIO,MEM_WORKING_CITY,MEM_STATUS) values (3,'josh','{bcrypt}$2a$10$A32fPVKOKFyVa4z/.rGMGeaKR0i2aFc.xAN/sELk0x2F.IVOLx0mq','josh',null,'3',to_date('2021/05/20','RRRR/MM/DD'),null,'anonymous',null,null,'ON');
Insert into MEMBER (MEM_NO,MEM_ID,MEM_PASS,MEM_NICK,MEM_TEL,MEM_PIC_FILE_NAME,MEM_SIGN_DATE,MEM_QUIT_DATE,MEM_NM,MEM_BIO,MEM_WORKING_CITY,MEM_STATUS) values (4,'kkobuk','{bcrypt}$2a$10$A32fPVKOKFyVa4z/.rGMGeaKR0i2aFc.xAN/sELk0x2F.IVOLx0mq','꼬부기',null,'4',to_date('2021/05/20','RRRR/MM/DD'),null,null,'asd',null,'ON');
Insert into MEMBER (MEM_NO,MEM_ID,MEM_PASS,MEM_NICK,MEM_TEL,MEM_PIC_FILE_NAME,MEM_SIGN_DATE,MEM_QUIT_DATE,MEM_NM,MEM_BIO,MEM_WORKING_CITY,MEM_STATUS) values (5,'robin','{bcrypt}$2a$10$A32fPVKOKFyVa4z/.rGMGeaKR0i2aFc.xAN/sELk0x2F.IVOLx0mq','robin',null,'5',to_date('2021/05/20','RRRR/MM/DD'),null,null,null,null,'ON');
Insert into MEMBER (MEM_NO,MEM_ID,MEM_PASS,MEM_NICK,MEM_TEL,MEM_PIC_FILE_NAME,MEM_SIGN_DATE,MEM_QUIT_DATE,MEM_NM,MEM_BIO,MEM_WORKING_CITY,MEM_STATUS) values (6,'shane','{bcrypt}$2a$10$A32fPVKOKFyVa4z/.rGMGeaKR0i2aFc.xAN/sELk0x2F.IVOLx0mq','shane',null,'default',to_date('2021/05/20','RRRR/MM/DD'),null,null,null,null,'ON');
Insert into MEMBER (MEM_NO,MEM_ID,MEM_PASS,MEM_NICK,MEM_TEL,MEM_PIC_FILE_NAME,MEM_SIGN_DATE,MEM_QUIT_DATE,MEM_NM,MEM_BIO,MEM_WORKING_CITY,MEM_STATUS) values (103,'123','{bcrypt}$2a$10$A32fPVKOKFyVa4z/.rGMGeaKR0i2aFc.xAN/sELk0x2F.IVOLx0mq','123',null,'default',to_date('2021/05/31','RRRR/MM/DD'),null,null,null,null,'ON');
Insert into MEMBER (MEM_NO,MEM_ID,MEM_PASS,MEM_NICK,MEM_TEL,MEM_PIC_FILE_NAME,MEM_SIGN_DATE,MEM_QUIT_DATE,MEM_NM,MEM_BIO,MEM_WORKING_CITY,MEM_STATUS) values (105,'111','{bcrypt}$2a$10$A32fPVKOKFyVa4z/.rGMGeaKR0i2aFc.xAN/sELk0x2F.IVOLx0mq','111',null,'default',to_date('2021/05/31','RRRR/MM/DD'),null,null,null,null,'ON');
Insert into MEMBER (MEM_NO,MEM_ID,MEM_PASS,MEM_NICK,MEM_TEL,MEM_PIC_FILE_NAME,MEM_SIGN_DATE,MEM_QUIT_DATE,MEM_NM,MEM_BIO,MEM_WORKING_CITY,MEM_STATUS) values (125,'alpha5','{bcrypt}$2a$10$A32fPVKOKFyVa4z/.rGMGeaKR0i2aFc.xAN/sELk0x2F.IVOLx0mq','alpha5',null,'default',to_date('2021/05/31','RRRR/MM/DD'),null,null,null,null,'ON');
Insert into MEMBER (MEM_NO,MEM_ID,MEM_PASS,MEM_NICK,MEM_TEL,MEM_PIC_FILE_NAME,MEM_SIGN_DATE,MEM_QUIT_DATE,MEM_NM,MEM_BIO,MEM_WORKING_CITY,MEM_STATUS) values (117,'1234','{bcrypt}$2a$10$A32fPVKOKFyVa4z/.rGMGeaKR0i2aFc.xAN/sELk0x2F.IVOLx0mq','1234',null,'default',to_date('2021/05/31','RRRR/MM/DD'),null,null,null,null,'ON');
Insert into MEMBER (MEM_NO,MEM_ID,MEM_PASS,MEM_NICK,MEM_TEL,MEM_PIC_FILE_NAME,MEM_SIGN_DATE,MEM_QUIT_DATE,MEM_NM,MEM_BIO,MEM_WORKING_CITY,MEM_STATUS) values (81,'test123','{bcrypt}$2a$10$A32fPVKOKFyVa4z/.rGMGeaKR0i2aFc.xAN/sELk0x2F.IVOLx0mq','test123',null,'default',to_date('2021/05/28','RRRR/MM/DD'),null,null,null,null,'ON');
Insert into MEMBER (MEM_NO,MEM_ID,MEM_PASS,MEM_NICK,MEM_TEL,MEM_PIC_FILE_NAME,MEM_SIGN_DATE,MEM_QUIT_DATE,MEM_NM,MEM_BIO,MEM_WORKING_CITY,MEM_STATUS) values (82,'test1234','{bcrypt}$2a$10$A32fPVKOKFyVa4z/.rGMGeaKR0i2aFc.xAN/sELk0x2F.IVOLx0mq','test1234',null,'default',to_date('2021/05/28','RRRR/MM/DD'),null,null,null,null,'ON');
REM INSERTING into MEM_CHAT
SET DEFINE OFF;
Insert into MEM_CHAT (MEM_NO,CHATROOM_NO) values (1,1);
Insert into MEM_CHAT (MEM_NO,CHATROOM_NO) values (1,2);
Insert into MEM_CHAT (MEM_NO,CHATROOM_NO) values (1,3);
Insert into MEM_CHAT (MEM_NO,CHATROOM_NO) values (2,1);
Insert into MEM_CHAT (MEM_NO,CHATROOM_NO) values (2,2);
Insert into MEM_CHAT (MEM_NO,CHATROOM_NO) values (2,3);
Insert into MEM_CHAT (MEM_NO,CHATROOM_NO) values (3,1);
Insert into MEM_CHAT (MEM_NO,CHATROOM_NO) values (3,2);
Insert into MEM_CHAT (MEM_NO,CHATROOM_NO) values (4,1);
REM INSERTING into MEM_ROLE
SET DEFINE OFF;
Insert into MEM_ROLE (MEM_ROLE_NO,PROJ_NO,MEM_ROLE_NM) values (7,24,'admin');
Insert into MEM_ROLE (MEM_ROLE_NO,PROJ_NO,MEM_ROLE_NM) values (8,24,'member');
Insert into MEM_ROLE (MEM_ROLE_NO,PROJ_NO,MEM_ROLE_NM) values (9,25,'admin');
Insert into MEM_ROLE (MEM_ROLE_NO,PROJ_NO,MEM_ROLE_NM) values (10,25,'member');
Insert into MEM_ROLE (MEM_ROLE_NO,PROJ_NO,MEM_ROLE_NM) values (11,26,'admin');
Insert into MEM_ROLE (MEM_ROLE_NO,PROJ_NO,MEM_ROLE_NM) values (12,26,'member');
Insert into MEM_ROLE (MEM_ROLE_NO,PROJ_NO,MEM_ROLE_NM) values (13,27,'admin');
Insert into MEM_ROLE (MEM_ROLE_NO,PROJ_NO,MEM_ROLE_NM) values (14,27,'member');
Insert into MEM_ROLE (MEM_ROLE_NO,PROJ_NO,MEM_ROLE_NM) values (1,1,'PL');
Insert into MEM_ROLE (MEM_ROLE_NO,PROJ_NO,MEM_ROLE_NM) values (2,1,'AA');
Insert into MEM_ROLE (MEM_ROLE_NO,PROJ_NO,MEM_ROLE_NM) values (3,1,'TA');
Insert into MEM_ROLE (MEM_ROLE_NO,PROJ_NO,MEM_ROLE_NM) values (4,1,'DA');
Insert into MEM_ROLE (MEM_ROLE_NO,PROJ_NO,MEM_ROLE_NM) values (5,23,'admin');
Insert into MEM_ROLE (MEM_ROLE_NO,PROJ_NO,MEM_ROLE_NM) values (6,23,'member');
REM INSERTING into MENU
SET DEFINE OFF;
REM INSERTING into MENU_ASSIGN
SET DEFINE OFF;
REM INSERTING into MILESTONE
SET DEFINE OFF;
Insert into MILESTONE (MILEST_SID,MEM_NO,PROJ_NO,MILEST_NO,MILEST_TITLE,MILEST_CONT,MILEST_DATE,MILEST_START_DATE,MILEST_END_DATE,MILEST_STATUS) values (9,4,23,1,'마일스톤 테스트','ㅎㅎ',to_date('2021/06/14','RRRR/MM/DD'),null,null,'0');
Insert into MILESTONE (MILEST_SID,MEM_NO,PROJ_NO,MILEST_NO,MILEST_TITLE,MILEST_CONT,MILEST_DATE,MILEST_START_DATE,MILEST_END_DATE,MILEST_STATUS) values (5,3,1,4,'tet','tetet',to_date('2021/06/05','RRRR/MM/DD'),null,null,'0');
Insert into MILESTONE (MILEST_SID,MEM_NO,PROJ_NO,MILEST_NO,MILEST_TITLE,MILEST_CONT,MILEST_DATE,MILEST_START_DATE,MILEST_END_DATE,MILEST_STATUS) values (8,3,1,7,'GAIA Project 최종 발표를 위한 새로운 마일스톤 생성','GAIA Project 최종 발표를 위한 새로운 마일스톤 생성',to_date('2021/06/13','RRRR/MM/DD'),to_date('2021/06/13','RRRR/MM/DD'),to_date('2021/06/28','RRRR/MM/DD'),'0');
Insert into MILESTONE (MILEST_SID,MEM_NO,PROJ_NO,MILEST_NO,MILEST_TITLE,MILEST_CONT,MILEST_DATE,MILEST_START_DATE,MILEST_END_DATE,MILEST_STATUS) values (7,4,1,6,'뉴 테스트1','ㅎㅎ',to_date('2021/06/13','RRRR/MM/DD'),null,null,'0');
Insert into MILESTONE (MILEST_SID,MEM_NO,PROJ_NO,MILEST_NO,MILEST_TITLE,MILEST_CONT,MILEST_DATE,MILEST_START_DATE,MILEST_END_DATE,MILEST_STATUS) values (10,3,27,1,'new milestone','asfasf',to_date('2021/06/14','RRRR/MM/DD'),to_date('2021/06/24','RRRR/MM/DD'),null,'0');
Insert into MILESTONE (MILEST_SID,MEM_NO,PROJ_NO,MILEST_NO,MILEST_TITLE,MILEST_CONT,MILEST_DATE,MILEST_START_DATE,MILEST_END_DATE,MILEST_STATUS) values (1,4,1,1,'수정된 마일스톤 제목','수정된 마일스톤 내용',to_date('2021/06/12','RRRR/MM/DD'),to_date('2021/06/01','RRRR/MM/DD'),to_date('2021/06/01','RRRR/MM/DD'),'1');
Insert into MILESTONE (MILEST_SID,MEM_NO,PROJ_NO,MILEST_NO,MILEST_TITLE,MILEST_CONT,MILEST_DATE,MILEST_START_DATE,MILEST_END_DATE,MILEST_STATUS) values (2,4,1,2,'수정 마일스톤 입니다.123','테스트입니다.테스트입니다.테스트입니다.테스트입니다.테스트테스트테스트????????',to_date('2021/06/12','RRRR/MM/DD'),to_date('2021/06/16','RRRR/MM/DD'),to_date('2021/06/30','RRRR/MM/DD'),'1');
Insert into MILESTONE (MILEST_SID,MEM_NO,PROJ_NO,MILEST_NO,MILEST_TITLE,MILEST_CONT,MILEST_DATE,MILEST_START_DATE,MILEST_END_DATE,MILEST_STATUS) values (3,7,2,1,'2번 프로젝트의 첫번째 마일스톤 제목','2번 프로젝트의 첫번째 마일스톤 내용',to_date('2021/05/27','RRRR/MM/DD'),to_date('2021/05/28','RRRR/MM/DD'),to_date('2021/05/30','RRRR/MM/DD'),'0');
Insert into MILESTONE (MILEST_SID,MEM_NO,PROJ_NO,MILEST_NO,MILEST_TITLE,MILEST_CONT,MILEST_DATE,MILEST_START_DATE,MILEST_END_DATE,MILEST_STATUS) values (4,3,1,3,'새로운 마일스톤입니다.','새로운 마일스톤입니다.123',to_date('2021/06/12','RRRR/MM/DD'),to_date('2021/06/04','RRRR/MM/DD'),to_date('2021/06/08','RRRR/MM/DD'),'0');
REM INSERTING into NEWS
SET DEFINE OFF;
Insert into NEWS (NEWS_SID,PROJ_NO,MEM_NO,NEWS_NO,NEWS_TITLE,NEWS_CONT,NEWS_WRITE_DATE,ATCH_FILE_SID) values (28,1,4,27,'제발 성공좀','## 성공 한 줄 알았지 모야~~ ## 성공 한 줄 알았지 모야~~ ## 성공 한 줄 알았지 모야~~ ## 성공 한 줄 알았지 모야~~ ## 성공 한 줄 알았지 모야~~ ## 성공 한 줄 알았지 모야~~ ## 성공 한 줄 알았지 모야~~ ## 성공 한 줄 알았지 모야~~ ## 성공 한 줄 알았지 모야~~ ## 성공 한 줄 알았지 모야~~ ## 성공 한 줄 알았지 모야~~ ## 성공 한 줄 알았지 모야~~ ## 성공 한 줄 알았지 모야~~ ## 성공 한 줄 알았지 모야~~## 성공 한 줄 알았지 모야~~ ## 성공 한 줄 알았지 모야~~ ## 성공 한 줄 알았지 모야~~ ## 성공 한 줄 알았지 모야~~ ## 성공 한 줄 알았지 모야~~ ## 성공 한 줄 알았지 모야~~ ## 성공 한 줄 알았지 모야~~ ## 성공 한 줄 알았지 모야~~ ## 성공 한 줄 알았지 모야~~ ## 성공 한 줄 알았지 모야~~ ## 성공 한 줄 알았지 모야~~ ## 성공 한 줄 알았지 모야~~ ## 성공 한 줄 알았지 모야~~ ## 성공 한 줄 알았지 모야~~',to_date('2021/06/04','RRRR/MM/DD'),null);
Insert into NEWS (NEWS_SID,PROJ_NO,MEM_NO,NEWS_NO,NEWS_TITLE,NEWS_CONT,NEWS_WRITE_DATE,ATCH_FILE_SID) values (35,1,4,34,'쿠키에서 작성자 잘 받는지 테스트','테스트의 테스트',to_date('2021/06/04','RRRR/MM/DD'),null);
Insert into NEWS (NEWS_SID,PROJ_NO,MEM_NO,NEWS_NO,NEWS_TITLE,NEWS_CONT,NEWS_WRITE_DATE,ATCH_FILE_SID) values (39,1,4,38,'테스트',' # 테스트 맨 ~',to_date('2021/06/11','RRRR/MM/DD'),null);
Insert into NEWS (NEWS_SID,PROJ_NO,MEM_NO,NEWS_NO,NEWS_TITLE,NEWS_CONT,NEWS_WRITE_DATE,ATCH_FILE_SID) values (29,1,4,28,'성공좀 시켜주세요','아 제발좀~',to_date('2021/06/04','RRRR/MM/DD'),null);
Insert into NEWS (NEWS_SID,PROJ_NO,MEM_NO,NEWS_NO,NEWS_TITLE,NEWS_CONT,NEWS_WRITE_DATE,ATCH_FILE_SID) values (30,1,4,29,'이제 진짜 된거같다','진짜로',to_date('2021/06/04','RRRR/MM/DD'),null);
Insert into NEWS (NEWS_SID,PROJ_NO,MEM_NO,NEWS_NO,NEWS_TITLE,NEWS_CONT,NEWS_WRITE_DATE,ATCH_FILE_SID) values (31,1,4,30,'뉴스 작성은 했는데','여기저기 뜯어 고치는데가 참 많네',to_date('2021/06/04','RRRR/MM/DD'),null);
Insert into NEWS (NEWS_SID,PROJ_NO,MEM_NO,NEWS_NO,NEWS_TITLE,NEWS_CONT,NEWS_WRITE_DATE,ATCH_FILE_SID) values (32,1,4,31,'뉴스 작성 잘됩니다.','## 마크다운 
> 마크다운 지원 잘 합니다

|표|만들어|볼까|
|--|--|--|
|성공|실패|뭐지|',to_date('2021/06/04','RRRR/MM/DD'),null);
Insert into NEWS (NEWS_SID,PROJ_NO,MEM_NO,NEWS_NO,NEWS_TITLE,NEWS_CONT,NEWS_WRITE_DATE,ATCH_FILE_SID) values (33,1,4,32,'테스트 한번','더',to_date('2021/06/04','RRRR/MM/DD'),null);
Insert into NEWS (NEWS_SID,PROJ_NO,MEM_NO,NEWS_NO,NEWS_TITLE,NEWS_CONT,NEWS_WRITE_DATE,ATCH_FILE_SID) values (34,1,4,33,'뉴스 등록 테스트','토스트 
- 토스트',to_date('2021/06/04','RRRR/MM/DD'),null);
Insert into NEWS (NEWS_SID,PROJ_NO,MEM_NO,NEWS_NO,NEWS_TITLE,NEWS_CONT,NEWS_WRITE_DATE,ATCH_FILE_SID) values (22,1,4,21,'뉴스 작성 기도 메타','# 도전',to_date('2021/06/04','RRRR/MM/DD'),null);
Insert into NEWS (NEWS_SID,PROJ_NO,MEM_NO,NEWS_NO,NEWS_TITLE,NEWS_CONT,NEWS_WRITE_DATE,ATCH_FILE_SID) values (23,1,4,22,'뉴스 작성 된다.','## 된다궁~',to_date('2021/06/04','RRRR/MM/DD'),null);
Insert into NEWS (NEWS_SID,PROJ_NO,MEM_NO,NEWS_NO,NEWS_TITLE,NEWS_CONT,NEWS_WRITE_DATE,ATCH_FILE_SID) values (24,1,4,23,'뉴스 만들기','~~',to_date('2021/06/04','RRRR/MM/DD'),null);
Insert into NEWS (NEWS_SID,PROJ_NO,MEM_NO,NEWS_NO,NEWS_TITLE,NEWS_CONT,NEWS_WRITE_DATE,ATCH_FILE_SID) values (25,1,4,24,'뉴스 작성 또하기','ㅇㅇㅇㅇ',to_date('2021/06/04','RRRR/MM/DD'),null);
Insert into NEWS (NEWS_SID,PROJ_NO,MEM_NO,NEWS_NO,NEWS_TITLE,NEWS_CONT,NEWS_WRITE_DATE,ATCH_FILE_SID) values (26,1,4,25,'뉴스 작성 테스트','이제 성공',to_date('2021/06/04','RRRR/MM/DD'),null);
Insert into NEWS (NEWS_SID,PROJ_NO,MEM_NO,NEWS_NO,NEWS_TITLE,NEWS_CONT,NEWS_WRITE_DATE,ATCH_FILE_SID) values (27,1,4,26,'뉴스 작성','## 성공 한 줄 알았지 모야~~
## 성공 한 줄 알았지 모야~~
## 성공 한 줄 알았지 모야~~
## 성공 한 줄 알았지 모야~~
## 성공 한 줄 알았지 모야~~
## 성공 한 줄 알았지 모야~~
## 성공 한 줄 알았지 모야~~
## 성공 한 줄 알았지 모야~~
## 성공 한 줄 알았지 모야~~
## 성공 한 줄 알았지 모야~~
## 성공 한 줄 알았지 모야~~
## 성공 한 줄 알았지 모야~~
## 성공 한 줄 알았지 모야~~
## 성공 한 줄 알았지 모야~~
',to_date('2021/06/04','RRRR/MM/DD'),null);
Insert into NEWS (NEWS_SID,PROJ_NO,MEM_NO,NEWS_NO,NEWS_TITLE,NEWS_CONT,NEWS_WRITE_DATE,ATCH_FILE_SID) values (1,1,4,1,'뉴스 타이틀 1 ','뉴스 내용 1',to_date('2021/05/03','RRRR/MM/DD'),null);
Insert into NEWS (NEWS_SID,PROJ_NO,MEM_NO,NEWS_NO,NEWS_TITLE,NEWS_CONT,NEWS_WRITE_DATE,ATCH_FILE_SID) values (2,1,3,2,'뉴스 타이틀 2','뉴스 내용 2',to_date('2021/05/04','RRRR/MM/DD'),null);
Insert into NEWS (NEWS_SID,PROJ_NO,MEM_NO,NEWS_NO,NEWS_TITLE,NEWS_CONT,NEWS_WRITE_DATE,ATCH_FILE_SID) values (3,1,2,3,'뉴스 타이틀 3','뉴스 내용 3',to_date('2021/05/05','RRRR/MM/DD'),0);
Insert into NEWS (NEWS_SID,PROJ_NO,MEM_NO,NEWS_NO,NEWS_TITLE,NEWS_CONT,NEWS_WRITE_DATE,ATCH_FILE_SID) values (4,1,1,4,'뉴스 타이틀 4','뉴스 내용 4',to_date('2021/05/06','RRRR/MM/DD'),0);
Insert into NEWS (NEWS_SID,PROJ_NO,MEM_NO,NEWS_NO,NEWS_TITLE,NEWS_CONT,NEWS_WRITE_DATE,ATCH_FILE_SID) values (5,1,4,5,'뉴스 타이틀 5','뉴스 내용 5',to_date('2021/05/07','RRRR/MM/DD'),null);
Insert into NEWS (NEWS_SID,PROJ_NO,MEM_NO,NEWS_NO,NEWS_TITLE,NEWS_CONT,NEWS_WRITE_DATE,ATCH_FILE_SID) values (6,1,3,6,'뉴스 타이틀 6','뉴스 내용 6',to_date('2021/05/03','RRRR/MM/DD'),0);
Insert into NEWS (NEWS_SID,PROJ_NO,MEM_NO,NEWS_NO,NEWS_TITLE,NEWS_CONT,NEWS_WRITE_DATE,ATCH_FILE_SID) values (7,1,2,7,'뉴스 타이틀 7','뉴스 내용 7',to_date('2021/05/04','RRRR/MM/DD'),0);
Insert into NEWS (NEWS_SID,PROJ_NO,MEM_NO,NEWS_NO,NEWS_TITLE,NEWS_CONT,NEWS_WRITE_DATE,ATCH_FILE_SID) values (8,1,1,8,'뉴스 타이틀 8','뉴스 내용 8',to_date('2021/05/05','RRRR/MM/DD'),0);
Insert into NEWS (NEWS_SID,PROJ_NO,MEM_NO,NEWS_NO,NEWS_TITLE,NEWS_CONT,NEWS_WRITE_DATE,ATCH_FILE_SID) values (9,1,4,9,'뉴스 타이틀 9','뉴스 내용 9',to_date('2021/05/06','RRRR/MM/DD'),null);
Insert into NEWS (NEWS_SID,PROJ_NO,MEM_NO,NEWS_NO,NEWS_TITLE,NEWS_CONT,NEWS_WRITE_DATE,ATCH_FILE_SID) values (10,1,3,10,'뉴스 타이틀 10','뉴스 내용 10',to_date('2021/05/07','RRRR/MM/DD'),0);
Insert into NEWS (NEWS_SID,PROJ_NO,MEM_NO,NEWS_NO,NEWS_TITLE,NEWS_CONT,NEWS_WRITE_DATE,ATCH_FILE_SID) values (11,1,2,11,'뉴스 타이틀 11','뉴스 내용 11',to_date('2021/05/03','RRRR/MM/DD'),0);
Insert into NEWS (NEWS_SID,PROJ_NO,MEM_NO,NEWS_NO,NEWS_TITLE,NEWS_CONT,NEWS_WRITE_DATE,ATCH_FILE_SID) values (12,1,1,12,'뉴스 타이틀 12','뉴스 내용 12',to_date('2021/05/04','RRRR/MM/DD'),null);
Insert into NEWS (NEWS_SID,PROJ_NO,MEM_NO,NEWS_NO,NEWS_TITLE,NEWS_CONT,NEWS_WRITE_DATE,ATCH_FILE_SID) values (13,1,4,13,'뉴스 타이틀 13','뉴스 내용 13',to_date('2021/05/05','RRRR/MM/DD'),null);
Insert into NEWS (NEWS_SID,PROJ_NO,MEM_NO,NEWS_NO,NEWS_TITLE,NEWS_CONT,NEWS_WRITE_DATE,ATCH_FILE_SID) values (14,1,3,14,'뉴스 타이틀 14','뉴스 내용 14',to_date('2021/05/06','RRRR/MM/DD'),null);
Insert into NEWS (NEWS_SID,PROJ_NO,MEM_NO,NEWS_NO,NEWS_TITLE,NEWS_CONT,NEWS_WRITE_DATE,ATCH_FILE_SID) values (15,1,4,15,'뉴스 타이틀 15','뉴스 내용 15',to_date('2021/05/07','RRRR/MM/DD'),0);
Insert into NEWS (NEWS_SID,PROJ_NO,MEM_NO,NEWS_NO,NEWS_TITLE,NEWS_CONT,NEWS_WRITE_DATE,ATCH_FILE_SID) values (16,1,3,16,'뉴스 타이틀 16','뉴스 내용 16',to_date('2021/05/03','RRRR/MM/DD'),0);
Insert into NEWS (NEWS_SID,PROJ_NO,MEM_NO,NEWS_NO,NEWS_TITLE,NEWS_CONT,NEWS_WRITE_DATE,ATCH_FILE_SID) values (17,1,2,17,'뉴스 타이틀 17','뉴스 내용 17',to_date('2021/05/04','RRRR/MM/DD'),0);
Insert into NEWS (NEWS_SID,PROJ_NO,MEM_NO,NEWS_NO,NEWS_TITLE,NEWS_CONT,NEWS_WRITE_DATE,ATCH_FILE_SID) values (18,1,1,18,'뉴스 타이틀 18','뉴스 내용 18 이 글은 뉴ㅡ스에 사진이 없을 경우에는 어떻게 보여질지 알 수 있는 아주 좋은 글입니다~~~~~~~~~',to_date('2021/05/05','RRRR/MM/DD'),null);
Insert into NEWS (NEWS_SID,PROJ_NO,MEM_NO,NEWS_NO,NEWS_TITLE,NEWS_CONT,NEWS_WRITE_DATE,ATCH_FILE_SID) values (19,1,4,19,'뉴스 타이틀 19','뉴스 내용 19',to_date('2021/05/06','RRRR/MM/DD'),0);
Insert into NEWS (NEWS_SID,PROJ_NO,MEM_NO,NEWS_NO,NEWS_TITLE,NEWS_CONT,NEWS_WRITE_DATE,ATCH_FILE_SID) values (20,1,3,20,'뉴스 타이틀 20','뉴스 내용 20',to_date('2021/05/07','RRRR/MM/DD'),0);
Insert into NEWS (NEWS_SID,PROJ_NO,MEM_NO,NEWS_NO,NEWS_TITLE,NEWS_CONT,NEWS_WRITE_DATE,ATCH_FILE_SID) values (36,1,4,35,'뉴스 작성','프로필 사진 쿠키에서 잘 받아오는지',to_date('2021/06/05','RRRR/MM/DD'),null);
Insert into NEWS (NEWS_SID,PROJ_NO,MEM_NO,NEWS_NO,NEWS_TITLE,NEWS_CONT,NEWS_WRITE_DATE,ATCH_FILE_SID) values (37,1,3,36,'뉴스 추가 해봅니당','### 이건 마크다운 ',to_date('2021/06/06','RRRR/MM/DD'),null);
Insert into NEWS (NEWS_SID,PROJ_NO,MEM_NO,NEWS_NO,NEWS_TITLE,NEWS_CONT,NEWS_WRITE_DATE,ATCH_FILE_SID) values (21,2,1,1,'뉴스 21','ㄴ뉴스 내용',to_date('2021/05/07','RRRR/MM/DD'),0);
Insert into NEWS (NEWS_SID,PROJ_NO,MEM_NO,NEWS_NO,NEWS_TITLE,NEWS_CONT,NEWS_WRITE_DATE,ATCH_FILE_SID) values (38,1,3,37,'sss','ssss',to_date('2021/06/07','RRRR/MM/DD'),null);
REM INSERTING into NEWS_COMMENT
SET DEFINE OFF;
Insert into NEWS_COMMENT (NEWS_COM_NO,NEWS_SID,MEM_NO,NEWS_COM_CONT,NEWS_COM_DATE) values (28,34,4,'쿠키에서 닉네임 받아옴',to_date('2021/06/04','RRRR/MM/DD'));
Insert into NEWS_COMMENT (NEWS_COM_NO,NEWS_SID,MEM_NO,NEWS_COM_CONT,NEWS_COM_DATE) values (29,33,4,'쿠키에서 작성자 받기',to_date('2021/06/04','RRRR/MM/DD'));
Insert into NEWS_COMMENT (NEWS_COM_NO,NEWS_SID,MEM_NO,NEWS_COM_CONT,NEWS_COM_DATE) values (30,35,4,'ok',to_date('2021/06/05','RRRR/MM/DD'));
Insert into NEWS_COMMENT (NEWS_COM_NO,NEWS_SID,MEM_NO,NEWS_COM_CONT,NEWS_COM_DATE) values (34,1,4,'오키 댓글~',to_date('2021/06/05','RRRR/MM/DD'));
Insert into NEWS_COMMENT (NEWS_COM_NO,NEWS_SID,MEM_NO,NEWS_COM_CONT,NEWS_COM_DATE) values (11,20,1,'뉴스좀 달아보자~~~',to_date('2021/05/03','RRRR/MM/DD'));
Insert into NEWS_COMMENT (NEWS_COM_NO,NEWS_SID,MEM_NO,NEWS_COM_CONT,NEWS_COM_DATE) values (12,20,2,'댓글 달아보자~~~~₩',to_date('2021/05/03','RRRR/MM/DD'));
Insert into NEWS_COMMENT (NEWS_COM_NO,NEWS_SID,MEM_NO,NEWS_COM_CONT,NEWS_COM_DATE) values (13,20,3,'힘들어~~~~~~~~~~~~~~~~~~~~~~~~~~~~~~~하~~~~~~~~~~~~~휴/~~~~₩₩뭏야호',to_date('2021/05/03','RRRR/MM/DD'));
Insert into NEWS_COMMENT (NEWS_COM_NO,NEWS_SID,MEM_NO,NEWS_COM_CONT,NEWS_COM_DATE) values (14,20,4,'뉴스에 댓글 좀 달아보자~~~',to_date('2021/05/03','RRRR/MM/DD'));
Insert into NEWS_COMMENT (NEWS_COM_NO,NEWS_SID,MEM_NO,NEWS_COM_CONT,NEWS_COM_DATE) values (15,19,5,'여러분 이거 다 거짓말인거 아시죠~~~~~~₩',to_date('2021/05/03','RRRR/MM/DD'));
Insert into NEWS_COMMENT (NEWS_COM_NO,NEWS_SID,MEM_NO,NEWS_COM_CONT,NEWS_COM_DATE) values (24,34,4,'gg',to_date('2021/06/04','RRRR/MM/DD'));
Insert into NEWS_COMMENT (NEWS_COM_NO,NEWS_SID,MEM_NO,NEWS_COM_CONT,NEWS_COM_DATE) values (32,35,4,'오우 하이',to_date('2021/06/05','RRRR/MM/DD'));
Insert into NEWS_COMMENT (NEWS_COM_NO,NEWS_SID,MEM_NO,NEWS_COM_CONT,NEWS_COM_DATE) values (33,3,4,'수공~',to_date('2021/06/05','RRRR/MM/DD'));
Insert into NEWS_COMMENT (NEWS_COM_NO,NEWS_SID,MEM_NO,NEWS_COM_CONT,NEWS_COM_DATE) values (44,37,4,'gg',to_date('2021/06/07','RRRR/MM/DD'));
Insert into NEWS_COMMENT (NEWS_COM_NO,NEWS_SID,MEM_NO,NEWS_COM_CONT,NEWS_COM_DATE) values (45,38,4,'abc',to_date('2021/06/07','RRRR/MM/DD'));
Insert into NEWS_COMMENT (NEWS_COM_NO,NEWS_SID,MEM_NO,NEWS_COM_CONT,NEWS_COM_DATE) values (47,39,4,'테ㅡ트~',to_date('2021/06/13','RRRR/MM/DD'));
Insert into NEWS_COMMENT (NEWS_COM_NO,NEWS_SID,MEM_NO,NEWS_COM_CONT,NEWS_COM_DATE) values (1,1,1,'첫번째 뉴스 의 첫번째 댓글',to_date('2021/05/03','RRRR/MM/DD'));
Insert into NEWS_COMMENT (NEWS_COM_NO,NEWS_SID,MEM_NO,NEWS_COM_CONT,NEWS_COM_DATE) values (2,1,4,'첫번째 뉴스의 두번째 댓글',to_date('2021/05/03','RRRR/MM/DD'));
Insert into NEWS_COMMENT (NEWS_COM_NO,NEWS_SID,MEM_NO,NEWS_COM_CONT,NEWS_COM_DATE) values (3,1,3,'첫번째 뉴스의 세번째 댓글',to_date('2021/05/03','RRRR/MM/DD'));
Insert into NEWS_COMMENT (NEWS_COM_NO,NEWS_SID,MEM_NO,NEWS_COM_CONT,NEWS_COM_DATE) values (4,1,2,'첫번째 뉴스의 네번째 댓글',to_date('2021/05/03','RRRR/MM/DD'));
Insert into NEWS_COMMENT (NEWS_COM_NO,NEWS_SID,MEM_NO,NEWS_COM_CONT,NEWS_COM_DATE) values (5,2,1,'두번째 뉴스의 첫번째 댓글',to_date('2021/05/03','RRRR/MM/DD'));
Insert into NEWS_COMMENT (NEWS_COM_NO,NEWS_SID,MEM_NO,NEWS_COM_CONT,NEWS_COM_DATE) values (6,2,4,'두번째 뉴스의 두번째 댓글',to_date('2021/05/03','RRRR/MM/DD'));
Insert into NEWS_COMMENT (NEWS_COM_NO,NEWS_SID,MEM_NO,NEWS_COM_CONT,NEWS_COM_DATE) values (7,3,3,'세번재 뉴스의 첫번째 댓글',to_date('2021/05/03','RRRR/MM/DD'));
Insert into NEWS_COMMENT (NEWS_COM_NO,NEWS_SID,MEM_NO,NEWS_COM_CONT,NEWS_COM_DATE) values (8,5,2,'다섯번째 뉴스의 첫번째 댓글',to_date('2021/05/03','RRRR/MM/DD'));
Insert into NEWS_COMMENT (NEWS_COM_NO,NEWS_SID,MEM_NO,NEWS_COM_CONT,NEWS_COM_DATE) values (9,5,1,'다섯번째 뉴스의 두번째 댓글',to_date('2021/05/03','RRRR/MM/DD'));
Insert into NEWS_COMMENT (NEWS_COM_NO,NEWS_SID,MEM_NO,NEWS_COM_CONT,NEWS_COM_DATE) values (10,9,4,'아홉번째 뉴스의 첫번째 댓글',to_date('2021/05/03','RRRR/MM/DD'));
Insert into NEWS_COMMENT (NEWS_COM_NO,NEWS_SID,MEM_NO,NEWS_COM_CONT,NEWS_COM_DATE) values (16,34,4,'뉴스에 댓글 작성하는 테스트',to_date('2021/06/04','RRRR/MM/DD'));
Insert into NEWS_COMMENT (NEWS_COM_NO,NEWS_SID,MEM_NO,NEWS_COM_CONT,NEWS_COM_DATE) values (17,34,4,'ㅎㅎㅎ',to_date('2021/06/04','RRRR/MM/DD'));
Insert into NEWS_COMMENT (NEWS_COM_NO,NEWS_SID,MEM_NO,NEWS_COM_CONT,NEWS_COM_DATE) values (18,34,4,'또 테스트',to_date('2021/06/04','RRRR/MM/DD'));
Insert into NEWS_COMMENT (NEWS_COM_NO,NEWS_SID,MEM_NO,NEWS_COM_CONT,NEWS_COM_DATE) values (19,34,4,'댓글 이제 잘 달린다',to_date('2021/06/04','RRRR/MM/DD'));
Insert into NEWS_COMMENT (NEWS_COM_NO,NEWS_SID,MEM_NO,NEWS_COM_CONT,NEWS_COM_DATE) values (20,34,4,'~~~',to_date('2021/06/04','RRRR/MM/DD'));
Insert into NEWS_COMMENT (NEWS_COM_NO,NEWS_SID,MEM_NO,NEWS_COM_CONT,NEWS_COM_DATE) values (21,34,4,'댓글 맨~',to_date('2021/06/04','RRRR/MM/DD'));
Insert into NEWS_COMMENT (NEWS_COM_NO,NEWS_SID,MEM_NO,NEWS_COM_CONT,NEWS_COM_DATE) values (22,33,4,'댓글 또 달고간다',to_date('2021/06/04','RRRR/MM/DD'));
Insert into NEWS_COMMENT (NEWS_COM_NO,NEWS_SID,MEM_NO,NEWS_COM_CONT,NEWS_COM_DATE) values (23,33,4,'댓글 짱놔~',to_date('2021/06/04','RRRR/MM/DD'));
Insert into NEWS_COMMENT (NEWS_COM_NO,NEWS_SID,MEM_NO,NEWS_COM_CONT,NEWS_COM_DATE) values (35,35,4,'뉴스 댓글',to_date('2021/06/05','RRRR/MM/DD'));
Insert into NEWS_COMMENT (NEWS_COM_NO,NEWS_SID,MEM_NO,NEWS_COM_CONT,NEWS_COM_DATE) values (36,35,4,'ddd',to_date('2021/06/05','RRRR/MM/DD'));
Insert into NEWS_COMMENT (NEWS_COM_NO,NEWS_SID,MEM_NO,NEWS_COM_CONT,NEWS_COM_DATE) values (37,35,4,'gg',to_date('2021/06/05','RRRR/MM/DD'));
Insert into NEWS_COMMENT (NEWS_COM_NO,NEWS_SID,MEM_NO,NEWS_COM_CONT,NEWS_COM_DATE) values (38,35,4,'ddd',to_date('2021/06/05','RRRR/MM/DD'));
Insert into NEWS_COMMENT (NEWS_COM_NO,NEWS_SID,MEM_NO,NEWS_COM_CONT,NEWS_COM_DATE) values (39,35,4,'댓글 또 등록',to_date('2021/06/05','RRRR/MM/DD'));
Insert into NEWS_COMMENT (NEWS_COM_NO,NEWS_SID,MEM_NO,NEWS_COM_CONT,NEWS_COM_DATE) values (40,36,4,'ㅅ ㅅ',to_date('2021/06/05','RRRR/MM/DD'));
Insert into NEWS_COMMENT (NEWS_COM_NO,NEWS_SID,MEM_NO,NEWS_COM_CONT,NEWS_COM_DATE) values (41,36,4,'잘 받아온다',to_date('2021/06/05','RRRR/MM/DD'));
Insert into NEWS_COMMENT (NEWS_COM_NO,NEWS_SID,MEM_NO,NEWS_COM_CONT,NEWS_COM_DATE) values (42,37,3,'댓글도',to_date('2021/06/06','RRRR/MM/DD'));
Insert into NEWS_COMMENT (NEWS_COM_NO,NEWS_SID,MEM_NO,NEWS_COM_CONT,NEWS_COM_DATE) values (46,38,4,'465',to_date('2021/06/11','RRRR/MM/DD'));
Insert into NEWS_COMMENT (NEWS_COM_NO,NEWS_SID,MEM_NO,NEWS_COM_CONT,NEWS_COM_DATE) values (25,33,4,'dd',to_date('2021/06/04','RRRR/MM/DD'));
Insert into NEWS_COMMENT (NEWS_COM_NO,NEWS_SID,MEM_NO,NEWS_COM_CONT,NEWS_COM_DATE) values (26,34,4,'gggg',to_date('2021/06/04','RRRR/MM/DD'));
Insert into NEWS_COMMENT (NEWS_COM_NO,NEWS_SID,MEM_NO,NEWS_COM_CONT,NEWS_COM_DATE) values (27,33,4,'댓글 엄청 달았따~~',to_date('2021/06/04','RRRR/MM/DD'));
Insert into NEWS_COMMENT (NEWS_COM_NO,NEWS_SID,MEM_NO,NEWS_COM_CONT,NEWS_COM_DATE) values (31,35,4,'헬로우~',to_date('2021/06/05','RRRR/MM/DD'));
Insert into NEWS_COMMENT (NEWS_COM_NO,NEWS_SID,MEM_NO,NEWS_COM_CONT,NEWS_COM_DATE) values (43,38,3,'sss',to_date('2021/06/07','RRRR/MM/DD'));
REM INSERTING into PAYMENT
SET DEFINE OFF;
REM INSERTING into PAY_PLAN
SET DEFINE OFF;
REM INSERTING into PROJECT
SET DEFINE OFF;
Insert into PROJECT (PROJ_NO,MEM_NO,PROJ_TITLE,PROJ_CONT,PROJ_START_DATE,PROJ_EST_END_DATE,ISSUE_PRIORITY_SET,PROJ_MODULE_SET,PROJ_STATUS) values (2,3,'testproject22','더미 테스트 입니다',to_date('2021/05/03','RRRR/MM/DD'),to_date('2021/06/28','RRRR/MM/DD'),2,1,'0');
Insert into PROJECT (PROJ_NO,MEM_NO,PROJ_TITLE,PROJ_CONT,PROJ_START_DATE,PROJ_EST_END_DATE,ISSUE_PRIORITY_SET,PROJ_MODULE_SET,PROJ_STATUS) values (24,4,'btest','프로젝트 생성 테스트',to_date('2021/06/14','RRRR/MM/DD'),null,null,null,'0');
Insert into PROJECT (PROJ_NO,MEM_NO,PROJ_TITLE,PROJ_CONT,PROJ_START_DATE,PROJ_EST_END_DATE,ISSUE_PRIORITY_SET,PROJ_MODULE_SET,PROJ_STATUS) values (25,4,'ctest',null,to_date('2021/06/14','RRRR/MM/DD'),null,null,null,'0');
Insert into PROJECT (PROJ_NO,MEM_NO,PROJ_TITLE,PROJ_CONT,PROJ_START_DATE,PROJ_EST_END_DATE,ISSUE_PRIORITY_SET,PROJ_MODULE_SET,PROJ_STATUS) values (26,4,'dtest','zz',to_date('2021/06/14','RRRR/MM/DD'),null,null,null,'0');
Insert into PROJECT (PROJ_NO,MEM_NO,PROJ_TITLE,PROJ_CONT,PROJ_START_DATE,PROJ_EST_END_DATE,ISSUE_PRIORITY_SET,PROJ_MODULE_SET,PROJ_STATUS) values (27,3,'testa','testa',to_date('2021/06/14','RRRR/MM/DD'),null,null,null,'0');
Insert into PROJECT (PROJ_NO,MEM_NO,PROJ_TITLE,PROJ_CONT,PROJ_START_DATE,PROJ_EST_END_DATE,ISSUE_PRIORITY_SET,PROJ_MODULE_SET,PROJ_STATUS) values (1,4,'gaia','Project Management System 을 만드는 프로젝트',to_date('2021/05/03','RRRR/MM/DD'),to_date('2021/06/28','RRRR/MM/DD'),1,1,'0');
Insert into PROJECT (PROJ_NO,MEM_NO,PROJ_TITLE,PROJ_CONT,PROJ_START_DATE,PROJ_EST_END_DATE,ISSUE_PRIORITY_SET,PROJ_MODULE_SET,PROJ_STATUS) values (4,4,'playddit','playddit 중간 프로젝트',to_date('2021/02/01','RRRR/MM/DD'),to_date('2021/03/08','RRRR/MM/DD'),1,1,'0');
Insert into PROJECT (PROJ_NO,MEM_NO,PROJ_TITLE,PROJ_CONT,PROJ_START_DATE,PROJ_EST_END_DATE,ISSUE_PRIORITY_SET,PROJ_MODULE_SET,PROJ_STATUS) values (5,3,'helloworld','어떤 프로젝트',to_date('2021/02/01','RRRR/MM/DD'),to_date('2021/03/08','RRRR/MM/DD'),1,1,'0');
Insert into PROJECT (PROJ_NO,MEM_NO,PROJ_TITLE,PROJ_CONT,PROJ_START_DATE,PROJ_EST_END_DATE,ISSUE_PRIORITY_SET,PROJ_MODULE_SET,PROJ_STATUS) values (6,1,'omm','오늘 뭐먹지?',to_date('2021/02/01','RRRR/MM/DD'),to_date('2021/03/08','RRRR/MM/DD'),1,1,'0');
Insert into PROJECT (PROJ_NO,MEM_NO,PROJ_TITLE,PROJ_CONT,PROJ_START_DATE,PROJ_EST_END_DATE,ISSUE_PRIORITY_SET,PROJ_MODULE_SET,PROJ_STATUS) values (3,41,'pro','project initialized',to_date('2021/06/03','RRRR/MM/DD'),to_date('2021/08/03','RRRR/MM/DD'),1,1,'0');
Insert into PROJECT (PROJ_NO,MEM_NO,PROJ_TITLE,PROJ_CONT,PROJ_START_DATE,PROJ_EST_END_DATE,ISSUE_PRIORITY_SET,PROJ_MODULE_SET,PROJ_STATUS) values (23,4,'A','점점 성공에 가까워진다.',to_date('2021/06/14','RRRR/MM/DD'),null,null,null,'1');
REM INSERTING into PROJ_MEM
SET DEFINE OFF;
Insert into PROJ_MEM (MEM_NO,PROJ_NO,MEM_ROLE_NO,PROJ_JOIN_DATE,PROJ_DROP_DATE,PROJ_USER_NICK) values (2,1,2,to_date('2021/05/03','RRRR/MM/DD'),null,'아조씨');
Insert into PROJ_MEM (MEM_NO,PROJ_NO,MEM_ROLE_NO,PROJ_JOIN_DATE,PROJ_DROP_DATE,PROJ_USER_NICK) values (3,1,2,to_date('2021/05/03','RRRR/MM/DD'),null,'사장 조시');
Insert into PROJ_MEM (MEM_NO,PROJ_NO,MEM_ROLE_NO,PROJ_JOIN_DATE,PROJ_DROP_DATE,PROJ_USER_NICK) values (4,24,7,to_date('2021/06/14','RRRR/MM/DD'),null,'관리자');
Insert into PROJ_MEM (MEM_NO,PROJ_NO,MEM_ROLE_NO,PROJ_JOIN_DATE,PROJ_DROP_DATE,PROJ_USER_NICK) values (4,25,9,to_date('2021/06/14','RRRR/MM/DD'),null,'관리자');
Insert into PROJ_MEM (MEM_NO,PROJ_NO,MEM_ROLE_NO,PROJ_JOIN_DATE,PROJ_DROP_DATE,PROJ_USER_NICK) values (4,26,11,to_date('2021/06/14','RRRR/MM/DD'),null,'관리자');
Insert into PROJ_MEM (MEM_NO,PROJ_NO,MEM_ROLE_NO,PROJ_JOIN_DATE,PROJ_DROP_DATE,PROJ_USER_NICK) values (3,27,13,to_date('2021/06/14','RRRR/MM/DD'),null,'관리자');
Insert into PROJ_MEM (MEM_NO,PROJ_NO,MEM_ROLE_NO,PROJ_JOIN_DATE,PROJ_DROP_DATE,PROJ_USER_NICK) values (4,1,1,to_date('2021/05/03','RRRR/MM/DD'),null,'팀장 꼬북');
Insert into PROJ_MEM (MEM_NO,PROJ_NO,MEM_ROLE_NO,PROJ_JOIN_DATE,PROJ_DROP_DATE,PROJ_USER_NICK) values (6,1,2,to_date('2021/05/03','RRRR/MM/DD'),null,'대리 쉐인');
Insert into PROJ_MEM (MEM_NO,PROJ_NO,MEM_ROLE_NO,PROJ_JOIN_DATE,PROJ_DROP_DATE,PROJ_USER_NICK) values (5,1,3,to_date('2021/05/03','RRRR/MM/DD'),null,'사원 로빈');
Insert into PROJ_MEM (MEM_NO,PROJ_NO,MEM_ROLE_NO,PROJ_JOIN_DATE,PROJ_DROP_DATE,PROJ_USER_NICK) values (1,1,4,to_date('2021/05/03','RRRR/MM/DD'),null,'사원 아이젠');
Insert into PROJ_MEM (MEM_NO,PROJ_NO,MEM_ROLE_NO,PROJ_JOIN_DATE,PROJ_DROP_DATE,PROJ_USER_NICK) values (4,2,1,to_date('2021/05/27','RRRR/MM/DD'),null,'프로젝트2 팀장 꼬북');
Insert into PROJ_MEM (MEM_NO,PROJ_NO,MEM_ROLE_NO,PROJ_JOIN_DATE,PROJ_DROP_DATE,PROJ_USER_NICK) values (1,2,1,to_date('2021/05/28','RRRR/MM/DD'),null,'해적왕 아이젠');
Insert into PROJ_MEM (MEM_NO,PROJ_NO,MEM_ROLE_NO,PROJ_JOIN_DATE,PROJ_DROP_DATE,PROJ_USER_NICK) values (4,4,1,to_date('2021/05/28','RRRR/MM/DD'),null,'플레이맨');
Insert into PROJ_MEM (MEM_NO,PROJ_NO,MEM_ROLE_NO,PROJ_JOIN_DATE,PROJ_DROP_DATE,PROJ_USER_NICK) values (161,1,1,to_date('2021/05/28','RRRR/MM/DD'),null,'뉴저');
Insert into PROJ_MEM (MEM_NO,PROJ_NO,MEM_ROLE_NO,PROJ_JOIN_DATE,PROJ_DROP_DATE,PROJ_USER_NICK) values (4,23,5,to_date('2021/06/14','RRRR/MM/DD'),null,'관리자');
REM INSERTING into PROPTIS
SET DEFINE OFF;
REM INSERTING into PROPTIS_ROLE
SET DEFINE OFF;
REM INSERTING into PROVIDER
SET DEFINE OFF;
Insert into PROVIDER (PROV_ID,PROV_PASS,PROV_NM) values ('admin1','{bcrypt}$2a$10$A32fPVKOKFyVa4z/.rGMGeaKR0i2aFc.xAN/sELk0x2F.IVOLx0mq','운영자1');
Insert into PROVIDER (PROV_ID,PROV_PASS,PROV_NM) values ('admin2','{bcrypt}$2a$10$A32fPVKOKFyVa4z/.rGMGeaKR0i2aFc.xAN/sELk0x2F.IVOLx0mq','운영자2');
Insert into PROVIDER (PROV_ID,PROV_PASS,PROV_NM) values ('admin3','{bcrypt}$2a$10$A32fPVKOKFyVa4z/.rGMGeaKR0i2aFc.xAN/sELk0x2F.IVOLx0mq','운영자3');
Insert into PROVIDER (PROV_ID,PROV_PASS,PROV_NM) values ('admin4','{bcrypt}$2a$10$A32fPVKOKFyVa4z/.rGMGeaKR0i2aFc.xAN/sELk0x2F.IVOLx0mq','운영자4');
REM INSERTING into REFUND
SET DEFINE OFF;
REM INSERTING into REPOSITORY
SET DEFINE OFF;
Insert into REPOSITORY (REPO_NO,PROJ_NO,REPO_URL,REPO_TOKEN,REPO_TYPE) values (1,1,'ddit301/gaia',null,'git');
Insert into REPOSITORY (REPO_NO,PROJ_NO,REPO_URL,REPO_TOKEN,REPO_TYPE) values (2,1,'127.0.0.1/svn',null,'svn');
Insert into REPOSITORY (REPO_NO,PROJ_NO,REPO_URL,REPO_TOKEN,REPO_TYPE) values (3,4,'Shane-Park/playddit',null,'git');
REM INSERTING into USER_AUTH
SET DEFINE OFF;
REM INSERTING into WIKI
SET DEFINE OFF;
Insert into WIKI (WIKI_SID,PARENT_WIKI,MEM_NO,PROJ_NO,WIKI_NO,WIKI_CONT,WIKI_WRITE_DATE,WIKI_TITLE) values (3,null,2,1,3,'test 용 위키',to_date('2021/05/29','RRRR/MM/DD'),'sid 3번 제목');
Insert into WIKI (WIKI_SID,PARENT_WIKI,MEM_NO,PROJ_NO,WIKI_NO,WIKI_CONT,WIKI_WRITE_DATE,WIKI_TITLE) values (4,3,3,1,4,'위키 잘 나오는지 확인해보자',to_date('2021/05/30','RRRR/MM/DD'),'sid 4번 제목');
Insert into WIKI (WIKI_SID,PARENT_WIKI,MEM_NO,PROJ_NO,WIKI_NO,WIKI_CONT,WIKI_WRITE_DATE,WIKI_TITLE) values (5,null,4,2,1,'2번 project wiki ',to_date('2021/06/01','RRRR/MM/DD'),'sid 5번 제목');
Insert into WIKI (WIKI_SID,PARENT_WIKI,MEM_NO,PROJ_NO,WIKI_NO,WIKI_CONT,WIKI_WRITE_DATE,WIKI_TITLE) values (6,null,4,2,2,'2번 프로젝트 wiki',to_date('2021/06/02','RRRR/MM/DD'),'sid 6번 제목');
Insert into WIKI (WIKI_SID,PARENT_WIKI,MEM_NO,PROJ_NO,WIKI_NO,WIKI_CONT,WIKI_WRITE_DATE,WIKI_TITLE) values (23,null,3,1,21,'wwww',to_date('2021/06/10','RRRR/MM/DD'),'ee');
Insert into WIKI (WIKI_SID,PARENT_WIKI,MEM_NO,PROJ_NO,WIKI_NO,WIKI_CONT,WIKI_WRITE_DATE,WIKI_TITLE) values (9,null,3,1,7,'ddd',to_date('2021/06/09','RRRR/MM/DD'),'ddd');
Insert into WIKI (WIKI_SID,PARENT_WIKI,MEM_NO,PROJ_NO,WIKI_NO,WIKI_CONT,WIKI_WRITE_DATE,WIKI_TITLE) values (36,null,3,1,34,'신규 마크 다운다운 
### 신규신규
',to_date('2021/06/12','RRRR/MM/DD'),'신규 마크 다운 입니다.');
Insert into WIKI (WIKI_SID,PARENT_WIKI,MEM_NO,PROJ_NO,WIKI_NO,WIKI_CONT,WIKI_WRITE_DATE,WIKI_TITLE) values (19,null,3,1,17,'wwerwer',to_date('2021/06/10','RRRR/MM/DD'),'ddd');
Insert into WIKI (WIKI_SID,PARENT_WIKI,MEM_NO,PROJ_NO,WIKI_NO,WIKI_CONT,WIKI_WRITE_DATE,WIKI_TITLE) values (20,null,3,1,18,'ㄴㄴ',to_date('2021/06/10','RRRR/MM/DD'),'ㄴ');
Insert into WIKI (WIKI_SID,PARENT_WIKI,MEM_NO,PROJ_NO,WIKI_NO,WIKI_CONT,WIKI_WRITE_DATE,WIKI_TITLE) values (26,null,3,1,24,'###wiki new',to_date('2021/06/11','RRRR/MM/DD'),'wiki new');
Insert into WIKI (WIKI_SID,PARENT_WIKI,MEM_NO,PROJ_NO,WIKI_NO,WIKI_CONT,WIKI_WRITE_DATE,WIKI_TITLE) values (34,null,3,1,32,'ㅁㄴㅇㄹㅁㄴㅇㄹㅁㄴㅇㄹㅁㄴㅇㄹ ㅁㅇㄹㅁ ㄴㅇㄹㅁㄴ ㄹ',to_date('2021/06/12','RRRR/MM/DD'),'ㅁㄴㅇㄹㅁㄴㄹ');
Insert into WIKI (WIKI_SID,PARENT_WIKI,MEM_NO,PROJ_NO,WIKI_NO,WIKI_CONT,WIKI_WRITE_DATE,WIKI_TITLE) values (7,null,2,1,5,'위키 내용 입력 해봅니다ssss.',to_date('2021/06/09','RRRR/MM/DD'),null);
Insert into WIKI (WIKI_SID,PARENT_WIKI,MEM_NO,PROJ_NO,WIKI_NO,WIKI_CONT,WIKI_WRITE_DATE,WIKI_TITLE) values (24,null,3,1,22,'마트다운다운',to_date('2021/06/11','RRRR/MM/DD'),'이것도 테스트');
Insert into WIKI (WIKI_SID,PARENT_WIKI,MEM_NO,PROJ_NO,WIKI_NO,WIKI_CONT,WIKI_WRITE_DATE,WIKI_TITLE) values (25,null,3,1,23,'###테테테테',to_date('2021/06/11','RRRR/MM/DD'),'또 테스트');
Insert into WIKI (WIKI_SID,PARENT_WIKI,MEM_NO,PROJ_NO,WIKI_NO,WIKI_CONT,WIKI_WRITE_DATE,WIKI_TITLE) values (32,null,3,1,30,'### 마크다운으로 작성해씃

- test 
- test
```
12345
```

asd',to_date('2021/06/11','RRRR/MM/DD'),'마크다운으로 작성한wiki');
Insert into WIKI (WIKI_SID,PARENT_WIKI,MEM_NO,PROJ_NO,WIKI_NO,WIKI_CONT,WIKI_WRITE_DATE,WIKI_TITLE) values (29,null,3,1,27,'sssss',to_date('2021/06/11','RRRR/MM/DD'),'ss');
Insert into WIKI (WIKI_SID,PARENT_WIKI,MEM_NO,PROJ_NO,WIKI_NO,WIKI_CONT,WIKI_WRITE_DATE,WIKI_TITLE) values (13,null,3,1,11,'zz',to_date('2021/06/10','RRRR/MM/DD'),'zz');
Insert into WIKI (WIKI_SID,PARENT_WIKI,MEM_NO,PROJ_NO,WIKI_NO,WIKI_CONT,WIKI_WRITE_DATE,WIKI_TITLE) values (14,null,3,1,12,'sssss',to_date('2021/06/10','RRRR/MM/DD'),'ss');
Insert into WIKI (WIKI_SID,PARENT_WIKI,MEM_NO,PROJ_NO,WIKI_NO,WIKI_CONT,WIKI_WRITE_DATE,WIKI_TITLE) values (35,null,3,1,33,'### 마크다운

## 한번 

# 더



?????',to_date('2021/06/12','RRRR/MM/DD'),'마크다운 한번더');
Insert into WIKI (WIKI_SID,PARENT_WIKI,MEM_NO,PROJ_NO,WIKI_NO,WIKI_CONT,WIKI_WRITE_DATE,WIKI_TITLE) values (16,null,3,1,14,'ff',to_date('2021/06/10','RRRR/MM/DD'),'ff');
Insert into WIKI (WIKI_SID,PARENT_WIKI,MEM_NO,PROJ_NO,WIKI_NO,WIKI_CONT,WIKI_WRITE_DATE,WIKI_TITLE) values (18,null,3,1,16,'eswer',to_date('2021/06/10','RRRR/MM/DD'),'de');
Insert into WIKI (WIKI_SID,PARENT_WIKI,MEM_NO,PROJ_NO,WIKI_NO,WIKI_CONT,WIKI_WRITE_DATE,WIKI_TITLE) values (28,null,3,1,26,'sdfsdf',to_date('2021/06/11','RRRR/MM/DD'),'sss');
Insert into WIKI (WIKI_SID,PARENT_WIKI,MEM_NO,PROJ_NO,WIKI_NO,WIKI_CONT,WIKI_WRITE_DATE,WIKI_TITLE) values (33,null,3,1,31,'### 마크다운

## 한번 

# 더
',to_date('2021/06/11','RRRR/MM/DD'),'마크다운 한번더');
Insert into WIKI (WIKI_SID,PARENT_WIKI,MEM_NO,PROJ_NO,WIKI_NO,WIKI_CONT,WIKI_WRITE_DATE,WIKI_TITLE) values (39,38,2,1,36,'위키 컨텐츠를 수정합니다.',to_date('2021/06/14','RRRR/MM/DD'),'kkk');
--------------------------------------------------------
--  DDL for Index PK_KANBAN_COL
--------------------------------------------------------

  CREATE UNIQUE INDEX "PK_KANBAN_COL" ON "KANBAN_COL" ("KB_COL_NO") 
  PCTFREE 10 INITRANS 2 MAXTRANS 255 COMPUTE STATISTICS 
  STORAGE(INITIAL 65536 NEXT 1048576 MINEXTENTS 1 MAXEXTENTS 2147483645
  PCTINCREASE 0 FREELISTS 1 FREELIST GROUPS 1 BUFFER_POOL DEFAULT FLASH_CACHE DEFAULT CELL_FLASH_CACHE DEFAULT)
  TABLESPACE "TS_202011F" ;
--------------------------------------------------------
--  DDL for Index BIN$DPCTveKyQiKML1CykMZ2pg==$0
--------------------------------------------------------

  CREATE UNIQUE INDEX "BIN$DPCTveKyQiKML1CykMZ2pg==$0" ON "ISSUE_ASSIGNEE" ("MEM_NO", "ISSUE_SID") 
  PCTFREE 10 INITRANS 2 MAXTRANS 255 COMPUTE STATISTICS 
  STORAGE(INITIAL 65536 NEXT 1048576 MINEXTENTS 1 MAXEXTENTS 2147483645
  PCTINCREASE 0 FREELISTS 1 FREELIST GROUPS 1 BUFFER_POOL DEFAULT FLASH_CACHE DEFAULT CELL_FLASH_CACHE DEFAULT)
  TABLESPACE "TS_202011F" ;
--------------------------------------------------------
--  DDL for Index BIN$bJ9ziVQhTgKQn4eChmigBg==$0
--------------------------------------------------------

  CREATE UNIQUE INDEX "BIN$bJ9ziVQhTgKQn4eChmigBg==$0" ON "MILESTONE" ("MILEST_SID") 
  PCTFREE 10 INITRANS 2 MAXTRANS 255 COMPUTE STATISTICS 
  STORAGE(INITIAL 65536 NEXT 1048576 MINEXTENTS 1 MAXEXTENTS 2147483645
  PCTINCREASE 0 FREELISTS 1 FREELIST GROUPS 1 BUFFER_POOL DEFAULT FLASH_CACHE DEFAULT CELL_FLASH_CACHE DEFAULT)
  TABLESPACE "TS_202011F" ;
--------------------------------------------------------
--  DDL for Index BIN$6fehSytFTY6igCwH6ULRyg==$0
--------------------------------------------------------

  CREATE UNIQUE INDEX "BIN$6fehSytFTY6igCwH6ULRyg==$0" ON "WIKI" ("WIKI_SID") 
  PCTFREE 10 INITRANS 2 MAXTRANS 255 COMPUTE STATISTICS 
  STORAGE(INITIAL 65536 NEXT 1048576 MINEXTENTS 1 MAXEXTENTS 2147483645
  PCTINCREASE 0 FREELISTS 1 FREELIST GROUPS 1 BUFFER_POOL DEFAULT FLASH_CACHE DEFAULT CELL_FLASH_CACHE DEFAULT)
  TABLESPACE "TS_202011F" ;
--------------------------------------------------------
--  DDL for Index BIN$u2RkGkcZS0e5Mn4CK0oK+A==$0
--------------------------------------------------------

  CREATE UNIQUE INDEX "BIN$u2RkGkcZS0e5Mn4CK0oK+A==$0" ON "ISSUE_HISTORY" ("ISSUE_HIS_NO") 
  PCTFREE 10 INITRANS 2 MAXTRANS 255 COMPUTE STATISTICS 
  STORAGE(INITIAL 65536 NEXT 1048576 MINEXTENTS 1 MAXEXTENTS 2147483645
  PCTINCREASE 0 FREELISTS 1 FREELIST GROUPS 1 BUFFER_POOL DEFAULT FLASH_CACHE DEFAULT CELL_FLASH_CACHE DEFAULT)
  TABLESPACE "TS_202011F" ;
--------------------------------------------------------
--  DDL for Index BIN$9WJ7y5MsTD2tcAYMcIpaTg==$0
--------------------------------------------------------

  CREATE UNIQUE INDEX "BIN$9WJ7y5MsTD2tcAYMcIpaTg==$0" ON "LABEL" ("LABEL_NO") 
  PCTFREE 10 INITRANS 2 MAXTRANS 255 COMPUTE STATISTICS 
  STORAGE(INITIAL 65536 NEXT 1048576 MINEXTENTS 1 MAXEXTENTS 2147483645
  PCTINCREASE 0 FREELISTS 1 FREELIST GROUPS 1 BUFFER_POOL DEFAULT FLASH_CACHE DEFAULT CELL_FLASH_CACHE DEFAULT)
  TABLESPACE "TS_202011F" ;
--------------------------------------------------------
--  DDL for Index BIN$aicNvteaSKGObOaEZOBYgA==$0
--------------------------------------------------------

  CREATE UNIQUE INDEX "BIN$aicNvteaSKGObOaEZOBYgA==$0" ON "ISSUE" ("ISSUE_SID") 
  PCTFREE 10 INITRANS 2 MAXTRANS 255 COMPUTE STATISTICS 
  STORAGE(INITIAL 65536 NEXT 1048576 MINEXTENTS 1 MAXEXTENTS 2147483645
  PCTINCREASE 0 FREELISTS 1 FREELIST GROUPS 1 BUFFER_POOL DEFAULT FLASH_CACHE DEFAULT CELL_FLASH_CACHE DEFAULT)
  TABLESPACE "TS_202011F" ;
--------------------------------------------------------
--  DDL for Index PK_PROJECT
--------------------------------------------------------

  CREATE UNIQUE INDEX "PK_PROJECT" ON "PROJECT" ("PROJ_NO") 
  PCTFREE 10 INITRANS 2 MAXTRANS 255 COMPUTE STATISTICS 
  STORAGE(INITIAL 65536 NEXT 1048576 MINEXTENTS 1 MAXEXTENTS 2147483645
  PCTINCREASE 0 FREELISTS 1 FREELIST GROUPS 1 BUFFER_POOL DEFAULT FLASH_CACHE DEFAULT CELL_FLASH_CACHE DEFAULT)
  TABLESPACE "TS_202011F" ;
--------------------------------------------------------
--  DDL for Index PK_USER_AUTH
--------------------------------------------------------

  CREATE UNIQUE INDEX "PK_USER_AUTH" ON "USER_AUTH" ("AUTH_GRP_CODE", "MEM_NO") 
  PCTFREE 10 INITRANS 2 MAXTRANS 255 COMPUTE STATISTICS 
  STORAGE(INITIAL 65536 NEXT 1048576 MINEXTENTS 1 MAXEXTENTS 2147483645
  PCTINCREASE 0 FREELISTS 1 FREELIST GROUPS 1 BUFFER_POOL DEFAULT FLASH_CACHE DEFAULT CELL_FLASH_CACHE DEFAULT)
  TABLESPACE "TS_202011F" ;
--------------------------------------------------------
--  DDL for Index BIN$U3JkzcexSdOCNK0XB0s/aA==$0
--------------------------------------------------------

  CREATE UNIQUE INDEX "BIN$U3JkzcexSdOCNK0XB0s/aA==$0" ON "PROPTIS" ("PROPTIS_NO") 
  PCTFREE 10 INITRANS 2 MAXTRANS 255 COMPUTE STATISTICS 
  STORAGE(INITIAL 65536 NEXT 1048576 MINEXTENTS 1 MAXEXTENTS 2147483645
  PCTINCREASE 0 FREELISTS 1 FREELIST GROUPS 1 BUFFER_POOL DEFAULT FLASH_CACHE DEFAULT CELL_FLASH_CACHE DEFAULT)
  TABLESPACE "TS_202011F" ;
--------------------------------------------------------
--  DDL for Index BIN$ycTyBm/qTcuvH4P6dVwpNQ==$0
--------------------------------------------------------

  CREATE UNIQUE INDEX "BIN$ycTyBm/qTcuvH4P6dVwpNQ==$0" ON "FAQ" ("FAQ_NO") 
  PCTFREE 10 INITRANS 2 MAXTRANS 255 COMPUTE STATISTICS 
  STORAGE(INITIAL 65536 NEXT 1048576 MINEXTENTS 1 MAXEXTENTS 2147483645
  PCTINCREASE 0 FREELISTS 1 FREELIST GROUPS 1 BUFFER_POOL DEFAULT FLASH_CACHE DEFAULT CELL_FLASH_CACHE DEFAULT)
  TABLESPACE "TS_202011F" ;
--------------------------------------------------------
--  DDL for Index BIN$eFu8SNlgR/6A8KhgqvV28w==$0
--------------------------------------------------------

  CREATE UNIQUE INDEX "BIN$eFu8SNlgR/6A8KhgqvV28w==$0" ON "AUTH_CODE" ("AUTH_GRP_CODE") 
  PCTFREE 10 INITRANS 2 MAXTRANS 255 COMPUTE STATISTICS 
  STORAGE(INITIAL 65536 NEXT 1048576 MINEXTENTS 1 MAXEXTENTS 2147483645
  PCTINCREASE 0 FREELISTS 1 FREELIST GROUPS 1 BUFFER_POOL DEFAULT FLASH_CACHE DEFAULT CELL_FLASH_CACHE DEFAULT)
  TABLESPACE "TS_202011F" ;
--------------------------------------------------------
--  DDL for Index BIN$VWMVKdHJTRuqfY5t3CYsog==$0
--------------------------------------------------------

  CREATE UNIQUE INDEX "BIN$VWMVKdHJTRuqfY5t3CYsog==$0" ON "REFUND" ("REFUND_NO") 
  PCTFREE 10 INITRANS 2 MAXTRANS 255 COMPUTE STATISTICS 
  STORAGE(INITIAL 65536 NEXT 1048576 MINEXTENTS 1 MAXEXTENTS 2147483645
  PCTINCREASE 0 FREELISTS 1 FREELIST GROUPS 1 BUFFER_POOL DEFAULT FLASH_CACHE DEFAULT CELL_FLASH_CACHE DEFAULT)
  TABLESPACE "TS_202011F" ;
--------------------------------------------------------
--  DDL for Index BIN$UWFop/uXSXifWJnoxjX1rQ==$0
--------------------------------------------------------

  CREATE UNIQUE INDEX "BIN$UWFop/uXSXifWJnoxjX1rQ==$0" ON "PAY_PLAN" ("PAY_PLAN_NO") 
  PCTFREE 10 INITRANS 2 MAXTRANS 255 COMPUTE STATISTICS 
  STORAGE(INITIAL 65536 NEXT 1048576 MINEXTENTS 1 MAXEXTENTS 2147483645
  PCTINCREASE 0 FREELISTS 1 FREELIST GROUPS 1 BUFFER_POOL DEFAULT FLASH_CACHE DEFAULT CELL_FLASH_CACHE DEFAULT)
  TABLESPACE "TS_202011F" ;
--------------------------------------------------------
--  DDL for Index PK_MEMBER
--------------------------------------------------------

  CREATE UNIQUE INDEX "PK_MEMBER" ON "MEMBER" ("MEM_NO") 
  PCTFREE 10 INITRANS 2 MAXTRANS 255 COMPUTE STATISTICS 
  STORAGE(INITIAL 65536 NEXT 1048576 MINEXTENTS 1 MAXEXTENTS 2147483645
  PCTINCREASE 0 FREELISTS 1 FREELIST GROUPS 1 BUFFER_POOL DEFAULT FLASH_CACHE DEFAULT CELL_FLASH_CACHE DEFAULT)
  TABLESPACE "TS_202011F" ;
--------------------------------------------------------
--  DDL for Index FORBIDDEN_PROJ_TITLE_PK
--------------------------------------------------------

  CREATE UNIQUE INDEX "FORBIDDEN_PROJ_TITLE_PK" ON "FORBIDDEN_PROJ_TITLE" ("FORBIDDEN_PROJ_TITLE") 
  PCTFREE 10 INITRANS 2 MAXTRANS 255 
  STORAGE(INITIAL 65536 NEXT 1048576 MINEXTENTS 1 MAXEXTENTS 2147483645
  PCTINCREASE 0 FREELISTS 1 FREELIST GROUPS 1 BUFFER_POOL DEFAULT FLASH_CACHE DEFAULT CELL_FLASH_CACHE DEFAULT)
  TABLESPACE "TS_202011F" ;
--------------------------------------------------------
--  DDL for Index BIN$Qt3Iws/2RV6frX4p+Jaeyg==$0
--------------------------------------------------------

  CREATE UNIQUE INDEX "BIN$Qt3Iws/2RV6frX4p+Jaeyg==$0" ON "MENU" ("MENU_ID") 
  PCTFREE 10 INITRANS 2 MAXTRANS 255 COMPUTE STATISTICS 
  STORAGE(INITIAL 65536 NEXT 1048576 MINEXTENTS 1 MAXEXTENTS 2147483645
  PCTINCREASE 0 FREELISTS 1 FREELIST GROUPS 1 BUFFER_POOL DEFAULT FLASH_CACHE DEFAULT CELL_FLASH_CACHE DEFAULT)
  TABLESPACE "TS_202011F" ;
--------------------------------------------------------
--  DDL for Index BIN$7XhzfYl7S7qlm7CKdQY2wg==$0
--------------------------------------------------------

  CREATE UNIQUE INDEX "BIN$7XhzfYl7S7qlm7CKdQY2wg==$0" ON "CHAT_ROOM" ("CHATROOM_NO") 
  PCTFREE 10 INITRANS 2 MAXTRANS 255 COMPUTE STATISTICS 
  STORAGE(INITIAL 65536 NEXT 1048576 MINEXTENTS 1 MAXEXTENTS 2147483645
  PCTINCREASE 0 FREELISTS 1 FREELIST GROUPS 1 BUFFER_POOL DEFAULT FLASH_CACHE DEFAULT CELL_FLASH_CACHE DEFAULT)
  TABLESPACE "TS_202011F" ;
--------------------------------------------------------
--  DDL for Index PK_PROJ_MEM
--------------------------------------------------------

  CREATE UNIQUE INDEX "PK_PROJ_MEM" ON "PROJ_MEM" ("MEM_NO", "PROJ_NO") 
  PCTFREE 10 INITRANS 2 MAXTRANS 255 COMPUTE STATISTICS 
  STORAGE(INITIAL 65536 NEXT 1048576 MINEXTENTS 1 MAXEXTENTS 2147483645
  PCTINCREASE 0 FREELISTS 1 FREELIST GROUPS 1 BUFFER_POOL DEFAULT FLASH_CACHE DEFAULT CELL_FLASH_CACHE DEFAULT)
  TABLESPACE "TS_202011F" ;
--------------------------------------------------------
--  DDL for Index BIN$s8CWX3cfQvyaApJikNz1iQ==$0
--------------------------------------------------------

  CREATE UNIQUE INDEX "BIN$s8CWX3cfQvyaApJikNz1iQ==$0" ON "COM_CODE_GRP" ("COM_CODE_GRP") 
  PCTFREE 10 INITRANS 2 MAXTRANS 255 COMPUTE STATISTICS 
  STORAGE(INITIAL 65536 NEXT 1048576 MINEXTENTS 1 MAXEXTENTS 2147483645
  PCTINCREASE 0 FREELISTS 1 FREELIST GROUPS 1 BUFFER_POOL DEFAULT FLASH_CACHE DEFAULT CELL_FLASH_CACHE DEFAULT)
  TABLESPACE "TS_202011F" ;
--------------------------------------------------------
--  DDL for Index BIN$dhVTE7U+T7ek6AFvN3Z/Nw==$0
--------------------------------------------------------

  CREATE UNIQUE INDEX "BIN$dhVTE7U+T7ek6AFvN3Z/Nw==$0" ON "REPOSITORY" ("REPO_NO") 
  PCTFREE 10 INITRANS 2 MAXTRANS 255 COMPUTE STATISTICS 
  STORAGE(INITIAL 65536 NEXT 1048576 MINEXTENTS 1 MAXEXTENTS 2147483645
  PCTINCREASE 0 FREELISTS 1 FREELIST GROUPS 1 BUFFER_POOL DEFAULT FLASH_CACHE DEFAULT CELL_FLASH_CACHE DEFAULT)
  TABLESPACE "TS_202011F" ;
--------------------------------------------------------
--  DDL for Index BIN$pzvWFQuXQ3mWT9i5irmakg==$0
--------------------------------------------------------

  CREATE UNIQUE INDEX "BIN$pzvWFQuXQ3mWT9i5irmakg==$0" ON "NEWS" ("NEWS_SID") 
  PCTFREE 10 INITRANS 2 MAXTRANS 255 COMPUTE STATISTICS 
  STORAGE(INITIAL 65536 NEXT 1048576 MINEXTENTS 1 MAXEXTENTS 2147483645
  PCTINCREASE 0 FREELISTS 1 FREELIST GROUPS 1 BUFFER_POOL DEFAULT FLASH_CACHE DEFAULT CELL_FLASH_CACHE DEFAULT)
  TABLESPACE "TS_202011F" ;
--------------------------------------------------------
--  DDL for Index BIN$dfU3iJCuRcC0FVxUanam6A==$0
--------------------------------------------------------

  CREATE UNIQUE INDEX "BIN$dfU3iJCuRcC0FVxUanam6A==$0" ON "ALARM" ("ALARM_NO") 
  PCTFREE 10 INITRANS 2 MAXTRANS 255 COMPUTE STATISTICS 
  STORAGE(INITIAL 65536 NEXT 1048576 MINEXTENTS 1 MAXEXTENTS 2147483645
  PCTINCREASE 0 FREELISTS 1 FREELIST GROUPS 1 BUFFER_POOL DEFAULT FLASH_CACHE DEFAULT CELL_FLASH_CACHE DEFAULT)
  TABLESPACE "TS_202011F" ;
--------------------------------------------------------
--  DDL for Index BIN$gZzepBsTSDCiVwE9e1pZeQ==$0
--------------------------------------------------------

  CREATE UNIQUE INDEX "BIN$gZzepBsTSDCiVwE9e1pZeQ==$0" ON "NEWS_COMMENT" ("NEWS_COM_NO") 
  PCTFREE 10 INITRANS 2 MAXTRANS 255 COMPUTE STATISTICS 
  STORAGE(INITIAL 65536 NEXT 1048576 MINEXTENTS 1 MAXEXTENTS 2147483645
  PCTINCREASE 0 FREELISTS 1 FREELIST GROUPS 1 BUFFER_POOL DEFAULT FLASH_CACHE DEFAULT CELL_FLASH_CACHE DEFAULT)
  TABLESPACE "TS_202011F" ;
--------------------------------------------------------
--  DDL for Index BIN$T9dqFin1R06YX44Bimx6vg==$0
--------------------------------------------------------

  CREATE UNIQUE INDEX "BIN$T9dqFin1R06YX44Bimx6vg==$0" ON "MENU_ASSIGN" ("AUTH_GRP_CODE", "MENU_ID") 
  PCTFREE 10 INITRANS 2 MAXTRANS 255 COMPUTE STATISTICS 
  STORAGE(INITIAL 65536 NEXT 1048576 MINEXTENTS 1 MAXEXTENTS 2147483645
  PCTINCREASE 0 FREELISTS 1 FREELIST GROUPS 1 BUFFER_POOL DEFAULT FLASH_CACHE DEFAULT CELL_FLASH_CACHE DEFAULT)
  TABLESPACE "TS_202011F" ;
--------------------------------------------------------
--  DDL for Index BIN$BdRd+A+BSeS1Roakg74Uzw==$0
--------------------------------------------------------

  CREATE UNIQUE INDEX "BIN$BdRd+A+BSeS1Roakg74Uzw==$0" ON "ATTACH_FILE" ("ATCH_FILE_SID", "ATCH_FILE_NO") 
  PCTFREE 10 INITRANS 2 MAXTRANS 255 COMPUTE STATISTICS 
  STORAGE(INITIAL 65536 NEXT 1048576 MINEXTENTS 1 MAXEXTENTS 2147483645
  PCTINCREASE 0 FREELISTS 1 FREELIST GROUPS 1 BUFFER_POOL DEFAULT FLASH_CACHE DEFAULT CELL_FLASH_CACHE DEFAULT)
  TABLESPACE "TS_202011F" ;
--------------------------------------------------------
--  DDL for Index PK_MEM_ROLE
--------------------------------------------------------

  CREATE UNIQUE INDEX "PK_MEM_ROLE" ON "MEM_ROLE" ("MEM_ROLE_NO") 
  PCTFREE 10 INITRANS 2 MAXTRANS 255 COMPUTE STATISTICS 
  STORAGE(INITIAL 65536 NEXT 1048576 MINEXTENTS 1 MAXEXTENTS 2147483645
  PCTINCREASE 0 FREELISTS 1 FREELIST GROUPS 1 BUFFER_POOL DEFAULT FLASH_CACHE DEFAULT CELL_FLASH_CACHE DEFAULT)
  TABLESPACE "TS_202011F" ;
--------------------------------------------------------
--  DDL for Index BIN$QJl2DCSvS86hrkPSWyxQLw==$0
--------------------------------------------------------

  CREATE UNIQUE INDEX "BIN$QJl2DCSvS86hrkPSWyxQLw==$0" ON "PROVIDER" ("PROV_ID") 
  PCTFREE 10 INITRANS 2 MAXTRANS 255 COMPUTE STATISTICS 
  STORAGE(INITIAL 65536 NEXT 1048576 MINEXTENTS 1 MAXEXTENTS 2147483645
  PCTINCREASE 0 FREELISTS 1 FREELIST GROUPS 1 BUFFER_POOL DEFAULT FLASH_CACHE DEFAULT CELL_FLASH_CACHE DEFAULT)
  TABLESPACE "TS_202011F" ;
--------------------------------------------------------
--  DDL for Index BIN$081ZOStBSz2eYp9X8Q0snw==$0
--------------------------------------------------------

  CREATE UNIQUE INDEX "BIN$081ZOStBSz2eYp9X8Q0snw==$0" ON "PAYMENT" ("PAYMENT_NO") 
  PCTFREE 10 INITRANS 2 MAXTRANS 255 COMPUTE STATISTICS 
  STORAGE(INITIAL 65536 NEXT 1048576 MINEXTENTS 1 MAXEXTENTS 2147483645
  PCTINCREASE 0 FREELISTS 1 FREELIST GROUPS 1 BUFFER_POOL DEFAULT FLASH_CACHE DEFAULT CELL_FLASH_CACHE DEFAULT)
  TABLESPACE "TS_202011F" ;
--------------------------------------------------------
--  DDL for Index BIN$fO7fdCJ0RVKZrRTA9krUvA==$0
--------------------------------------------------------

  CREATE UNIQUE INDEX "BIN$fO7fdCJ0RVKZrRTA9krUvA==$0" ON "INQUIRY" ("INQ_NO") 
  PCTFREE 10 INITRANS 2 MAXTRANS 255 COMPUTE STATISTICS 
  STORAGE(INITIAL 65536 NEXT 1048576 MINEXTENTS 1 MAXEXTENTS 2147483645
  PCTINCREASE 0 FREELISTS 1 FREELIST GROUPS 1 BUFFER_POOL DEFAULT FLASH_CACHE DEFAULT CELL_FLASH_CACHE DEFAULT)
  TABLESPACE "TS_202011F" ;
--------------------------------------------------------
--  DDL for Index BIN$VQoa+iZtS+uOK7UPQvCBMg==$0
--------------------------------------------------------

  CREATE UNIQUE INDEX "BIN$VQoa+iZtS+uOK7UPQvCBMg==$0" ON "INQUIRY_COMMENT" ("INQ_COM_NO") 
  PCTFREE 10 INITRANS 2 MAXTRANS 255 COMPUTE STATISTICS 
  STORAGE(INITIAL 65536 NEXT 1048576 MINEXTENTS 1 MAXEXTENTS 2147483645
  PCTINCREASE 0 FREELISTS 1 FREELIST GROUPS 1 BUFFER_POOL DEFAULT FLASH_CACHE DEFAULT CELL_FLASH_CACHE DEFAULT)
  TABLESPACE "TS_202011F" ;
--------------------------------------------------------
--  DDL for Index BIN$kQ/UTdJIR1Od86NINkyPfA==$0
--------------------------------------------------------

  CREATE UNIQUE INDEX "BIN$kQ/UTdJIR1Od86NINkyPfA==$0" ON "COM_CODE" ("COM_CODE_GRP", "COM_CODE") 
  PCTFREE 10 INITRANS 2 MAXTRANS 255 COMPUTE STATISTICS 
  STORAGE(INITIAL 65536 NEXT 1048576 MINEXTENTS 1 MAXEXTENTS 2147483645
  PCTINCREASE 0 FREELISTS 1 FREELIST GROUPS 1 BUFFER_POOL DEFAULT FLASH_CACHE DEFAULT CELL_FLASH_CACHE DEFAULT)
  TABLESPACE "TS_202011F" ;
--------------------------------------------------------
--  DDL for Index BIN$YB47NLq/QqiS+EFdQV3teA==$0
--------------------------------------------------------

  CREATE UNIQUE INDEX "BIN$YB47NLq/QqiS+EFdQV3teA==$0" ON "KANBAN_CARD" ("KB_CARD_NO") 
  PCTFREE 10 INITRANS 2 MAXTRANS 255 COMPUTE STATISTICS 
  STORAGE(INITIAL 65536 NEXT 1048576 MINEXTENTS 1 MAXEXTENTS 2147483645
  PCTINCREASE 0 FREELISTS 1 FREELIST GROUPS 1 BUFFER_POOL DEFAULT FLASH_CACHE DEFAULT CELL_FLASH_CACHE DEFAULT)
  TABLESPACE "TS_202011F" ;
--------------------------------------------------------
--  DDL for Index BIN$sI4+q3yTTPCmsq4DfzbMKw==$0
--------------------------------------------------------

  CREATE UNIQUE INDEX "BIN$sI4+q3yTTPCmsq4DfzbMKw==$0" ON "MEM_CHAT" ("MEM_NO", "CHATROOM_NO") 
  PCTFREE 10 INITRANS 2 MAXTRANS 255 COMPUTE STATISTICS 
  STORAGE(INITIAL 65536 NEXT 1048576 MINEXTENTS 1 MAXEXTENTS 2147483645
  PCTINCREASE 0 FREELISTS 1 FREELIST GROUPS 1 BUFFER_POOL DEFAULT FLASH_CACHE DEFAULT CELL_FLASH_CACHE DEFAULT)
  TABLESPACE "TS_202011F" ;
--------------------------------------------------------
--  DDL for Function CHAT_VALIDATION
--------------------------------------------------------

  CREATE OR REPLACE FUNCTION "CHAT_VALIDATION" (
    MYNO NUMBER,
    TARNO NUMBER    
)
RETURN NUMBER
IS
V_NO NUMBER;
BEGIN
WITH TMPROOM AS (
    SELECT DISTINCT A.*
    FROM CHAT_ROOM A INNER JOIN MEM_CHAT B 
    ON (A.CHATROOM_NO = B.CHATROOM_NO)
    WHERE MEM_NO = MYNO
),
LASTROOM AS (
SELECT R.CHATROOM_NO, MEM_NO
FROM TMPROOM R LEFT OUTER JOIN MEM_CHAT M
    ON(R.CHATROOM_NO = M.CHATROOM_NO)
WHERE R.CHATROOM_NO IN (
    SELECT CHATROOM_NO
    FROM (
        SELECT  CHATROOM_NO, COUNT(MEM_NO)CNT
        FROM MEM_CHAT
        GROUP BY CHATROOM_NO
    ) 
    WHERE CNT = 2
)
)
SELECT DISTINCT CHATROOM_NO INTO V_NO
FROM LASTROOM
WHERE MEM_NO = TARNO;
RETURN V_NO;
END;

/
--------------------------------------------------------
--  DDL for Function GET_KORNM
--------------------------------------------------------

  CREATE OR REPLACE FUNCTION "GET_KORNM" 
( V_FROM IN VARCHAR2, V_TO IN VARCHAR2 ) 
RETURN VARCHAR2 IS OUT_REAL_NM VARCHAR2(100); 
TYPE V_ARR IS TABLE OF VARCHAR2(10); V_FIRST V_ARR; V_LAST V_ARR; V_MID V_ARR; 
BEGIN V_LAST := V_ARR('김' , '이' , '박' , '최' , '정' , '강' , '조' , '윤' , '장' , '임' , '오' , '한' , '신' , '서' , '권' , '황' , '안' , '송' , '유' , '홍' , '전' , '고' , '문' , '손' , '양' , '배' , '조' , '백' , '허' , '남'); V_MID := V_ARR('민' , '현' , '동' , '인' , '지' , '현' , '재' , '우' , '건' , '준' , '승' , '영' , '성' , '진' , '준' , '정' , '수' , '광' , '영' , '호' , '중' , '훈' , '후' , '우' , '상' , '연' , '철' , '아' , '윤' , '은'); V_FIRST := V_ARR('유' , '자' , '도' , '성' , '상' , '남' , '식' , '일' , '철' , '병' , '혜' , '영' , '미' , '환' , '식' , '숙' , '자' , '희' , '순' , '진' , '서' , '빈' , '정' , '지' , '하' , '연' , '성' , '공' , '안' , '원'); SELECT SUBSTR(V_LAST(ROUND(DBMS_RANDOM.VALUE(1 , 30), 0)) || V_MID(ROUND(DBMS_RANDOM.VALUE(1 , 30), 0)) || V_FIRST(ROUND(DBMS_RANDOM.VALUE(1 , 30), 0)) || V_MID(ROUND(DBMS_RANDOM.VALUE(1 , 30), 0)) || V_FIRST(ROUND(DBMS_RANDOM.VALUE(1 , 30), 0)) ,V_FROM,V_TO) 
INTO OUT_REAL_NM FROM DUAL; 
RETURN OUT_REAL_NM; END


SELECT GET_KORNM('1' , '3') FROM DUAL;


-- 7자리 소문자 랜덤 문자 생성하기
SELECT DBMS_RANDOM.STRING('l', 7) rand FROM DUAL;

-- 100 ~ 999 사이 랜덤 
SELECT ROUND(DBMS_RANDOM.VALUE(100, 999),0) FROM DUAL;수

--select member
SELECT *
FROM MEMBER;

-- insert member
INSERT INTO MEMBER(MEM_NO,MEM_ID,MEM_PASS,MEM_NICK)
VALUES(MEM_SEQ.nextval,'ex@gmail.com','1234','ex'); 

-- update member
UPDATE MEMBER
SET MEM_ID = 'ddit301@gmail.com'
WHERE MEM_NO = 6;

-- delete member ( MEM_QUIT_DATE UPDATE)
UPDATE MEMBER
SET MEM_QUIT_DATE = SYSDATE
WHERE MEM_ID = 'ex@gmail.com';

-- search mem_quit_date member
SELECT MEM_ID AS "탈퇴한 회원 아이디"
FROM MEMBER
WHERE MEM_QUIT_DATE IS NOT NULL;

-- count member
SELECT COUNT(*) AS "회원수"
FROM MEMBER
WHERE MEM_QUIT_DATE IS NULL;


-- 21/05/17
-- drop table 테이블

SELECT 'DROP TABLE "' || TABLE_NAME || '" CASCADE CONSTRAINTS;' FROM user_tables;




----------------------------------------------------------------------------
-- 컬럼명 변경
alter table issue rename column ISSUE_NO to ISSUE_SID;

-- 이슈 번호 컬럼 추가
alter table issue add (ISSUE_NO number); 








/* 회원 */
CREATE TABLE MEMBER (
	MEM_NO NUMBER NOT NULL, /* 회원 번호 */
	MEM_ID VARCHAR2(200) NOT NULL, /* 회원 아이디(이메일) */
	MEM_PASS VARCHAR2(1000) NOT NULL, /* 회원 비밀번호 */
	MEM_NICK VARCHAR2(200) NOT NULL, /* 회원 닉네임 */
	MEM_TEL VARCHAR2(100), /* 회원 전화번호 */
	MEM_PIC_FILE_NAME VARCHAR2(200), /* 회원 프로필 파일 이름 */
	MEM_SIGN_DATE DATE, /* 회원 가입 일자 */
	MEM_QUIT_DATE DATE, /* 회원 탈퇴 일자 */
	MEM_NAME VARCHAR2(200), /* 회원 이름 */
	MEM_BIO VARCHAR2(500), /* 회원 자기소개 내용 */
	MEM_WORKING_CITY VARCHAR2(200), /* 회원 근무 도시 */
	MEM_STATUS VARCHAR2(50) /* 회원 상태 */
);

COMMENT ON TABLE MEMBER IS '회원';

COMMENT ON COLUMN MEMBER.MEM_NO IS '회원 번호';

COMMENT ON COLUMN MEMBER.MEM_ID IS '회원 아이디(이메일)';

COMMENT ON COLUMN MEMBER.MEM_PASS IS '회원 비밀번호';

COMMENT ON COLUMN MEMBER.MEM_NICK IS '회원 닉네임';

COMMENT ON COLUMN MEMBER.MEM_TEL IS '회원 전화번호';

COMMENT ON COLUMN MEMBER.MEM_PIC_FILE_NAME IS '회원 프로필 파일 이름';

COMMENT ON COLUMN MEMBER.MEM_SIGN_DATE IS '회원 가입 일자';

COMMENT ON COLUMN MEMBER.MEM_QUIT_DATE IS '회원 탈퇴 일자';

COMMENT ON COLUMN MEMBER.MEM_NAME IS '회원 이름';

COMMENT ON COLUMN MEMBER.MEM_BIO IS '회원 자기소개 내용';

COMMENT ON COLUMN MEMBER.MEM_WORKING_CITY IS '회원 근무 도시';

COMMENT ON COLUMN MEMBER.MEM_STATUS IS '회원 상태';

CREATE UNIQUE INDEX PK_MEMBER
	ON MEMBER (
		MEM_NO ASC
	);

ALTER TABLE MEMBER
	ADD
		CONSTRAINT PK_MEMBER
		PRIMARY KEY (
			MEM_NO
		);

/* 결제 */
CREATE TABLE PAYMENT (
	PAYMENT_NO NUMBER NOT NULL, /* 결제 부여 번호 */
	PROJ_NO NUMBER NOT NULL, /* 프로젝트 번호 */
	PAY_PLAN_NO NUMBER NOT NULL, /* 요금제 번호 */
	PAY_DATE DATE, /* 결제 일자 */
	PAY_CONT VARCHAR2(3000), /* 결제 내역 */
	EXPIRY_DAY NUMBER /* 결제 유효 기간 */
);

COMMENT ON TABLE PAYMENT IS '결제';

COMMENT ON COLUMN PAYMENT.PAYMENT_NO IS '결제 부여 번호';

COMMENT ON COLUMN PAYMENT.PROJ_NO IS '프로젝트 번호';

COMMENT ON COLUMN PAYMENT.PAY_PLAN_NO IS '요금제 번호';

COMMENT ON COLUMN PAYMENT.PAY_DATE IS '결제 일자';

COMMENT ON COLUMN PAYMENT.PAY_CONT IS '결제 내역';

COMMENT ON COLUMN PAYMENT.EXPIRY_DAY IS '결제 유효 기간';

CREATE UNIQUE INDEX PK_PAYMENT
	ON PAYMENT (
		PAYMENT_NO ASC
	);

ALTER TABLE PAYMENT
	ADD
		CONSTRAINT PK_PAYMENT
		PRIMARY KEY (
			PAYMENT_NO
		);

/* 프로젝트 */
CREATE TABLE PROJECT (
	PROJ_NO NUMBER NOT NULL, /* 프로젝트 번호 */
	MEM_NO NUMBER NOT NULL, /* 회원 번호 */
	PROJ_TITLE VARCHAR2(200) NOT NULL, /* 프로젝트 제목 */
	PROJ_CONT VARCHAR2(3000) NOT NULL, /* 프로젝트 내용 */
	PROJ_START_DATE DATE NOT NULL, /* 프로젝트 생성 일자 */
	PROJ_EST_END_DATE DATE, /* 프로젝트 예상 종료 일자 */
	ISSUE_PRIORITY_SET NUMBER NOT NULL, /* 이슈 중요도 설정 */
	PROJ_MODULE_SET NUMBER NOT NULL /* 프로젝트 모듈 설정 */
);

COMMENT ON TABLE PROJECT IS '프로젝트';

COMMENT ON COLUMN PROJECT.PROJ_NO IS '프로젝트 번호';

COMMENT ON COLUMN PROJECT.MEM_NO IS '회원 번호';

COMMENT ON COLUMN PROJECT.PROJ_TITLE IS '프로젝트 제목';

COMMENT ON COLUMN PROJECT.PROJ_CONT IS '프로젝트 내용';

COMMENT ON COLUMN PROJECT.PROJ_START_DATE IS '프로젝트 생성 일자';

COMMENT ON COLUMN PROJECT.PROJ_EST_END_DATE IS '프로젝트 예상 종료 일자';

COMMENT ON COLUMN PROJECT.ISSUE_PRIORITY_SET IS '이슈 중요도 설정';

COMMENT ON COLUMN PROJECT.PROJ_MODULE_SET IS '프로젝트 모듈 설정';

CREATE UNIQUE INDEX PK_PROJECT
	ON PROJECT (
		PROJ_NO ASC
	);

ALTER TABLE PROJECT
	ADD
		CONSTRAINT PK_PROJECT
		PRIMARY KEY (
			PROJ_NO
		);

/* FAQ */
CREATE TABLE FAQ (
	FAQ_NO NUMBER NOT NULL, /* 문의 번호 */
	QESTN VARCHAR2(3000) NOT NULL, /* 질문 */
	ANSWER VARCHAR2(3000) NOT NULL, /* 답변 */
	FAQ_DATE DATE NOT NULL, /* 작성일 */
	FAQ_PUBLIC_YN CHAR NOT NULL, /* 공개 여부 */
	FAQ_COUNT NUMBER, /* 조회수 */
	FAQ_TYPE VARCHAR2(50) NOT NULL /* 문의 유형 */
);

COMMENT ON TABLE FAQ IS 'FAQ';

COMMENT ON COLUMN FAQ.FAQ_NO IS '문의 번호';

COMMENT ON COLUMN FAQ.QESTN IS '질문';

COMMENT ON COLUMN FAQ.ANSWER IS '답변';

COMMENT ON COLUMN FAQ.FAQ_DATE IS '작성일';

COMMENT ON COLUMN FAQ.FAQ_PUBLIC_YN IS '공개 여부';

COMMENT ON COLUMN FAQ.FAQ_COUNT IS '조회수';

COMMENT ON COLUMN FAQ.FAQ_TYPE IS '문의 유형';

CREATE UNIQUE INDEX PK_FAQ
	ON FAQ (
		FAQ_NO ASC
	);

ALTER TABLE FAQ
	ADD
		CONSTRAINT PK_FAQ
		PRIMARY KEY (
			FAQ_NO
		);

/* 로그인 이력 */
CREATE TABLE LOGGED (
	LOGGED_NO NUMBER NOT NULL, /* 로그인 이력 번호 */
	MEM_NO NUMBER NOT NULL, /* 회원 번호 */
	IP_ADDR VARCHAR2(255) NOT NULL, /* 아이피 주소 */
	LOG_TIME DATE NOT NULL /* 접속 일자 */
);

COMMENT ON TABLE LOGGED IS '로그인 이력';

COMMENT ON COLUMN LOGGED.LOGGED_NO IS '로그인 이력 번호';

COMMENT ON COLUMN LOGGED.MEM_NO IS '회원 번호';

COMMENT ON COLUMN LOGGED.IP_ADDR IS '아이피 주소';

COMMENT ON COLUMN LOGGED.LOG_TIME IS '접속 일자';

CREATE UNIQUE INDEX PK_LOGGED
	ON LOGGED (
		LOGGED_NO ASC
	);

ALTER TABLE LOGGED
	ADD
		CONSTRAINT PK_LOGGED
		PRIMARY KEY (
			LOGGED_NO
		);

/* 프로젝트 멤버 */
CREATE TABLE PROJ_MEM (
	PROJ_MEM_NO NUMBER NOT NULL, /* 프로젝트 멤버 번호 */
	MEM_ROLE_NO NUMBER NOT NULL, /* 멤버 역할 번호 */
	PROJ_NO NUMBER, /* 프로젝트 번호 */
	PROJ_JOIN_DATE DATE NOT NULL, /* 프로젝트 참가 일자 */
	PROJ_DROP_DATE DATE, /* 프로젝트 탈퇴 일자 */
	PROJ_USER_NICK VARCHAR2(200) /* 프로젝트 유저 닉네임 */
);

COMMENT ON TABLE PROJ_MEM IS '프로젝트 멤버';

COMMENT ON COLUMN PROJ_MEM.PROJ_MEM_NO IS '프로젝트 멤버 번호';

COMMENT ON COLUMN PROJ_MEM.MEM_ROLE_NO IS '멤버 역할 번호';

COMMENT ON COLUMN PROJ_MEM.PROJ_NO IS '프로젝트 번호';

COMMENT ON COLUMN PROJ_MEM.PROJ_JOIN_DATE IS '프로젝트 참가 일자';

COMMENT ON COLUMN PROJ_MEM.PROJ_DROP_DATE IS '프로젝트 탈퇴 일자';

COMMENT ON COLUMN PROJ_MEM.PROJ_USER_NICK IS '프로젝트 유저 닉네임';

CREATE UNIQUE INDEX PK_PROJ_MEM
	ON PROJ_MEM (
		PROJ_MEM_NO ASC
	);

ALTER TABLE PROJ_MEM
	ADD
		CONSTRAINT PK_PROJ_MEM
		PRIMARY KEY (
			PROJ_MEM_NO
		);

/* 이슈 */
CREATE TABLE ISSUE (
	ISSUE_SID NUMBER NOT NULL, /* 이슈 고유 번호 */
	ISSUE_NO NUMBER NOT NULL, /* 이슈 번호 */
	MEM_NO NUMBER NOT NULL, /* 회원 번호 */
	PARENT_ISSUE NUMBER, /* 상위 이슈 */
	LABEL_NO NUMBER, /* 라벨 번호 */
	MILEST_SID NUMBER, /* 마일스톤 고유 번호 */
	PROJ_NO NUMBER NOT NULL, /* 프로젝트 번호 */
	ISSUE_TITLE VARCHAR2(200) NOT NULL, /* 이슈 제목 */
	ISSUE_CREATE_DATE DATE NOT NULL, /* 이슈 작성 일자 */
	ISSUE_START_DATE DATE, /* 이슈 시작 일자 */
	ISSUE_END_DATE DATE, /* 이슈 종료 일자 */
	ISSUE_STATUS CHAR NOT NULL, /* 이슈 상태 */
	PRIORITY NUMBER NOT NULL, /* 중요도 */
	PROGRESS NUMBER /* 진척도 */
);

COMMENT ON TABLE ISSUE IS '이슈';

COMMENT ON COLUMN ISSUE.ISSUE_SID IS '이슈 고유 번호';

COMMENT ON COLUMN ISSUE.ISSUE_NO IS '이슈 번호';

COMMENT ON COLUMN ISSUE.MEM_NO IS '회원 번호';

COMMENT ON COLUMN ISSUE.PARENT_ISSUE IS '상위 이슈';

COMMENT ON COLUMN ISSUE.LABEL_NO IS '라벨 번호';

COMMENT ON COLUMN ISSUE.MILEST_SID IS '마일스톤 고유 번호';

COMMENT ON COLUMN ISSUE.PROJ_NO IS '프로젝트 번호';

COMMENT ON COLUMN ISSUE.ISSUE_TITLE IS '이슈 제목';

COMMENT ON COLUMN ISSUE.ISSUE_CREATE_DATE IS '이슈 작성 일자';

COMMENT ON COLUMN ISSUE.ISSUE_START_DATE IS '이슈 시작 일자';

COMMENT ON COLUMN ISSUE.ISSUE_END_DATE IS '이슈 종료 일자';

COMMENT ON COLUMN ISSUE.ISSUE_STATUS IS '이슈 상태';

COMMENT ON COLUMN ISSUE.PRIORITY IS '중요도';

COMMENT ON COLUMN ISSUE.PROGRESS IS '진척도';

CREATE UNIQUE INDEX PK_ISSUE
	ON ISSUE (
		ISSUE_SID ASC
	);

ALTER TABLE ISSUE
	ADD
		CONSTRAINT PK_ISSUE
		PRIMARY KEY (
			ISSUE_SID
		);

/* 마일스톤 */
CREATE TABLE MILESTONE (
	MILEST_SID NUMBER NOT NULL, /* 마일스톤 고유 번호 */
	MEM_NO NUMBER NOT NULL, /* 회원 번호 */
	PROJ_NO NUMBER NOT NULL, /* 프로젝트 번호 */
	MILEST_NO NUMBER NOT NULL, /* 마일스톤 번호 */
	MILEST_TITLE VARCHAR2(200) NOT NULL, /* 마일스톤 제목 */
	MILEST_CONT VARCHAR2(3000) NOT NULL, /* 마일스톤 내용 */
	MILEST_DATE DATE NOT NULL, /* 마일스톤 작성 일자 */
	MILEST_START_DATE DATE, /* 마일스톤 시작 일자 */
	MILEST_END_DATE DATE /* 마일스톤 종료 일자 */
);

COMMENT ON TABLE MILESTONE IS '마일스톤';

COMMENT ON COLUMN MILESTONE.MILEST_SID IS '마일스톤 고유 번호';

COMMENT ON COLUMN MILESTONE.MEM_NO IS '회원 번호';

COMMENT ON COLUMN MILESTONE.PROJ_NO IS '프로젝트 번호';

COMMENT ON COLUMN MILESTONE.MILEST_NO IS '마일스톤 번호';

COMMENT ON COLUMN MILESTONE.MILEST_TITLE IS '마일스톤 제목';

COMMENT ON COLUMN MILESTONE.MILEST_CONT IS '마일스톤 내용';

COMMENT ON COLUMN MILESTONE.MILEST_DATE IS '마일스톤 작성 일자';

COMMENT ON COLUMN MILESTONE.MILEST_START_DATE IS '마일스톤 시작 일자';

COMMENT ON COLUMN MILESTONE.MILEST_END_DATE IS '마일스톤 종료 일자';

CREATE UNIQUE INDEX PK_MILESTONE
	ON MILESTONE (
		MILEST_SID ASC
	);

ALTER TABLE MILESTONE
	ADD
		CONSTRAINT PK_MILESTONE
		PRIMARY KEY (
			MILEST_SID
		);

/* 멤버 역할 */
CREATE TABLE MEM_ROLE (
	MEM_ROLE_NO NUMBER NOT NULL, /* 멤버 역할 번호 */
	PROJ_NO NUMBER NOT NULL, /* 프로젝트 번호 */
	BASIC_ROLE_TYPE VARCHAR2(50) NOT NULL /* 기본 역할 유형 */
);

COMMENT ON TABLE MEM_ROLE IS '멤버 역할';

COMMENT ON COLUMN MEM_ROLE.MEM_ROLE_NO IS '멤버 역할 번호';

COMMENT ON COLUMN MEM_ROLE.PROJ_NO IS '프로젝트 번호';

COMMENT ON COLUMN MEM_ROLE.BASIC_ROLE_TYPE IS '기본 역할 유형';

CREATE UNIQUE INDEX PK_MEM_ROLE
	ON MEM_ROLE (
		MEM_ROLE_NO ASC
	);

ALTER TABLE MEM_ROLE
	ADD
		CONSTRAINT PK_MEM_ROLE
		PRIMARY KEY (
			MEM_ROLE_NO
		);

/* 뉴스 */
CREATE TABLE NEWS (
	NEWS_SID NUMBER NOT NULL, /* 뉴스 고유 번호 */
	PROJ_NO NUMBER NOT NULL, /* 프로젝트 번호 */
	MEM_NO NUMBER NOT NULL, /* 회원 번호 */
	NEWS_NO NUMBER NOT NULL, /* 뉴스 번호 */
	NEWS_TITLE VARCHAR2(200) NOT NULL, /* 뉴스제목 */
	NEWS_CONT VARCHAR2(3000) NOT NULL, /* 뉴스내용 */
	NEWS_WRITE_DATE DATE NOT NULL /* 뉴스 작성 일자 */
);

COMMENT ON TABLE NEWS IS '뉴스';

COMMENT ON COLUMN NEWS.NEWS_SID IS '뉴스 고유 번호';

COMMENT ON COLUMN NEWS.PROJ_NO IS '프로젝트 번호';

COMMENT ON COLUMN NEWS.MEM_NO IS '회원 번호';

COMMENT ON COLUMN NEWS.NEWS_NO IS '뉴스 번호';

COMMENT ON COLUMN NEWS.NEWS_TITLE IS '뉴스제목';

COMMENT ON COLUMN NEWS.NEWS_CONT IS '뉴스내용';

COMMENT ON COLUMN NEWS.NEWS_WRITE_DATE IS '뉴스 작성 일자';

CREATE UNIQUE INDEX PK_NEWS
	ON NEWS (
		NEWS_SID ASC
	);

ALTER TABLE NEWS
	ADD
		CONSTRAINT PK_NEWS
		PRIMARY KEY (
			NEWS_SID
		);

/* 요금제 */
CREATE TABLE PAY_PLAN (
	PAY_PLAN_NO NUMBER NOT NULL, /* 요금제 번호 */
	PAY_PLAN_NAME VARCHAR2(200) NOT NULL, /* 요금제 이름 */
	PAY_PLAN_CONT CLOB NOT NULL, /* 요금제 내용 */
	PAY_PLAN_PRICE NUMBER NOT NULL /* 요금제 금액 */
);

COMMENT ON TABLE PAY_PLAN IS '요금제';

COMMENT ON COLUMN PAY_PLAN.PAY_PLAN_NO IS '요금제 번호';

COMMENT ON COLUMN PAY_PLAN.PAY_PLAN_NAME IS '요금제 이름';

COMMENT ON COLUMN PAY_PLAN.PAY_PLAN_CONT IS '요금제 내용';

COMMENT ON COLUMN PAY_PLAN.PAY_PLAN_PRICE IS '요금제 금액';

CREATE UNIQUE INDEX PK_PAY_PLAN
	ON PAY_PLAN (
		PAY_PLAN_NO ASC
	);

ALTER TABLE PAY_PLAN
	ADD
		CONSTRAINT PK_PAY_PLAN
		PRIMARY KEY (
			PAY_PLAN_NO
		);

/* 뉴스 댓글 */
CREATE TABLE NEWS_COMMENT (
	NEWS_COM_NO NUMBER NOT NULL, /* 뉴스 댓글 번호 */
	NEWS_SID NUMBER NOT NULL, /* 뉴스 고유 번호 */
	MEM_NO NUMBER NOT NULL, /* 회원 번호 */
	NEWS_COM_CONT VARCHAR2(3000) NOT NULL, /* 뉴스 댓글 내용 */
	NEWS_COM_DATE DATE NOT NULL /* 뉴스 댓글 작성 일자 */
);

COMMENT ON TABLE NEWS_COMMENT IS '뉴스 댓글';

COMMENT ON COLUMN NEWS_COMMENT.NEWS_COM_NO IS '뉴스 댓글 번호';

COMMENT ON COLUMN NEWS_COMMENT.NEWS_SID IS '뉴스 고유 번호';

COMMENT ON COLUMN NEWS_COMMENT.MEM_NO IS '회원 번호';

COMMENT ON COLUMN NEWS_COMMENT.NEWS_COM_CONT IS '뉴스 댓글 내용';

COMMENT ON COLUMN NEWS_COMMENT.NEWS_COM_DATE IS '뉴스 댓글 작성 일자';

CREATE UNIQUE INDEX PK_NEWS_COMMENT
	ON NEWS_COMMENT (
		NEWS_COM_NO ASC
	);

ALTER TABLE NEWS_COMMENT
	ADD
		CONSTRAINT PK_NEWS_COMMENT
		PRIMARY KEY (
			NEWS_COM_NO
		);

/* 채팅방 */
CREATE TABLE CHAT_ROOM (
	CHATROOM_NO NUMBER NOT NULL, /* 채팅방 번호 */
	PROJ_NO NUMBER, /* 프로젝트 번호 */
	CHATROOM_TITLE VARCHAR2(200) NOT NULL, /* 채팅방 제목 */
	CHATROOM_PUBLIC_YN CHAR NOT NULL /* 채팅방 공개 여부 */
);

COMMENT ON TABLE CHAT_ROOM IS '채팅방';

COMMENT ON COLUMN CHAT_ROOM.CHATROOM_NO IS '채팅방 번호';

COMMENT ON COLUMN CHAT_ROOM.PROJ_NO IS '프로젝트 번호';

COMMENT ON COLUMN CHAT_ROOM.CHATROOM_TITLE IS '채팅방 제목';

COMMENT ON COLUMN CHAT_ROOM.CHATROOM_PUBLIC_YN IS '채팅방 공개 여부';

CREATE UNIQUE INDEX PK_CHAT_ROOM
	ON CHAT_ROOM (
		CHATROOM_NO ASC
	);

ALTER TABLE CHAT_ROOM
	ADD
		CONSTRAINT PK_CHAT_ROOM
		PRIMARY KEY (
			CHATROOM_NO
		);

/* 칸반 카드 */
CREATE TABLE KANBAN_CARD (
	KB_CARD_NO NUMBER NOT NULL, /* 칸반 카드 번호 */
	KB_CARD_PRIV_NO NUMBER, /* 이전 칸반 카드 번호 */
	MEM_NO NUMBER, /* 회원 번호 */
	KB_COL_NO NUMBER NOT NULL, /* 칸반 컬럼 번호 */
	ISSUE_SID NUMBER, /* 이슈 고유 번호 */
	KB_CARD_CONT VARCHAR2(3000), /* 칸반 카드 내용 */
	KB_CARD_WRITE_DATE DATE NOT NULL /* 칸반카드 등록 일자 */
);

COMMENT ON TABLE KANBAN_CARD IS '칸반 카드';

COMMENT ON COLUMN KANBAN_CARD.KB_CARD_NO IS '칸반 카드 번호';

COMMENT ON COLUMN KANBAN_CARD.KB_CARD_PRIV_NO IS '이전 칸반 카드 번호';

COMMENT ON COLUMN KANBAN_CARD.MEM_NO IS '회원 번호';

COMMENT ON COLUMN KANBAN_CARD.KB_COL_NO IS '칸반 컬럼 번호';

COMMENT ON COLUMN KANBAN_CARD.ISSUE_SID IS '이슈 고유 번호';

COMMENT ON COLUMN KANBAN_CARD.KB_CARD_CONT IS '칸반 카드 내용';

COMMENT ON COLUMN KANBAN_CARD.KB_CARD_WRITE_DATE IS '칸반카드 등록 일자';

CREATE UNIQUE INDEX PK_KANBAN_CARD
	ON KANBAN_CARD (
		KB_CARD_NO ASC
	);

ALTER TABLE KANBAN_CARD
	ADD
		CONSTRAINT PK_KANBAN_CARD
		PRIMARY KEY (
			KB_CARD_NO
		);

/* 칸반 컬럼 */
CREATE TABLE KANBAN_COL (
	KB_COL_NO NUMBER NOT NULL, /* 칸반 컬럼 번호 */
	KB_COL_PRIV_NO NUMBER, /* 이전 칸반 컬럼 번호 */
	MEM_NO NUMBER, /* 회원 번호 */
	PROJ_NO NUMBER NOT NULL, /* 프로젝트 번호 */
	KB_COL_NAME VARCHAR2(200) NOT NULL /* 칸반 컬럼 이름 */
);

COMMENT ON TABLE KANBAN_COL IS '칸반 컬럼';

COMMENT ON COLUMN KANBAN_COL.KB_COL_NO IS '칸반 컬럼 번호';

COMMENT ON COLUMN KANBAN_COL.KB_COL_PRIV_NO IS '이전 칸반 컬럼 번호';

COMMENT ON COLUMN KANBAN_COL.MEM_NO IS '회원 번호';

COMMENT ON COLUMN KANBAN_COL.PROJ_NO IS '프로젝트 번호';

COMMENT ON COLUMN KANBAN_COL.KB_COL_NAME IS '칸반 컬럼 이름';

CREATE UNIQUE INDEX PK_KANBAN_COL
	ON KANBAN_COL (
		KB_COL_NO ASC
	);

ALTER TABLE KANBAN_COL
	ADD
		CONSTRAINT PK_KANBAN_COL
		PRIMARY KEY (
			KB_COL_NO
		);

/* 채팅 */
CREATE TABLE CHAT (
	CHAT_NO NUMBER NOT NULL, /* 채팅 번호 */
	CHATROOM_NO NUMBER NOT NULL, /* 채팅방 번호 */
	CHAT_WRITER NUMBER NOT NULL, /* 채팅 발신자 */
	CHAT_CONT VARCHAR2(3000) NOT NULL, /* 채팅 내용 */
	CHAT_SEND_DATE DATE NOT NULL /* 채팅 발송 일자 */
);

COMMENT ON TABLE CHAT IS '채팅';

COMMENT ON COLUMN CHAT.CHAT_NO IS '채팅 번호';

COMMENT ON COLUMN CHAT.CHATROOM_NO IS '채팅방 번호';

COMMENT ON COLUMN CHAT.CHAT_WRITER IS '채팅 발신자';

COMMENT ON COLUMN CHAT.CHAT_CONT IS '채팅 내용';

COMMENT ON COLUMN CHAT.CHAT_SEND_DATE IS '채팅 발송 일자';

CREATE UNIQUE INDEX PK_CHAT
	ON CHAT (
		CHAT_NO ASC
	);

ALTER TABLE CHAT
	ADD
		CONSTRAINT PK_CHAT
		PRIMARY KEY (
			CHAT_NO
		);

/* 채팅 참여 멤버 */
CREATE TABLE MEM_CHAT (
	MEM_NO NUMBER NOT NULL, /* 회원 번호 */
	CHATROOM_NO NUMBER NOT NULL, /* 채팅방 번호 */
	CHAT_HEAD_YN CHAR NOT NULL /* 채팅 방장 여부 */
);

COMMENT ON TABLE MEM_CHAT IS '채팅 참여 멤버';

COMMENT ON COLUMN MEM_CHAT.MEM_NO IS '회원 번호';

COMMENT ON COLUMN MEM_CHAT.CHATROOM_NO IS '채팅방 번호';

COMMENT ON COLUMN MEM_CHAT.CHAT_HEAD_YN IS '채팅 방장 여부';

/* 위키 */
CREATE TABLE WIKI (
	WIKI_SID NUMBER NOT NULL, /* 위키 고유 번호 */
	PARENT_WIKI NUMBER, /* 상위 위키 고유 번호 */
	MEM_NO NUMBER NOT NULL, /* 회원 번호 */
	PROJ_NO NUMBER NOT NULL, /* 프로젝트 번호 */
	WIKI_NO NUMBER NOT NULL, /* 위키 번호 */
	WIKI_CONT VARCHAR2(3000) NOT NULL, /* 위키 내용 */
	WIKI_WRITE_DATE DATE NOT NULL /* 위키 작성 일자 */
);

COMMENT ON TABLE WIKI IS '위키';

COMMENT ON COLUMN WIKI.WIKI_SID IS '위키 고유 번호';

COMMENT ON COLUMN WIKI.PARENT_WIKI IS '상위 위키 고유 번호';

COMMENT ON COLUMN WIKI.MEM_NO IS '회원 번호';

COMMENT ON COLUMN WIKI.PROJ_NO IS '프로젝트 번호';

COMMENT ON COLUMN WIKI.WIKI_NO IS '위키 번호';

COMMENT ON COLUMN WIKI.WIKI_CONT IS '위키 내용';

COMMENT ON COLUMN WIKI.WIKI_WRITE_DATE IS '위키 작성 일자';

CREATE UNIQUE INDEX PK_WIKI
	ON WIKI (
		WIKI_SID ASC
	);

ALTER TABLE WIKI
	ADD
		CONSTRAINT PK_WIKI
		PRIMARY KEY (
			WIKI_SID
		);

/* 일대일문의 */
CREATE TABLE INQUIRY (
	INQ_NO NUMBER NOT NULL, /* 일대일 문의 번호 */
	MEM_NO NUMBER NOT NULL, /* 회원 번호 */
	INQ_CONT VARCHAR2(3000) NOT NULL, /* 문의 내용 */
	INQ_DATE DATE NOT NULL, /* 문의 일자 */
	INQ_STATUS_YN CHAR NOT NULL /* 문의 상태 */
);

COMMENT ON TABLE INQUIRY IS '일대일문의';

COMMENT ON COLUMN INQUIRY.INQ_NO IS '일대일 문의 번호';

COMMENT ON COLUMN INQUIRY.MEM_NO IS '회원 번호';

COMMENT ON COLUMN INQUIRY.INQ_CONT IS '문의 내용';

COMMENT ON COLUMN INQUIRY.INQ_DATE IS '문의 일자';

COMMENT ON COLUMN INQUIRY.INQ_STATUS_YN IS '문의 상태';

CREATE UNIQUE INDEX PK_INQUIRY
	ON INQUIRY (
		INQ_NO ASC
	);

ALTER TABLE INQUIRY
	ADD
		CONSTRAINT PK_INQUIRY
		PRIMARY KEY (
			INQ_NO
		);

/* 일대일문의 댓글 */
CREATE TABLE INQUIRY_COMMENT (
	INQ_COM_NO NUMBER NOT NULL, /* 문의 댓글 번호 */
	INQ_NO NUMBER NOT NULL, /* 일대일 문의 번호 */
	PROV_ID VARCHAR2(200) NOT NULL, /* 운영자 아이디 */
	INQ_COM_CONT VARCHAR2(500) NOT NULL, /* 댓글 내용 */
	INQ_COM_DATE DATE NOT NULL /* 댓글 작성 일자 */
);

COMMENT ON TABLE INQUIRY_COMMENT IS '일대일문의 댓글';

COMMENT ON COLUMN INQUIRY_COMMENT.INQ_COM_NO IS '문의 댓글 번호';

COMMENT ON COLUMN INQUIRY_COMMENT.INQ_NO IS '일대일 문의 번호';

COMMENT ON COLUMN INQUIRY_COMMENT.PROV_ID IS '운영자 아이디';

COMMENT ON COLUMN INQUIRY_COMMENT.INQ_COM_CONT IS '댓글 내용';

COMMENT ON COLUMN INQUIRY_COMMENT.INQ_COM_DATE IS '댓글 작성 일자';

CREATE UNIQUE INDEX PK_INQUIRY_COMMENT
	ON INQUIRY_COMMENT (
		INQ_COM_NO ASC
	);

ALTER TABLE INQUIRY_COMMENT
	ADD
		CONSTRAINT PK_INQUIRY_COMMENT
		PRIMARY KEY (
			INQ_COM_NO
		);

/* 이슈 히스토리 */
CREATE TABLE ISSUE_HISTORY (
	ISSUE_HIS_NO NUMBER NOT NULL, /* 이슈 히스토리 번호 */
	ISSUE_SID NUMBER NOT NULL, /* 이슈 고유 번호 */
	MEM_NO NUMBER NOT NULL, /* 회원 번호 */
	ISSUE_HIS_CONT VARCHAR2(3000) NOT NULL, /* 이슈 히스토리 내용 */
	ISSUE_HIS_DATE DATE NOT NULL, /* 이슈 히스토리 작성일자 */
	ISSUE_HIS_TYPE VARCHAR2(50) NOT NULL /* 이슈 히스토리 유형 */
);

COMMENT ON TABLE ISSUE_HISTORY IS '이슈 히스토리';

COMMENT ON COLUMN ISSUE_HISTORY.ISSUE_HIS_NO IS '이슈 히스토리 번호';

COMMENT ON COLUMN ISSUE_HISTORY.ISSUE_SID IS '이슈 고유 번호';

COMMENT ON COLUMN ISSUE_HISTORY.MEM_NO IS '회원 번호';

COMMENT ON COLUMN ISSUE_HISTORY.ISSUE_HIS_CONT IS '이슈 히스토리 내용';

COMMENT ON COLUMN ISSUE_HISTORY.ISSUE_HIS_DATE IS '이슈 히스토리 작성일자';

COMMENT ON COLUMN ISSUE_HISTORY.ISSUE_HIS_TYPE IS '이슈 히스토리 유형';

CREATE UNIQUE INDEX PK_ISSUE_HISTORY
	ON ISSUE_HISTORY (
		ISSUE_HIS_NO ASC
	);

ALTER TABLE ISSUE_HISTORY
	ADD
		CONSTRAINT PK_ISSUE_HISTORY
		PRIMARY KEY (
			ISSUE_HIS_NO
		);

/* 라벨 */
CREATE TABLE LABEL (
	LABEL_NO NUMBER NOT NULL, /* 라벨 번호 */
	PROJ_NO NUMBER, /* 프로젝트 번호 */
	LABEL_NAME VARCHAR2(200) NOT NULL /* 라벨 이름 */
);

COMMENT ON TABLE LABEL IS '라벨';

COMMENT ON COLUMN LABEL.LABEL_NO IS '라벨 번호';

COMMENT ON COLUMN LABEL.PROJ_NO IS '프로젝트 번호';

COMMENT ON COLUMN LABEL.LABEL_NAME IS '라벨 이름';

CREATE UNIQUE INDEX PK_LABEL
	ON LABEL (
		LABEL_NO ASC
	);

ALTER TABLE LABEL
	ADD
		CONSTRAINT PK_LABEL
		PRIMARY KEY (
			LABEL_NO
		);

/* 이슈 담당자 */
CREATE TABLE ISSUE_ASSIGNEE (
	ISSUE_ASIN_NO NUMBER NOT NULL, /* 이슈 담당자 번호 */
	MEM_NO NUMBER NOT NULL, /* 회원 번호 */
	ISSUE_SID NUMBER NOT NULL /* 이슈 고유 번호 */
);

COMMENT ON TABLE ISSUE_ASSIGNEE IS '이슈 담당자';

COMMENT ON COLUMN ISSUE_ASSIGNEE.ISSUE_ASIN_NO IS '이슈 담당자 번호';

COMMENT ON COLUMN ISSUE_ASSIGNEE.MEM_NO IS '회원 번호';

COMMENT ON COLUMN ISSUE_ASSIGNEE.ISSUE_SID IS '이슈 고유 번호';

CREATE UNIQUE INDEX PK_ISSUE_ASSIGNEE
	ON ISSUE_ASSIGNEE (
		ISSUE_ASIN_NO ASC
	);

ALTER TABLE ISSUE_ASSIGNEE
	ADD
		CONSTRAINT PK_ISSUE_ASSIGNEE
		PRIMARY KEY (
			ISSUE_ASIN_NO
		);

/* 알림 */
CREATE TABLE ALARM (
	ALARM_NO NUMBER NOT NULL, /* 알림 번호 */
	MEM_NO NUMBER NOT NULL, /* 회원 번호 */
	ALARM_CONT VARCHAR2(300) NOT NULL, /* 알림 내용 */
	ALARM_CREATE_DATE DATE NOT NULL, /* 알림 생성 시간 */
	ALARM_CHK_DATE DATE, /* 알림 확인 일자 */
	ALARM_TYPE VARCHAR2(50) NOT NULL /* 알림 유형 */
);

COMMENT ON TABLE ALARM IS '알림';

COMMENT ON COLUMN ALARM.ALARM_NO IS '알림 번호';

COMMENT ON COLUMN ALARM.MEM_NO IS '회원 번호';

COMMENT ON COLUMN ALARM.ALARM_CONT IS '알림 내용';

COMMENT ON COLUMN ALARM.ALARM_CREATE_DATE IS '알림 생성 시간';

COMMENT ON COLUMN ALARM.ALARM_CHK_DATE IS '알림 확인 일자';

COMMENT ON COLUMN ALARM.ALARM_TYPE IS '알림 유형';

CREATE UNIQUE INDEX PK_ALARM
	ON ALARM (
		ALARM_NO ASC
	);

ALTER TABLE ALARM
	ADD
		CONSTRAINT PK_ALARM
		PRIMARY KEY (
			ALARM_NO
		);

/* 보호자원 */
CREATE TABLE PROPTIS (
	PROPTIS_NO NUMBER NOT NULL, /* 보호자원 번호 */
	PROPTIS_NAME VARCHAR2(200) NOT NULL, /* 보호자원 이름 */
	PROPTIS_SORT VARCHAR2(200), /* 보호자원 구분 */
	PROPTIS_PRIORITY NUMBER, /* 보호자원 우선순위 */
	PROPTIS_EXPLAIN VARCHAR2(500) /* 보호자원 설명 */
);

COMMENT ON TABLE PROPTIS IS '보호자원';

COMMENT ON COLUMN PROPTIS.PROPTIS_NO IS '보호자원 번호';

COMMENT ON COLUMN PROPTIS.PROPTIS_NAME IS '보호자원 이름';

COMMENT ON COLUMN PROPTIS.PROPTIS_SORT IS '보호자원 구분';

COMMENT ON COLUMN PROPTIS.PROPTIS_PRIORITY IS '보호자원 우선순위';

COMMENT ON COLUMN PROPTIS.PROPTIS_EXPLAIN IS '보호자원 설명';

CREATE UNIQUE INDEX PK_PROPTIS
	ON PROPTIS (
		PROPTIS_NO ASC
	);

ALTER TABLE PROPTIS
	ADD
		CONSTRAINT PK_PROPTIS
		PRIMARY KEY (
			PROPTIS_NO
		);

/* 저장소 */
CREATE TABLE REPOSITORY (
	REPO_NO NUMBER NOT NULL, /* 저장소 번호 */
	PROJ_NO NUMBER NOT NULL, /* 프로젝트 번호 */
	REPO_URL VARCHAR2(500), /* 저장소 경로 */
	REPO_TOKEN VARCHAR2(300), /* 저장소 토큰 */
	REPO_TYPE VARCHAR2(50) NOT NULL /* 저장소 유형 */
);

COMMENT ON TABLE REPOSITORY IS '저장소';

COMMENT ON COLUMN REPOSITORY.REPO_NO IS '저장소 번호';

COMMENT ON COLUMN REPOSITORY.PROJ_NO IS '프로젝트 번호';

COMMENT ON COLUMN REPOSITORY.REPO_URL IS '저장소 경로';

COMMENT ON COLUMN REPOSITORY.REPO_TOKEN IS '저장소 토큰';

COMMENT ON COLUMN REPOSITORY.REPO_TYPE IS '저장소 유형';

CREATE UNIQUE INDEX PK_REPOSITORY
	ON REPOSITORY (
		REPO_NO ASC
	);

ALTER TABLE REPOSITORY
	ADD
		CONSTRAINT PK_REPOSITORY
		PRIMARY KEY (
			REPO_NO
		);

/* 자원 역할 */
CREATE TABLE PROPTIS_ROLE (
	PROPTIS_NO NUMBER, /* 보호자원 번호 */
	MEM_ROLE_NO NUMBER, /* 멤버 역할 번호 */
	AUTHOR NUMBER /* 권한 */
);

COMMENT ON TABLE PROPTIS_ROLE IS '자원 역할';

COMMENT ON COLUMN PROPTIS_ROLE.PROPTIS_NO IS '보호자원 번호';

COMMENT ON COLUMN PROPTIS_ROLE.MEM_ROLE_NO IS '멤버 역할 번호';

COMMENT ON COLUMN PROPTIS_ROLE.AUTHOR IS '권한';

/* 환불 정책 */
CREATE TABLE REFUND_POLICY (
	REFUND_POL_NO NUMBER NOT NULL, /* 환불 정책 번호 */
	REFUND_POL_CONT VARCHAR2(3000) /* 환불 정책 내용 */
);

COMMENT ON TABLE REFUND_POLICY IS '환불 정책';

COMMENT ON COLUMN REFUND_POLICY.REFUND_POL_NO IS '환불 정책 번호';

COMMENT ON COLUMN REFUND_POLICY.REFUND_POL_CONT IS '환불 정책 내용';

CREATE UNIQUE INDEX PK_REFUND_POLICY
	ON REFUND_POLICY (
		REFUND_POL_NO ASC
	);

ALTER TABLE REFUND_POLICY
	ADD
		CONSTRAINT PK_REFUND_POLICY
		PRIMARY KEY (
			REFUND_POL_NO
		);

/* 환불 */
CREATE TABLE REFUND (
	REFUND_NO NUMBER NOT NULL, /* 환불 번호 */
	REFUND_POL_NO NUMBER, /* 환불 정책 번호 */
	PROJ_NO NUMBER, /* 프로젝트 번호 */
	PAYMENT_NO NUMBER, /* 결제 부여 번호 */
	REFUND_DATE DATE, /* 환불 일자 */
	REFUND_CONT VARCHAR2(3000), /* 환불 내역 */
	PAY_CANCLE_DATE DATE /* 결제 취소 일자 */
);

COMMENT ON TABLE REFUND IS '환불';

COMMENT ON COLUMN REFUND.REFUND_NO IS '환불 번호';

COMMENT ON COLUMN REFUND.REFUND_POL_NO IS '환불 정책 번호';

COMMENT ON COLUMN REFUND.PROJ_NO IS '프로젝트 번호';

COMMENT ON COLUMN REFUND.PAYMENT_NO IS '결제 부여 번호';

COMMENT ON COLUMN REFUND.REFUND_DATE IS '환불 일자';

COMMENT ON COLUMN REFUND.REFUND_CONT IS '환불 내역';

COMMENT ON COLUMN REFUND.PAY_CANCLE_DATE IS '결제 취소 일자';

CREATE UNIQUE INDEX PK_REFUND
	ON REFUND (
		REFUND_NO ASC
	);

ALTER TABLE REFUND
	ADD
		CONSTRAINT PK_REFUND
		PRIMARY KEY (
			REFUND_NO
		);

/* 문의 카테고리 */
CREATE TABLE FAQ_CATEGORY (
	FAQ_CTGRY_NO NUMBER NOT NULL, /* 문의 카테고리 번호 */
	FAQ_CTGRY_NAME VARCHAR2(200) /* 문의 카테고리 이름 */
);

COMMENT ON TABLE FAQ_CATEGORY IS '문의 카테고리';

COMMENT ON COLUMN FAQ_CATEGORY.FAQ_CTGRY_NO IS '문의 카테고리 번호';

COMMENT ON COLUMN FAQ_CATEGORY.FAQ_CTGRY_NAME IS '문의 카테고리 이름';

CREATE UNIQUE INDEX PK_FAQ_CATEGORY
	ON FAQ_CATEGORY (
		FAQ_CTGRY_NO ASC
	);

ALTER TABLE FAQ_CATEGORY
	ADD
		CONSTRAINT PK_FAQ_CATEGORY
		PRIMARY KEY (
			FAQ_CTGRY_NO
		);

/* 운영자 */
CREATE TABLE PROVIDER (
	PROV_ID VARCHAR2(200) NOT NULL, /* 운영자 아이디 */
	PROV_PASS VARCHAR2(500) NOT NULL, /* 운영자 비밀번호 */
	PROV_NAME VARCHAR2(200) NOT NULL /* 운영자 이름 */
);

COMMENT ON TABLE PROVIDER IS '운영자';

COMMENT ON COLUMN PROVIDER.PROV_ID IS '운영자 아이디';

COMMENT ON COLUMN PROVIDER.PROV_PASS IS '운영자 비밀번호';

COMMENT ON COLUMN PROVIDER.PROV_NAME IS '운영자 이름';

CREATE UNIQUE INDEX PK_PROVIDER
	ON PROVIDER (
		PROV_ID ASC
	);

ALTER TABLE PROVIDER
	ADD
		CONSTRAINT PK_PROVIDER
		PRIMARY KEY (
			PROV_ID
		);

/* 공통 코드 그룹 */
CREATE TABLE COM_CODE_GRP (
	COM_CODE_GRP VARCHAR2(50) NOT NULL, /* 공통 코드 그룹 */
	COM_CODE_GRP_NM VARCHAR2(200) NOT NULL, /* 코드 그룹 명 */
	CODE_GRP_DESC VARCHAR2(500) NOT NULL, /* 코드 그룹 설명 */
	USE_YN CHAR NOT NULL /* 사용 여부 */
);

COMMENT ON TABLE COM_CODE_GRP IS '공통 코드 그룹';

COMMENT ON COLUMN COM_CODE_GRP.COM_CODE_GRP IS '공통 코드 그룹';

COMMENT ON COLUMN COM_CODE_GRP.COM_CODE_GRP_NM IS '코드 그룹 명';

COMMENT ON COLUMN COM_CODE_GRP.CODE_GRP_DESC IS '코드 그룹 설명';

COMMENT ON COLUMN COM_CODE_GRP.USE_YN IS '사용 여부';

CREATE UNIQUE INDEX PK_COM_CODE_GRP
	ON COM_CODE_GRP (
		COM_CODE_GRP ASC
	);

ALTER TABLE COM_CODE_GRP
	ADD
		CONSTRAINT PK_COM_CODE_GRP
		PRIMARY KEY (
			COM_CODE_GRP
		);

/* 공통 코드 */
CREATE TABLE COM_CODE (
	COM_CODE_GRP VARCHAR2(50) NOT NULL, /* 공통 코드 그룹 */
	COM_CODE VARCHAR2(50) NOT NULL, /* 공통 코드 */
	COM_CODE_NM VARCHAR2(200) NOT NULL, /* 공통 코드 명 */
	COM_CODE_DESC VARCHAR2(500) NOT NULL, /* 공통 코드 설명 */
	USE_YN CHAR NOT NULL /* 사용 여부 */
);

COMMENT ON TABLE COM_CODE IS '공통 코드';

COMMENT ON COLUMN COM_CODE.COM_CODE_GRP IS '공통 코드 그룹';

COMMENT ON COLUMN COM_CODE.COM_CODE IS '공통 코드';

COMMENT ON COLUMN COM_CODE.COM_CODE_NM IS '공통 코드 명';

COMMENT ON COLUMN COM_CODE.COM_CODE_DESC IS '공통 코드 설명';

COMMENT ON COLUMN COM_CODE.USE_YN IS '사용 여부';

CREATE UNIQUE INDEX PK_COM_CODE
	ON COM_CODE (
		COM_CODE_GRP ASC,
		COM_CODE ASC
	);

ALTER TABLE COM_CODE
	ADD
		CONSTRAINT PK_COM_CODE
		PRIMARY KEY (
			COM_CODE_GRP,
			COM_CODE
		);

/* 통합 첨부 파일 */
CREATE TABLE ATTACH_FILE (
	ATCH_FILE_NO NUMBER NOT NULL, /* 통합 첨부파일 번호 */
	ATCH_FILE_SEQ NUMBER NOT NULL, /* 첨부파일 순번 */
	FILE_CONT_TYPE NUMBER, /* 파일 유형 */
	REG_USER_ID VARCHAR2(200) NOT NULL, /* 등록자 ID */
	FILE_NM VARCHAR2(200) NOT NULL, /* 파일 명 */
	FILE_DOWN_CNT NUMBER NOT NULL, /* 다운 횟수 */
	BIZ_TYPE VARCHAR2(200) NOT NULL, /* 업무 구분 */
	FILE_SIZE NUMBER(10) NOT NULL, /* 파일 크기 */
	FILE_PATH VARCHAR2(500) NOT NULL, /* 파일 경로 */
	REG_DATE DATE NOT NULL, /* 등록 일자 */
	SAVE_FILE_NM VARCHAR2(200) NOT NULL, /* 저장 파일 명 */
	UPD_DATE DATE, /* 수정 일자 */
	UPD_USER_ID VARCHAR2(200) /* 수정자 ID */
);

COMMENT ON TABLE ATTACH_FILE IS '통합 첨부 파일';

COMMENT ON COLUMN ATTACH_FILE.ATCH_FILE_NO IS '통합 첨부파일 번호';

COMMENT ON COLUMN ATTACH_FILE.ATCH_FILE_SEQ IS '첨부파일 순번';

COMMENT ON COLUMN ATTACH_FILE.FILE_CONT_TYPE IS '파일 유형';

COMMENT ON COLUMN ATTACH_FILE.REG_USER_ID IS '등록자 ID';

COMMENT ON COLUMN ATTACH_FILE.FILE_NM IS '파일 명';

COMMENT ON COLUMN ATTACH_FILE.FILE_DOWN_CNT IS '다운 횟수';

COMMENT ON COLUMN ATTACH_FILE.BIZ_TYPE IS '업무 구분';

COMMENT ON COLUMN ATTACH_FILE.FILE_SIZE IS '파일 크기';

COMMENT ON COLUMN ATTACH_FILE.FILE_PATH IS '파일 경로';

COMMENT ON COLUMN ATTACH_FILE.REG_DATE IS '등록 일자';

COMMENT ON COLUMN ATTACH_FILE.SAVE_FILE_NM IS '저장 파일 명';

COMMENT ON COLUMN ATTACH_FILE.UPD_DATE IS '수정 일자';

COMMENT ON COLUMN ATTACH_FILE.UPD_USER_ID IS '수정자 ID';

CREATE UNIQUE INDEX PK_ATTACH_FILE
	ON ATTACH_FILE (
		ATCH_FILE_NO ASC,
		ATCH_FILE_SEQ ASC
	);

ALTER TABLE ATTACH_FILE
	ADD
		CONSTRAINT PK_ATTACH_FILE
		PRIMARY KEY (
			ATCH_FILE_NO,
			ATCH_FILE_SEQ
		);

/* 메뉴 */
CREATE TABLE MENU (
	MENU_ID VARCHAR2(200) NOT NULL, /* 메뉴 ID */
	UPPER_MENU_ID VARCHAR2(200), /* 상위 메뉴 ID */
	MENU_SE VARCHAR2(200) NOT NULL, /* 메뉴 구분 */
	MENU_ORD NUMBER NOT NULL, /* 메뉴 순서 */
	MENU_NM VARCHAR2(200) NOT NULL, /* 메뉴 명 */
	MENU_DESC VARCHAR2(500) NOT NULL, /* 메뉴 설명 */
	MENU_URL VARCHAR2(100) NOT NULL, /* 메뉴 URL */
	USE_YN CHAR NOT NULL /* 사용 여부 */
);

COMMENT ON TABLE MENU IS '메뉴';

COMMENT ON COLUMN MENU.MENU_ID IS '메뉴 ID';

COMMENT ON COLUMN MENU.UPPER_MENU_ID IS '상위 메뉴 ID';

COMMENT ON COLUMN MENU.MENU_SE IS '메뉴 구분';

COMMENT ON COLUMN MENU.MENU_ORD IS '메뉴 순서';

COMMENT ON COLUMN MENU.MENU_NM IS '메뉴 명';

COMMENT ON COLUMN MENU.MENU_DESC IS '메뉴 설명';

COMMENT ON COLUMN MENU.MENU_URL IS '메뉴 URL';

COMMENT ON COLUMN MENU.USE_YN IS '사용 여부';

CREATE UNIQUE INDEX PK_MENU
	ON MENU (
		MENU_ID ASC
	);

ALTER TABLE MENU
	ADD
		CONSTRAINT PK_MENU
		PRIMARY KEY (
			MENU_ID
		);

/* 권한별 메뉴 할당 */
CREATE TABLE MENU_ASSIGN (
	AUTH_GRP_CODE VARCHAR2(50) NOT NULL, /* 권한 그룹 코드 */
	MENU_ID VARCHAR2(200) NOT NULL, /* 메뉴 ID */
	READ_YN CHAR NOT NULL, /* 읽기 가능 여부 */
	WRITE_YN CHAR NOT NULL, /* 쓰기 가능 여부 */
	DELETE_YN CHAR NOT NULL /* 삭제 가능 여부 */
);

COMMENT ON TABLE MENU_ASSIGN IS '권한별 메뉴 할당';

COMMENT ON COLUMN MENU_ASSIGN.AUTH_GRP_CODE IS '권한 그룹 코드';

COMMENT ON COLUMN MENU_ASSIGN.MENU_ID IS '메뉴 ID';

COMMENT ON COLUMN MENU_ASSIGN.READ_YN IS '읽기 가능 여부';

COMMENT ON COLUMN MENU_ASSIGN.WRITE_YN IS '쓰기 가능 여부';

COMMENT ON COLUMN MENU_ASSIGN.DELETE_YN IS '삭제 가능 여부';

CREATE UNIQUE INDEX PK_MENU_ASSIGN
	ON MENU_ASSIGN (
		AUTH_GRP_CODE ASC,
		MENU_ID ASC
	);

ALTER TABLE MENU_ASSIGN
	ADD
		CONSTRAINT PK_MENU_ASSIGN
		PRIMARY KEY (
			AUTH_GRP_CODE,
			MENU_ID
		);

/* 권한 그룹 */
CREATE TABLE AUTH_CODE (
	AUTH_GRP_CODE VARCHAR2(50) NOT NULL, /* 권한 그룹 코드 */
	AUTH_GRP_NM VARCHAR2(200) NOT NULL, /* 권한 그룹 이름 */
	AUTH_GRP_DESC VARCHAR2(500) NOT NULL /* 권한 그룹 설명 */
);

COMMENT ON TABLE AUTH_CODE IS '권한 그룹';

COMMENT ON COLUMN AUTH_CODE.AUTH_GRP_CODE IS '권한 그룹 코드';

COMMENT ON COLUMN AUTH_CODE.AUTH_GRP_NM IS '권한 그룹 이름';

COMMENT ON COLUMN AUTH_CODE.AUTH_GRP_DESC IS '권한 그룹 설명';

CREATE UNIQUE INDEX PK_AUTH_CODE
	ON AUTH_CODE (
		AUTH_GRP_CODE ASC
	);

ALTER TABLE AUTH_CODE
	ADD
		CONSTRAINT PK_AUTH_CODE
		PRIMARY KEY (
			AUTH_GRP_CODE
		);

/* 사용자 권한 */
CREATE TABLE USER_AUTH (
	AUTH_GRP_CODE VARCHAR2(50) NOT NULL, /* 권한 그룹 코드 */
	USER_ID VARCHAR2(200) NOT NULL /* 회원 ID */
);

COMMENT ON TABLE USER_AUTH IS '사용자 권한';

COMMENT ON COLUMN USER_AUTH.AUTH_GRP_CODE IS '권한 그룹 코드';

COMMENT ON COLUMN USER_AUTH.USER_ID IS '회원 ID';

CREATE UNIQUE INDEX PK_USER_AUTH
	ON USER_AUTH (
		AUTH_GRP_CODE ASC,
		USER_ID ASC
	);

ALTER TABLE USER_AUTH
	ADD
		CONSTRAINT PK_USER_AUTH
		PRIMARY KEY (
			AUTH_GRP_CODE,
			USER_ID
		);

ALTER TABLE PAYMENT
	ADD
		CONSTRAINT FK_PAY_PLAN_TO_PAYMENT
		FOREIGN KEY (
			PAY_PLAN_NO
		)
		REFERENCES PAY_PLAN (
			PAY_PLAN_NO
		);

ALTER TABLE PAYMENT
	ADD
		CONSTRAINT FK_PROJECT_TO_PAYMENT
		FOREIGN KEY (
			PROJ_NO
		)
		REFERENCES PROJECT (
			PROJ_NO
		);

ALTER TABLE PROJECT
	ADD
		CONSTRAINT FK_MEMBER_TO_PROJECT
		FOREIGN KEY (
			MEM_NO
		)
		REFERENCES MEMBER (
			MEM_NO
		);

ALTER TABLE LOGGED
	ADD
		CONSTRAINT FK_MEMBER_TO_LOGGED
		FOREIGN KEY (
			MEM_NO
		)
		REFERENCES MEMBER (
			MEM_NO
		);

ALTER TABLE PROJ_MEM
	ADD
		CONSTRAINT FK_MEM_ROLE_TO_PROJ_MEM
		FOREIGN KEY (
			MEM_ROLE_NO
		)
		REFERENCES MEM_ROLE (
			MEM_ROLE_NO
		);

ALTER TABLE PROJ_MEM
	ADD
		CONSTRAINT FK_PROJECT_TO_PROJ_MEM
		FOREIGN KEY (
			PROJ_NO
		)
		REFERENCES PROJECT (
			PROJ_NO
		);

ALTER TABLE ISSUE
	ADD
		CONSTRAINT FK_LABEL_TO_ISSUE
		FOREIGN KEY (
			LABEL_NO
		)
		REFERENCES LABEL (
			LABEL_NO
		);

ALTER TABLE ISSUE
	ADD
		CONSTRAINT FK_MILESTONE_TO_ISSUE
		FOREIGN KEY (
			MILEST_SID
		)
		REFERENCES MILESTONE (
			MILEST_SID
		);

ALTER TABLE ISSUE
	ADD
		CONSTRAINT FK_ISSUE_TO_ISSUE
		FOREIGN KEY (
			PARENT_ISSUE
		)
		REFERENCES ISSUE (
			ISSUE_SID
		);

ALTER TABLE ISSUE
	ADD
		CONSTRAINT FK_MEMBER_TO_ISSUE
		FOREIGN KEY (
			MEM_NO
		)
		REFERENCES MEMBER (
			MEM_NO
		);

ALTER TABLE ISSUE
	ADD
		CONSTRAINT FK_PROJECT_TO_ISSUE
		FOREIGN KEY (
			PROJ_NO
		)
		REFERENCES PROJECT (
			PROJ_NO
		);

ALTER TABLE MILESTONE
	ADD
		CONSTRAINT FK_MEMBER_TO_MILESTONE
		FOREIGN KEY (
			MEM_NO
		)
		REFERENCES MEMBER (
			MEM_NO
		);

ALTER TABLE MILESTONE
	ADD
		CONSTRAINT FK_PROJECT_TO_MILESTONE
		FOREIGN KEY (
			PROJ_NO
		)
		REFERENCES PROJECT (
			PROJ_NO
		);

ALTER TABLE MEM_ROLE
	ADD
		CONSTRAINT FK_PROJECT_TO_MEM_ROLE
		FOREIGN KEY (
			PROJ_NO
		)
		REFERENCES PROJECT (
			PROJ_NO
		);

ALTER TABLE NEWS
	ADD
		CONSTRAINT FK_PROJECT_TO_NEWS
		FOREIGN KEY (
			PROJ_NO
		)
		REFERENCES PROJECT (
			PROJ_NO
		);

ALTER TABLE NEWS
	ADD
		CONSTRAINT FK_MEMBER_TO_NEWS
		FOREIGN KEY (
			MEM_NO
		)
		REFERENCES MEMBER (
			MEM_NO
		);

ALTER TABLE NEWS_COMMENT
	ADD
		CONSTRAINT FK_NEWS_TO_NEWS_COMMENT
		FOREIGN KEY (
			NEWS_SID
		)
		REFERENCES NEWS (
			NEWS_SID
		);

ALTER TABLE NEWS_COMMENT
	ADD
		CONSTRAINT FK_MEMBER_TO_NEWS_COMMENT
		FOREIGN KEY (
			MEM_NO
		)
		REFERENCES MEMBER (
			MEM_NO
		);

ALTER TABLE CHAT_ROOM
	ADD
		CONSTRAINT FK_PROJECT_TO_CHAT_ROOM
		FOREIGN KEY (
			PROJ_NO
		)
		REFERENCES PROJECT (
			PROJ_NO
		);

ALTER TABLE KANBAN_CARD
	ADD
		CONSTRAINT FK_KANBAN_COL_TO_KANBAN_CARD
		FOREIGN KEY (
			KB_COL_NO
		)
		REFERENCES KANBAN_COL (
			KB_COL_NO
		);

ALTER TABLE KANBAN_CARD
	ADD
		CONSTRAINT FK_ISSUE_TO_KANBAN_CARD
		FOREIGN KEY (
			ISSUE_SID
		)
		REFERENCES ISSUE (
			ISSUE_SID
		);

ALTER TABLE KANBAN_CARD
	ADD
		CONSTRAINT FK_KANBAN_CARD_TO_KANBAN_CARD
		FOREIGN KEY (
			KB_CARD_PRIV_NO
		)
		REFERENCES KANBAN_CARD (
			KB_CARD_NO
		);

ALTER TABLE KANBAN_CARD
	ADD
		CONSTRAINT FK_MEMBER_TO_KANBAN_CARD
		FOREIGN KEY (
			MEM_NO
		)
		REFERENCES MEMBER (
			MEM_NO
		);

ALTER TABLE KANBAN_COL
	ADD
		CONSTRAINT FK_PROJECT_TO_KANBAN_COL
		FOREIGN KEY (
			PROJ_NO
		)
		REFERENCES PROJECT (
			PROJ_NO
		);

ALTER TABLE KANBAN_COL
	ADD
		CONSTRAINT FK_MEMBER_TO_KANBAN_COL
		FOREIGN KEY (
			MEM_NO
		)
		REFERENCES MEMBER (
			MEM_NO
		);

ALTER TABLE KANBAN_COL
	ADD
		CONSTRAINT FK_KANBAN_COL_TO_KANBAN_COL
		FOREIGN KEY (
			KB_COL_PRIV_NO
		)
		REFERENCES KANBAN_COL (
			KB_COL_NO
		);

ALTER TABLE CHAT
	ADD
		CONSTRAINT FK_CHAT_ROOM_TO_CHAT
		FOREIGN KEY (
			CHATROOM_NO
		)
		REFERENCES CHAT_ROOM (
			CHATROOM_NO
		);

ALTER TABLE CHAT
	ADD
		CONSTRAINT FK_MEMBER_TO_CHAT
		FOREIGN KEY (
			CHAT_WRITER
		)
		REFERENCES MEMBER (
			MEM_NO
		);

ALTER TABLE MEM_CHAT
	ADD
		CONSTRAINT FK_MEMBER_TO_MEM_CHAT
		FOREIGN KEY (
			MEM_NO
		)
		REFERENCES MEMBER (
			MEM_NO
		);

ALTER TABLE MEM_CHAT
	ADD
		CONSTRAINT FK_CHAT_ROOM_TO_MEM_CHAT
		FOREIGN KEY (
			CHATROOM_NO
		)
		REFERENCES CHAT_ROOM (
			CHATROOM_NO
		);

ALTER TABLE WIKI
	ADD
		CONSTRAINT FK_MEMBER_TO_WIKI
		FOREIGN KEY (
			MEM_NO
		)
		REFERENCES MEMBER (
			MEM_NO
		);

ALTER TABLE WIKI
	ADD
		CONSTRAINT FK_PROJECT_TO_WIKI
		FOREIGN KEY (
			PROJ_NO
		)
		REFERENCES PROJECT (
			PROJ_NO
		);

ALTER TABLE WIKI
	ADD
		CONSTRAINT FK_WIKI_TO_WIKI
		FOREIGN KEY (
			PARENT_WIKI
		)
		REFERENCES WIKI (
			WIKI_SID
		);

ALTER TABLE INQUIRY
	ADD
		CONSTRAINT FK_MEMBER_TO_INQUIRY
		FOREIGN KEY (
			MEM_NO
		)
		REFERENCES MEMBER (
			MEM_NO
		);

ALTER TABLE INQUIRY_COMMENT
	ADD
		CONSTRAINT FK_INQUIRY_TO_INQUIRY_COMMENT
		FOREIGN KEY (
			INQ_NO
		)
		REFERENCES INQUIRY (
			INQ_NO
		);

ALTER TABLE INQUIRY_COMMENT
	ADD
		CONSTRAINT FK_PROVIDER_TO_INQUIRY_COMMENT
		FOREIGN KEY (
			PROV_ID
		)
		REFERENCES PROVIDER (
			PROV_ID
		);

ALTER TABLE ISSUE_HISTORY
	ADD
		CONSTRAINT FK_ISSUE_TO_ISSUE_HISTORY
		FOREIGN KEY (
			ISSUE_SID
		)
		REFERENCES ISSUE (
			ISSUE_SID
		);

ALTER TABLE ISSUE_HISTORY
	ADD
		CONSTRAINT FK_MEMBER_TO_ISSUE_HISTORY
		FOREIGN KEY (
			MEM_NO
		)
		REFERENCES MEMBER (
			MEM_NO
		);

ALTER TABLE LABEL
	ADD
		CONSTRAINT FK_PROJECT_TO_LABEL
		FOREIGN KEY (
			PROJ_NO
		)
		REFERENCES PROJECT (
			PROJ_NO
		);

ALTER TABLE ISSUE_ASSIGNEE
	ADD
		CONSTRAINT FK_ISSUE_TO_ISSUE_ASSIGNEE
		FOREIGN KEY (
			ISSUE_SID
		)
		REFERENCES ISSUE (
			ISSUE_SID
		);

ALTER TABLE ISSUE_ASSIGNEE
	ADD
		CONSTRAINT FK_MEMBER_TO_ISSUE_ASSIGNEE
		FOREIGN KEY (
			MEM_NO
		)
		REFERENCES MEMBER (
			MEM_NO
		);

ALTER TABLE ALARM
	ADD
		CONSTRAINT FK_MEMBER_TO_ALARM
		FOREIGN KEY (
			MEM_NO
		)
		REFERENCES MEMBER (
			MEM_NO
		);

ALTER TABLE REPOSITORY
	ADD
		CONSTRAINT FK_PROJECT_TO_REPOSITORY
		FOREIGN KEY (
			PROJ_NO
		)
		REFERENCES PROJECT (
			PROJ_NO
		);

ALTER TABLE PROPTIS_ROLE
	ADD
		CONSTRAINT FK_PROPTIS_TO_PROPTIS_ROLE
		FOREIGN KEY (
			PROPTIS_NO
		)
		REFERENCES PROPTIS (
			PROPTIS_NO
		);

ALTER TABLE PROPTIS_ROLE
	ADD
		CONSTRAINT FK_MEM_ROLE_TO_PROPTIS_ROLE
		FOREIGN KEY (
			MEM_ROLE_NO
		)
		REFERENCES MEM_ROLE (
			MEM_ROLE_NO
		);

ALTER TABLE REFUND
	ADD
		CONSTRAINT FK_REFUND_POLICY_TO_REFUND
		FOREIGN KEY (
			REFUND_POL_NO
		)
		REFERENCES REFUND_POLICY (
			REFUND_POL_NO
		);

ALTER TABLE REFUND
	ADD
		CONSTRAINT FK_PROJECT_TO_REFUND
		FOREIGN KEY (
			PROJ_NO
		)
		REFERENCES PROJECT (
			PROJ_NO
		);

ALTER TABLE REFUND
	ADD
		CONSTRAINT FK_PAYMENT_TO_REFUND
		FOREIGN KEY (
			PAYMENT_NO
		)
		REFERENCES PAYMENT (
			PAYMENT_NO
		);

ALTER TABLE COM_CODE
	ADD
		CONSTRAINT FK_COM_CODE_GRP_TO_COM_CODE
		FOREIGN KEY (
			COM_CODE_GRP
		)
		REFERENCES COM_CODE_GRP (
			COM_CODE_GRP
		);

ALTER TABLE MENU
	ADD
		CONSTRAINT FK_MENU_TO_MENU
		FOREIGN KEY (
			UPPER_MENU_ID
		)
		REFERENCES MENU (
			MENU_ID
		);

ALTER TABLE MENU_ASSIGN
	ADD
		CONSTRAINT FK_AUTH_CODE_TO_MENU_ASSIGN
		FOREIGN KEY (
			AUTH_GRP_CODE
		)
		REFERENCES AUTH_CODE (
			AUTH_GRP_CODE
		);

ALTER TABLE MENU_ASSIGN
	ADD
		CONSTRAINT FK_MENU_TO_MENU_ASSIGN
		FOREIGN KEY (
			MENU_ID
		)
		REFERENCES MENU (
			MENU_ID
		);

ALTER TABLE USER_AUTH
	ADD
		CONSTRAINT FK_AUTH_CODE_TO_USER_AUTH
		FOREIGN KEY (
			AUTH_GRP_CODE
		)
		REFERENCES AUTH_CODE (
			AUTH_GRP_CODE
		);

/
--------------------------------------------------------
--  DDL for Function TEST
--------------------------------------------------------

  CREATE OR REPLACE FUNCTION "TEST" (
    MYNO NUMBER,
    TARNO NUMBER    
)
RETURN NUMBER
IS
V_NO NUMBER;
BEGIN
WITH TMPROOM AS (
    SELECT DISTINCT A.*
    FROM CHAT_ROOM A INNER JOIN MEM_CHAT B 
    ON (A.CHATROOM_NO = B.CHATROOM_NO)
    WHERE MEM_NO = MYNO
),
LASTROOM AS (
SELECT R.CHATROOM_NO, MEM_NO
FROM TMPROOM R LEFT OUTER JOIN MEM_CHAT M
    ON(R.CHATROOM_NO = M.CHATROOM_NO)
WHERE R.CHATROOM_NO IN (
    SELECT CHATROOM_NO
    FROM (
        SELECT  CHATROOM_NO, COUNT(MEM_NO)CNT
        FROM MEM_CHAT
        GROUP BY CHATROOM_NO
    ) 
    WHERE CNT = 2
)
)
SELECT DISTINCT CHATROOM_NO INTO V_NO
FROM LASTROOM
WHERE MEM_NO = TARNO;
RETURN V_NO;
END;

/
--------------------------------------------------------
--  Constraints for Table PROJ_MEM
--------------------------------------------------------

  ALTER TABLE "PROJ_MEM" ADD CONSTRAINT "PK_PROJ_MEM" PRIMARY KEY ("MEM_NO", "PROJ_NO")
  USING INDEX PCTFREE 10 INITRANS 2 MAXTRANS 255 COMPUTE STATISTICS 
  STORAGE(INITIAL 65536 NEXT 1048576 MINEXTENTS 1 MAXEXTENTS 2147483645
  PCTINCREASE 0 FREELISTS 1 FREELIST GROUPS 1 BUFFER_POOL DEFAULT FLASH_CACHE DEFAULT CELL_FLASH_CACHE DEFAULT)
  TABLESPACE "TS_202011F"  ENABLE;
  ALTER TABLE "PROJ_MEM" MODIFY ("PROJ_JOIN_DATE" NOT NULL ENABLE);
  ALTER TABLE "PROJ_MEM" MODIFY ("MEM_ROLE_NO" NOT NULL ENABLE);
  ALTER TABLE "PROJ_MEM" MODIFY ("PROJ_NO" NOT NULL ENABLE);
  ALTER TABLE "PROJ_MEM" MODIFY ("MEM_NO" NOT NULL ENABLE);
--------------------------------------------------------
--  Constraints for Table FORBIDDEN_PROJ_TITLE
--------------------------------------------------------

  ALTER TABLE "FORBIDDEN_PROJ_TITLE" ADD CONSTRAINT "FORBIDDEN_PROJ_TITLE_PK" PRIMARY KEY ("FORBIDDEN_PROJ_TITLE")
  USING INDEX PCTFREE 10 INITRANS 2 MAXTRANS 255 
  STORAGE(INITIAL 65536 NEXT 1048576 MINEXTENTS 1 MAXEXTENTS 2147483645
  PCTINCREASE 0 FREELISTS 1 FREELIST GROUPS 1 BUFFER_POOL DEFAULT FLASH_CACHE DEFAULT CELL_FLASH_CACHE DEFAULT)
  TABLESPACE "TS_202011F"  ENABLE;
  ALTER TABLE "FORBIDDEN_PROJ_TITLE" MODIFY ("FORBIDDEN_PROJ_TITLE" NOT NULL ENABLE);
--------------------------------------------------------
--  Constraints for Table ISSUE
--------------------------------------------------------

  ALTER TABLE "ISSUE" ADD CONSTRAINT "BIN$jqX3OFGvSxSM1bNVLC4kOg==$0" PRIMARY KEY ("ISSUE_SID")
  USING INDEX PCTFREE 10 INITRANS 2 MAXTRANS 255 COMPUTE STATISTICS 
  STORAGE(INITIAL 65536 NEXT 1048576 MINEXTENTS 1 MAXEXTENTS 2147483645
  PCTINCREASE 0 FREELISTS 1 FREELIST GROUPS 1 BUFFER_POOL DEFAULT FLASH_CACHE DEFAULT CELL_FLASH_CACHE DEFAULT)
  TABLESPACE "TS_202011F"  ENABLE;
  ALTER TABLE "ISSUE" MODIFY ("ISSUE_PRIORITY" NOT NULL ENABLE);
  ALTER TABLE "ISSUE" MODIFY ("ISSUE_STATUS" NOT NULL ENABLE);
  ALTER TABLE "ISSUE" MODIFY ("ISSUE_CREATE_DATE" NOT NULL ENABLE);
  ALTER TABLE "ISSUE" MODIFY ("ISSUE_TITLE" NOT NULL ENABLE);
  ALTER TABLE "ISSUE" MODIFY ("PROJ_NO" NOT NULL ENABLE);
  ALTER TABLE "ISSUE" MODIFY ("MEM_NO" NOT NULL ENABLE);
  ALTER TABLE "ISSUE" MODIFY ("ISSUE_NO" NOT NULL ENABLE);
  ALTER TABLE "ISSUE" MODIFY ("ISSUE_SID" NOT NULL ENABLE);
--------------------------------------------------------
--  Constraints for Table LABEL
--------------------------------------------------------

  ALTER TABLE "LABEL" ADD CONSTRAINT "BIN$DvLrMaYoRfOgAm4337ZtJg==$0" PRIMARY KEY ("LABEL_NO")
  USING INDEX PCTFREE 10 INITRANS 2 MAXTRANS 255 COMPUTE STATISTICS 
  STORAGE(INITIAL 65536 NEXT 1048576 MINEXTENTS 1 MAXEXTENTS 2147483645
  PCTINCREASE 0 FREELISTS 1 FREELIST GROUPS 1 BUFFER_POOL DEFAULT FLASH_CACHE DEFAULT CELL_FLASH_CACHE DEFAULT)
  TABLESPACE "TS_202011F"  ENABLE;
  ALTER TABLE "LABEL" MODIFY ("LABEL_NM" NOT NULL ENABLE);
  ALTER TABLE "LABEL" MODIFY ("PROJ_NO" NOT NULL ENABLE);
  ALTER TABLE "LABEL" MODIFY ("LABEL_NO" NOT NULL ENABLE);
--------------------------------------------------------
--  Constraints for Table KANBAN_COL
--------------------------------------------------------

  ALTER TABLE "KANBAN_COL" ADD CONSTRAINT "PK_KANBAN_COL" PRIMARY KEY ("KB_COL_NO")
  USING INDEX PCTFREE 10 INITRANS 2 MAXTRANS 255 COMPUTE STATISTICS 
  STORAGE(INITIAL 65536 NEXT 1048576 MINEXTENTS 1 MAXEXTENTS 2147483645
  PCTINCREASE 0 FREELISTS 1 FREELIST GROUPS 1 BUFFER_POOL DEFAULT FLASH_CACHE DEFAULT CELL_FLASH_CACHE DEFAULT)
  TABLESPACE "TS_202011F"  ENABLE;
  ALTER TABLE "KANBAN_COL" MODIFY ("KB_COL_NM" NOT NULL ENABLE);
  ALTER TABLE "KANBAN_COL" MODIFY ("PROJ_NO" NOT NULL ENABLE);
--------------------------------------------------------
--  Constraints for Table MENU
--------------------------------------------------------

  ALTER TABLE "MENU" ADD CONSTRAINT "BIN$muNZMvcNRO252R+hZUxWZw==$0" PRIMARY KEY ("MENU_ID")
  USING INDEX PCTFREE 10 INITRANS 2 MAXTRANS 255 COMPUTE STATISTICS 
  STORAGE(INITIAL 65536 NEXT 1048576 MINEXTENTS 1 MAXEXTENTS 2147483645
  PCTINCREASE 0 FREELISTS 1 FREELIST GROUPS 1 BUFFER_POOL DEFAULT FLASH_CACHE DEFAULT CELL_FLASH_CACHE DEFAULT)
  TABLESPACE "TS_202011F"  ENABLE;
  ALTER TABLE "MENU" MODIFY ("MENU_ID" CONSTRAINT "BIN$Gci6g5gnQAaL25wQzMbXCg==$0" NOT NULL ENABLE);
--------------------------------------------------------
--  Constraints for Table WIKI
--------------------------------------------------------

  ALTER TABLE "WIKI" ADD CONSTRAINT "BIN$ZYRse9/nSnyREdznVBopPw==$0" PRIMARY KEY ("WIKI_SID")
  USING INDEX PCTFREE 10 INITRANS 2 MAXTRANS 255 COMPUTE STATISTICS 
  STORAGE(INITIAL 65536 NEXT 1048576 MINEXTENTS 1 MAXEXTENTS 2147483645
  PCTINCREASE 0 FREELISTS 1 FREELIST GROUPS 1 BUFFER_POOL DEFAULT FLASH_CACHE DEFAULT CELL_FLASH_CACHE DEFAULT)
  TABLESPACE "TS_202011F"  ENABLE;
  ALTER TABLE "WIKI" MODIFY ("WIKI_WRITE_DATE" NOT NULL ENABLE);
  ALTER TABLE "WIKI" MODIFY ("WIKI_CONT" NOT NULL ENABLE);
  ALTER TABLE "WIKI" MODIFY ("WIKI_NO" NOT NULL ENABLE);
  ALTER TABLE "WIKI" MODIFY ("PROJ_NO" NOT NULL ENABLE);
  ALTER TABLE "WIKI" MODIFY ("MEM_NO" NOT NULL ENABLE);
  ALTER TABLE "WIKI" MODIFY ("WIKI_SID" NOT NULL ENABLE);
--------------------------------------------------------
--  Constraints for Table INQUIRY
--------------------------------------------------------

  ALTER TABLE "INQUIRY" ADD CONSTRAINT "BIN$bpdxajM9Tp61pUAEfDvMvA==$0" PRIMARY KEY ("INQ_NO")
  USING INDEX PCTFREE 10 INITRANS 2 MAXTRANS 255 COMPUTE STATISTICS 
  STORAGE(INITIAL 65536 NEXT 1048576 MINEXTENTS 1 MAXEXTENTS 2147483645
  PCTINCREASE 0 FREELISTS 1 FREELIST GROUPS 1 BUFFER_POOL DEFAULT FLASH_CACHE DEFAULT CELL_FLASH_CACHE DEFAULT)
  TABLESPACE "TS_202011F"  ENABLE;
  ALTER TABLE "INQUIRY" MODIFY ("INQ_DATE" NOT NULL ENABLE);
  ALTER TABLE "INQUIRY" MODIFY ("INQ_CONT" NOT NULL ENABLE);
  ALTER TABLE "INQUIRY" MODIFY ("MEM_NO" NOT NULL ENABLE);
  ALTER TABLE "INQUIRY" MODIFY ("INQ_NO" NOT NULL ENABLE);
--------------------------------------------------------
--  Constraints for Table ISSUE_ASSIGNEE
--------------------------------------------------------

  ALTER TABLE "ISSUE_ASSIGNEE" ADD CONSTRAINT "BIN$TypaUqKfSLKwx2BGJKEAgw==$0" PRIMARY KEY ("MEM_NO", "ISSUE_SID")
  USING INDEX PCTFREE 10 INITRANS 2 MAXTRANS 255 COMPUTE STATISTICS 
  STORAGE(INITIAL 65536 NEXT 1048576 MINEXTENTS 1 MAXEXTENTS 2147483645
  PCTINCREASE 0 FREELISTS 1 FREELIST GROUPS 1 BUFFER_POOL DEFAULT FLASH_CACHE DEFAULT CELL_FLASH_CACHE DEFAULT)
  TABLESPACE "TS_202011F"  ENABLE;
  ALTER TABLE "ISSUE_ASSIGNEE" MODIFY ("ISSUE_SID" NOT NULL ENABLE);
  ALTER TABLE "ISSUE_ASSIGNEE" MODIFY ("MEM_NO" NOT NULL ENABLE);
--------------------------------------------------------
--  Constraints for Table REFUND
--------------------------------------------------------

  ALTER TABLE "REFUND" ADD CONSTRAINT "BIN$m9RVUmbrReqJWHtNzfmFXQ==$0" PRIMARY KEY ("REFUND_NO")
  USING INDEX PCTFREE 10 INITRANS 2 MAXTRANS 255 COMPUTE STATISTICS 
  STORAGE(INITIAL 65536 NEXT 1048576 MINEXTENTS 1 MAXEXTENTS 2147483645
  PCTINCREASE 0 FREELISTS 1 FREELIST GROUPS 1 BUFFER_POOL DEFAULT FLASH_CACHE DEFAULT CELL_FLASH_CACHE DEFAULT)
  TABLESPACE "TS_202011F"  ENABLE;
  ALTER TABLE "REFUND" MODIFY ("REFUND_NO" NOT NULL ENABLE);
--------------------------------------------------------
--  Constraints for Table USER_AUTH
--------------------------------------------------------

  ALTER TABLE "USER_AUTH" ADD CONSTRAINT "PK_USER_AUTH" PRIMARY KEY ("AUTH_GRP_CODE", "MEM_NO")
  USING INDEX PCTFREE 10 INITRANS 2 MAXTRANS 255 COMPUTE STATISTICS 
  STORAGE(INITIAL 65536 NEXT 1048576 MINEXTENTS 1 MAXEXTENTS 2147483645
  PCTINCREASE 0 FREELISTS 1 FREELIST GROUPS 1 BUFFER_POOL DEFAULT FLASH_CACHE DEFAULT CELL_FLASH_CACHE DEFAULT)
  TABLESPACE "TS_202011F"  ENABLE;
  ALTER TABLE "USER_AUTH" MODIFY ("MEM_NO" NOT NULL ENABLE);
  ALTER TABLE "USER_AUTH" MODIFY ("AUTH_GRP_CODE" NOT NULL ENABLE);
--------------------------------------------------------
--  Constraints for Table MILESTONE
--------------------------------------------------------

  ALTER TABLE "MILESTONE" ADD CONSTRAINT "BIN$QdzV5tVSRcGu1UCahnwk+w==$0" PRIMARY KEY ("MILEST_SID")
  USING INDEX PCTFREE 10 INITRANS 2 MAXTRANS 255 COMPUTE STATISTICS 
  STORAGE(INITIAL 65536 NEXT 1048576 MINEXTENTS 1 MAXEXTENTS 2147483645
  PCTINCREASE 0 FREELISTS 1 FREELIST GROUPS 1 BUFFER_POOL DEFAULT FLASH_CACHE DEFAULT CELL_FLASH_CACHE DEFAULT)
  TABLESPACE "TS_202011F"  ENABLE;
  ALTER TABLE "MILESTONE" MODIFY ("MILEST_DATE" NOT NULL ENABLE);
  ALTER TABLE "MILESTONE" MODIFY ("MILEST_CONT" NOT NULL ENABLE);
  ALTER TABLE "MILESTONE" MODIFY ("MILEST_TITLE" NOT NULL ENABLE);
  ALTER TABLE "MILESTONE" MODIFY ("MILEST_NO" NOT NULL ENABLE);
  ALTER TABLE "MILESTONE" MODIFY ("PROJ_NO" NOT NULL ENABLE);
  ALTER TABLE "MILESTONE" MODIFY ("MEM_NO" NOT NULL ENABLE);
  ALTER TABLE "MILESTONE" MODIFY ("MILEST_SID" NOT NULL ENABLE);
--------------------------------------------------------
--  Constraints for Table PAY_PLAN
--------------------------------------------------------

  ALTER TABLE "PAY_PLAN" ADD CONSTRAINT "BIN$ZN/t4mhuRqStaWGTK/xRmg==$0" PRIMARY KEY ("PAY_PLAN_NO")
  USING INDEX PCTFREE 10 INITRANS 2 MAXTRANS 255 COMPUTE STATISTICS 
  STORAGE(INITIAL 65536 NEXT 1048576 MINEXTENTS 1 MAXEXTENTS 2147483645
  PCTINCREASE 0 FREELISTS 1 FREELIST GROUPS 1 BUFFER_POOL DEFAULT FLASH_CACHE DEFAULT CELL_FLASH_CACHE DEFAULT)
  TABLESPACE "TS_202011F"  ENABLE;
  ALTER TABLE "PAY_PLAN" MODIFY ("PAY_PLAN_PRICE" NOT NULL ENABLE);
  ALTER TABLE "PAY_PLAN" MODIFY ("PAY_PLAN_CONT" NOT NULL ENABLE);
  ALTER TABLE "PAY_PLAN" MODIFY ("PAY_PLAN_NM" NOT NULL ENABLE);
  ALTER TABLE "PAY_PLAN" MODIFY ("PAY_PLAN_NO" NOT NULL ENABLE);
--------------------------------------------------------
--  Constraints for Table PROVIDER
--------------------------------------------------------

  ALTER TABLE "PROVIDER" ADD CONSTRAINT "BIN$LJRmi9pZS0in/zwuq7PC2g==$0" PRIMARY KEY ("PROV_ID")
  USING INDEX PCTFREE 10 INITRANS 2 MAXTRANS 255 COMPUTE STATISTICS 
  STORAGE(INITIAL 65536 NEXT 1048576 MINEXTENTS 1 MAXEXTENTS 2147483645
  PCTINCREASE 0 FREELISTS 1 FREELIST GROUPS 1 BUFFER_POOL DEFAULT FLASH_CACHE DEFAULT CELL_FLASH_CACHE DEFAULT)
  TABLESPACE "TS_202011F"  ENABLE;
  ALTER TABLE "PROVIDER" MODIFY ("PROV_NM" NOT NULL ENABLE);
  ALTER TABLE "PROVIDER" MODIFY ("PROV_PASS" NOT NULL ENABLE);
  ALTER TABLE "PROVIDER" MODIFY ("PROV_ID" NOT NULL ENABLE);
--------------------------------------------------------
--  Constraints for Table INQUIRY_COMMENT
--------------------------------------------------------

  ALTER TABLE "INQUIRY_COMMENT" ADD CONSTRAINT "BIN$/cNx70TqRaCpPUdyYsNTUw==$0" PRIMARY KEY ("INQ_COM_NO")
  USING INDEX PCTFREE 10 INITRANS 2 MAXTRANS 255 COMPUTE STATISTICS 
  STORAGE(INITIAL 65536 NEXT 1048576 MINEXTENTS 1 MAXEXTENTS 2147483645
  PCTINCREASE 0 FREELISTS 1 FREELIST GROUPS 1 BUFFER_POOL DEFAULT FLASH_CACHE DEFAULT CELL_FLASH_CACHE DEFAULT)
  TABLESPACE "TS_202011F"  ENABLE;
  ALTER TABLE "INQUIRY_COMMENT" MODIFY ("INQ_COM_DATE" NOT NULL ENABLE);
  ALTER TABLE "INQUIRY_COMMENT" MODIFY ("INQ_COM_CONT" NOT NULL ENABLE);
  ALTER TABLE "INQUIRY_COMMENT" MODIFY ("INQ_NO" NOT NULL ENABLE);
  ALTER TABLE "INQUIRY_COMMENT" MODIFY ("INQ_COM_NO" NOT NULL ENABLE);
--------------------------------------------------------
--  Constraints for Table REPOSITORY
--------------------------------------------------------

  ALTER TABLE "REPOSITORY" ADD CONSTRAINT "BIN$xXJvnXgcReCYF6sf6DsCVw==$0" PRIMARY KEY ("REPO_NO")
  USING INDEX PCTFREE 10 INITRANS 2 MAXTRANS 255 COMPUTE STATISTICS 
  STORAGE(INITIAL 65536 NEXT 1048576 MINEXTENTS 1 MAXEXTENTS 2147483645
  PCTINCREASE 0 FREELISTS 1 FREELIST GROUPS 1 BUFFER_POOL DEFAULT FLASH_CACHE DEFAULT CELL_FLASH_CACHE DEFAULT)
  TABLESPACE "TS_202011F"  ENABLE;
  ALTER TABLE "REPOSITORY" MODIFY ("REPO_TYPE" NOT NULL ENABLE);
  ALTER TABLE "REPOSITORY" MODIFY ("PROJ_NO" NOT NULL ENABLE);
  ALTER TABLE "REPOSITORY" MODIFY ("REPO_NO" NOT NULL ENABLE);
  ALTER TABLE "REPOSITORY" MODIFY ("REPO_URL" NOT NULL ENABLE);
--------------------------------------------------------
--  Constraints for Table MEMBER
--------------------------------------------------------

  ALTER TABLE "MEMBER" MODIFY ("MEM_STATUS" NOT NULL ENABLE);
  ALTER TABLE "MEMBER" MODIFY ("MEM_PIC_FILE_NAME" NOT NULL ENABLE);
  ALTER TABLE "MEMBER" ADD CONSTRAINT "PK_MEMBER" PRIMARY KEY ("MEM_NO")
  USING INDEX PCTFREE 10 INITRANS 2 MAXTRANS 255 COMPUTE STATISTICS 
  STORAGE(INITIAL 65536 NEXT 1048576 MINEXTENTS 1 MAXEXTENTS 2147483645
  PCTINCREASE 0 FREELISTS 1 FREELIST GROUPS 1 BUFFER_POOL DEFAULT FLASH_CACHE DEFAULT CELL_FLASH_CACHE DEFAULT)
  TABLESPACE "TS_202011F"  ENABLE;
  ALTER TABLE "MEMBER" MODIFY ("MEM_NICK" NOT NULL ENABLE);
  ALTER TABLE "MEMBER" MODIFY ("MEM_PASS" NOT NULL ENABLE);
  ALTER TABLE "MEMBER" MODIFY ("MEM_ID" NOT NULL ENABLE);
  ALTER TABLE "MEMBER" MODIFY ("MEM_NO" NOT NULL ENABLE);
--------------------------------------------------------
--  Constraints for Table NEWS
--------------------------------------------------------

  ALTER TABLE "NEWS" ADD CONSTRAINT "BIN$9GRAojsYT6eL5CcRJ2uLfQ==$0" PRIMARY KEY ("NEWS_SID")
  USING INDEX PCTFREE 10 INITRANS 2 MAXTRANS 255 COMPUTE STATISTICS 
  STORAGE(INITIAL 65536 NEXT 1048576 MINEXTENTS 1 MAXEXTENTS 2147483645
  PCTINCREASE 0 FREELISTS 1 FREELIST GROUPS 1 BUFFER_POOL DEFAULT FLASH_CACHE DEFAULT CELL_FLASH_CACHE DEFAULT)
  TABLESPACE "TS_202011F"  ENABLE;
  ALTER TABLE "NEWS" MODIFY ("NEWS_WRITE_DATE" NOT NULL ENABLE);
  ALTER TABLE "NEWS" MODIFY ("NEWS_CONT" NOT NULL ENABLE);
  ALTER TABLE "NEWS" MODIFY ("NEWS_TITLE" NOT NULL ENABLE);
  ALTER TABLE "NEWS" MODIFY ("NEWS_NO" NOT NULL ENABLE);
  ALTER TABLE "NEWS" MODIFY ("MEM_NO" NOT NULL ENABLE);
  ALTER TABLE "NEWS" MODIFY ("PROJ_NO" NOT NULL ENABLE);
  ALTER TABLE "NEWS" MODIFY ("NEWS_SID" NOT NULL ENABLE);
--------------------------------------------------------
--  Constraints for Table KANBAN_CARD
--------------------------------------------------------

  ALTER TABLE "KANBAN_CARD" ADD CONSTRAINT "BIN$1bngYpGlS9iAbMcvbDdWWA==$0" PRIMARY KEY ("KB_CARD_NO")
  USING INDEX PCTFREE 10 INITRANS 2 MAXTRANS 255 COMPUTE STATISTICS 
  STORAGE(INITIAL 65536 NEXT 1048576 MINEXTENTS 1 MAXEXTENTS 2147483645
  PCTINCREASE 0 FREELISTS 1 FREELIST GROUPS 1 BUFFER_POOL DEFAULT FLASH_CACHE DEFAULT CELL_FLASH_CACHE DEFAULT)
  TABLESPACE "TS_202011F"  ENABLE;
  ALTER TABLE "KANBAN_CARD" MODIFY ("KB_CARD_WRITE_DATE" NOT NULL ENABLE);
  ALTER TABLE "KANBAN_CARD" MODIFY ("KB_CARD_NO" NOT NULL ENABLE);
--------------------------------------------------------
--  Constraints for Table NEWS_COMMENT
--------------------------------------------------------

  ALTER TABLE "NEWS_COMMENT" ADD CONSTRAINT "BIN$/HrS70kpSJi9pR0wQHM71Q==$0" PRIMARY KEY ("NEWS_COM_NO")
  USING INDEX PCTFREE 10 INITRANS 2 MAXTRANS 255 COMPUTE STATISTICS 
  STORAGE(INITIAL 65536 NEXT 1048576 MINEXTENTS 1 MAXEXTENTS 2147483645
  PCTINCREASE 0 FREELISTS 1 FREELIST GROUPS 1 BUFFER_POOL DEFAULT FLASH_CACHE DEFAULT CELL_FLASH_CACHE DEFAULT)
  TABLESPACE "TS_202011F"  ENABLE;
  ALTER TABLE "NEWS_COMMENT" MODIFY ("NEWS_COM_DATE" NOT NULL ENABLE);
  ALTER TABLE "NEWS_COMMENT" MODIFY ("NEWS_COM_CONT" NOT NULL ENABLE);
  ALTER TABLE "NEWS_COMMENT" MODIFY ("MEM_NO" NOT NULL ENABLE);
  ALTER TABLE "NEWS_COMMENT" MODIFY ("NEWS_SID" NOT NULL ENABLE);
  ALTER TABLE "NEWS_COMMENT" MODIFY ("NEWS_COM_NO" NOT NULL ENABLE);
--------------------------------------------------------
--  Constraints for Table ISSUE_HISTORY
--------------------------------------------------------

  ALTER TABLE "ISSUE_HISTORY" ADD CONSTRAINT "BIN$NKS0IJMCQ2u+/kJdz07e/w==$0" PRIMARY KEY ("ISSUE_HIS_NO")
  USING INDEX PCTFREE 10 INITRANS 2 MAXTRANS 255 COMPUTE STATISTICS 
  STORAGE(INITIAL 65536 NEXT 1048576 MINEXTENTS 1 MAXEXTENTS 2147483645
  PCTINCREASE 0 FREELISTS 1 FREELIST GROUPS 1 BUFFER_POOL DEFAULT FLASH_CACHE DEFAULT CELL_FLASH_CACHE DEFAULT)
  TABLESPACE "TS_202011F"  ENABLE;
  ALTER TABLE "ISSUE_HISTORY" MODIFY ("ISSUE_HIS_TYPE" NOT NULL ENABLE);
  ALTER TABLE "ISSUE_HISTORY" MODIFY ("ISSUE_HIS_DATE" NOT NULL ENABLE);
  ALTER TABLE "ISSUE_HISTORY" MODIFY ("ISSUE_HIS_CONT" NOT NULL ENABLE);
  ALTER TABLE "ISSUE_HISTORY" MODIFY ("MEM_NO" NOT NULL ENABLE);
  ALTER TABLE "ISSUE_HISTORY" MODIFY ("ISSUE_SID" NOT NULL ENABLE);
  ALTER TABLE "ISSUE_HISTORY" MODIFY ("ISSUE_HIS_NO" NOT NULL ENABLE);
--------------------------------------------------------
--  Constraints for Table COM_CODE_GRP
--------------------------------------------------------

  ALTER TABLE "COM_CODE_GRP" ADD CONSTRAINT "BIN$i+GTSh+ESk+piFLlt1ywFg==$0" PRIMARY KEY ("COM_CODE_GRP")
  USING INDEX PCTFREE 10 INITRANS 2 MAXTRANS 255 COMPUTE STATISTICS 
  STORAGE(INITIAL 65536 NEXT 1048576 MINEXTENTS 1 MAXEXTENTS 2147483645
  PCTINCREASE 0 FREELISTS 1 FREELIST GROUPS 1 BUFFER_POOL DEFAULT FLASH_CACHE DEFAULT CELL_FLASH_CACHE DEFAULT)
  TABLESPACE "TS_202011F"  ENABLE;
  ALTER TABLE "COM_CODE_GRP" MODIFY ("USE_YN" NOT NULL ENABLE);
  ALTER TABLE "COM_CODE_GRP" MODIFY ("CODE_GRP_DESC" NOT NULL ENABLE);
  ALTER TABLE "COM_CODE_GRP" MODIFY ("COM_CODE_GRP_NM" NOT NULL ENABLE);
  ALTER TABLE "COM_CODE_GRP" MODIFY ("COM_CODE_GRP" NOT NULL ENABLE);
--------------------------------------------------------
--  Constraints for Table AUTH_CODE
--------------------------------------------------------

  ALTER TABLE "AUTH_CODE" ADD CONSTRAINT "BIN$U40PCayoRg2jmoAuWrNERw==$0" PRIMARY KEY ("AUTH_GRP_CODE")
  USING INDEX PCTFREE 10 INITRANS 2 MAXTRANS 255 COMPUTE STATISTICS 
  STORAGE(INITIAL 65536 NEXT 1048576 MINEXTENTS 1 MAXEXTENTS 2147483645
  PCTINCREASE 0 FREELISTS 1 FREELIST GROUPS 1 BUFFER_POOL DEFAULT FLASH_CACHE DEFAULT CELL_FLASH_CACHE DEFAULT)
  TABLESPACE "TS_202011F"  ENABLE;
  ALTER TABLE "AUTH_CODE" MODIFY ("AUTH_GRP_DESC" NOT NULL ENABLE);
  ALTER TABLE "AUTH_CODE" MODIFY ("AUTH_GRP_NM" NOT NULL ENABLE);
  ALTER TABLE "AUTH_CODE" MODIFY ("AUTH_GRP_CODE" NOT NULL ENABLE);
--------------------------------------------------------
--  Constraints for Table CHAT_ROOM
--------------------------------------------------------

  ALTER TABLE "CHAT_ROOM" ADD CONSTRAINT "BIN$t59fUDOYSpOxFDGp7C56jA==$0" PRIMARY KEY ("CHATROOM_NO")
  USING INDEX PCTFREE 10 INITRANS 2 MAXTRANS 255 COMPUTE STATISTICS 
  STORAGE(INITIAL 65536 NEXT 1048576 MINEXTENTS 1 MAXEXTENTS 2147483645
  PCTINCREASE 0 FREELISTS 1 FREELIST GROUPS 1 BUFFER_POOL DEFAULT FLASH_CACHE DEFAULT CELL_FLASH_CACHE DEFAULT)
  TABLESPACE "TS_202011F"  ENABLE;
  ALTER TABLE "CHAT_ROOM" MODIFY ("CHATROOM_CREATE_DATE" NOT NULL ENABLE);
  ALTER TABLE "CHAT_ROOM" MODIFY ("CHATROOM_NO" NOT NULL ENABLE);
--------------------------------------------------------
--  Constraints for Table MEM_ROLE
--------------------------------------------------------

  ALTER TABLE "MEM_ROLE" ADD CONSTRAINT "PK_MEM_ROLE" PRIMARY KEY ("MEM_ROLE_NO")
  USING INDEX PCTFREE 10 INITRANS 2 MAXTRANS 255 COMPUTE STATISTICS 
  STORAGE(INITIAL 65536 NEXT 1048576 MINEXTENTS 1 MAXEXTENTS 2147483645
  PCTINCREASE 0 FREELISTS 1 FREELIST GROUPS 1 BUFFER_POOL DEFAULT FLASH_CACHE DEFAULT CELL_FLASH_CACHE DEFAULT)
  TABLESPACE "TS_202011F"  ENABLE;
  ALTER TABLE "MEM_ROLE" MODIFY ("MEM_ROLE_NM" NOT NULL ENABLE);
  ALTER TABLE "MEM_ROLE" MODIFY ("PROJ_NO" NOT NULL ENABLE);
  ALTER TABLE "MEM_ROLE" MODIFY ("MEM_ROLE_NO" NOT NULL ENABLE);
--------------------------------------------------------
--  Constraints for Table ALARM
--------------------------------------------------------

  ALTER TABLE "ALARM" ADD CONSTRAINT "BIN$FyHJcXimRNWICCPkQo4nWA==$0" PRIMARY KEY ("ALARM_NO")
  USING INDEX PCTFREE 10 INITRANS 2 MAXTRANS 255 COMPUTE STATISTICS 
  STORAGE(INITIAL 65536 NEXT 1048576 MINEXTENTS 1 MAXEXTENTS 2147483645
  PCTINCREASE 0 FREELISTS 1 FREELIST GROUPS 1 BUFFER_POOL DEFAULT FLASH_CACHE DEFAULT CELL_FLASH_CACHE DEFAULT)
  TABLESPACE "TS_202011F"  ENABLE;
  ALTER TABLE "ALARM" MODIFY ("ALARM_TYPE" NOT NULL ENABLE);
  ALTER TABLE "ALARM" MODIFY ("ALARM_CREATE_DATE" NOT NULL ENABLE);
  ALTER TABLE "ALARM" MODIFY ("ALARM_CONT" NOT NULL ENABLE);
  ALTER TABLE "ALARM" MODIFY ("MEM_NO" NOT NULL ENABLE);
  ALTER TABLE "ALARM" MODIFY ("ALARM_NO" NOT NULL ENABLE);
--------------------------------------------------------
--  Constraints for Table PROJECT
--------------------------------------------------------

  ALTER TABLE "PROJECT" ADD CONSTRAINT "PK_PROJECT" PRIMARY KEY ("PROJ_NO")
  USING INDEX PCTFREE 10 INITRANS 2 MAXTRANS 255 COMPUTE STATISTICS 
  STORAGE(INITIAL 65536 NEXT 1048576 MINEXTENTS 1 MAXEXTENTS 2147483645
  PCTINCREASE 0 FREELISTS 1 FREELIST GROUPS 1 BUFFER_POOL DEFAULT FLASH_CACHE DEFAULT CELL_FLASH_CACHE DEFAULT)
  TABLESPACE "TS_202011F"  ENABLE;
  ALTER TABLE "PROJECT" MODIFY ("PROJ_START_DATE" NOT NULL ENABLE);
  ALTER TABLE "PROJECT" MODIFY ("PROJ_TITLE" NOT NULL ENABLE);
  ALTER TABLE "PROJECT" MODIFY ("PROJ_NO" NOT NULL ENABLE);
  ALTER TABLE "PROJECT" MODIFY ("PROJ_STATUS" NOT NULL ENABLE);
--------------------------------------------------------
--  Constraints for Table COM_CODE
--------------------------------------------------------

  ALTER TABLE "COM_CODE" ADD CONSTRAINT "BIN$Mp7Q9/5lQcelqvLrUTDQSQ==$0" PRIMARY KEY ("COM_CODE_GRP", "COM_CODE")
  USING INDEX PCTFREE 10 INITRANS 2 MAXTRANS 255 COMPUTE STATISTICS 
  STORAGE(INITIAL 65536 NEXT 1048576 MINEXTENTS 1 MAXEXTENTS 2147483645
  PCTINCREASE 0 FREELISTS 1 FREELIST GROUPS 1 BUFFER_POOL DEFAULT FLASH_CACHE DEFAULT CELL_FLASH_CACHE DEFAULT)
  TABLESPACE "TS_202011F"  ENABLE;
  ALTER TABLE "COM_CODE" MODIFY ("USE_YN" NOT NULL ENABLE);
  ALTER TABLE "COM_CODE" MODIFY ("COM_CODE_DESC" NOT NULL ENABLE);
  ALTER TABLE "COM_CODE" MODIFY ("COM_CODE_NM" NOT NULL ENABLE);
  ALTER TABLE "COM_CODE" MODIFY ("COM_CODE" NOT NULL ENABLE);
  ALTER TABLE "COM_CODE" MODIFY ("COM_CODE_GRP" NOT NULL ENABLE);
--------------------------------------------------------
--  Constraints for Table PAYMENT
--------------------------------------------------------

  ALTER TABLE "PAYMENT" ADD CONSTRAINT "BIN$eEfnaUDSSv2/0zjqOIvcdA==$0" PRIMARY KEY ("PAYMENT_NO")
  USING INDEX PCTFREE 10 INITRANS 2 MAXTRANS 255 COMPUTE STATISTICS 
  STORAGE(INITIAL 65536 NEXT 1048576 MINEXTENTS 1 MAXEXTENTS 2147483645
  PCTINCREASE 0 FREELISTS 1 FREELIST GROUPS 1 BUFFER_POOL DEFAULT FLASH_CACHE DEFAULT CELL_FLASH_CACHE DEFAULT)
  TABLESPACE "TS_202011F"  ENABLE;
  ALTER TABLE "PAYMENT" MODIFY ("PAY_PLAN_NO" NOT NULL ENABLE);
  ALTER TABLE "PAYMENT" MODIFY ("PROJ_NO" NOT NULL ENABLE);
  ALTER TABLE "PAYMENT" MODIFY ("PAYMENT_NO" NOT NULL ENABLE);
--------------------------------------------------------
--  Constraints for Table FAQ
--------------------------------------------------------

  ALTER TABLE "FAQ" ADD CONSTRAINT "BIN$QLCxLQUHQQq6pJayyYr4gw==$0" PRIMARY KEY ("FAQ_NO")
  USING INDEX PCTFREE 10 INITRANS 2 MAXTRANS 255 COMPUTE STATISTICS 
  STORAGE(INITIAL 65536 NEXT 1048576 MINEXTENTS 1 MAXEXTENTS 2147483645
  PCTINCREASE 0 FREELISTS 1 FREELIST GROUPS 1 BUFFER_POOL DEFAULT FLASH_CACHE DEFAULT CELL_FLASH_CACHE DEFAULT)
  TABLESPACE "TS_202011F"  ENABLE;
  ALTER TABLE "FAQ" MODIFY ("FAQ_TYPE" NOT NULL ENABLE);
  ALTER TABLE "FAQ" MODIFY ("FAQ_PUBLIC_YN" NOT NULL ENABLE);
  ALTER TABLE "FAQ" MODIFY ("FAQ_DATE" NOT NULL ENABLE);
  ALTER TABLE "FAQ" MODIFY ("FAQ_ANS" NOT NULL ENABLE);
  ALTER TABLE "FAQ" MODIFY ("FAQ_QES" NOT NULL ENABLE);
  ALTER TABLE "FAQ" MODIFY ("FAQ_NO" NOT NULL ENABLE);
--------------------------------------------------------
--  Constraints for Table ATTACH_FILE
--------------------------------------------------------

  ALTER TABLE "ATTACH_FILE" MODIFY ("ATCH_FILE_NO" NOT NULL ENABLE);
  ALTER TABLE "ATTACH_FILE" MODIFY ("ATCH_FILE_SID" NOT NULL ENABLE);
  ALTER TABLE "ATTACH_FILE" ADD CONSTRAINT "BIN$ECOJsXdVSpekcdmNKGSw8w==$0" PRIMARY KEY ("ATCH_FILE_SID", "ATCH_FILE_NO")
  USING INDEX PCTFREE 10 INITRANS 2 MAXTRANS 255 COMPUTE STATISTICS 
  STORAGE(INITIAL 65536 NEXT 1048576 MINEXTENTS 1 MAXEXTENTS 2147483645
  PCTINCREASE 0 FREELISTS 1 FREELIST GROUPS 1 BUFFER_POOL DEFAULT FLASH_CACHE DEFAULT CELL_FLASH_CACHE DEFAULT)
  TABLESPACE "TS_202011F"  ENABLE;
  ALTER TABLE "ATTACH_FILE" MODIFY ("SAVE_FILE_NM" NOT NULL ENABLE);
  ALTER TABLE "ATTACH_FILE" MODIFY ("REG_DATE" NOT NULL ENABLE);
  ALTER TABLE "ATTACH_FILE" MODIFY ("FILE_NM" NOT NULL ENABLE);
  ALTER TABLE "ATTACH_FILE" MODIFY ("MEM_NO" NOT NULL ENABLE);
--------------------------------------------------------
--  Constraints for Table MENU_ASSIGN
--------------------------------------------------------

  ALTER TABLE "MENU_ASSIGN" ADD CONSTRAINT "BIN$ByFjF38dSm+Lq2vbjRVmBA==$0" PRIMARY KEY ("AUTH_GRP_CODE", "MENU_ID")
  USING INDEX PCTFREE 10 INITRANS 2 MAXTRANS 255 COMPUTE STATISTICS 
  STORAGE(INITIAL 65536 NEXT 1048576 MINEXTENTS 1 MAXEXTENTS 2147483645
  PCTINCREASE 0 FREELISTS 1 FREELIST GROUPS 1 BUFFER_POOL DEFAULT FLASH_CACHE DEFAULT CELL_FLASH_CACHE DEFAULT)
  TABLESPACE "TS_202011F"  ENABLE;
  ALTER TABLE "MENU_ASSIGN" MODIFY ("DELETE_YN" CONSTRAINT "BIN$uZUraSSgQPqXf18V6CiMFA==$0" NOT NULL ENABLE);
  ALTER TABLE "MENU_ASSIGN" MODIFY ("WRITE_YN" CONSTRAINT "BIN$mt22BGvOTl+8SxUJNUGrEQ==$0" NOT NULL ENABLE);
  ALTER TABLE "MENU_ASSIGN" MODIFY ("READ_YN" CONSTRAINT "BIN$s/Jv/nemRhmoINMrwZrkag==$0" NOT NULL ENABLE);
  ALTER TABLE "MENU_ASSIGN" MODIFY ("MENU_ID" CONSTRAINT "BIN$8QT+k5MxSWmJ4Isqq5caxQ==$0" NOT NULL ENABLE);
  ALTER TABLE "MENU_ASSIGN" MODIFY ("AUTH_GRP_CODE" CONSTRAINT "BIN$knQ5Vp+dRgGdtju7ctyXoA==$0" NOT NULL ENABLE);
--------------------------------------------------------
--  Constraints for Table PROPTIS
--------------------------------------------------------

  ALTER TABLE "PROPTIS" ADD CONSTRAINT "BIN$OlzO45uMQdeBttGRGmfhFQ==$0" PRIMARY KEY ("PROPTIS_NO")
  USING INDEX PCTFREE 10 INITRANS 2 MAXTRANS 255 COMPUTE STATISTICS 
  STORAGE(INITIAL 65536 NEXT 1048576 MINEXTENTS 1 MAXEXTENTS 2147483645
  PCTINCREASE 0 FREELISTS 1 FREELIST GROUPS 1 BUFFER_POOL DEFAULT FLASH_CACHE DEFAULT CELL_FLASH_CACHE DEFAULT)
  TABLESPACE "TS_202011F"  ENABLE;
  ALTER TABLE "PROPTIS" MODIFY ("PROPTIS_NM" NOT NULL ENABLE);
  ALTER TABLE "PROPTIS" MODIFY ("PROPTIS_NO" NOT NULL ENABLE);
--------------------------------------------------------
--  Constraints for Table MEM_CHAT
--------------------------------------------------------

  ALTER TABLE "MEM_CHAT" ADD CONSTRAINT "BIN$hrsVwLnzQP+HvHqaW2PX5Q==$0" PRIMARY KEY ("MEM_NO", "CHATROOM_NO")
  USING INDEX PCTFREE 10 INITRANS 2 MAXTRANS 255 COMPUTE STATISTICS 
  STORAGE(INITIAL 65536 NEXT 1048576 MINEXTENTS 1 MAXEXTENTS 2147483645
  PCTINCREASE 0 FREELISTS 1 FREELIST GROUPS 1 BUFFER_POOL DEFAULT FLASH_CACHE DEFAULT CELL_FLASH_CACHE DEFAULT)
  TABLESPACE "TS_202011F"  ENABLE;
  ALTER TABLE "MEM_CHAT" MODIFY ("CHATROOM_NO" NOT NULL ENABLE);
  ALTER TABLE "MEM_CHAT" MODIFY ("MEM_NO" NOT NULL ENABLE);
--------------------------------------------------------
--  Ref Constraints for Table ALARM
--------------------------------------------------------

  ALTER TABLE "ALARM" ADD CONSTRAINT "ALARM_FK1" FOREIGN KEY ("SENDER_NO")
	  REFERENCES "MEMBER" ("MEM_NO") ENABLE;
--------------------------------------------------------
--  Ref Constraints for Table KANBAN_COL
--------------------------------------------------------

  ALTER TABLE "KANBAN_COL" ADD CONSTRAINT "FK_KANBAN_COL_TO_KANBAN_COL" FOREIGN KEY ("KB_COL_PRIV_NO")
	  REFERENCES "KANBAN_COL" ("KB_COL_NO") ENABLE;
  ALTER TABLE "KANBAN_COL" ADD CONSTRAINT "FK_PROJECT_TO_KANBAN_COL" FOREIGN KEY ("PROJ_NO")
	  REFERENCES "PROJECT" ("PROJ_NO") ENABLE;
--------------------------------------------------------
--  Ref Constraints for Table MEM_ROLE
--------------------------------------------------------

  ALTER TABLE "MEM_ROLE" ADD CONSTRAINT "FK_PROJECT_TO_MEM_ROLE" FOREIGN KEY ("PROJ_NO")
	  REFERENCES "PROJECT" ("PROJ_NO") ENABLE;
--------------------------------------------------------
--  Ref Constraints for Table PROJECT
--------------------------------------------------------

  ALTER TABLE "PROJECT" ADD CONSTRAINT "FK_MEMBER_TO_PROJECT" FOREIGN KEY ("MEM_NO")
	  REFERENCES "MEMBER" ("MEM_NO") ENABLE;
--------------------------------------------------------
--  Ref Constraints for Table PROJ_MEM
--------------------------------------------------------

  ALTER TABLE "PROJ_MEM" ADD CONSTRAINT "FK_MEMBER_TO_PROJ_MEM" FOREIGN KEY ("MEM_NO")
	  REFERENCES "MEMBER" ("MEM_NO") ENABLE;
  ALTER TABLE "PROJ_MEM" ADD CONSTRAINT "FK_MEM_ROLE_TO_PROJ_MEM" FOREIGN KEY ("MEM_ROLE_NO")
	  REFERENCES "MEM_ROLE" ("MEM_ROLE_NO") ENABLE;
  ALTER TABLE "PROJ_MEM" ADD CONSTRAINT "FK_PROJECT_TO_PROJ_MEM" FOREIGN KEY ("PROJ_NO")
	  REFERENCES "PROJECT" ("PROJ_NO") ENABLE;
